sector,p_date,ret,cum_ret
Consumer Non-Cyclicals,2020-01-01,0,0
Consumer Non-Cyclicals,2020-01-02,0.009752172928185959,0.009752172928185976
Consumer Non-Cyclicals,2020-01-03,0.0015094424537846164,0.01127633572580522
Consumer Non-Cyclicals,2020-01-06,-0.006453360036660251,0.0047502054348118605
Consumer Non-Cyclicals,2020-01-07,-0.0034419967565084016,0.0012918584866041805
Consumer Non-Cyclicals,2020-01-08,-0.0022673736350610307,-9.784442743295818e-4
Consumer Non-Cyclicals,2020-01-09,0.003929737667920719,0.002947448364270411
Consumer Non-Cyclicals,2020-01-10,-2.0449462384060963e-6,0.0029453973906585773
Consumer Non-Cyclicals,2020-01-13,0.00912288570975354,0.012095153624176902
Consumer Non-Cyclicals,2020-01-14,-0.0017498821575386797,0.010324106373118758
Consumer Non-Cyclicals,2020-01-15,0.004444723959550439,0.014814718135626626
Consumer Non-Cyclicals,2020-01-16,-0.024169424379713065,-0.009712769453772196
Consumer Non-Cyclicals,2020-01-17,0.006535921400411677,-0.0032403299510906924
Consumer Non-Cyclicals,2020-01-20,0.002385651939404664,-8.624083111180569e-4
Consumer Non-Cyclicals,2020-01-21,4.0989482892677846e-4,-4.528669788983475e-4
Consumer Non-Cyclicals,2020-01-22,-0.0017179633214384105,-0.0021700522914774867
Consumer Non-Cyclicals,2020-01-23,-0.008316061401708045,-0.010468067405084658
Consumer Non-Cyclicals,2020-01-24,0.02185054411240102,0.01115374373870992
Consumer Non-Cyclicals,2020-01-27,-0.008472446783749879,0.0025867974546942563
Consumer Non-Cyclicals,2020-01-28,0.005572417451639072,0.00817362962161372
Consumer Non-Cyclicals,2020-01-29,-0.003168593298707021,0.004979137414861556
Consumer Non-Cyclicals,2020-01-30,-0.01754222818005761,-0.012650435929867254
Consumer Non-Cyclicals,2020-01-31,0.0025896212364711338,-0.010093574530930738
Consumer Non-Cyclicals,2020-02-03,-0.0017296256628865157,-0.011805742088278337
Consumer Non-Cyclicals,2020-02-04,1.7273991070156218e-6,-0.011804035082399578
Consumer Non-Cyclicals,2020-02-05,0.013128058267142792,0.001169059124394023
Consumer Non-Cyclicals,2020-02-06,0.00612941833824487,0.007305643115074423
Consumer Non-Cyclicals,2020-02-07,-0.02103861539717928,-0.013886672897832075
Consumer Non-Cyclicals,2020-02-10,3.5890581216205367e-4,-0.013532751093284667
Consumer Non-Cyclicals,2020-02-11,0.002621469341089826,-0.010946757444286637
Consumer Non-Cyclicals,2020-02-12,-0.0012443014025335013,-0.012177437781178968
Consumer Non-Cyclicals,2020-02-13,-0.005554466964238038,-0.017664265569552362
Consumer Non-Cyclicals,2020-02-14,0.016987970786776146,-9.763748102415981e-4
Consumer Non-Cyclicals,2020-02-17,-0.0021304034766934273,-0.0031046982146447633
Consumer Non-Cyclicals,2020-02-18,0.009316455887846355,0.006182832889239931
Consumer Non-Cyclicals,2020-02-19,0.017332701283596316,0.023622699368391675
Consumer Non-Cyclicals,2020-02-20,-0.010513419373528243,0.012860924649668704
Consumer Non-Cyclicals,2020-02-21,0.0031409878120051502,0.01604230846924981
Consumer Non-Cyclicals,2020-02-24,-0.033524189271956446,-0.018019686188188944
Consumer Non-Cyclicals,2020-02-25,0.002236285558565719,-0.0158236977936157
Consumer Non-Cyclicals,2020-02-26,-0.01421676212553216,-0.02981549817166973
Consumer Non-Cyclicals,2020-02-27,-0.04873361159525098,-0.0770960928595037
Consumer Non-Cyclicals,2020-02-28,-0.02542169592979397,-0.1005578753592481
Consumer Non-Cyclicals,2020-03-02,-0.00933845274717407,-0.10895727313902359
Consumer Non-Cyclicals,2020-03-03,0.02255250604537679,-0.08886202665480236
Consumer Non-Cyclicals,2020-03-04,0.01614191202526548,-0.07415451764618552
Consumer Non-Cyclicals,2020-03-05,-0.012452059081887316,-0.08568320029315368
Consumer Non-Cyclicals,2020-03-06,-0.034946865936951794,-0.11763570691641168
Consumer Non-Cyclicals,2020-03-09,-0.009987444044466356,-0.1264482709204191
Consumer Non-Cyclicals,2020-03-10,0.016121750113748074,-0.11236508823276559
Consumer Non-Cyclicals,2020-03-11,-0.03529503912879186,-0.14369419717567178
Consumer Non-Cyclicals,2020-03-12,-0.08249334696846211,-0.21433372887916657
Consumer Non-Cyclicals,2020-03-13,0.056629120250235226,-0.1698421391353111
Consumer Non-Cyclicals,2020-03-16,-0.012288416034087295,-0.1800434643035843
Consumer Non-Cyclicals,2020-03-17,0.02545252983634538,-0.159173496114265
Consumer Non-Cyclicals,2020-03-18,0.029118805051467966,-0.13468963306550896
Consumer Non-Cyclicals,2020-03-19,0.03644233520431393,-0.10315570261791429
Consumer Non-Cyclicals,2020-03-20,-0.05579312543122329,-0.1531934489940303
Consumer Non-Cyclicals,2020-03-23,-0.01761019617499604,-0.1681058784795173
Consumer Non-Cyclicals,2020-03-24,0.017633144324537466,-0.15343696937201234
Consumer Non-Cyclicals,2020-03-25,-0.025452678045250192,-0.17498426563559777
Consumer Non-Cyclicals,2020-03-26,0.005669264336657823,-0.17030703335558406
Consumer Non-Cyclicals,2020-03-27,-0.056373783709437957,-0.21707996520243822
Consumer Non-Cyclicals,2020-03-30,0.021923772751662053,-0.1999154042768131
Consumer Non-Cyclicals,2020-03-31,0.012012863128980736,-0.19030409753678468
Consumer Non-Cyclicals,2020-04-01,0.06592834238609233,-0.13692218885057372
Consumer Non-Cyclicals,2020-04-02,-0.040249990384352764,-0.17166106245028634
Consumer Non-Cyclicals,2020-04-03,-0.00474859291456406,-0.17559450685999245
Consumer Non-Cyclicals,2020-04-06,0.02538076972046912,-0.15467046088231617
Consumer Non-Cyclicals,2020-04-07,0.031193695636466002,-0.12830150852656508
Consumer Non-Cyclicals,2020-04-08,-0.01978898987734044,-0.1455515411504258
Consumer Non-Cyclicals,2020-04-09,0,-0.1455515411504258
Consumer Non-Cyclicals,2020-04-10,0,-0.1455515411504258
Consumer Non-Cyclicals,2020-04-13,0,-0.1455515411504258
Consumer Non-Cyclicals,2020-04-14,0.04315356492236265,-0.10867904410864804
Consumer Non-Cyclicals,2020-04-15,0.01015158596677598,-0.099630722800928
Consumer Non-Cyclicals,2020-04-16,-0.005338884959231572,-0.10443769079272036
Consumer Non-Cyclicals,2020-04-17,0.02106594592871442,-0.08557182361116522
Consumer Non-Cyclicals,2020-04-20,-0.03898979981933912,-0.12122519515772923
Consumer Non-Cyclicals,2020-04-21,-3.7732789669244024e-4,-0.12155678140650661
Consumer Non-Cyclicals,2020-04-22,0.001064311231308449,-0.12062184442289081
Consumer Non-Cyclicals,2020-04-23,0.017659993035446672,-0.10509203231987518
Consumer Non-Cyclicals,2020-04-24,-0.028091147833552457,-0.13023102433740164
Consumer Non-Cyclicals,2020-04-27,0.009266288866353327,-0.12217149376191971
Consumer Non-Cyclicals,2020-04-28,0.02166971194659671,-0.10314920289322926
Consumer Non-Cyclicals,2020-04-29,-0.008943938416324997,-0.11117058119118428
Consumer Non-Cyclicals,2020-04-30,-0.0055639258806030835,-0.11611596219793596
Consumer Non-Cyclicals,2020-05-01,0,-0.11611596219793596
Consumer Non-Cyclicals,2020-05-04,-0.002420063227018368,-0.1182550174547693
Consumer Non-Cyclicals,2020-05-05,-0.0175569458385737,-0.13373576635675
Consumer Non-Cyclicals,2020-05-06,0.004326119031641177,-0.1299882041691558
Consumer Non-Cyclicals,2020-05-07,8.491465720252957e-4,-0.12924943663510446
Consumer Non-Cyclicals,2020-05-08,0.025336988075449332,-0.10718723999443736
Consumer Non-Cyclicals,2020-05-11,-0.003017543948355573,-0.10988134173540687
Consumer Non-Cyclicals,2020-05-12,0.013003449162892805,-0.09830672901372095
Consumer Non-Cyclicals,2020-05-13,0.007630223012540119,-0.09142660826718896
Consumer Non-Cyclicals,2020-05-14,-0.02254481648860115,-0.11191022865023115
Consumer Non-Cyclicals,2020-05-15,0.005973559448853368,-0.10660517160515459
Consumer Non-Cyclicals,2020-05-18,7.759337160871113e-4,-0.10591195643602525
Consumer Non-Cyclicals,2020-05-19,0.03093925207756586,-0.07824954107666182
Consumer Non-Cyclicals,2020-05-20,0.012541352657753777,-0.06668954350885781
Consumer Non-Cyclicals,2020-05-21,0,-0.06668954350885781
Consumer Non-Cyclicals,2020-05-22,-0.025410121390956993,-0.09040507550374721
Consumer Non-Cyclicals,2020-05-25,0.016162001443285338,-0.07570420102123376
Consumer Non-Cyclicals,2020-05-26,0.0020589336578084884,-0.0738011372909454
Consumer Non-Cyclicals,2020-05-27,-0.021021218915164973,-0.0932709663429293
Consumer Non-Cyclicals,2020-05-28,0.00884890256629955,-0.08524740947006293
Consumer Non-Cyclicals,2020-05-29,6.705213511663045e-4,-0.08463404832707788
Consumer Non-Cyclicals,2020-06-01,0,-0.08463404832707788
Consumer Non-Cyclicals,2020-06-02,0.025424007586026975,-0.061361777427754616
Consumer Non-Cyclicals,2020-06-03,0.01076739322604817,-0.05125509058832034
Consumer Non-Cyclicals,2020-06-04,-4.257932940939196e-4,-0.051659059808553565
Consumer Non-Cyclicals,2020-06-05,3.222294119954755e-4,-0.05135347646502442
Consumer Non-Cyclicals,2020-06-08,-0.0013676688317188722,-0.05265091074758166
Consumer Non-Cyclicals,2020-06-09,0.0013468003440590037,-0.05137502066823241
Consumer Non-Cyclicals,2020-06-10,-9.650907496059825e-4,-0.05229052986063065
Consumer Non-Cyclicals,2020-06-11,-0.015776054837735098,-0.0672416464317902
Consumer Non-Cyclicals,2020-06-12,-0.001231365718720005,-0.06839021309222382
Consumer Non-Cyclicals,2020-06-15,-0.03727555901789104,-0.10311648868574952
Consumer Non-Cyclicals,2020-06-16,-0.0011816472285371437,-0.10417628860121475
Consumer Non-Cyclicals,2020-06-17,0.01929839121999372,-0.08688833215449421
Consumer Non-Cyclicals,2020-06-18,-0.01081260649770718,-0.09676144930737274
Consumer Non-Cyclicals,2020-06-19,0.004018386595765228,-0.09313188762249103
Consumer Non-Cyclicals,2020-06-22,-0.018539407511462446,-0.10994468511700839
Consumer Non-Cyclicals,2020-06-23,0.007259521458490684,-0.10348330945937156
Consumer Non-Cyclicals,2020-06-24,-0.006608395094484037,-0.10940784595926334
Consumer Non-Cyclicals,2020-06-25,0.0031725047745782948,-0.1065824380983672
Consumer Non-Cyclicals,2020-06-26,0.011888295723764824,-0.09596122591767553
Consumer Non-Cyclicals,2020-06-29,0.009596761064463723,-0.08728538180979661
Consumer Non-Cyclicals,2020-06-30,0.007957451997211042,-0.08002249904839531
Consumer Non-Cyclicals,2020-07-01,-0.0032340576285489176,-0.08299775930344122
Consumer Non-Cyclicals,2020-07-02,-0.01184242386876571,-0.09385728852637776
Consumer Non-Cyclicals,2020-07-03,-7.725709509277743e-4,-0.09455734806265714
Consumer Non-Cyclicals,2020-07-06,0.002695672133322533,-0.09211657153750807
Consumer Non-Cyclicals,2020-07-07,-0.003935100619973701,-0.09568918417971473
Consumer Non-Cyclicals,2020-07-08,-5.844550070635718e-4,-0.09621771316396266
Consumer Non-Cyclicals,2020-07-09,-0.0252650912698636,-0.11905185512896121
Consumer Non-Cyclicals,2020-07-10,-0.009962313057347594,-0.1278281363354561
Consumer Non-Cyclicals,2020-07-13,0.0034808597431803734,-0.12479222840609161
Consumer Non-Cyclicals,2020-07-14,-0.004407290816543947,-0.12864952358040527
Consumer Non-Cyclicals,2020-07-15,0.043954041689790876,-0.09035014841343936
Consumer Non-Cyclicals,2020-07-16,-0.021828503489630023,-0.11020644337313812
Consumer Non-Cyclicals,2020-07-17,0.003978497897545712,-0.10666640157884844
Consumer Non-Cyclicals,2020-07-20,0.001555037861002186,-0.10527723401079836
Consumer Non-Cyclicals,2020-07-21,-0.01479482765279084,-0.11851450313063683
Consumer Non-Cyclicals,2020-07-22,-0.0015061728157700854,-0.11984217262351704
Consumer Non-Cyclicals,2020-07-23,0.0019689701467814945,-0.1181091681369566
Consumer Non-Cyclicals,2020-07-24,-0.006654846719736228,-0.12397801644654594
Consumer Non-Cyclicals,2020-07-27,-0.004006501647741599,-0.12748779996711068
Consumer Non-Cyclicals,2020-07-28,0.015242910603032065,-0.11418817450195451
Consumer Non-Cyclicals,2020-07-29,0.0022364639634670984,-0.11220708827581516
Consumer Non-Cyclicals,2020-07-30,-0.022904085290484648,-0.13254117284623357
Consumer Non-Cyclicals,2020-07-31,0.0064176387281118736,-0.12697413548204906
Consumer Non-Cyclicals,2020-08-03,0.027068878866400626,-0.10334230410817791
Consumer Non-Cyclicals,2020-08-04,0.0018976717433776004,-0.10164074213520191
Consumer Non-Cyclicals,2020-08-05,-0.005420042940861894,-0.10650988788914995
Consumer Non-Cyclicals,2020-08-06,-0.0019144971494175435,-0.10822047216181885
Consumer Non-Cyclicals,2020-08-07,0.004470849707859539,-0.1042334599203083
Consumer Non-Cyclicals,2020-08-10,2.4194572810573917e-4,-0.10401673303255599
Consumer Non-Cyclicals,2020-08-11,0.021423971351862074,-0.0848212131892977
Consumer Non-Cyclicals,2020-08-12,0.021303279571345667,-0.06532490363610433
Consumer Non-Cyclicals,2020-08-13,-8.985928180090765e-4,-0.0661647959648689
Consumer Non-Cyclicals,2020-08-14,-0.0032295368901757928,-0.0691806512056452
Consumer Non-Cyclicals,2020-08-17,0.006539381848124582,-0.06309366805225625
Consumer Non-Cyclicals,2020-08-18,-0.013029864791612859,-0.07530143087994134
Consumer Non-Cyclicals,2020-08-19,0.0075274655179679625,-0.06834079428637574
Consumer Non-Cyclicals,2020-08-20,-0.011470163955350856,-0.07902707812642296
Consumer Non-Cyclicals,2020-08-21,-0.014197930331329373,-0.09210298750822477
Consumer Non-Cyclicals,2020-08-24,0.021058902243500977,-0.07298367307499387
Consumer Non-Cyclicals,2020-08-25,0.0057824688059012475,-0.0676232300819889
Consumer Non-Cyclicals,2020-08-26,-0.029507597794555904,-0.09513542880171677
Consumer Non-Cyclicals,2020-08-27,-0.0011982790659596947,-0.09621970907491229
Consumer Non-Cyclicals,2020-08-28,-0.009559349162689664,-0.10485926044222238
Consumer Non-Cyclicals,2020-08-31,0.0016864412047891879,-0.10334965821494668
Consumer Non-Cyclicals,2020-09-01,0.007731515743028702,-0.0964171919814435
Consumer Non-Cyclicals,2020-09-02,-0.016239056381130487,-0.11109052414587706
Consumer Non-Cyclicals,2020-09-03,0.011606387317044995,-0.10077349647932266
Consumer Non-Cyclicals,2020-09-04,0.005087461171181672,-0.09619871655856371
Consumer Non-Cyclicals,2020-09-07,0.013039158770084332,-0.08441390812716476
Consumer Non-Cyclicals,2020-09-08,-0.0031927240392532223,-0.08733712185269304
Consumer Non-Cyclicals,2020-09-09,0.018538305281038704,-0.0704178987989269
Consumer Non-Cyclicals,2020-09-10,-0.013511556782903479,-0.08297800014367596
Consumer Non-Cyclicals,2020-09-11,0.009797933291429002,-0.07399307976231084
Consumer Non-Cyclicals,2020-09-14,0.0014378667693385916,-0.07266160518352338
Consumer Non-Cyclicals,2020-09-15,0.008694084588354316,-0.06459924673696027
Consumer Non-Cyclicals,2020-09-16,0.0018337794546313742,-0.06288392805377974
Consumer Non-Cyclicals,2020-09-17,-0.017926998636207843,-0.07968360659752804
Consumer Non-Cyclicals,2020-09-18,0.0018449487464426869,-0.0779856700211895
Consumer Non-Cyclicals,2020-09-21,-0.029370778565277516,-0.10506594874100983
Consumer Non-Cyclicals,2020-09-22,-4.62918850081907e-5,-0.10510737692520056
Consumer Non-Cyclicals,2020-09-23,8.596607035084998e-4,-0.10433807290328345
Consumer Non-Cyclicals,2020-09-24,-0.003552676069541736,-0.10752006959807958
Consumer Non-Cyclicals,2020-09-25,-0.00660624085409278,-0.1134160069757586
Consumer Non-Cyclicals,2020-09-28,0.009688469899721094,-0.10482636464576878
Consumer Non-Cyclicals,2020-09-29,-9.688493634077991e-4,-0.10569365305252121
Consumer Non-Cyclicals,2020-09-30,0.02781897097326891,-0.0808149707455792
Consumer Non-Cyclicals,2020-10-01,-0.0015835392305298549,-0.0822705362995193
Consumer Non-Cyclicals,2020-10-02,-2.503883212834799e-4,-0.0825003250393277
Consumer Non-Cyclicals,2020-10-05,-0.003780807904746544,-0.08596921506302135
Consumer Non-Cyclicals,2020-10-06,0.010773361664871785,-0.07612203084406866
Consumer Non-Cyclicals,2020-10-07,-8.150544381547595e-4,-0.07687504168314263
Consumer Non-Cyclicals,2020-10-08,0.01787023572773052,-0.060378581071869
Consumer Non-Cyclicals,2020-10-09,0.0010361221463197866,-0.059405018510561125
Consumer Non-Cyclicals,2020-10-12,0.0016149602715614956,-0.05788599498382552
Consumer Non-Cyclicals,2020-10-13,-0.0054610399113833915,-0.06303091716629206
Consumer Non-Cyclicals,2020-10-14,-0.00756968924076272,-0.07012348195154572
Consumer Non-Cyclicals,2020-10-15,-0.016037931268399627,-0.08503677763610551
Consumer Non-Cyclicals,2020-10-16,0.0030309638773182014,-0.08226355716004585
Consumer Non-Cyclicals,2020-10-19,0.0038743209021020446,-0.07870795167693034
Consumer Non-Cyclicals,2020-10-20,-0.003509590336366384,-0.08194130934669608
Consumer Non-Cyclicals,2020-10-21,-0.024603811521133542,-0.10452905233686871
Consumer Non-Cyclicals,2020-10-22,-0.014643173153959138,-0.11764158847783979
Consumer Non-Cyclicals,2020-10-23,0.006473388494153158,-0.1119297396889729
Consumer Non-Cyclicals,2020-10-26,-0.035761519928534165,-0.14368848200102424
Consumer Non-Cyclicals,2020-10-27,-0.002076047296107957,-0.14546622521259212
Consumer Non-Cyclicals,2020-10-28,-0.029869584990132626,-0.17099079442554344
Consumer Non-Cyclicals,2020-10-29,0.019456253249107432,-0.15486138137604544
Consumer Non-Cyclicals,2020-10-30,-0.006496686460315459,-0.16035198199674938
Consumer Non-Cyclicals,2020-11-02,0.0102603680863149,-0.15173688426909127
Consumer Non-Cyclicals,2020-11-03,-0.0078043471717035,-0.1583570241172062
Consumer Non-Cyclicals,2020-11-04,0.018215450966281153,-0.14302611775889829
Consumer Non-Cyclicals,2020-11-05,-0.003200084095028353,-0.1457685062493127
Consumer Non-Cyclicals,2020-11-06,0.02465682091401609,-0.12470587328878957
Consumer Non-Cyclicals,2020-11-09,0.0636792294393246,-0.06896781776705307
Consumer Non-Cyclicals,2020-11-10,-0.010485587675972841,-0.07873023734300899
Consumer Non-Cyclicals,2020-11-11,0.031576313856349104,-0.049639934170987554
Consumer Non-Cyclicals,2020-11-12,-0.00893767079699441,-0.05813393957797708
Consumer Non-Cyclicals,2020-11-13,-0.0032408742548819948,-0.061186409044745926
Consumer Non-Cyclicals,2020-11-16,0.026871401091349077,-0.035959172492177505
Consumer Non-Cyclicals,2020-11-17,-0.010464379329458068,-0.04604726140030413
Consumer Non-Cyclicals,2020-11-18,-0.014273427501920958,-0.05966343665496576
Consumer Non-Cyclicals,2020-11-19,-0.02826516219981603,-0.08624220214033074
Consumer Non-Cyclicals,2020-11-20,-0.007987448375752885,-0.09354079537867654
Consumer Non-Cyclicals,2020-11-23,1.0049810245066022e-4,-0.0934496979486632
Consumer Non-Cyclicals,2020-11-24,5.69420023462027e-4,-0.09293349005439966
Consumer Non-Cyclicals,2020-11-25,-0.0052329262516185755,-0.09768010220625789
Consumer Non-Cyclicals,2020-11-26,0.017509190566347765,-0.08188121116397984
Consumer Non-Cyclicals,2020-11-27,0.017395310567749095,-0.06591024969409154
Consumer Non-Cyclicals,2020-11-30,-0.021234423757132748,-0.08574510727928153
Consumer Non-Cyclicals,2020-12-01,0.022698025267945916,-0.06499332662296353
Consumer Non-Cyclicals,2020-12-02,-0.017978769636528273,-0.08180359621222588
Consumer Non-Cyclicals,2020-12-03,-0.004246736361854568,-0.08570293426751552
Consumer Non-Cyclicals,2020-12-04,-0.0034773437726530357,-0.0888822594753953
Consumer Non-Cyclicals,2020-12-07,7.027791736331147e-4,-0.08824194490262693
Consumer Non-Cyclicals,2020-12-08,-0.005366830821637561,-0.09313519613459986
Consumer Non-Cyclicals,2020-12-09,0.004997755541209526,-0.08860290753595368
Consumer Non-Cyclicals,2020-12-10,6.543265671217355e-4,-0.08800655620515696
Consumer Non-Cyclicals,2020-12-11,-0.005823976536419435,-0.09331798462318652
Consumer Non-Cyclicals,2020-12-14,-0.0014545110531050908,-0.09463676363620366
Consumer Non-Cyclicals,2020-12-15,0.003550022134851728,-0.09142270410703124
Consumer Non-Cyclicals,2020-12-16,0.007368504546427668,-0.08472784817146306
Consumer Non-Cyclicals,2020-12-17,0.007697843217380755,-0.07768222664545232
Consumer Non-Cyclicals,2020-12-18,0.011118685459197102,-0.06742726543009603
Consumer Non-Cyclicals,2020-12-21,-0.012344892084919273,-0.07893977519969964
Consumer Non-Cyclicals,2020-12-22,0.006525953383613808,-0.07292897910915208
Consumer Non-Cyclicals,2020-12-23,0.022517498966844393,-0.05205365835405096
Consumer Non-Cyclicals,2020-12-24,0,-0.05205365835405096
Consumer Non-Cyclicals,2020-12-25,0,-0.05205365835405096
Consumer Non-Cyclicals,2020-12-28,0.0033564376317924373,-0.04887193558003056
Consumer Non-Cyclicals,2020-12-29,0.01751143071582419,-0.032216322378064266
Consumer Non-Cyclicals,2020-12-30,9.694609655029209e-4,-0.03127809387955893
Consumer Non-Cyclicals,2020-12-31,0,-0.03127809387955893
Consumer Non-Cyclicals,2021-01-01,0,-0.03127809387955893
Consumer Non-Cyclicals,2021-01-04,-0.020154606420500074,-0.050802302628333074
Consumer Non-Cyclicals,2021-01-05,-2.578557081282194e-5,-0.05082677823277393
Consumer Non-Cyclicals,2021-01-06,0.0025512245904698696,-0.04840522416878579
Consumer Non-Cyclicals,2021-01-07,0.004344656082205983,-0.044270872138175266
Consumer Non-Cyclicals,2021-01-08,0.013017590667853142,-0.03182958156232574
Consumer Non-Cyclicals,2021-01-11,-0.006126076986930643,-0.037760668082143845
Consumer Non-Cyclicals,2021-01-12,0.006727732566326565,-0.03128697919219969
Consumer Non-Cyclicals,2021-01-13,-0.022792123727188605,-0.05336600621858978
Consumer Non-Cyclicals,2021-01-14,-0.008025001996280898,-0.06096274590843287
Consumer Non-Cyclicals,2021-01-15,0.0018308237765222292,-0.059243534176601775
Consumer Non-Cyclicals,2021-01-18,0.0044740268263190304,-0.055034564511474815
Consumer Non-Cyclicals,2021-01-19,0.01790836609648477,-0.038111777544222236
Consumer Non-Cyclicals,2021-01-20,-0.011968765021276143,-0.049624391655528455
Consumer Non-Cyclicals,2021-01-21,0.0104341103477418,-0.039708067686259896
Consumer Non-Cyclicals,2021-01-22,-0.006671913644476862,-0.046115052532144984
Consumer Non-Cyclicals,2021-01-25,-0.006294119253066306,-0.052118918145212634
Consumer Non-Cyclicals,2021-01-26,-0.005995226521181907,-0.05780167994607499
Consumer Non-Cyclicals,2021-01-27,0.014049091220047659,-0.044564649800261646
Consumer Non-Cyclicals,2021-01-28,0.004043506193168528,-0.040701341044556916
Consumer Non-Cyclicals,2021-01-29,-0.005528374071840083,-0.04600470287787717
Consumer Non-Cyclicals,2021-02-01,0.014808445571125945,-0.031877515445334015
Consumer Non-Cyclicals,2021-02-02,0.010317363559131107,-0.021889043802414188
Consumer Non-Cyclicals,2021-02-03,6.469686961212393e-4,-0.021256236632421155
Consumer Non-Cyclicals,2021-02-04,-0.0036720112186860695,-0.024850194711726004
Consumer Non-Cyclicals,2021-02-05,8.401128266222837e-4,-0.02403095885242512
Consumer Non-Cyclicals,2021-02-08,-0.004419981477742087,-0.028344723937147154
Consumer Non-Cyclicals,2021-02-09,-0.012890215619411921,-0.04086956995333657
Consumer Non-Cyclicals,2021-02-10,0.010187578491798941,-0.031098353413363422
Consumer Non-Cyclicals,2021-02-11,-0.007152258247658948,-0.038028188206333025
Consumer Non-Cyclicals,2021-02-12,0.004557340306255569,-0.03364415529496412
Consumer Non-Cyclicals,2021-02-15,-0.007170353838674424,-0.040573268635570314
Consumer Non-Cyclicals,2021-02-16,0.002740827428201755,-0.03794364553489671
Consumer Non-Cyclicals,2021-02-17,-0.002277212677350851,-0.040134452461610626
Consumer Non-Cyclicals,2021-02-18,-8.272951917315608e-4,-0.0409285446137978
Consumer Non-Cyclicals,2021-02-19,0.031868103484434404,-0.010364756224583327
Consumer Non-Cyclicals,2021-02-22,0.023508287747901792,0.012899873851554222
Consumer Non-Cyclicals,2021-02-23,7.399224141256523e-4,0.013649341171481977
Consumer Non-Cyclicals,2021-02-24,0.0010065085962070917,0.014669587946910534
Consumer Non-Cyclicals,2021-02-25,0.011081010372619536,0.02591315217573187
Consumer Non-Cyclicals,2021-02-26,-0.018616675271437358,0.006814060164979541
Consumer Non-Cyclicals,2021-03-01,0.027882010024920877,0.034886059883730836
Consumer Non-Cyclicals,2021-03-02,-3.5516478333915444e-4,0.034518504800491456
Consumer Non-Cyclicals,2021-03-03,-0.0013879296026658543,0.033082665943173106
Consumer Non-Cyclicals,2021-03-04,5.635584552933665e-4,0.033664868414582605
Consumer Non-Cyclicals,2021-03-05,0.006115858338324117,0.03998661631910849
Consumer Non-Cyclicals,2021-03-08,0.019070648718438003,0.05981983575080707
Consumer Non-Cyclicals,2021-03-09,-0.00827634803972259,0.051048397930731904
Consumer Non-Cyclicals,2021-03-10,-0.0036813094380550217,0.047179163543576985
Consumer Non-Cyclicals,2021-03-11,-0.01364019211413958,0.0328954385749185
Consumer Non-Cyclicals,2021-03-12,-0.004076476996924215,0.02868486407933979
Consumer Non-Cyclicals,2021-03-15,0.011862725414841001,0.04088787016031592
Consumer Non-Cyclicals,2021-03-16,5.211797849714952e-4,0.04143035987666566
Consumer Non-Cyclicals,2021-03-17,0.0032369423168074718,0.04480140987855852
Consumer Non-Cyclicals,2021-03-18,-0.01014613347678927,0.03420071531719304
Consumer Non-Cyclicals,2021-03-19,-0.006206671554475219,0.027781771155815926
Consumer Non-Cyclicals,2021-03-22,-5.020540478017805e-4,0.02726576915735035
Consumer Non-Cyclicals,2021-03-23,-0.0037988133671286017,0.023363378221881614
Consumer Non-Cyclicals,2021-03-24,0.0010015973575804213,0.02438837627735313
Consumer Non-Cyclicals,2021-03-25,-0.0059090209759701555,0.018335243874390228
Consumer Non-Cyclicals,2021-03-26,0.011681748578764955,0.030231180162226368
Consumer Non-Cyclicals,2021-03-29,0.011249446469242561,0.04182071067440574
Consumer Non-Cyclicals,2021-03-30,0.005172625498987306,0.04720965904781327
Consumer Non-Cyclicals,2021-03-31,3.2231317677998417e-4,0.047547188519775574
Consumer Non-Cyclicals,2021-04-01,0,0.047547188519775574
Consumer Non-Cyclicals,2021-04-02,0,0.047547188519775574
Consumer Non-Cyclicals,2021-04-05,0,0.047547188519775574
Consumer Non-Cyclicals,2021-04-06,0.009187681891827856,0.05717171885457417
Consumer Non-Cyclicals,2021-04-07,-0.0032364993384949568,0.053750183285825814
Consumer Non-Cyclicals,2021-04-08,0.0013249920098078799,0.0551463938590131
Consumer Non-Cyclicals,2021-04-09,0.003938530204475825,0.05930211980137057
Consumer Non-Cyclicals,2021-04-12,-0.019202879627357824,0.03896046870582004
Consumer Non-Cyclicals,2021-04-13,0.007367300612147706,0.046614802802913635
Consumer Non-Cyclicals,2021-04-14,-0.018327702744119257,0.027432757809547015
Consumer Non-Cyclicals,2021-04-15,-0.006534443007602969,0.020719057009496167
Consumer Non-Cyclicals,2021-04-16,0.00911414669126098,0.03002204022564614
Consumer Non-Cyclicals,2021-04-19,0.0010755484324207845,0.03112987881636964
Consumer Non-Cyclicals,2021-04-20,0.005852668245090112,0.037164739914681943
Consumer Non-Cyclicals,2021-04-21,-0.002397581676063447,0.034678052739203435
Consumer Non-Cyclicals,2021-04-22,0.004087902524121572,0.038907715762649175
Consumer Non-Cyclicals,2021-04-23,-0.001874293810647947,0.03696049746116081
Consumer Non-Cyclicals,2021-04-26,0.014797149469086626,0.052304556935632185
Consumer Non-Cyclicals,2021-04-27,0.0035405910125638636,0.056030336992398455
Consumer Non-Cyclicals,2021-04-28,0.013863083331110247,0.0706701735543045
Consumer Non-Cyclicals,2021-04-29,-0.010051033856565264,0.05990883139069547
Consumer Non-Cyclicals,2021-04-30,-0.006104823686159688,0.05343827485165176
Consumer Non-Cyclicals,2021-05-03,0.0104023237240469,0.06439648080996019
Consumer Non-Cyclicals,2021-05-04,0.019891588200973604,0.08556901728879729
Consumer Non-Cyclicals,2021-05-05,0.003936298160912871,0.0898421406150951
Consumer Non-Cyclicals,2021-05-06,0.003028594210657593,0.09314283021269265
Consumer Non-Cyclicals,2021-05-07,0.008592438994562569,0.1025355932936387
Consumer Non-Cyclicals,2021-05-10,-0.003806385674512013,0.09833891760568636
Consumer Non-Cyclicals,2021-05-11,-0.011623473925041428,0.08557240383603837
Consumer Non-Cyclicals,2021-05-12,-0.01868263386346264,0.06529105208289065
Consumer Non-Cyclicals,2021-05-13,0,0.06529105208289065
Consumer Non-Cyclicals,2021-05-14,-0.005570987128972677,0.05935632934312718
Consumer Non-Cyclicals,2021-05-17,0,0.05935632934312718
Consumer Non-Cyclicals,2021-05-18,-5.2219268550497164e-5,0.05930101053047454
Consumer Non-Cyclicals,2021-05-19,2.9064007038331836e-4,0.05960888585073221
Consumer Non-Cyclicals,2021-05-20,0.017469754240664475,0.07811999267776892
Consumer Non-Cyclicals,2021-05-21,0.018394021104338472,0.09795095457609304
Consumer Non-Cyclicals,2021-05-24,0,0.09795095457609304
Consumer Non-Cyclicals,2021-05-25,-0.007328258778989414,0.08990488585432099
Consumer Non-Cyclicals,2021-05-26,0.008915794907087394,0.09962225428483062
Consumer Non-Cyclicals,2021-05-27,-0.0012471030811264496,0.09825091198343694
Consumer Non-Cyclicals,2021-05-28,0.013913616565109298,0.11353155406505588
Consumer Non-Cyclicals,2021-05-31,-0.004296240077775178,0.10874755517461443
Consumer Non-Cyclicals,2021-06-01,0.0019675895548290478,0.11092911528311822
Consumer Non-Cyclicals,2021-06-02,0.014762304927140287,0.12732898963536576
Consumer Non-Cyclicals,2021-06-03,0.011072425456047,0.13981125583754417
Consumer Non-Cyclicals,2021-06-04,0.011566399236044803,0.15299476787629884
Consumer Non-Cyclicals,2021-06-07,-4.160823633947024e-4,0.15251502708829912
Consumer Non-Cyclicals,2021-06-08,0.0010412580882391135,0.15371509268207206
Consumer Non-Cyclicals,2021-06-09,-0.00610281166320942,0.1466741867584309
Consumer Non-Cyclicals,2021-06-10,-0.007086972856220803,0.13854773792194486
Consumer Non-Cyclicals,2021-06-11,6.714373449506775e-4,0.13931220139219502
Consumer Non-Cyclicals,2021-06-14,-6.050878405692324e-4,0.13862281743252036
Consumer Non-Cyclicals,2021-06-15,-1.5601960218121497e-4,0.13844516995351008
Consumer Non-Cyclicals,2021-06-16,0.008786825283755129,0.14844848875702632
Consumer Non-Cyclicals,2021-06-17,-0.002520980719939842,0.1455532722590258
Consumer Non-Cyclicals,2021-06-18,8.79429055203369e-5,0.14565401554221657
Consumer Non-Cyclicals,2021-06-21,-4.7793228789857646e-5,0.14559926103773768
Consumer Non-Cyclicals,2021-06-22,0.00810206987577675,0.15488098630030356
Consumer Non-Cyclicals,2021-06-23,-0.013514510248008902,0.13927333537571762
Consumer Non-Cyclicals,2021-06-24,-0.012735169671178175,0.12476449614785867
Consumer Non-Cyclicals,2021-06-25,-0.0022471406198710897,0.12223699216077599
Consumer Non-Cyclicals,2021-06-28,-0.0086406165049298,0.11254017268386907
Consumer Non-Cyclicals,2021-06-29,-0.007119576206075656,0.10461935814212575
Consumer Non-Cyclicals,2021-06-30,6.346855971286999e-4,0.10532044413904784
Consumer Non-Cyclicals,2021-07-01,0.013743159626468035,0.12051103944124941
Consumer Non-Cyclicals,2021-07-02,0.005788355403626942,0.12699695557122292
Consumer Non-Cyclicals,2021-07-05,0.011922627147945352,0.14043372006936794
Consumer Non-Cyclicals,2021-07-06,0.001738597718982845,0.1424164755337316
Consumer Non-Cyclicals,2021-07-07,0.004524322021605772,0.14758513555183428
Consumer Non-Cyclicals,2021-07-08,-0.016827647806371516,0.12827397706294086
Consumer Non-Cyclicals,2021-07-09,4.68250220646032e-4,0.1288022916016498
Consumer Non-Cyclicals,2021-07-12,0.005282122583240826,0.13476476367813306
Consumer Non-Cyclicals,2021-07-13,0.005477501196987537,0.14098043902947932
Consumer Non-Cyclicals,2021-07-14,-0.011729960278333182,0.12759678380130857
Consumer Non-Cyclicals,2021-07-15,-0.0031194378572791887,0.12407931570617237
Consumer Non-Cyclicals,2021-07-16,-0.004577184221614849,0.11893419759847856
Consumer Non-Cyclicals,2021-07-19,-0.01745719391203699,0.09940074633619234
Consumer Non-Cyclicals,2021-07-20,0.016652639668340064,0.11770867081603309
Consumer Non-Cyclicals,2021-07-21,-0.002844994792141457,0.11452879546842998
Consumer Non-Cyclicals,2021-07-22,-0.0010219251176890871,0.11338983049795304
Consumer Non-Cyclicals,2021-07-23,0.010230274457769658,0.12478011404243672
Consumer Non-Cyclicals,2021-07-26,-0.002126033304221599,0.12238879406005632
Consumer Non-Cyclicals,2021-07-27,-0.003630325124184018,0.11831415782187737
Consumer Non-Cyclicals,2021-07-28,-2.593729814615502e-4,0.11802409734455255
Consumer Non-Cyclicals,2021-07-29,-0.005644179521059052,0.11171376863027005
Consumer Non-Cyclicals,2021-07-30,-0.0013005418279567144,0.11026793837345106
Consumer Non-Cyclicals,2021-08-02,0.007854088700053267,0.11898808124226146
Consumer Non-Cyclicals,2021-08-03,0.001649875936966878,0.12083427275125591
Consumer Non-Cyclicals,2021-08-04,0.010818515678381723,0.13296003590388294
Consumer Non-Cyclicals,2021-08-05,-0.005297151028239178,0.12695857548474088
Consumer Non-Cyclicals,2021-08-06,-0.0069426743170574986,0.11913446912633519
Consumer Non-Cyclicals,2021-08-09,-0.0012111806459273278,0.1177789951171393
Consumer Non-Cyclicals,2021-08-10,8.62047265776695e-4,0.11874257344362271
Consumer Non-Cyclicals,2021-08-11,-0.007393291266891842,0.11047138374548182
Consumer Non-Cyclicals,2021-08-12,0.006322942214811061,0.11749283013610579
Consumer Non-Cyclicals,2021-08-13,-9.758391666243754e-4,0.116402336864037
Consumer Non-Cyclicals,2021-08-16,-0.0011844298190209033,0.11508003664623079
Consumer Non-Cyclicals,2021-08-17,0.0037399278977689786,0.11925035558352914
Consumer Non-Cyclicals,2021-08-18,-0.014412669516656476,0.10311897010210358
Consumer Non-Cyclicals,2021-08-19,-0.0056416808400488235,0.0968955249441843
Consumer Non-Cyclicals,2021-08-20,0.008629904905230414,0.10636162901542545
Consumer Non-Cyclicals,2021-08-23,-0.006890091899589675,0.09873869571732952
Consumer Non-Cyclicals,2021-08-24,-4.249140307439926e-4,0.09827182622939779
Consumer Non-Cyclicals,2021-08-25,0.021175949544656698,0.12152877500794945
Consumer Non-Cyclicals,2021-08-26,-0.002371507465442742,0.11886906114530915
Consumer Non-Cyclicals,2021-08-27,0.006452861922559255,0.12608896870630337
Consumer Non-Cyclicals,2021-08-30,-0.004143648385654813,0.1214228519690197
Consumer Non-Cyclicals,2021-08-31,-0.0072833903744937995,0.11325509156325131
Consumer Non-Cyclicals,2021-09-01,0.006831377424911216,0.12086015726392385
Consumer Non-Cyclicals,2021-09-02,0.011157407840348712,0.1333660511705148
Consumer Non-Cyclicals,2021-09-03,-0.014931452697127801,0.1164432495889316
Consumer Non-Cyclicals,2021-09-06,0.005478749076963322,0.12255996201209873
Consumer Non-Cyclicals,2021-09-07,-0.014074646667203294,0.10676032718402939
Consumer Non-Cyclicals,2021-09-08,4.0902326875281054e-4,0.1072130179107802
Consumer Non-Cyclicals,2021-09-09,-0.0060084162766799775,0.10056042119221309
Consumer Non-Cyclicals,2021-09-10,-0.0069619539088576566,0.09289837026595982
Consumer Non-Cyclicals,2021-09-13,0.009392849151272064,0.10316379979553902
Consumer Non-Cyclicals,2021-09-14,-0.0031870859714509003,0.09964792192499816
Consumer Non-Cyclicals,2021-09-15,0.002908635363868663,0.10284639675851404
Consumer Non-Cyclicals,2021-09-16,0.004348466595538209,0.10764208747482806
Consumer Non-Cyclicals,2021-09-17,0.0027363575896648903,0.11067299230752203
Consumer Non-Cyclicals,2021-09-20,-0.0200394251454329,0.0884157440171216
Consumer Non-Cyclicals,2021-09-21,0.011712351994037258,0.10116365232690194
Consumer Non-Cyclicals,2021-09-22,0.015932491314608617,0.11870793265356294
Consumer Non-Cyclicals,2021-09-23,0.016879795520702224,0.1375914938041427
Consumer Non-Cyclicals,2021-09-24,-0.01200649546953518,0.12393300668760165
Consumer Non-Cyclicals,2021-09-27,0.0034687932453467546,0.12783169790942184
Consumer Non-Cyclicals,2021-09-28,-0.01596808699301122,0.10982238324372862
Consumer Non-Cyclicals,2021-09-29,-0.007587585477639643,0.10140151104586925
Consumer Non-Cyclicals,2021-09-30,-0.008855981985887166,0.09164751910481805
Consumer Non-Cyclicals,2021-10-01,-0.0015159976471155097,0.0899925840343756
Consumer Non-Cyclicals,2021-10-04,-0.0012558232785051127,0.08862374597394718
Consumer Non-Cyclicals,2021-10-05,0.002041320780018275,0.09084597624822521
Consumer Non-Cyclicals,2021-10-06,-0.0057849618632357875,0.08453547387696503
Consumer Non-Cyclicals,2021-10-07,0.010473865564248635,0.09589475263001113
Consumer Non-Cyclicals,2021-10-08,-0.0026978056757483828,0.09293824154634289
Consumer Non-Cyclicals,2021-10-11,-1.8950065537119988e-4,0.09273112903328973
Consumer Non-Cyclicals,2021-10-12,-0.0031607132139055364,0.08927731931450822
Consumer Non-Cyclicals,2021-10-13,0.0072846800350077,0.09721235605510548
Consumer Non-Cyclicals,2021-10-14,0.01764923196252193,0.1165773114392672
Consumer Non-Cyclicals,2021-10-15,-8.73349532026349e-5,0.11647979521202534
Consumer Non-Cyclicals,2021-10-18,-0.0014574906480630233,0.11485253635175252
Consumer Non-Cyclicals,2021-10-19,0.0025575682272230295,0.1177038477767649
Consumer Non-Cyclicals,2021-10-20,0.024393337517869755,0.14496837498060522
Consumer Non-Cyclicals,2021-10-21,0.006936774009825148,0.15291076184624242
Consumer Non-Cyclicals,2021-10-22,0.005238466131930857,0.15895024582531248
Consumer Non-Cyclicals,2021-10-25,3.53767260996856e-4,0.15936024447940977
Consumer Non-Cyclicals,2021-10-26,0.003438002342177909,0.16334612771535784
Consumer Non-Cyclicals,2021-10-27,0.0024305168388239597,0.16617366006815049
Consumer Non-Cyclicals,2021-10-28,-0.0053010268766942115,0.15999174215323642
Consumer Non-Cyclicals,2021-10-29,0.011624424836946383,0.17347597897137512
Consumer Non-Cyclicals,2021-11-01,0.005628246802727998,0.18008059139809895
Consumer Non-Cyclicals,2021-11-02,-0.010580683684422103,0.16759453193839002
Consumer Non-Cyclicals,2021-11-03,0.004137282374800954,0.17242520021629248
Consumer Non-Cyclicals,2021-11-04,-0.0014546700277583012,0.17071970841774942
Consumer Non-Cyclicals,2021-11-05,0.005899182680267851,0.17762599784509558
Consumer Non-Cyclicals,2021-11-08,-0.01053366000426482,0.16522128597161223
Consumer Non-Cyclicals,2021-11-09,-0.022307005307544002,0.13922868856098036
Consumer Non-Cyclicals,2021-11-10,0.003746233093141052,0.14349650477472298
Consumer Non-Cyclicals,2021-11-11,-0.009724259254466738,0.13237684830571705
Consumer Non-Cyclicals,2021-11-12,0.0061954326861083766,0.13939241284470283
Consumer Non-Cyclicals,2021-11-15,0.006130962164262256,0.14637798461810103
Consumer Non-Cyclicals,2021-11-16,-0.005778823987649828,0.13975326802167642
Consumer Non-Cyclicals,2021-11-17,-0.013495251038609378,0.12437201154764832
Consumer Non-Cyclicals,2021-11-18,0.010609654804654001,0.13630121046218324
Consumer Non-Cyclicals,2021-11-19,0.0029345242602255776,0.13963571393120833
Consumer Non-Cyclicals,2021-11-22,-0.01819742758849633,0.11889727554968088
Consumer Non-Cyclicals,2021-11-23,-0.0187794129872701,0.097885041521802
Consumer Non-Cyclicals,2021-11-24,-0.002650087548563862,0.09497555004351055
Consumer Non-Cyclicals,2021-11-25,-3.778860173163556e-4,0.09456177409384581
Consumer Non-Cyclicals,2021-11-26,-0.029917985516755143,0.06181469078931223
Consumer Non-Cyclicals,2021-11-29,3.152640620244779e-4,0.062149442801847865
Consumer Non-Cyclicals,2021-11-30,-0.01747263965264154,0.043590888330517163
Consumer Non-Cyclicals,2021-12-01,5.32406932158857e-4,0.04414650335380221
Consumer Non-Cyclicals,2021-12-02,-0.0030540391677094567,0.04095763903573291
Consumer Non-Cyclicals,2021-12-03,-0.0030497062063761164,0.03778302406339096
Consumer Non-Cyclicals,2021-12-06,0.004486364282180665,0.04243889675520229
Consumer Non-Cyclicals,2021-12-07,0.018709003824424496,0.06194189006132422
Consumer Non-Cyclicals,2021-12-08,0.003669437439708954,0.06583861939151059
Consumer Non-Cyclicals,2021-12-09,0.006946856414121017,0.07324284724104846
Consumer Non-Cyclicals,2021-12-10,0.006768227735354444,0.08050679924651605
Consumer Non-Cyclicals,2021-12-13,-0.00802248708139197,0.07183844740820478
Consumer Non-Cyclicals,2021-12-14,-0.01361520623500335,0.057245145896136274
Consumer Non-Cyclicals,2021-12-15,-0.0072449694550820246,0.049585437107585006
Consumer Non-Cyclicals,2021-12-16,0.013745893663931672,0.06401292691727711
Consumer Non-Cyclicals,2021-12-17,-7.94636263699368e-4,0.06316742366050376
Consumer Non-Cyclicals,2021-12-20,-0.029580146511057937,0.03171877550284208
Consumer Non-Cyclicals,2021-12-21,0.014683804511708953,0.04686833231338561
Consumer Non-Cyclicals,2021-12-22,0.010887293017740449,0.05826589459827458
Consumer Non-Cyclicals,2021-12-23,0.011917265016341827,0.07087752972195815
Consumer Non-Cyclicals,2021-12-24,0,0.07087752972195815
Consumer Non-Cyclicals,2021-12-27,0.01087783301792986,0.08252635667292685
Consumer Non-Cyclicals,2021-12-28,0.003160254091912053,0.08594741502120495
Consumer Non-Cyclicals,2021-12-29,-0.002647087990392193,0.0830728166607051
Consumer Non-Cyclicals,2021-12-30,0.0016840861740759362,0.08489680461676063
Consumer Non-Cyclicals,2021-12-31,0,0.08489680461676063
Consumer Non-Cyclicals,2022-01-03,0.0013424184007558369,0.08635319005019948
Consumer Non-Cyclicals,2022-01-04,-0.001364359043316869,0.0848710142511182
Consumer Non-Cyclicals,2022-01-05,0.0031426337479679954,0.0882803665126961
Consumer Non-Cyclicals,2022-01-06,-0.010525910139280049,0.0768252251684407
Consumer Non-Cyclicals,2022-01-07,-0.003051754404167365,0.07353901904501448
Consumer Non-Cyclicals,2022-01-10,-0.01817902305883497,0.05402312846323598
Consumer Non-Cyclicals,2022-01-11,0.018770068079760543,0.07380721434213311
Consumer Non-Cyclicals,2022-01-12,0.010577626377184976,0.0851655458565701
Consumer Non-Cyclicals,2022-01-13,0.002615177546125917,0.08800344642592361
Consumer Non-Cyclicals,2022-01-14,-3.890149208134901e-5,0.0879611214684679
Consumer Non-Cyclicals,2022-01-17,-0.004860843447063669,0.0826727127805178
Consumer Non-Cyclicals,2022-01-18,-4.8596084303913553e-4,0.08214657623627963
Consumer Non-Cyclicals,2022-01-19,-0.0073699180027410145,0.07417124470247138
Consumer Non-Cyclicals,2022-01-20,-5.180188966471506e-4,0.07361480369948037
Consumer Non-Cyclicals,2022-01-21,0.0033963871294479856,0.07726121520075013
Consumer Non-Cyclicals,2022-01-24,-0.029556667639810477,0.045420963501803246
Consumer Non-Cyclicals,2022-01-25,0.005297441277482492,0.05095901966620331
Consumer Non-Cyclicals,2022-01-26,0.020294504470584326,0.07228771218921981
Consumer Non-Cyclicals,2022-01-27,0.015634531925181532,0.089052428658422
Consumer Non-Cyclicals,2022-01-28,0.0022835034359970914,0.09153928362124475
Consumer Non-Cyclicals,2022-01-31,0.009609844702158412,0.10202880662315006
Consumer Non-Cyclicals,2022-02-01,0.014359794236825416,0.11785371352931273
Consumer Non-Cyclicals,2022-02-02,0.013951553800085935,0.13344950975424275
Consumer Non-Cyclicals,2022-02-03,-0.012779751100289411,0.11896430713483852
Consumer Non-Cyclicals,2022-02-04,0.009907950463067193,0.13005095005987077
Consumer Non-Cyclicals,2022-02-07,0.014012530781520791,0.14588582378227155
Consumer Non-Cyclicals,2022-02-08,-0.0015101519291906146,0.1441553620948548
Consumer Non-Cyclicals,2022-02-09,0.004034921369833726,0.1487719390157809
Consumer Non-Cyclicals,2022-02-10,0.006885350305650004,0.15668163623720543
Consumer Non-Cyclicals,2022-02-11,0.011542374718441772,0.17003248911259572
Consumer Non-Cyclicals,2022-02-14,-0.005636579223286679,0.16343750829389325
Consumer Non-Cyclicals,2022-02-15,0.0019160692262380767,0.16566673510018637
Consumer Non-Cyclicals,2022-02-16,0.007083135913481862,0.17392331101472558
Consumer Non-Cyclicals,2022-02-17,-0.01133281501671796,0.16061945528718247
Consumer Non-Cyclicals,2022-02-18,-0.009804625972592374,0.14924001563157785
Consumer Non-Cyclicals,2022-02-21,0.0040587447654313585,0.1539044875292468
Consumer Non-Cyclicals,2022-02-22,-0.03605248163877602,0.11230336717969736
Consumer Non-Cyclicals,2022-02-23,0.020941206375732498,0.13559634154422961
Consumer Non-Cyclicals,2022-02-24,-0.034115733475294126,0.09685463942058758
Consumer Non-Cyclicals,2022-02-25,0.024813968018037133,0.1240719553636056
Consumer Non-Cyclicals,2022-02-28,-0.001163720199809584,0.12276385012310942
Consumer Non-Cyclicals,2022-03-01,0.01070853193439078,0.13478700266693222
Consumer Non-Cyclicals,2022-03-02,-0.008069937455353799,0.1256293425302617
Consumer Non-Cyclicals,2022-03-03,-0.016198068184952653,0.10739632168897328
Consumer Non-Cyclicals,2022-03-04,-0.02733061026714356,0.07713050440962355
Consumer Non-Cyclicals,2022-03-07,-0.03182618027683141,0.04284955479460861
Consumer Non-Cyclicals,2022-03-08,-0.02531976057294543,0.01644485375360638
Consumer Non-Cyclicals,2022-03-09,0.03180115457390347,0.04876897366367339
Consumer Non-Cyclicals,2022-03-10,0.013190389235729325,0.06260264464465348
Consumer Non-Cyclicals,2022-03-11,0.013405756843205368,0.07684763731970667
Consumer Non-Cyclicals,2022-03-14,0.01879687763083799,0.09708901058546227
Consumer Non-Cyclicals,2022-03-15,-0.0032016172724075795,0.09357655145980348
Consumer Non-Cyclicals,2022-03-16,0.02482304400884807,0.12072245032373452
Consumer Non-Cyclicals,2022-03-17,-0.015065151944590731,0.10383859632189352
Consumer Non-Cyclicals,2022-03-18,0.01464036828437817,0.11999919989855701
Consumer Non-Cyclicals,2022-03-21,0.01588988878902579,0.13779586262874277
Consumer Non-Cyclicals,2022-03-22,0.005939906060260917,0.14455426316851105
Consumer Non-Cyclicals,2022-03-23,-0.005800811751962117,0.13791491934796496
Consumer Non-Cyclicals,2022-03-24,-0.002928356720160697,0.13458269854692118
Consumer Non-Cyclicals,2022-03-25,0.02183016725414931,0.15935082861986438
Consumer Non-Cyclicals,2022-03-28,0.0012972078625439437,0.16085474763019691
Consumer Non-Cyclicals,2022-03-29,-8.202620527072401e-4,0.15990254253201086
Consumer Non-Cyclicals,2022-03-30,0.008118492758193917,0.1693192029237678
Consumer Non-Cyclicals,2022-03-31,-0.018155567015559926,0.1480895497725041
Consumer Non-Cyclicals,2022-04-01,0.027232778460091485,0.17935521813380473
Consumer Non-Cyclicals,2022-04-04,-0.0018115922487310103,0.17721870736213297
Consumer Non-Cyclicals,2022-04-05,0.009848238278634446,0.18881223769830124
Consumer Non-Cyclicals,2022-04-06,-0.0018875154440469919,0.1865683362395738
Consumer Non-Cyclicals,2022-04-07,0.00724463650809389,0.19516459252764307
Consumer Non-Cyclicals,2022-04-08,0.009565184071704428,0.2065965618511536
Consumer Non-Cyclicals,2022-04-11,-0.001951744976115655,0.20424159307336232
Consumer Non-Cyclicals,2022-04-12,-0.01099616220497329,0.19099955718195205
Consumer Non-Cyclicals,2022-04-13,2.2823535620389822e-4,0.19127138539012445
Consumer Non-Cyclicals,2022-04-14,0,0.19127138539012445
Consumer Non-Cyclicals,2022-04-15,0,0.19127138539012445
Consumer Non-Cyclicals,2022-04-18,0,0.19127138539012445
Consumer Non-Cyclicals,2022-04-19,0.017068657220664023,0.21160478832413387
Consumer Non-Cyclicals,2022-04-20,-0.002706408741562472,0.20832569053369454
Consumer Non-Cyclicals,2022-04-21,0.004193586185951523,0.2133929084576469
Consumer Non-Cyclicals,2022-04-22,0.008422194025384975,0.2236123389617033
Consumer Non-Cyclicals,2022-04-25,-0.013597029972691743,0.20697484531388555
Consumer Non-Cyclicals,2022-04-26,0.01107824436362052,0.22034600759101597
Consumer Non-Cyclicals,2022-04-27,0.0015063931516421027,0.22218432845948488
Consumer Non-Cyclicals,2022-04-28,0.01386283125540528,0.23912726356791958
Consumer Non-Cyclicals,2022-04-29,-0.0019181961711058546,0.23675037439543067
Consumer Non-Cyclicals,2022-05-02,-0.015300796669323017,0.21782710838609698
Consumer Non-Cyclicals,2022-05-03,0.0061857330382849955,0.22536026176536006
Consumer Non-Cyclicals,2022-05-04,-0.01889281375653719,0.20220975855516543
Consumer Non-Cyclicals,2022-05-05,-0.02358314308781457,0.173857873797592
Consumer Non-Cyclicals,2022-05-06,-0.010222890366762973,0.16185765344759773
Consumer Non-Cyclicals,2022-05-09,0.0020947868397145557,0.16429149756966144
Consumer Non-Cyclicals,2022-05-10,0.0041764406703798905,0.16915409193228892
Consumer Non-Cyclicals,2022-05-11,-0.0016585190507811146,0.16721502759752038
Consumer Non-Cyclicals,2022-05-12,-0.019990849568387318,0.1438814075668573
Consumer Non-Cyclicals,2022-05-13,-0.008799631502010094,0.13381567269826844
Consumer Non-Cyclicals,2022-05-16,0.006499045404495743,0.1411843922354632
Consumer Non-Cyclicals,2022-05-17,0,0.1411843922354632
Consumer Non-Cyclicals,2022-05-18,-0.0044778701584499625,0.13607431670018322
Consumer Non-Cyclicals,2022-05-19,-0.008781133253263053,0.12609829673962936
Consumer Non-Cyclicals,2022-05-20,0.02069326266691912,0.1494009445828326
Consumer Non-Cyclicals,2022-05-23,0.00825874145535617,0.15889354981268444
Consumer Non-Cyclicals,2022-05-24,0.012038422303285268,0.17284479976988276
Consumer Non-Cyclicals,2022-05-25,-0.0025986795949287703,0.16979695192070254
Consumer Non-Cyclicals,2022-05-26,0,0.16979695192070254
Consumer Non-Cyclicals,2022-05-27,-0.013103430676434434,0.15446859865570528
Consumer Non-Cyclicals,2022-05-30,-0.0050029587665769695,0.14869283985932302
Consumer Non-Cyclicals,2022-05-31,0.008597052073423463,0.1585682120199623
Consumer Non-Cyclicals,2022-06-01,-0.008860021540498938,0.14830327270532817
Consumer Non-Cyclicals,2022-06-02,-0.0012058528805331445,0.1469185878962107
Consumer Non-Cyclicals,2022-06-03,-0.01669112823719844,0.12777522266800867
Consumer Non-Cyclicals,2022-06-06,0,0.12777522266800867
Consumer Non-Cyclicals,2022-06-07,-0.0023331659729344907,0.12514393589336104
Consumer Non-Cyclicals,2022-06-08,-0.012246636850183824,0.1113647067062884
Consumer Non-Cyclicals,2022-06-09,0.015313042785727347,0.1283830820106291
Consumer Non-Cyclicals,2022-06-10,-0.012472324634218912,0.1143095219000323
Consumer Non-Cyclicals,2022-06-13,0.0037675894772885607,0.11850778272918516
Consumer Non-Cyclicals,2022-06-14,0.009818435961950377,0.12948977976685483
Consumer Non-Cyclicals,2022-06-15,0.020743697001079642,0.15291957352415486
Consumer Non-Cyclicals,2022-06-16,-0.010177403676689054,0.14118584561764336
Consumer Non-Cyclicals,2022-06-17,0.004254577513145511,0.14604110925472802
Consumer Non-Cyclicals,2022-06-20,0.020244462071693305,0.16924209502363663
Consumer Non-Cyclicals,2022-06-21,-0.030605289092716936,0.13345710268606426
Consumer Non-Cyclicals,2022-06-22,-0.03235814116882586,0.09678053774854023
Consumer Non-Cyclicals,2022-06-23,0.00745047890753487,0.10495207801123052
Consumer Non-Cyclicals,2022-06-24,0.008398849926644069,0.11423240469058027
Consumer Non-Cyclicals,2022-06-27,0.013394252893505603,0.1291567153011448
Consumer Non-Cyclicals,2022-06-28,0.016331422331321337,0.14759745049697548
Consumer Non-Cyclicals,2022-06-29,-0.0038350804784089403,0.14319632191750253
Consumer Non-Cyclicals,2022-06-30,-0.001993379541406343,0.14091749775758133
Consumer Non-Cyclicals,2022-07-01,0.0066239871169789764,0.14847492056426326
Consumer Non-Cyclicals,2022-07-04,0.028753230176229067,0.18149728430687384
Consumer Non-Cyclicals,2022-07-05,-0.007241412823982613,0.1729415747207934
Consumer Non-Cyclicals,2022-07-06,-0.005017891735245817,0.16705588088707568
Consumer Non-Cyclicals,2022-07-07,0.02935206660188753,0.2013113828309978
Consumer Non-Cyclicals,2022-07-08,-0.008864075074932145,0.1906628685452132
Consumer Non-Cyclicals,2022-07-11,0.013639712480482747,0.20690316773335682
Consumer Non-Cyclicals,2022-07-12,-0.016624885248604327,0.18683854106361286
Consumer Non-Cyclicals,2022-07-13,-0.01967473594969502,0.16348780615326497
Consumer Non-Cyclicals,2022-07-14,-0.012547558167167516,0.1488888752287667
Consumer Non-Cyclicals,2022-07-15,0.008527960126593853,0.15868655374660512
Consumer Non-Cyclicals,2022-07-18,0.0018303273932151654,0.16080732948607768
Consumer Non-Cyclicals,2022-07-19,0.0044497034972097475,0.16597257791967857
Consumer Non-Cyclicals,2022-07-20,0.008075654749457378,0.1753885699062927
Consumer Non-Cyclicals,2022-07-21,-0.01496055148974061,0.1578041086857569
Consumer Non-Cyclicals,2022-07-22,0.00877128528873324,0.16795953883150716
Consumer Non-Cyclicals,2022-07-25,-0.0019903358193903878,0.1656349071257721
Consumer Non-Cyclicals,2022-07-26,0.0022647488148615025,0.16827477740024643
Consumer Non-Cyclicals,2022-07-27,0.015371075148627329,0.18623241679791147
Consumer Non-Cyclicals,2022-07-28,-0.014016147745568613,0.16960600798348913
Consumer Non-Cyclicals,2022-07-29,0.011175708661631227,0.18267718397760624
Consumer Non-Cyclicals,2022-08-01,0.002497328328414313,0.18563071721252267
Consumer Non-Cyclicals,2022-08-02,0.014164528793640272,0.20242461764510367
Consumer Non-Cyclicals,2022-08-03,-0.014631731549892755,0.18483106343073819
Consumer Non-Cyclicals,2022-08-04,0.0024084720747096803,0.18768469596025983
Consumer Non-Cyclicals,2022-08-05,-9.391110090001605e-4,0.18656932818706262
Consumer Non-Cyclicals,2022-08-08,-0.010844881671647811,0.17370112422766715
Consumer Non-Cyclicals,2022-08-09,-0.0020690674140074043,0.1712726574777439
Consumer Non-Cyclicals,2022-08-10,-0.01151556862807788,0.15778478680836772
Consumer Non-Cyclicals,2022-08-11,-0.0022100587099966253,0.1552260144559805
Consumer Non-Cyclicals,2022-08-12,-0.006381350546611804,0.1478541122971715
Consumer Non-Cyclicals,2022-08-15,0.0018162206665255942,0.14993886865808204
Consumer Non-Cyclicals,2022-08-16,-0.005174654244126334,0.1439883326108946
Consumer Non-Cyclicals,2022-08-17,0.005350727428206033,0.15010950235974363
Consumer Non-Cyclicals,2022-08-18,0.006116855241276433,0.15714455569729457
Consumer Non-Cyclicals,2022-08-19,0.013582019035581577,0.1728609150796947
Consumer Non-Cyclicals,2022-08-22,-0.00399154494352477,0.1681793880246507
Consumer Non-Cyclicals,2022-08-23,-0.01057993928873695,0.15582012102099596
Consumer Non-Cyclicals,2022-08-24,-0.021299369822760688,0.1312018808147819
Consumer Non-Cyclicals,2022-08-25,0.003845412473915089,0.13555181863778332
Consumer Non-Cyclicals,2022-08-26,-0.02078547165730191,0.11194883849608983
Consumer Non-Cyclicals,2022-08-29,-0.01994782902484742,0.08976787318139223
Consumer Non-Cyclicals,2022-08-30,0.01257496746457932,0.1034716687305921
Consumer Non-Cyclicals,2022-08-31,0.007164809108134842,0.11137783259328193
Consumer Non-Cyclicals,2022-09-01,0.004830587931383571,0.11674644093861408
Consumer Non-Cyclicals,2022-09-02,-0.00661287828734295,0.10936153264686377
Consumer Non-Cyclicals,2022-09-05,-0.01441409297936395,0.09337109236756214
Consumer Non-Cyclicals,2022-09-06,-0.014689818114855454,0.07730966988864174
Consumer Non-Cyclicals,2022-09-07,-0.015389615723097274,0.060730288054278825
Consumer Non-Cyclicals,2022-09-08,-2.855735585908712e-4,0.060427371531214025
Consumer Non-Cyclicals,2022-09-09,0.014094384943794645,0.07537344311051153
Consumer Non-Cyclicals,2022-09-12,0.00936348832404724,0.08544268978906722
Consumer Non-Cyclicals,2022-09-13,-0.005362225714820991,0.07962230108591561
Consumer Non-Cyclicals,2022-09-14,-0.007533835503452345,0.07148860426367576
Consumer Non-Cyclicals,2022-09-15,-0.008135006281107155,0.062772037737856
Consumer Non-Cyclicals,2022-09-16,-0.012347950975607074,0.049648980717623026
Consumer Non-Cyclicals,2022-09-19,0.0068865015983020465,0.05687739010099091
Consumer Non-Cyclicals,2022-09-20,-0.01893749191125665,0.03686278307476343
Consumer Non-Cyclicals,2022-09-21,-0.0068793217113134264,0.029729870419504145
Consumer Non-Cyclicals,2022-09-22,0.005633491175199163,0.03553084455735145
Consumer Non-Cyclicals,2022-09-23,-0.020671434780449638,0.014124936240940356
Consumer Non-Cyclicals,2022-09-26,-0.02155051911762453,-0.007729982585179873
Consumer Non-Cyclicals,2022-09-27,-0.01298203991559379,-0.0206116715583059
Consumer Non-Cyclicals,2022-09-28,-0.153131455816531,-0.1705868321023013
Consumer Non-Cyclicals,2022-09-29,-0.033289263415637066,-0.19819738552884592
Consumer Non-Cyclicals,2022-09-30,0.02936210429530978,-0.1746547735384918
Consumer Non-Cyclicals,2022-10-03,0.030265011036035475,-0.14967569115109502
Consumer Non-Cyclicals,2022-10-04,-0.018237240345773394,-0.1651832599434262
Consumer Non-Cyclicals,2022-10-05,-0.029074472642714233,-0.1894551164138809
Consumer Non-Cyclicals,2022-10-06,-0.0022808036349151674,-0.19130381013062592
Consumer Non-Cyclicals,2022-10-07,-0.008807348881915278,-0.19842627961428116
Consumer Non-Cyclicals,2022-10-10,0.018413508038156022,-0.18366649547078406
Consumer Non-Cyclicals,2022-10-11,0.009059018807046439,-0.17627131490043169
Consumer Non-Cyclicals,2022-10-12,-0.012279266882879841,-0.18638609926385297
Consumer Non-Cyclicals,2022-10-13,0.003079756977207853,-0.18388036617630754
Consumer Non-Cyclicals,2022-10-14,-0.014122874180804447,-0.19540632108128375
Consumer Non-Cyclicals,2022-10-17,0.03816508186779802,-0.16469893745503816
Consumer Non-Cyclicals,2022-10-18,-0.0026252206947351346,-0.16689178709076535
Consumer Non-Cyclicals,2022-10-19,-0.00786888178717711,-0.17344741713407463
Consumer Non-Cyclicals,2022-10-20,0.004837739158477652,-0.16944877133740321
Consumer Non-Cyclicals,2022-10-21,-0.02238912806294402,-0.18804408915876558
Consumer Non-Cyclicals,2022-10-24,-0.002636311498796209,-0.19018465786303185
Consumer Non-Cyclicals,2022-10-25,0.018103111411380952,-0.17552448050168068
Consumer Non-Cyclicals,2022-10-26,0.03259151587547226,-0.1486535735190131
Consumer Non-Cyclicals,2022-10-27,-0.019240221843427417,-0.1650336676301164
Consumer Non-Cyclicals,2022-10-28,-0.004267797851398125,-0.16859713514939434
Consumer Non-Cyclicals,2022-10-31,0.033701530830905886,-0.1405775858667282
Consumer Non-Cyclicals,2022-11-01,-0.008832838163824698,-0.148168724965131
Consumer Non-Cyclicals,2022-11-02,-0.013029061165570724,-0.15926728675030632
Consumer Non-Cyclicals,2022-11-03,-0.007754098233565365,-0.1657864107970164
Consumer Non-Cyclicals,2022-11-04,0.0023864156197777875,-0.16379563045751155
Consumer Non-Cyclicals,2022-11-07,0.004900153646640884,-0.15969810056676093
Consumer Non-Cyclicals,2022-11-08,-0.003433771926190754,-0.1625835056385595
Consumer Non-Cyclicals,2022-11-09,-0.004226029445846636,-0.1661224524021686
Consumer Non-Cyclicals,2022-11-10,0.005435391894467801,-0.1615900011389766
Consumer Non-Cyclicals,2022-11-11,-0.0030839449014454234,-0.16417561138028502
Consumer Non-Cyclicals,2022-11-14,0.007698128012278299,-0.15774132824090614
Consumer Non-Cyclicals,2022-11-15,-2.9394712147812e-4,-0.15798890775300967
Consumer Non-Cyclicals,2022-11-16,0.016995110892045383,-0.14367883586793984
Consumer Non-Cyclicals,2022-11-17,2.889098740043306e-4,-0.14343143622830312
Consumer Non-Cyclicals,2022-11-18,-0.01910793178219391,-0.1597986899116245
Consumer Non-Cyclicals,2022-11-21,-4.7366247712049217e-4,-0.1601966617454409
Consumer Non-Cyclicals,2022-11-22,-0.0025595317015744148,-0.16234616501279142
Consumer Non-Cyclicals,2022-11-23,0.0020979580854825854,-0.16058880237684459
Consumer Non-Cyclicals,2022-11-24,0.022197587248481795,-0.14195589908025186
Consumer Non-Cyclicals,2022-11-25,0.004635043531603152,-0.13797882732045363
Consumer Non-Cyclicals,2022-11-28,-0.004357761230464181,-0.14173530976659576
Consumer Non-Cyclicals,2022-11-29,-0.003684771175478606,-0.14489781875809893
Consumer Non-Cyclicals,2022-11-30,0.010280451118443858,-0.13610698258256682
Consumer Non-Cyclicals,2022-12-01,0.008175649670960572,-0.1290440959189728
Consumer Non-Cyclicals,2022-12-02,-0.0030956836490670303,-0.13174029987029479
Consumer Non-Cyclicals,2022-12-05,-0.0032754684009107865,-0.13458425708185395
Consumer Non-Cyclicals,2022-12-06,-0.0056449077841520525,-0.13946944914558035
Consumer Non-Cyclicals,2022-12-07,-0.00327310072445859,-0.1422860523150007
Consumer Non-Cyclicals,2022-12-08,0.008082717386527794,-0.13535339287737969
Consumer Non-Cyclicals,2022-12-09,0.02700011573863466,-0.1120078344120512
Consumer Non-Cyclicals,2022-12-12,0.013747139995036326,-0.09980048179721812
Consumer Non-Cyclicals,2022-12-13,0.01591758181115275,-0.08547148231986501
Consumer Non-Cyclicals,2022-12-14,-0.003163138358929875,-0.08836426255447438
Consumer Non-Cyclicals,2022-12-15,-0.013308355041355665,-0.10049663461678748
Consumer Non-Cyclicals,2022-12-16,-0.0056755159243050395,-0.10560178029098588
Consumer Non-Cyclicals,2022-12-19,0.00810094654018547,-0.09835630812748608
Consumer Non-Cyclicals,2022-12-20,0.005954709070947785,-0.09298728225672992
Consumer Non-Cyclicals,2022-12-21,0.027928590947602652,-0.0676556950786048
Consumer Non-Cyclicals,2022-12-22,-0.00793294742188025,-0.0750519334286357
Consumer Non-Cyclicals,2022-12-23,0.0033308011342888474,-0.07197111535934164
Consumer Non-Cyclicals,2022-12-26,0,-0.07197111535934164
Consumer Non-Cyclicals,2022-12-27,-8.904445758981795e-4,-0.0727974736459468
Consumer Non-Cyclicals,2022-12-28,0.009047941288580278,-0.06440819962487199
Consumer Non-Cyclicals,2022-12-29,0.0018940964457617865,-0.06263609852109753
Consumer Non-Cyclicals,2022-12-30,-7.40814739370765e-4,-0.06333051151546709
Consumer Non-Cyclicals,2023-01-02,-0.010594096986526733,-0.0732536789207926
Consumer Non-Cyclicals,2023-01-03,0.015476286897817491,-0.05891108697427383
Consumer Non-Cyclicals,2023-01-04,0.00478768314215317,-0.05440545145011333
Consumer Non-Cyclicals,2023-01-05,0.008990792147071203,-0.045903807408697817
Consumer Non-Cyclicals,2023-01-06,0.014857575554475609,-0.03172825114103506
Consumer Non-Cyclicals,2023-01-09,-0.014378927711123384,-0.0456509606226011
Consumer Non-Cyclicals,2023-01-10,0.0025833403145767275,-0.04318555227499987
Consumer Non-Cyclicals,2023-01-11,-0.00548334367537309,-0.04843209472543841
Consumer Non-Cyclicals,2023-01-12,0.00954368706296304,-0.039350628418338696
Consumer Non-Cyclicals,2023-01-13,8.284130693717146e-4,-0.03855481392383675
Consumer Non-Cyclicals,2023-01-16,0.004013117890679126,-0.03469642104668724
Consumer Non-Cyclicals,2023-01-17,0.0025900444474434444,-0.03219624187192205
Consumer Non-Cyclicals,2023-01-18,-7.505021761947902e-4,-0.032922580698526605
Consumer Non-Cyclicals,2023-01-19,-0.004662197479324891,-0.03743128660510597
Consumer Non-Cyclicals,2023-01-20,0.008161416953449805,-0.029575361988744442
Consumer Non-Cyclicals,2023-01-23,-0.0048881316382167524,-0.03431892536431236
Consumer Non-Cyclicals,2023-01-24,0.01784688641654899,-0.017084524910678134
Consumer Non-Cyclicals,2023-01-25,0.016070238534635614,-0.0012888387666080137
Consumer Non-Cyclicals,2023-01-26,-0.0031007287963677934,-0.0043855712234983635
Consumer Non-Cyclicals,2023-01-27,-1.769890367670031e-4,-0.004561784062238838
Consumer Non-Cyclicals,2023-01-30,0.018084007747468333,0.013439728346905877
Consumer Non-Cyclicals,2023-01-31,-0.0066889534325887436,0.006660877197257831
Consumer Non-Cyclicals,2023-02-01,0.008108815902142973,0.01482370492634022
Consumer Non-Cyclicals,2023-02-02,-0.025556860585880168,-0.011112003019708605
Consumer Non-Cyclicals,2023-02-03,-0.0024105142152327794,-0.013495731593702653
Consumer Non-Cyclicals,2023-02-06,0.00374867848286735,-0.009797644269471162
Consumer Non-Cyclicals,2023-02-07,0.005999434868535375,-0.0038569897295956945
Consumer Non-Cyclicals,2023-02-08,0.007722240387607278,0.003835466056147263
Consumer Non-Cyclicals,2023-02-09,-2.056722466160042e-4,0.0036290049606104713
Consumer Non-Cyclicals,2023-02-10,-0.011785202699709642,-0.008198966298158084
Consumer Non-Cyclicals,2023-02-13,9.215733213207912e-4,-0.007284948925440071
Consumer Non-Cyclicals,2023-02-14,-0.01892027485485966,-0.02606739054432683
Consumer Non-Cyclicals,2023-02-15,-0.0023736069390133193,-0.028379123744262214
Consumer Non-Cyclicals,2023-02-16,-0.007623895515331321,-0.03578665978535056
Consumer Non-Cyclicals,2023-02-17,0.00851738150282993,-0.02757408691662444
Consumer Non-Cyclicals,2023-02-20,-0.0033470048888606754,-0.03082880120176934
Consumer Non-Cyclicals,2023-02-21,-0.01339183429991538,-0.04380778130432561
Consumer Non-Cyclicals,2023-02-22,-0.0014301242549749121,-0.045175254988700564
Consumer Non-Cyclicals,2023-02-23,-0.00928023531105357,-0.05403625330322215
Consumer Non-Cyclicals,2023-02-24,0.005811899774320764,-0.0485384068172795
Consumer Non-Cyclicals,2023-02-27,0.02037960923254274,-0.029147991348443036
Consumer Non-Cyclicals,2023-02-28,0.015988734733324152,-0.013625296116798413
Consumer Non-Cyclicals,2023-03-01,-0.011613720785097599,-0.025080776517181214
Consumer Non-Cyclicals,2023-03-02,-0.001573473171043008,-0.02661478575926557
Consumer Non-Cyclicals,2023-03-03,-0.0030838567920682567,-0.02961656636350074
Consumer Non-Cyclicals,2023-03-06,0.003908761759413462,-0.025823568706133893
Consumer Non-Cyclicals,2023-03-07,-0.009074597712340413,-0.034663827920969226
Consumer Non-Cyclicals,2023-03-08,-0.0016477422405361212,-0.03625445310802122
Consumer Non-Cyclicals,2023-03-09,-0.0015858282366187618,-0.0377827880091981
Consumer Non-Cyclicals,2023-03-10,-0.0018404498525575964,-0.03955370053513496
Consumer Non-Cyclicals,2023-03-13,-0.009517664933905445,-0.04869490660045106
Consumer Non-Cyclicals,2023-03-14,0.02381739737830869,-0.02603729516294495
Consumer Non-Cyclicals,2023-03-15,-0.007433925298139378,-0.033277661153877314
Consumer Non-Cyclicals,2023-03-16,0.017344474738713592,-0.0165103699684106
Consumer Non-Cyclicals,2023-03-17,-0.019195314587365637,-0.03538876281027881
Consumer Non-Cyclicals,2023-03-20,0.0017056074425483843,-0.033743514704962285
Consumer Non-Cyclicals,2023-03-21,0.016265856990104292,-0.018026524899392493
Consumer Non-Cyclicals,2023-03-22,0.02527019661796121,0.0067881378900225275
Consumer Non-Cyclicals,2023-03-23,0.01148826975914821,0.018354391608413678
Consumer Non-Cyclicals,2023-03-24,-0.020932058582606616,-0.002961862174588381
Consumer Non-Cyclicals,2023-03-27,0.0016872026191023987,-0.001279656817104402
Consumer Non-Cyclicals,2023-03-28,-0.0028376087649570007,-0.004113634416661016
Consumer Non-Cyclicals,2023-03-29,5.402280859803275e-4,-0.0035756286315280494
Consumer Non-Cyclicals,2023-03-30,0.01900196620090041,0.015358393594969044
Consumer Non-Cyclicals,2023-03-31,0.023556709316751148,0.03927689612520924
Consumer Non-Cyclicals,2023-04-03,-0.016108071297088515,0.02253614978500762
Consumer Non-Cyclicals,2023-04-04,0.0038211555750771497,0.026443419494476483
Consumer Non-Cyclicals,2023-04-05,-0.006364972026493301,0.019910135842615917
Consumer Non-Cyclicals,2023-04-06,0,0.019910135842615917
Consumer Non-Cyclicals,2023-04-07,0,0.019910135842615917
Consumer Non-Cyclicals,2023-04-10,0,0.019910135842615917
Consumer Non-Cyclicals,2023-04-11,0.010854645939413305,0.030980899257206485
Consumer Non-Cyclicals,2023-04-12,-0.002069004942190018,0.02884779468133991
Consumer Non-Cyclicals,2023-04-13,0.017535132332995557,0.04688877691158777
Consumer Non-Cyclicals,2023-04-14,0.013077973803424226,0.060579960911136155
Consumer Non-Cyclicals,2023-04-17,0.01199724314642972,0.07330399657841791
Consumer Non-Cyclicals,2023-04-18,0.0031069412219231025,0.07663868900904225
Consumer Non-Cyclicals,2023-04-19,0.005435844071713635,0.08249112904406974
Consumer Non-Cyclicals,2023-04-20,-0.005281559407393153,0.07677388783804728
Consumer Non-Cyclicals,2023-04-21,0.008746699484719747,0.08619210544796019
Consumer Non-Cyclicals,2023-04-24,0.0028215706349231473,0.08925687319657749
Consumer Non-Cyclicals,2023-04-25,-0.005313563656976844,0.08346903746204792
Consumer Non-Cyclicals,2023-04-26,0.020451861439305444,0.10562799608999929
Consumer Non-Cyclicals,2023-04-27,-5.383807058421021e-4,0.10503274730906553
Consumer Non-Cyclicals,2023-04-28,0.007782823845615257,0.11363302252500818
Consumer Non-Cyclicals,2023-05-01,0,0.11363302252500818
Consumer Non-Cyclicals,2023-05-02,-0.006407124373318899,0.10649783724345552
Consumer Non-Cyclicals,2023-05-03,-0.005835742182340884,0.10004060113998481
Consumer Non-Cyclicals,2023-05-04,-0.011814159404142145,0.08704454612708878
Consumer Non-Cyclicals,2023-05-05,-0.022500669749530865,0.0625853157916545
Consumer Non-Cyclicals,2023-05-08,0.006416977041296682,0.06940390136750851
Consumer Non-Cyclicals,2023-05-09,0.012409793499217866,0.08267498295073716
Consumer Non-Cyclicals,2023-05-10,-0.0012493739597430476,0.08132231702017334
Consumer Non-Cyclicals,2023-05-11,0.018031894649705452,0.10082060712305663
Consumer Non-Cyclicals,2023-05-12,-0.0016374503471260494,0.09901806803779944
Consumer Non-Cyclicals,2023-05-15,0.006172755695125017,0.10580203807632516
Consumer Non-Cyclicals,2023-05-16,-0.01937782580386135,0.08437399880892715
Consumer Non-Cyclicals,2023-05-17,0,0.08437399880892715
Consumer Non-Cyclicals,2023-05-18,0,0.08437399880892715
Consumer Non-Cyclicals,2023-05-19,0.013332376389938692,0.09883128110851058
Consumer Non-Cyclicals,2023-05-22,-0.006209848337751276,0.0920077055040498
Consumer Non-Cyclicals,2023-05-23,-0.003541244616528536,0.088140639095726
Consumer Non-Cyclicals,2023-05-24,-0.006886597199904591,0.08064705281742701
Consumer Non-Cyclicals,2023-05-25,0.040690453147509006,0.12461907108908821
Consumer Non-Cyclicals,2023-05-26,-0.022570729858435536,0.09923559784189173
Consumer Non-Cyclicals,2023-05-29,0,0.09923559784189173
Consumer Non-Cyclicals,2023-05-30,-0.0014281635574841,0.09766570961996468
Consumer Non-Cyclicals,2023-05-31,-0.0021593074634860933,0.09529551186076946
Consumer Non-Cyclicals,2023-06-01,0.0021859250166979347,0.097689745720823
Consumer Non-Cyclicals,2023-06-02,-0.006561311302549337,0.09048746158553245
Consumer Non-Cyclicals,2023-06-05,0.005483911345383232,0.09646759814811956
Consumer Non-Cyclicals,2023-06-06,-0.02378224933078822,0.07039113234583039
Consumer Non-Cyclicals,2023-06-07,-0.0029670929478497507,0.0672151823656062
Consumer Non-Cyclicals,2023-06-08,-0.010148098138185216,0.056384977960398874
Consumer Non-Cyclicals,2023-06-09,-0.005028682764862396,0.05107275302866987
Consumer Non-Cyclicals,2023-06-12,-0.0071371948092586075,0.04357104203160045
Consumer Non-Cyclicals,2023-06-13,0.010517386115384286,0.05454668161948062
Consumer Non-Cyclicals,2023-06-14,0.006099674036112232,0.06097907263322355
Consumer Non-Cyclicals,2023-06-15,-0.02005876913990719,0.039697138353000705
Consumer Non-Cyclicals,2023-06-16,0.018043317217027538,0.05845672362993981
Consumer Non-Cyclicals,2023-06-19,-0.021488717117154162,0.03571184651510606
Consumer Non-Cyclicals,2023-06-20,-0.007987663683936098,0.027438928611674962
Consumer Non-Cyclicals,2023-06-21,-0.011246950918435642,0.015883373409889323
Consumer Non-Cyclicals,2023-06-22,6.264510502151594e-4,0.016519774616058136
Consumer Non-Cyclicals,2023-06-23,-0.012894396710811393,0.003412365377774229
Consumer Non-Cyclicals,2023-06-26,-0.006422659450931483,-0.003032210533900903
Consumer Non-Cyclicals,2023-06-27,-0.008439385436910812,-0.011446005977390206
Consumer Non-Cyclicals,2023-06-28,0.005535155496072783,-0.005974205904211272
Consumer Non-Cyclicals,2023-06-29,0.002959986871927975,-0.0030319026033300833
Consumer Non-Cyclicals,2023-06-30,-8.600275233445095e-4,-0.0038893226069875997
Consumer Non-Cyclicals,2023-07-03,0.009147503129800722,0.005222602932092979
Consumer Non-Cyclicals,2023-07-04,0.005156738298725205,0.01040627282737705
Consumer Non-Cyclicals,2023-07-05,-0.008010532191678294,0.002312380852219853
Consumer Non-Cyclicals,2023-07-06,-0.010991594169944378,-0.008704630069618524
Consumer Non-Cyclicals,2023-07-07,-0.011143643244174491,-0.019751272021724664
Consumer Non-Cyclicals,2023-07-10,0.008767466394456594,-0.011156974240966289
Consumer Non-Cyclicals,2023-07-11,0.00693320669899348,-0.004301121150520726
Consumer Non-Cyclicals,2023-07-12,0.00903487777628809,0.004694896521871383
Consumer Non-Cyclicals,2023-07-13,8.60652556155819e-4,0.00555958975271964
Consumer Non-Cyclicals,2023-07-14,0.004389632424964373,0.009973626733132068
Consumer Non-Cyclicals,2023-07-17,-0.03945384165024854,-0.02987371280692419
Consumer Non-Cyclicals,2023-07-18,0.00637814537873733,-0.023686106311472166
Consumer Non-Cyclicals,2023-07-19,0.024620605901262242,3.5133330095993287e-4
Consumer Non-Cyclicals,2023-07-20,0.010894911536041576,0.011250072582235093
Consumer Non-Cyclicals,2023-07-21,0.010004938734800382,0.02136756760398284
Consumer Non-Cyclicals,2023-07-24,-0.00784416553825483,0.013355791328292455
Consumer Non-Cyclicals,2023-07-25,-0.00304270186378363,0.010272451773341906
Consumer Non-Cyclicals,2023-07-26,-0.006846651994252534,0.0033554678766696266
Consumer Non-Cyclicals,2023-07-27,0.019114534419287035,0.022534140502178168
Consumer Non-Cyclicals,2023-07-28,-0.01207991369946283,0.010182016330157362
Consumer Non-Cyclicals,2023-07-31,0.007198225639248811,0.017453534420413197
Consumer Non-Cyclicals,2023-08-01,0.008225287789060962,0.025822382553018386
Consumer Non-Cyclicals,2023-08-02,-0.010880982480879311,0.014660427179965074
Consumer Non-Cyclicals,2023-08-03,-0.003236804447618459,0.011376169796446733
Consumer Non-Cyclicals,2023-08-04,-0.0029383882192057934,0.008404353973931356
Consumer Non-Cyclicals,2023-08-07,-0.00215163367100823,0.006234637211929739
Consumer Non-Cyclicals,2023-08-08,-8.987077153071586e-4,0.005330326380057926
Consumer Non-Cyclicals,2023-08-09,0.006089323852175156,0.011452108315799014
Consumer Non-Cyclicals,2023-08-10,0.003265551390413329,0.014755057154446138
Consumer Non-Cyclicals,2023-08-11,0.005597559547154073,0.02043520901264384
Consumer Non-Cyclicals,2023-08-14,-1.7635157039865652e-4,0.020255253661044526
Consumer Non-Cyclicals,2023-08-15,0.0011550711313654057,0.02143372105117236
Consumer Non-Cyclicals,2023-08-16,0.017313073180299218,0.03911787781255671
Consumer Non-Cyclicals,2023-08-17,0.0013083875120301408,0.04047744666741382
Consumer Non-Cyclicals,2023-08-18,-0.018798737381487296,0.020917784396152772
Consumer Non-Cyclicals,2023-08-21,8.18390250520655e-4,0.021753293557485565
Consumer Non-Cyclicals,2023-08-22,-0.024908007050207397,-0.0036965446820168557
Consumer Non-Cyclicals,2023-08-23,0.0226446403313041,0.018864388724494363
Consumer Non-Cyclicals,2023-08-24,0.012478545692697605,0.03157833455385539
Consumer Non-Cyclicals,2023-08-25,-0.0019098610779031168,0.029608163243882935
Consumer Non-Cyclicals,2023-08-28,0.01148529631330214,0.041433518085333576
Consumer Non-Cyclicals,2023-08-29,-0.004126864307019447,0.03713566327141349
Consumer Non-Cyclicals,2023-08-30,0.0026321949075888067,0.03986560648275517
Consumer Non-Cyclicals,2023-08-31,0.009565960196956538,0.04981291948455313
Consumer Non-Cyclicals,2023-09-01,-0.0024293578870974077,0.04726254818862663
Consumer Non-Cyclicals,2023-09-04,-6.031941804498761e-4,0.046630845514156194
Consumer Non-Cyclicals,2023-09-05,7.307654970088124e-4,0.047395687224162986
Consumer Non-Cyclicals,2023-09-06,-0.0063106111398978215,0.04078598033248526
Consumer Non-Cyclicals,2023-09-07,-0.0016445887608851717,0.039074315406743665
Consumer Non-Cyclicals,2023-09-08,0.010130239543758144,0.04960038712558035
Consumer Non-Cyclicals,2023-09-11,0.009097259615454937,0.05914887433974392
Consumer Non-Cyclicals,2023-09-12,-6.640681411557157e-4,0.05844552731555397
Consumer Non-Cyclicals,2023-09-13,0.0028123225333406858,0.06142221752233734
Consumer Non-Cyclicals,2023-09-14,0.020262405555714572,0.08292918495962076
Consumer Non-Cyclicals,2023-09-15,-0.0015731681034732662,0.08122555530752185
Consumer Non-Cyclicals,2023-09-18,0.00456662961639525,0.08616311195039272
Consumer Non-Cyclicals,2023-09-19,0.001251944940702385,0.08752292836317666
Consumer Non-Cyclicals,2023-09-20,0.006868771008395762,0.09499287432448322
Consumer Non-Cyclicals,2023-09-21,-0.009291944919988249,0.08481826084848065
Consumer Non-Cyclicals,2023-09-22,-0.00929623687077445,0.07473353333389143
Consumer Non-Cyclicals,2023-09-25,-0.020893818851780516,0.05227824557447924
Consumer Non-Cyclicals,2023-09-26,-0.009925591263529387,0.041833761813403036
Consumer Non-Cyclicals,2023-09-27,0.012943367452034596,0.05531859901648928
Consumer Non-Cyclicals,2023-09-28,-0.014068565816481325,0.04047177984886896
Consumer Non-Cyclicals,2023-09-29,0.011195618704223484,0.05212050516856159
Consumer Non-Cyclicals,2023-10-02,9.132406918321734e-4,0.053081344426592736
Consumer Non-Cyclicals,2023-10-03,-0.015258443416245451,0.03701296231995577
Consumer Non-Cyclicals,2023-10-04,-0.009145368435757495,0.027529096706883305
Consumer Non-Cyclicals,2023-10-05,0.007305534039390346,0.03503574549933952
Consumer Non-Cyclicals,2023-10-06,-0.011194539563926149,0.023448996896269447
Consumer Non-Cyclicals,2023-10-09,0.005142308962835827,0.028711887846014417
Consumer Non-Cyclicals,2023-10-10,0.01044733293601638,0.03945918343357957
Consumer Non-Cyclicals,2023-10-11,0.00573712188143329,0.04542268745971323
Consumer Non-Cyclicals,2023-10-12,0.003732999429831563,0.04932524975593333
Consumer Non-Cyclicals,2023-10-13,-0.007663507469491273,0.04128373786650297
Consumer Non-Cyclicals,2023-10-16,-0.0022890860844289296,0.03890014975221057
Consumer Non-Cyclicals,2023-10-17,0.003169967503049633,0.042193429465838594
Consumer Non-Cyclicals,2023-10-18,-0.012223370131803857,0.029454313428543655
Consumer Non-Cyclicals,2023-10-19,-0.00896356829586018,0.020226729382659014
Consumer Non-Cyclicals,2023-10-20,-0.02430914849894286,-0.004574113684494785
Consumer Non-Cyclicals,2023-10-23,-0.011514675419051885,-0.01603611966913998
Consumer Non-Cyclicals,2023-10-24,0.0120509316003673,-0.004178438250040717
Consumer Non-Cyclicals,2023-10-25,0.0031342887587824738,-0.0010572459232945919
Consumer Non-Cyclicals,2023-10-26,-0.013939929681462375,-0.014982437670930326
Consumer Non-Cyclicals,2023-10-27,0.0048341863952654374,-0.010220679172021518
Consumer Non-Cyclicals,2023-10-30,0.0051156292739546055,-0.005157335103638916
Consumer Non-Cyclicals,2023-10-31,0.019330328154602318,0.014073300071006711
Consumer Non-Cyclicals,2023-11-01,0.00114393220851558,0.01523333118075354
Consumer Non-Cyclicals,2023-11-02,0.008410935204566919,0.023772392946831644
Consumer Non-Cyclicals,2023-11-03,-5.00598104126994e-4,0.023259894427864802
Consumer Non-Cyclicals,2023-11-06,-0.0021698903623528125,0.02103953264476366
Consumer Non-Cyclicals,2023-11-07,-0.018756560072857892,0.001888343313949381
Consumer Non-Cyclicals,2023-11-08,0.03981799675622322,0.041781530118122134
Consumer Non-Cyclicals,2023-11-09,0.017981351111759285,0.060514169592921885
Consumer Non-Cyclicals,2023-11-10,-0.012209295341613208,0.04756603888239619
Consumer Non-Cyclicals,2023-11-13,-0.0020454966046923174,0.045423246106671256
Consumer Non-Cyclicals,2023-11-14,0.00814443303802767,0.053937625730984484
Consumer Non-Cyclicals,2023-11-15,-0.012588660599677844,0.04066996266742673
Consumer Non-Cyclicals,2023-11-16,-0.01336894780365915,0.02675730025569001
Consumer Non-Cyclicals,2023-11-17,0.009557469970886391,0.03657050232027226
Consumer Non-Cyclicals,2023-11-20,0.00405608762719137,0.04077492310944497
Consumer Non-Cyclicals,2023-11-21,-0.004661922914072375,0.03592291064700914
Consumer Non-Cyclicals,2023-11-22,0.010675304574947395,0.04698170323433204
Consumer Non-Cyclicals,2023-11-23,0.007958538246978616,0.05531414716340932
Consumer Non-Cyclicals,2023-11-24,0.009306461575746912,0.0651353877243277
Consumer Non-Cyclicals,2023-11-27,0.003172408569843921,0.06851443235638843
Consumer Non-Cyclicals,2023-11-28,-0.007379362580374742,0.060629476937667404
Consumer Non-Cyclicals,2023-11-29,0.002818732682605376,0.06361910790844627
Consumer Non-Cyclicals,2023-11-30,0.0016718553599879913,0.06539732521498864
Consumer Non-Cyclicals,2023-12-01,0.0010289546058723084,0.06649357069985262
Consumer Non-Cyclicals,2023-12-04,-0.0037556371560124157,0.06248820781908382
Consumer Non-Cyclicals,2023-12-05,0.0075022292915914715,0.07045923797375475
Consumer Non-Cyclicals,2023-12-06,-0.010351759104352092,0.05937810181122205
Consumer Non-Cyclicals,2023-12-07,-0.009585799628702442,0.04922311559622461
Consumer Non-Cyclicals,2023-12-08,-2.739532846600113e-4,0.04893567747736571
Consumer Non-Cyclicals,2023-12-11,0.002779463052854586,0.05185115543773522
Consumer Non-Cyclicals,2023-12-12,0.001617398831749211,0.053552418267714064
Consumer Non-Cyclicals,2023-12-13,-0.004795537952355639,0.04850006766111514
Consumer Non-Cyclicals,2023-12-14,0.008494973813489301,0.05740704827933829
Consumer Non-Cyclicals,2023-12-15,-0.023175414234343876,0.03290120192114965
Consumer Non-Cyclicals,2023-12-18,0.0021020639665608647,0.035072426318725425
Consumer Non-Cyclicals,2023-12-19,0.0040214996129001365,0.039234969680489895
Consumer Non-Cyclicals,2023-12-20,-0.019568844680923465,0.01889834197182827
Consumer Non-Cyclicals,2023-12-21,-7.872866918623566e-4,0.01809617686683329
Consumer Non-Cyclicals,2023-12-22,-0.007845881858633158,0.010108314542409902
Consumer Non-Cyclicals,2023-12-25,0,0.010108314542409902
Consumer Non-Cyclicals,2023-12-26,0,0.010108314542409902
Consumer Non-Cyclicals,2023-12-27,0.0215341346862323,0.031860123035449384
Consumer Non-Cyclicals,2023-12-28,0.005097412372631087,0.03711993959343496
Consumer Non-Cyclicals,2023-12-29,0.008533371185944981,0.04597006900233058
Consumer Non-Cyclicals,2024-01-01,0,0.04597006900233058
Consumer Non-Cyclicals,2024-01-02,-7.61663117629852e-4,0.045173392178626814
Consumer Non-Cyclicals,2024-01-03,0.01581085272850411,0.061698474758113964
Consumer Non-Cyclicals,2024-01-04,0.01340065779297825,0.07592593269767445
Consumer Non-Cyclicals,2024-01-05,0.002637741494025366,0.07876394717484891
Consumer Non-Cyclicals,2024-01-08,0.007182325570245963,0.08651198105690217
Consumer Non-Cyclicals,2024-01-09,0.005813568682840892,0.09282849308350616
Consumer Non-Cyclicals,2024-01-10,-0.0036160298966358877,0.08887679258062064
Consumer Non-Cyclicals,2024-01-11,-0.012550186099772629,0.07521118619401013
Consumer Non-Cyclicals,2024-01-12,0.007932600024857586,0.08374040647634007
Consumer Non-Cyclicals,2024-01-15,-0.0038793274737506955,0.07953622254308246
Consumer Non-Cyclicals,2024-01-16,0.0025969944172941806,0.08233977208629373
Consumer Non-Cyclicals,2024-01-17,-0.0014728267492085617,0.08074567311823277
Consumer Non-Cyclicals,2024-01-18,0.01693482910146579,0.0990479163946385
Consumer Non-Cyclicals,2024-01-19,0.01577509733636513,0.11638550425309324
Consumer Non-Cyclicals,2024-01-22,-0.006085788603244954,0.10959141807448192
Consumer Non-Cyclicals,2024-01-23,-0.004084992450810727,0.10505874550816308
Consumer Non-Cyclicals,2024-01-24,0.003605524177870435,0.1090430615330602
Consumer Non-Cyclicals,2024-01-25,-0.023807187357887505,0.08263986557917735
Consumer Non-Cyclicals,2024-01-26,0.003008895987113845,0.08589741632620784
Consumer Non-Cyclicals,2024-01-29,0.01023971921625033,0.09701670096703974
Consumer Non-Cyclicals,2024-01-30,-0.0022686007709678594,0.0945280080334614
Consumer Non-Cyclicals,2024-01-31,-4.378811469679316e-4,0.09404873485391496
Consumer Non-Cyclicals,2024-02-01,-0.006478136091927553,0.0869613382583303
Consumer Non-Cyclicals,2024-02-02,0.007424746028403252,0.09503175013759146
Consumer Non-Cyclicals,2024-02-05,0.009314976882704449,0.10523194557595072
Consumer Non-Cyclicals,2024-02-06,0.0053504957584215255,0.11114548441282679
Consumer Non-Cyclicals,2024-02-07,-0.0035123174751697716,0.10724278871046766
Consumer Non-Cyclicals,2024-02-08,-0.03189306290418804,0.07192942479991626
Consumer Non-Cyclicals,2024-02-09,-0.0025467781759041007,0.0691994583347264
Consumer Non-Cyclicals,2024-02-12,-0.0011214641108287181,0.0680003895148864
Consumer Non-Cyclicals,2024-02-13,6.912104984133593e-4,0.06873860259642872
Consumer Non-Cyclicals,2024-02-14,0.012020533372922792,0.08158541063586999
Consumer Non-Cyclicals,2024-02-15,0.014167378138665226,0.09690864013761202
Consumer Non-Cyclicals,2024-02-16,0.006197945313092698,0.10370721990264387
Consumer Non-Cyclicals,2024-02-19,-0.001956917227445329,0.10154735622996047
Consumer Non-Cyclicals,2024-02-20,0.00927975206068574,0.11176944257887844
Consumer Non-Cyclicals,2024-02-21,0.005877301834587713,0.11830364716338582
Consumer Non-Cyclicals,2024-02-22,0.0012503790359256902,0.1197019505995982
Consumer Non-Cyclicals,2024-02-23,0.001156908970363776,0.12099734383038085
Consumer Non-Cyclicals,2024-02-26,5.479696677908231e-4,0.12161161637247386
Consumer Non-Cyclicals,2024-02-27,-0.004735934369744131,0.11629973736899113
Consumer Non-Cyclicals,2024-02-28,0.021391704400404506,0.14017929137303797
Consumer Non-Cyclicals,2024-02-29,0.008953310171581956,0.15038767021991517
Consumer Non-Cyclicals,2024-03-01,0.007487791174364177,0.15900153286408547
Consumer Non-Cyclicals,2024-03-04,-0.001667058807492085,0.15706940915082757
Consumer Non-Cyclicals,2024-03-05,0.007733442546861235,0.166017538949226
Consumer Non-Cyclicals,2024-03-06,-0.00568505413270598,0.15938866612061497
Consumer Non-Cyclicals,2024-03-07,2.997705091711884e-4,0.15973621665138515
Consumer Non-Cyclicals,2024-03-08,0.0038389149127077654,0.1641883453082955
Consumer Non-Cyclicals,2024-03-11,-0.009892175153703945,0.1526719902846052
Consumer Non-Cyclicals,2024-03-12,-0.005217641956753185,0.146657760545722
Consumer Non-Cyclicals,2024-03-13,0.006141120307072815,0.153699523804272
Consumer Non-Cyclicals,2024-03-14,-0.006059270897351667,0.1467089458553963
Consumer Non-Cyclicals,2024-03-15,-0.0019664718414898414,0.14445397500298718
Consumer Non-Cyclicals,2024-03-18,9.068304866893554e-4,0.1454918007581325
Consumer Non-Cyclicals,2024-03-19,0.0058213528772667585,0.1521601127483616
Consumer Non-Cyclicals,2024-03-20,0.011521683254294765,0.16543493662568065
Consumer Non-Cyclicals,2024-03-21,-0.006036106734171246,0.15840024695647603
Consumer Non-Cyclicals,2024-03-22,0.009590441498192335,0.16950981675640375
Consumer Non-Cyclicals,2024-03-25,-0.008851500223473543,0.15915790035203004
Consumer Non-Cyclicals,2024-03-26,-0.0014169786228210779,0.157515398386757
Consumer Non-Cyclicals,2024-03-27,0.007813861840442804,0.1665600637879363
Consumer Non-Cyclicals,2024-03-28,0,0.1665600637879363
Consumer Non-Cyclicals,2024-03-29,0,0.1665600637879363
Consumer Non-Cyclicals,2024-04-01,0,0.1665600637879363
Consumer Non-Cyclicals,2024-04-02,-0.010509083537519268,0.15430058662605517
Consumer Non-Cyclicals,2024-04-03,-0.018720169306228496,0.13269188421413647
Consumer Non-Cyclicals,2024-04-04,0.006746241698729459,0.14033329743523426
Consumer Non-Cyclicals,2024-04-05,-0.002428584803045954,0.1375639013186758
Consumer Non-Cyclicals,2024-04-08,0.007946320596446019,0.1466033487774978
Consumer Non-Cyclicals,2024-04-09,0.002214387397499032,0.14914237278296105
Consumer Non-Cyclicals,2024-04-10,0.004772821216168221,0.15462702388017746
Consumer Non-Cyclicals,2024-04-11,-0.006969996340998158,0.1465792777485151
Consumer Non-Cyclicals,2024-04-12,-0.006397090888166299,0.13924450589826964
Consumer Non-Cyclicals,2024-04-15,-0.0030941756872918283,0.1357194832462385
Consumer Non-Cyclicals,2024-04-16,-0.015889079795450383,0.11767394575169132
Consumer Non-Cyclicals,2024-04-17,0.005727394545731359,0.12407530541249567
Consumer Non-Cyclicals,2024-04-18,-0.005855651808418113,0.11749311181755884
Consumer Non-Cyclicals,2024-04-19,-0.00250600571775056,0.11469266768979725
Consumer Non-Cyclicals,2024-04-22,0.01314375292582699,0.12934391270214274
Consumer Non-Cyclicals,2024-04-23,-9.27072752111604e-4,0.12829692873291343
Consumer Non-Cyclicals,2024-04-24,0.006404496885494734,0.1355231028988968
Consumer Non-Cyclicals,2024-04-25,0.008199604321638932,0.14483394304074748
Consumer Non-Cyclicals,2024-04-26,0.006874299072582332,0.15270387395365326
Consumer Non-Cyclicals,2024-04-29,0.0074355886306377225,0.16127490577331516
Consumer Non-Cyclicals,2024-04-30,0.01052580791939571,0.1734982623730994
Consumer Non-Cyclicals,2024-05-01,0,0.1734982623730994
Consumer Non-Cyclicals,2024-05-02,-0.017314844286477872,0.15317932268965673
Consumer Non-Cyclicals,2024-05-03,0.015114426557173632,0.17060896686970084
Consumer Non-Cyclicals,2024-05-06,-0.00843196076983891,0.16073843798423382
Consumer Non-Cyclicals,2024-05-07,0.007505917872302143,0.16945084537096777
Consumer Non-Cyclicals,2024-05-08,0.010974414522183165,0.18228488371138618
Consumer Non-Cyclicals,2024-05-09,0,0.18228488371138618
Consumer Non-Cyclicals,2024-05-10,0.006837335335171425,0.1903685619230251
Consumer Non-Cyclicals,2024-05-13,0.0019450582290901773,0.1926838980900436
Consumer Non-Cyclicals,2024-05-14,-0.005929922151913687,0.1856113754225286
Consumer Non-Cyclicals,2024-05-15,4.121600900631749e-4,0.18610003711380285
Consumer Non-Cyclicals,2024-05-16,0.0070239584792741675,0.19443115452675563
Consumer Non-Cyclicals,2024-05-17,0,0.19443115452675563
Consumer Non-Cyclicals,2024-05-20,0,0.19443115452675563
Consumer Non-Cyclicals,2024-05-21,-0.007265620227334269,0.18575287137026786
Consumer Non-Cyclicals,2024-05-22,-0.001991883627379724,0.18339098963966705
Consumer Non-Cyclicals,2024-05-23,-0.004769407578386156,0.17774691568548562
Consumer Non-Cyclicals,2024-05-24,-0.004387239378117017,0.17257985803953457
Consumer Non-Cyclicals,2024-05-27,0.0023417654188165144,0.17532576500189223
Consumer Non-Cyclicals,2024-05-28,-0.008751180443373537,0.1650402771526145
Consumer Non-Cyclicals,2024-05-29,-0.008472503635214092,0.15516946916926821
Consumer Non-Cyclicals,2024-05-30,-0.0013827002953702562,0.15357221600304527
Consumer Non-Cyclicals,2024-05-31,1.984785939134283e-4,0.15380117539445526
Consumer Non-Cyclicals,2024-06-03,0.0073338123884371465,0.16226293674835635
Consumer Non-Cyclicals,2024-06-04,-0.012887539932932016,0.1472842267384451
Consumer Non-Cyclicals,2024-06-05,-0.0014705271922679426,0.14559711408576614
Consumer Non-Cyclicals,2024-06-06,0.010363575259365806,0.15746959599450627
Consumer Non-Cyclicals,2024-06-07,0.005850957447647518,0.16424190134761596
Consumer Non-Cyclicals,2024-06-10,-0.013874961697241478,0.14808808956009423
Consumer Non-Cyclicals,2024-06-11,0.0015208056833851977,0.1498341084517243
Consumer Non-Cyclicals,2024-06-12,4.2400044757212406e-4,0.15032163862834147
Consumer Non-Cyclicals,2024-06-13,0.01688555242672541,0.16974545496499704
Consumer Non-Cyclicals,2024-06-14,0.013305598239638975,0.1853096180314051
Consumer Non-Cyclicals,2024-06-17,-0.0039667069988685195,0.18060784207373382
Consumer Non-Cyclicals,2024-06-18,-7.193395192510801e-4,0.17975858419619262
Consumer Non-Cyclicals,2024-06-19,-0.0015358279442412106,0.17794667799512554
Consumer Non-Cyclicals,2024-06-20,-0.012604481292513962,0.16309927112875688
Consumer Non-Cyclicals,2024-06-21,-0.002581200451235718,0.16009707876528756
Consumer Non-Cyclicals,2024-06-24,0.0032696027550252653,0.1638901353701152
Consumer Non-Cyclicals,2024-06-25,-0.0075149907025293195,0.15514351182404318
Consumer Non-Cyclicals,2024-06-26,-0.017194142402301462,0.13528180978664595
Consumer Non-Cyclicals,2024-06-27,-0.011907849494512459,0.12176304486184875
Consumer Non-Cyclicals,2024-06-28,-0.003429254025028885,0.11791623442512766
Consumer Non-Cyclicals,2024-07-01,-0.006542792214571463,0.11060194078998786
Consumer Non-Cyclicals,2024-07-02,2.1412851967692848e-4,0.11083975233951948
Consumer Non-Cyclicals,2024-07-03,-0.006224175463717521,0.1039256908088857
Consumer Non-Cyclicals,2024-07-04,-4.4409466861384405e-4,0.10343544329505172
Consumer Non-Cyclicals,2024-07-05,0.0040733949479625315,0.1079301716551726
Consumer Non-Cyclicals,2024-07-08,0.008992028776206671,0.11789271164072335
Consumer Non-Cyclicals,2024-07-09,-0.005532959915795574,0.11170745607705523
Consumer Non-Cyclicals,2024-07-10,-0.0052621808086065446,0.10585745043690187
Consumer Non-Cyclicals,2024-07-11,-0.00957334064577889,0.09527070035819674
Consumer Non-Cyclicals,2024-07-12,0.006305414774648927,0.10217683641447528
Consumer Non-Cyclicals,2024-07-15,0.0075814482103865,0.11053293301843925
Consumer Non-Cyclicals,2024-07-16,-7.244096344442369e-4,0.10972845226239314
Consumer Non-Cyclicals,2024-07-17,0.007900402346876901,0.11849575353104314
Consumer Non-Cyclicals,2024-07-18,0.012471840455211101,0.13244545411891329
Consumer Non-Cyclicals,2024-07-19,0.0059856977894431245,0.1392239303702978
Consumer Non-Cyclicals,2024-07-22,-9.042364128798411e-4,0.1381938026100329
Consumer Non-Cyclicals,2024-07-23,-5.608031499208323e-4,0.1375554999403088
Consumer Non-Cyclicals,2024-07-24,8.949756755708433e-4,0.13857358444236723
Consumer Non-Cyclicals,2024-07-25,0.0017169465547551643,0.14052845443551076
Consumer Non-Cyclicals,2024-07-26,0.002805131365736186,0.1437277865765625
Consumer Non-Cyclicals,2024-07-29,0.01518358630651387,0.16109367613520598
Consumer Non-Cyclicals,2024-07-30,0.0079784794774288,0.17035743820162286
Consumer Non-Cyclicals,2024-07-31,0.00880967521151498,0.18066790711355996
Consumer Non-Cyclicals,2024-08-01,-0.006494760487992118,0.17299975184099847
Consumer Non-Cyclicals,2024-08-02,-0.014587750528922834,0.15588832409065345
Consumer Non-Cyclicals,2024-08-05,-0.030904199885009632,0.12016652027820718
Consumer Non-Cyclicals,2024-08-06,0.021746972545242726,0.1445267508407977
Consumer Non-Cyclicals,2024-08-07,0.022817600888622697,0.1706421054478351
Consumer Non-Cyclicals,2024-08-08,0.0027909934207711764,0.1739093598622179
Consumer Non-Cyclicals,2024-08-09,0.00358281180028138,0.178115256169193
Consumer Non-Cyclicals,2024-08-12,0.0011722616080460594,0.17949631545385336
Consumer Non-Cyclicals,2024-08-13,0.01795336630711162,0.2006722448630851
Consumer Non-Cyclicals,2024-08-14,0.0010539100738595427,0.20193764543734982
Consumer Non-Cyclicals,2024-08-15,8.081234386070115e-4,0.2029089594203719
Consumer Non-Cyclicals,2024-08-16,-0.0018863575434228629,0.20063984303071836
Consumer Non-Cyclicals,2024-08-19,0.006523509116565203,0.2084722279924407
Consumer Non-Cyclicals,2024-08-20,-0.027239282459749523,0.17555431162939183
Consumer Non-Cyclicals,2024-08-21,0.0014366120034548457,0.17724312706419165
Consumer Non-Cyclicals,2024-08-22,0.001032414526226153,0.17845852996947253
Consumer Non-Cyclicals,2024-08-23,-2.413156869686284e-4,0.17817414943974907
Consumer Non-Cyclicals,2024-08-26,0.0051453678682211335,0.18423628885144505
Consumer Non-Cyclicals,2024-08-27,-0.0010421995595246366,0.183002078312831
Consumer Non-Cyclicals,2024-08-28,-0.005581230284663222,0.176399471286532
Consumer Non-Cyclicals,2024-08-29,-0.016941270886863178,0.15646976917230426
Consumer Non-Cyclicals,2024-08-30,0.012088312808018992,0.17044953749507652
Consumer Non-Cyclicals,2024-09-02,-0.0033937415654327553,0.1664773342494379
Consumer Non-Cyclicals,2024-09-03,-0.015381969292054822,0.14853461571413518
Consumer Non-Cyclicals,2024-09-04,0.01231292029470758,0.16267643089313588
Consumer Non-Cyclicals,2024-09-05,0.008216667599540296,0.17222975665160467
Consumer Non-Cyclicals,2024-09-06,-0.002531021583420946,0.1692628178367912
Consumer Non-Cyclicals,2024-09-09,0.026682131980830075,0.2004612426625898
Consumer Non-Cyclicals,2024-09-10,-0.008815538677312898,0.18987853014728273
Consumer Non-Cyclicals,2024-09-11,0.0023868139784999874,0.192718548855755
Consumer Non-Cyclicals,2024-09-12,-0.0020253831102486027,0.19030283685162241
Consumer Non-Cyclicals,2024-09-13,0.004555020115900217,0.19572469021749472
Consumer Non-Cyclicals,2024-09-16,-0.0010749160028570143,0.19443938661296856
Consumer Non-Cyclicals,2024-09-17,-0.003313172676396483,0.1904820026736307
Consumer Non-Cyclicals,2024-09-18,-0.006588066393029453,0.18263902820031008
Consumer Non-Cyclicals,2024-09-19,-0.0011804127066562288,0.18124302606403497
Consumer Non-Cyclicals,2024-09-20,0.004275852909609742,0.1862938474939868
Consumer Non-Cyclicals,2024-09-23,-0.004403641202947446,0.18106983502835927
Consumer Non-Cyclicals,2024-09-24,-0.006251623922748337,0.1736862305932596
Consumer Non-Cyclicals,2024-09-25,-0.00413340090283921,0.16883491486807545
Consumer Non-Cyclicals,2024-09-26,0.012295346671282823,0.1832061453478777
Consumer Non-Cyclicals,2024-09-27,0.008230336544141563,0.1929443301251872
Consumer Non-Cyclicals,2024-09-30,0.012307363888512769,0.20762633009477605
Consumer Non-Cyclicals,2024-10-01,0.006540028354157725,0.21552424053482322
Consumer Non-Cyclicals,2024-10-02,-0.01619114626631803,0.19584350976606868
Consumer Non-Cyclicals,2024-10-03,0.008765826275273525,0.20632606622509142
Consumer Non-Cyclicals,2024-10-04,0.010572742015395035,0.2190802405097354
Consumer Non-Cyclicals,2024-10-07,-0.005950260118487693,0.21182639597339414
Consumer Non-Cyclicals,2024-10-08,-0.010212938525554974,0.199450087487673
Consumer Non-Cyclicals,2024-10-09,0.028078974772844906,0.23312941623552597
Consumer Non-Cyclicals,2024-10-10,0.010763234558305353,0.24640187738321506
Consumer Non-Cyclicals,2024-10-11,0.003897477490598457,0.25125970064455583
Consumer Non-Cyclicals,2024-10-14,-0.0018950915883260769,0.24888844891105277
Consumer Non-Cyclicals,2024-10-15,0.013519521990967195,0.2657728237603707
Consumer Non-Cyclicals,2024-10-16,5.69515337423649e-4,0.26649370079719636
Consumer Non-Cyclicals,2024-10-17,0.009342047198435751,0.2783253447265652
Consumer Non-Cyclicals,2024-10-18,-0.012959769363425267,0.261758543087488
Consumer Non-Cyclicals,2024-10-21,-0.0011887790462376483,0.2602585909700543
Consumer Non-Cyclicals,2024-10-22,-0.01341750152637419,0.24334906940208723
Consumer Non-Cyclicals,2024-10-23,0.0019425696678994396,0.24576436159091886
Consumer Non-Cyclicals,2024-10-24,0.0024645595827772885,0.24883462208616014
Consumer Non-Cyclicals,2024-10-25,0.0054965424349239555,0.25569889458065886
Consumer Non-Cyclicals,2024-10-28,0.01079187292542625,0.26925023748357146
Consumer Non-Cyclicals,2024-10-29,-0.011740460759206634,0.25434865487678193
Consumer Non-Cyclicals,2024-10-30,9.256985131302611e-4,0.2555098035615484
Consumer Non-Cyclicals,2024-10-31,-0.018663136482300183,0.23207805274281323
Consumer Non-Cyclicals,2024-11-01,-0.002539868938757817,0.22894873596652654
Consumer Non-Cyclicals,2024-11-04,-0.0057332200934604345,0.22190290237965038
Consumer Non-Cyclicals,2024-11-05,0.006053559064672076,0.22929976377049988
Consumer Non-Cyclicals,2024-11-06,0.008090424904603813,0.23924532119453223
Consumer Non-Cyclicals,2024-11-07,-0.00538055589224166,0.2325774924796462
Consumer Non-Cyclicals,2024-11-08,0.005193180798577365,0.23897849024635032
Consumer Non-Cyclicals,2024-11-11,-0.0042514275257382215,0.23371106298911926
Consumer Non-Cyclicals,2024-11-12,-9.36146517851834e-4,0.23255612867346676
Consumer Non-Cyclicals,2024-11-13,-0.005078318063283794,0.22629681662121315
Consumer Non-Cyclicals,2024-11-14,-0.004952118331305604,0.2202240496760015
Consumer Non-Cyclicals,2024-11-15,0.012732159839983222,0.2357601373170679
Consumer Non-Cyclicals,2024-11-18,0.004154363547776064,0.24089393418533267
Consumer Non-Cyclicals,2024-11-19,-0.005642079130405895,0.23389271241621845
Consumer Non-Cyclicals,2024-11-20,0.006333732990823416,0.2417078593959856
Consumer Non-Cyclicals,2024-11-21,0.01166399191380277,0.25619112982728587
Consumer Non-Cyclicals,2024-11-22,0.016921492118542398,0.2774477581300412
Consumer Non-Cyclicals,2024-11-25,0.007858948301961146,0.2874871540196413
Consumer Non-Cyclicals,2024-11-26,-0.026265251099679268,0.2536709806317039
Consumer Non-Cyclicals,2024-11-27,0.01484809195878369,0.2722856026381819
Consumer Non-Cyclicals,2024-11-28,-0.004907825166893968,0.26604144733807744
Consumer Non-Cyclicals,2024-11-29,2.358160942630261e-4,0.26634000028736393
Consumer Non-Cyclicals,2024-12-02,0.0011781521233573797,0.2678319414475949
Consumer Non-Cyclicals,2024-12-03,0.004818038059809476,0.2739404039949316
Consumer Non-Cyclicals,2024-12-04,0.005149754343469075,0.2805008841237253
Consumer Non-Cyclicals,2024-12-05,0.0062879913949640195,0.2885526626643391
Consumer Non-Cyclicals,2024-12-06,-0.0029984992806217996,0.2846889384322968
Consumer Non-Cyclicals,2024-12-09,-0.004530487354029169,0.2788686714428681
Consumer Non-Cyclicals,2024-12-10,-0.007691322411073568,0.26903248016937953
Consumer Non-Cyclicals,2024-12-11,0.014677836213791652,0.28765913106328744
Consumer Non-Cyclicals,2024-12-12,0.015989026180072717,0.3082475466208683
Consumer Non-Cyclicals,2024-12-13,6.157199846259092e-5,0.3083280980367975
Consumer Non-Cyclicals,2024-12-16,-0.02536212957344747,0.27514611128980615
Consumer Non-Cyclicals,2024-12-17,-0.022095365254571415,0.24697129220791147
Consumer Non-Cyclicals,2024-12-18,-0.00515379166637395,0.24054466195392266
Consumer Non-Cyclicals,2024-12-19,-0.007489958400673328,0.2312530340417105
Consumer Non-Cyclicals,2024-12-20,-0.0051304379539546365,0.224936166744941
Consumer Non-Cyclicals,2024-12-23,3.824193298364971e-4,0.22540460601292023
Consumer Non-Cyclicals,2024-12-24,0,0.22540460601292023
Consumer Non-Cyclicals,2024-12-25,0,0.22540460601292023
Consumer Non-Cyclicals,2024-12-26,0,0.22540460601292023
Consumer Non-Cyclicals,2024-12-27,0.008014859394316693,0.23522605163126187
Consumer Non-Cyclicals,2024-12-30,-0.005338530681311772,0.2286317594562728
Consumer Non-Cyclicals,2024-12-31,0,0.2286317594562728
Consumer Non-Cyclicals,2025-01-01,0,0.2286317594562728
Consumer Non-Cyclicals,2025-01-02,0.008883537208417423,0.2395463554068462
Consumer Non-Cyclicals,2025-01-03,0.0014497896855976264,0.24134343692773497
Consumer Non-Cyclicals,2025-01-06,-0.011519748735578655,0.22704347243976786
Consumer Non-Cyclicals,2025-01-07,-0.0018907784925046838,0.2247234050327105
Consumer Non-Cyclicals,2025-01-08,-0.004661312985271128,0.21901458592146605
Consumer Non-Cyclicals,2025-01-09,0.019545002794643527,0.24284022941001226
Consumer Non-Cyclicals,2025-01-10,-0.00853113802630401,0.2322373878682722
Consumer Non-Cyclicals,2025-01-13,-0.010421867579067379,0.21939517298593314
Consumer Non-Cyclicals,2025-01-14,0.007841139183952598,0.22895662025755592
Consumer Non-Cyclicals,2025-01-15,0.017199127309248902,0.25009360162690975
Consumer Non-Cyclicals,2025-01-16,0.013536462154629022,0.26701544635507624
Consumer Non-Cyclicals,2025-01-17,0.007851661912180419,0.2769636232773667
Consumer Non-Cyclicals,2025-01-20,1.672515479484788e-4,0.2771771974200339
Consumer Non-Cyclicals,2025-01-21,0.0034532138946715986,0.2815875634641225
Consumer Non-Cyclicals,2025-01-22,0.0028455508479549255,0.2852343860420665
Consumer Non-Cyclicals,2025-01-23,0.011867273732791637,0.30048661431202395
Consumer Non-Cyclicals,2025-01-24,-0.0013470403119133624,0.298734806417442
Consumer Non-Cyclicals,2025-01-27,0.008389527122876295,0.3096305773013046
Consumer Non-Cyclicals,2025-01-28,0.016058358683956518,0.3306610948550859
Consumer Non-Cyclicals,2025-01-29,0.009227011313504846,0.3429391198317546
Consumer Non-Cyclicals,2025-01-30,0.024342223195375608,0.37562924362450034
Consumer Non-Cyclicals,2025-01-31,-0.007771188026463825,0.36493897011759224
Consumer Non-Cyclicals,2025-02-03,-0.03267826996305798,0.32033512596899105
Consumer Non-Cyclicals,2025-02-04,-0.0035454893437174206,0.31565389184973225
Consumer Non-Cyclicals,2025-02-05,-0.0037626835628638763,0.3107035025764513
Consumer Non-Cyclicals,2025-02-06,3.7669662230465864e-4,0.31119724015871464
Consumer Non-Cyclicals,2025-02-07,-0.0025359512801340386,0.3078721078390261
Consumer Non-Cyclicals,2025-02-10,0.00475912202866041,0.31409643079811334
Consumer Non-Cyclicals,2025-02-11,0.005407093305670112,0.3212018728120867
Consumer Non-Cyclicals,2025-02-12,-0.009023473613606621,0.309280042574519
Consumer Non-Cyclicals,2025-02-13,0.02550994492515296,0.34267970435219697
Consumer Non-Cyclicals,2025-02-14,0.0083943320546215,0.3539506036335305
Consumer Non-Cyclicals,2025-02-17,-0.008859738421315435,0.34195495544995524
Consumer Non-Cyclicals,2025-02-18,-0.008629505034449326,0.33037454840589553
Consumer Non-Cyclicals,2025-02-19,-0.008062005758912194,0.319649061135137
Consumer Non-Cyclicals,2025-02-20,-0.011829125504566275,0.30403876676898633
Consumer Non-Cyclicals,2025-02-21,0.004335590732873405,0.3096925451614978
Consumer Non-Cyclicals,2025-02-24,0.0011012585031481628,0.3111348552133668
Consumer Non-Cyclicals,2025-02-25,0.001598884349511885,0.3132312082134667
Consumer Non-Cyclicals,2025-02-26,0.0037648216720673673,0.31817528952658414
Consumer Non-Cyclicals,2025-02-27,-0.01824836524455259,0.294120745386959
Consumer Non-Cyclicals,2025-02-28,0.004284292333912151,0.2996651369755772
Consumer Non-Cyclicals,2025-03-03,-0.01020025227069205,0.2864082247110027
Consumer Non-Cyclicals,2025-03-04,-0.018072118913987155,0.2631601023020942
Consumer Non-Cyclicals,2025-03-05,-0.001243917976220054,0.26158883474399675
Consumer Non-Cyclicals,2025-03-06,-0.00946159290548564,0.249652194775543
Consumer Non-Cyclicals,2025-03-07,0.015379834931731725,0.26887163925326707
Consumer Non-Cyclicals,2025-03-10,-0.006564077689779391,0.260542667234851
Consumer Non-Cyclicals,2025-03-11,-0.008323287895830749,0.25005080771047705
Consumer Non-Cyclicals,2025-03-12,-0.01493282104249668,0.231384022704908
Consumer Non-Cyclicals,2025-03-13,0.006508101071709172,0.23939799438275933
Consumer Non-Cyclicals,2025-03-14,0.014962537935809529,0.25794253389127775
Consumer Non-Cyclicals,2025-03-17,0.01217126350097414,0.2732532839403514
Consumer Non-Cyclicals,2025-03-18,0.006705938463701253,0.2817916421111608
Consumer Non-Cyclicals,2025-03-19,0.004478109456328241,0.2875316453847414
Consumer Non-Cyclicals,2025-03-20,-0.00359826852786057,0.28289876078652876
Consumer Non-Cyclicals,2025-03-21,0.004511053380976685,0.28868598557882574
Consumer Non-Cyclicals,2025-03-24,-0.0037913886656514868,0.2838000761395181
Consumer Non-Cyclicals,2025-03-25,0.0027697170746607148,0.2873558391308526
Consumer Non-Cyclicals,2025-03-26,-0.004554272826969414,0.2814928694140586
Consumer Non-Cyclicals,2025-03-27,-0.0030069398620681193,0.2776394974220613
Consumer Non-Cyclicals,2025-03-28,-0.033446810312622206,0.23490653150387164
Consumer Non-Cyclicals,2025-03-31,0.011360685354868864,0.24893591605095966
Consumer Non-Cyclicals,2025-04-01,-0.007589406504973332,0.23945723368538774
Consumer Non-Cyclicals,2025-04-02,-0.018330233167605712,0.2167376935906591
Consumer Non-Cyclicals,2025-04-03,-7.911196035952e-4,0.2157751085488262
Consumer Non-Cyclicals,2025-04-04,-0.017552282353329587,0.19443548056542714
Consumer Non-Cyclicals,2025-04-07,-0.01012106232877232,0.18234652461892753
Consumer Non-Cyclicals,2025-04-08,0.011990604697173553,0.1965235744107101
Consumer Non-Cyclicals,2025-04-09,-0.01387969004041243,0.1799161980718429
Consumer Non-Cyclicals,2025-04-10,0.012466606956650335,0.1946257495549899
Consumer Non-Cyclicals,2025-04-11,0.0161501660919367,0.2139191538280074
Consumer Non-Cyclicals,2025-04-14,0.006994789368917654,0.22241026261992913
Consumer Non-Cyclicals,2025-04-15,0.011472665729874633,0.2364345669477359
Consumer Non-Cyclicals,2025-04-16,0.009607344439592094,0.24831341970942078
Consumer Non-Cyclicals,2025-04-17,0,0.24831341970942078
Consumer Non-Cyclicals,2025-04-18,0,0.24831341970942078
Consumer Non-Cyclicals,2025-04-21,0,0.24831341970942078
Consumer Non-Cyclicals,2025-04-22,-0.012409910636452866,0.23282196172454195
Consumer Non-Cyclicals,2025-04-23,0.03255303948551854,0.2729540637231753
Consumer Non-Cyclicals,2025-04-24,-0.003424406198309086,0.26859495193719884
Consumer Non-Cyclicals,2025-04-25,-0.027585687217975247,0.23359988838675694
Consumer Non-Cyclicals,2025-04-28,0.012588460305844942,0.24912901161500844
Consumer Non-Cyclicals,2025-04-29,0.011905049345289478,0.2639999541369178
Consumer Non-Cyclicals,2025-04-30,0.010952288140720199,0.2778436458444826
Consumer Non-Cyclicals,2025-05-01,0,0.2778436458444826
Consumer Non-Cyclicals,2025-05-02,0.014531784048175142,0.2964129937532274
Consumer Non-Cyclicals,2025-05-05,-0.005114418675135835,0.289782594927287
Consumer Non-Cyclicals,2025-05-06,-0.019272544557937008,0.2649252023964992
Consumer Non-Cyclicals,2025-05-07,0.001498351756245544,0.2668205052950292
Consumer Non-Cyclicals,2025-05-08,-0.001976248185862278,0.2643169535696268
Consumer Non-Cyclicals,2025-05-09,-0.011548587078649619,0.249715879136315
Consumer Non-Cyclicals,2025-05-12,-0.004606080989345328,0.24395958658334216
Consumer Non-Cyclicals,2025-05-13,-0.0013017679424420546,0.2423402398718344
Consumer Non-Cyclicals,2025-05-14,0.007422715166080214,0.2515617776117629
Consumer Non-Cyclicals,2025-05-15,0.015303760771084909,0.2707153796465669
Consumer Non-Cyclicals,2025-05-16,0.009480142808465583,0.28276194291453005
Consumer Non-Cyclicals,2025-05-19,-0.0019066246411414856,0.28031619738545066
Consumer Non-Cyclicals,2025-05-20,-0.01002957460866332,0.2674751705610934
Consumer Non-Cyclicals,2025-05-21,0.0062510821008831974,0.2753982619131017
Consumer Non-Cyclicals,2025-05-22,-0.02365094830082497,0.24523388355763287
Consumer Non-Cyclicals,2025-05-23,0.009370681712016934,0.2569025739374702
Consumer Non-Cyclicals,2025-05-26,0.004225317856633307,0.26221338682717676
Consumer Non-Cyclicals,2025-05-27,0.006014884012920616,0.269805453948498
Consumer Non-Cyclicals,2025-05-28,-0.00939784718830373,0.25787201633341517
Consumer Non-Cyclicals,2025-05-29,0,0.25787201633341517
Consumer Non-Cyclicals,2025-05-30,0.0011531316970168235,0.25932250842623983
Consumer Non-Cyclicals,2025-06-02,-0.007891641116784167,0.24938438713945144
Consumer Non-Cyclicals,2025-06-03,-0.007932692277578817,0.2394734052598626
Consumer Non-Cyclicals,2025-06-04,0.007926708775096995,0.2492983499778354
Consumer Non-Cyclicals,2025-06-05,-0.002076573506604914,0.246704090122426
Consumer Non-Cyclicals,2025-06-06,0.013797269236673215,0.26390520211230695
Consumer Non-Cyclicals,2025-06-09,0,0.26390520211230695
Consumer Non-Cyclicals,2025-06-10,0.007290857444861953,0.2731201547647273
Consumer Non-Cyclicals,2025-06-11,-0.01416573759954997,0.2550854687196318
Consumer Non-Cyclicals,2025-06-12,-0.008679245255603573,0.24419227411986988
Consumer Non-Cyclicals,2025-06-13,-0.007256361440329552,0.23516396527759031
Consumer Non-Cyclicals,2025-06-16,4.2711147898417864e-4,0.23569151798558807
Consumer Non-Cyclicals,2025-06-17,-0.016125775997910232,0.21576503336403485
Consumer Non-Cyclicals,2025-06-18,-0.0034689616331933138,0.2115475911083171
Consumer Non-Cyclicals,2025-06-19,0.01593213214862479,0.23085012743420275
Consumer Non-Cyclicals,2025-06-20,0.00443039153205298,0.23630327541601348
Consumer Non-Cyclicals,2025-06-23,-0.005579850988293821,0.2294048873628527
Consumer Non-Cyclicals,2025-06-24,0.002756048103340678,0.23279318637090674
Consumer Non-Cyclicals,2025-06-25,5.679195513342107e-4,0.23349331372419835
Consumer Non-Cyclicals,2025-06-26,-0.001417543014780441,0.23174478389355002
Consumer Non-Cyclicals,2025-06-27,0.011296747682153089,0.24565949392600372
Consumer Non-Cyclicals,2025-06-30,0.008005825425084342,0.25563202637347415
Consumer Non-Cyclicals,2025-07-01,-0.005342931415405179,0.24892327057357444
Consumer Non-Cyclicals,2025-07-02,0.013261226486565131,0.26548552492899224
Consumer Non-Cyclicals,2025-07-03,-0.004293153842120585,0.2600526008854953
Consumer Non-Cyclicals,2025-07-04,-0.0035432643601129485,0.2555879014129101
Consumer Non-Cyclicals,2025-07-07,-0.012633870776342933,0.23972496611811978
Consumer Non-Cyclicals,2025-07-08,-0.002169996574060906,0.23703476718886551
Consumer Non-Cyclicals,2025-07-09,0.00116881834145026,0.23848063611376746
Consumer Non-Cyclicals,2025-07-10,-0.010953351860878103,0.22491512193352925
Consumer Non-Cyclicals,2025-07-11,0.0032580371371565726,0.22890594089065353
Consumer Non-Cyclicals,2025-07-14,0.013433972854689766,0.24541502994154563
Consumer Non-Cyclicals,2025-07-15,0.02035750391550207,0.27076857129000587
Consumer Non-Cyclicals,2025-07-16,-0.030453129256409073,0.23206969173352898
Consumer Non-Cyclicals,2025-07-17,0.0084382054687211,0.2424661489441604
Consumer Non-Cyclicals,2025-07-18,-0.01141528475747908,0.22828304405243438
Consumer Non-Cyclicals,2025-07-21,0.005797173249356667,0.2354036136580535
Consumer Non-Cyclicals,2025-07-22,0.006193404816788881,0.24305496834956153
Consumer Non-Cyclicals,2025-07-23,0.008344074527245933,0.25342711164693354
Consumer Non-Cyclicals,2025-07-24,0.013040790947045536,0.2697727925772804
Consumer Non-Cyclicals,2025-07-25,-0.013811714270458632,0.2522350535778006
Consumer Non-Cyclicals,2025-07-28,-0.0021844239487296326,0.2494996413373265
Consumer Non-Cyclicals,2025-07-29,-0.0075967699796294025,0.24000747997245742
Consumer Non-Cyclicals,2025-07-30,-0.005548613709278056,0.23312715746947488
Consumer Non-Cyclicals,2025-07-31,0.00446161414044587,0.2386288950322084
Consumer Non-Cyclicals,2025-08-01,-0.005761139791334534,0.2314929808183417
Consumer Non-Cyclicals,2025-08-04,0.008165143163640776,0.241548297311742
Consumer Non-Cyclicals,2025-08-05,0.01008529027242526,0.25406967227736654
Consumer Non-Cyclicals,2025-08-06,-6.30443560666636e-4,0.25327905212785184
Consumer Non-Cyclicals,2025-08-07,0.01949172952403449,0.27770762843006613
Consumer Non-Cyclicals,2025-08-08,0.012885893189754952,0.29417203245775103
Consumer Non-Cyclicals,2025-08-11,-0.00568055774428196,0.2868204134963399
Consumer Non-Cyclicals,2025-08-12,0.00829566184635273,0.29749544050368937
Consumer Non-Cyclicals,2025-08-13,-0.009857712913130968,0.28470510294510754
Consumer Non-Cyclicals,2025-08-14,-0.0015580212304666143,0.28270350511983033
Consumer Non-Cyclicals,2025-08-15,0.006407955414341347,0.29092301199045734
Consumer Non-Cyclicals,2025-08-18,-0.005095448030086075,0.2843451808720179
Consumer Non-Cyclicals,2025-08-19,0.012573904337844194,0.30049441431307367
Consumer Non-Cyclicals,2025-08-20,0.009049608390164256,0.3122633794762031
Consumer Non-Cyclicals,2025-08-21,0.014607016427410625,0.33143163221730143
Consumer Non-Cyclicals,2025-08-22,-0.004531313389223309,0.3253984982353997
Consumer Non-Cyclicals,2025-08-25,0.0012223183042538051,0.3270185570802233
Consumer Non-Cyclicals,2025-08-26,-0.00817174341101404,0.31617450193010965
Consumer Non-Cyclicals,2025-08-27,-0.008931373960072162,0.30441925525666025
Consumer Non-Cyclicals,2025-08-28,-0.004252225810156721,0.29887257003219236
Consumer Non-Cyclicals,2025-08-29,0.021045948175916176,0.3262085748282091
Consumer Non-Cyclicals,2025-09-01,-0.0010060661583172338,0.3248743212622043
Consumer Non-Cyclicals,2025-09-02,-0.015223900027399737,0.30470456704643945
Consumer Non-Cyclicals,2025-09-03,0.0031054000922218963,0.3087561967292678
Consumer Non-Cyclicals,2025-09-04,0.011259385887364453,0.3234919877807221
Consumer Non-Cyclicals,2025-09-05,-4.09351146211645e-4,0.32295021481852215
Consumer Non-Cyclicals,2025-09-08,0.006524188781098072,0.3315813917679924
Consumer Non-Cyclicals,2025-09-09,7.286661278419909e-5,0.33167841959365707
Consumer Non-Cyclicals,2025-09-10,0.01874021863871088,0.3566343643332952
Consumer Non-Cyclicals,2025-09-11,0.015757476771071643,0.37801149881611473
Consumer Non-Cyclicals,2025-09-12,1.1129664003939235e-4,0.3781648668658686
Consumer Non-Cyclicals,2025-09-15,0.0074639354608562955,0.3884514004865751
Consumer Non-Cyclicals,2025-09-16,-0.013927274773209064,0.36911405632275174
Consumer Non-Cyclicals,2025-09-17,0.003320868635191481,0.37366070425039366
Consumer Non-Cyclicals,2025-09-18,-0.0025921246076664587,0.37010000453632186
Consumer Non-Cyclicals,2025-09-19,-0.008369743725244742,0.3586326186203961
Consumer Non-Cyclicals,2025-09-22,0.0023898641054295178,0.36187956594810267
Consumer Non-Cyclicals,2025-09-23,-0.005246136463376204,0.35473495989845527
Consumer Non-Cyclicals,2025-09-24,-7.63207129214962e-4,0.3537010165188641
Consumer Non-Cyclicals,2025-09-25,-0.008746125122107868,0.34186137805046557
Consumer Non-Cyclicals,2025-09-26,-0.004675309042855259,0.3355877614154079
Consumer Non-Cyclicals,2025-09-29,-0.0028462966005233623,0.33178628251039055
Consumer Non-Cyclicals,2025-09-30,-0.005589702267639562,0.3243419937070311
Consumer Non-Cyclicals,2025-10-01,0.01971530932448584,0.3504518057643713
Consumer Non-Cyclicals,2025-10-02,-0.02150466214415688,0.3214107959394419
Consumer Non-Cyclicals,2025-10-03,0.009411578107948012,0.33384735685811173
Consumer Non-Cyclicals,2025-10-06,-0.001977086177244834,0.331210225686313
Consumer Non-Cyclicals,2025-10-07,0.002964546001064429,0.33515665963744734
Consumer Non-Cyclicals,2025-10-08,-1.2026626964683412e-4,0.3349960853265985
Consumer Non-Cyclicals,2025-10-09,0.009895918610303395,0.34820709793206417
Consumer Non-Cyclicals,2025-10-10,0.012556845116441128,0.36513632564568366
Consumer Non-Cyclicals,2025-10-13,0.0017701486819872326,0.3675528199132583
Consumer Non-Cyclicals,2025-10-14,5.208544047154486e-4,0.3682651158231911
Consumer Non-Cyclicals,2025-10-15,0.017306527621202702,0.3919450338433135
Consumer Non-Cyclicals,2025-10-16,0.009711658373724957,0.4054631284870027
Consumer Non-Cyclicals,2025-10-17,0.0017507407724767891,0.4079237300902576
Consumer Non-Cyclicals,2025-10-20,0.008953393244107013,0.4205294249034657
Consumer Non-Cyclicals,2025-10-21,-0.005070483144519125,0.41332665439819927
Consumer Non-Cyclicals,2025-10-22,-0.005502819299069251,0.40554937320848805
Consumer Non-Cyclicals,2025-10-23,0.004706441405957378,0.4121645089766739
Consumer Non-Cyclicals,2025-10-24,-0.0020455272465707617,0.40927588799692183
Consumer Non-Cyclicals,2025-10-27,-0.003581934087472253,0.4042279546550529
Consumer Non-Cyclicals,2025-10-28,-0.00804188038672169,0.39293532140802623
Consumer Non-Cyclicals,2025-10-29,-0.004744792449712736,0.38632613241207125
Consumer Non-Cyclicals,2025-10-30,-0.022229833430783948,0.35550833340780796
Consumer Non-Cyclicals,2025-10-31,-0.0051038158854717535,0.34859006844287177
Consumer Non-Cyclicals,2025-11-03,-0.0046941940304363996,0.34225952499408163
Consumer Non-Cyclicals,2025-11-04,0.005873688459198679,0.35014353927528896
Consumer Non-Cyclicals,2025-11-05,0.009791592061061394,0.36336359403575025
Consumer Non-Cyclicals,2025-11-06,-0.00651991919890531,0.3544745735639081
Consumer Non-Cyclicals,2025-11-07,-0.00436004066413225,0.3485690093446363
Consumer Non-Cyclicals,2025-11-10,0.010463185052339351,0.3626793364452592
Consumer Non-Cyclicals,2025-11-11,-0.0015447440126404907,0.3605743456991364
Consumer Non-Cyclicals,2025-11-12,0.00464925124542025,0.36689999767036485
Consumer Non-Cyclicals,2025-11-13,-0.008522418043784683,0.3552507044661697
Consumer Non-Cyclicals,2025-11-14,0.0058275428788993645,0.3631484860581049
Consumer Non-Cyclicals,2025-11-17,-0.0068884985482711115,0.35375843969081555
Consumer Non-Cyclicals,2025-11-18,-0.016922077503399365,0.3308500344534866
Consumer Non-Cyclicals,2025-11-19,0.010991157655551606,0.34547761699806134
Consumer Non-Cyclicals,2025-11-20,-0.003618880217798575,0.3406084946664163
Consumer Non-Cyclicals,2025-11-21,0.003051256238302896,0.3446990346988892
Consumer Non-Cyclicals,2025-11-24,1.8278274655157342e-4,0.3449448224817364
Consumer Non-Cyclicals,2025-11-25,0.009323896930984284,0.3574849493844172
Consumer Non-Cyclicals,2025-11-26,0.012616330210889551,0.3746114277621637
Consumer Non-Cyclicals,2025-11-27,0.0064655071786854975,0.3834989878162629
Consumer Non-Cyclicals,2025-11-28,0.007073948849590223,0.3932857888895349
Consumer Non-Cyclicals,2025-12-01,-0.0040821017833122565,0.38759825448604524
Consumer Non-Cyclicals,2025-12-02,0.0027322589789548677,0.391389532276047
Consumer Non-Cyclicals,2025-12-03,0.013128237500765718,0.40965602451184635
Consumer Non-Cyclicals,2025-12-04,0.006693318140612954,0.41909130075273593
Consumer Non-Cyclicals,2025-12-05,7.181731338736842e-4,0.42011045399945024
Consumer Non-Cyclicals,2025-12-08,0.0012841467190663845,0.4219340841796655
Consumer Non-Cyclicals,2025-12-09,0.0033231132163579406,0.4266593321275929
Consumer Non-Cyclicals,2025-12-10,-0.0026266417104313607,0.42291200921925043
Consumer Non-Cyclicals,2025-12-11,0.0011492662234643574,0.4245473139304079
Consumer Non-Cyclicals,2025-12-12,-0.0036042592912667415,0.41941287603832533
Consumer Non-Cyclicals,2025-12-15,0.013545618272768607,0.4386397010285932
Consumer Non-Cyclicals,2025-12-16,0.0026608477778211474,0.4424677022801604
Consumer Non-Cyclicals,2025-12-17,0.00895196770834269,0.45538062657129963
Consumer Non-Cyclicals,2025-12-18,0.0026247094444335384,0.4592005778471071
Consumer Non-Cyclicals,2025-12-19,0.01116491663361692,0.47549243065049573
Consumer Non-Cyclicals,2025-12-22,-0.0030115445642604887,0.47104891944136273
Consumer Non-Cyclicals,2025-12-23,-0.007748657335303507,0.4596502654411432
Consumer Non-Cyclicals,2025-12-24,0,0.4596502654411432
Consumer Non-Cyclicals,2025-12-25,0,0.4596502654411432
Consumer Non-Cyclicals,2025-12-26,0,0.4596502654411432
Consumer Non-Cyclicals,2025-12-29,0.009379134727952727,0.47334052193640774
Consumer Non-Cyclicals,2025-12-30,0.0029400444744865336,0.477672208596964
Consumer Non-Cyclicals,2025-12-31,0,0.477672208596964
Energy,2020-01-01,0,0
Energy,2020-01-02,0.009869444502609287,0.009869444502609293
Energy,2020-01-03,0.014755188927110665,0.0247702589479617
Energy,2020-01-06,0.015011869389350948,0.04015397622937966
Energy,2020-01-07,-0.006573967306877711,0.03331603799552885
Energy,2020-01-08,-2.3211995656619787e-4,0.033076184721670066
Energy,2020-01-09,-0.01252158390758932,0.020140434591745526
Energy,2020-01-10,0.006945280935157419,0.027225596503298588
Energy,2020-01-13,-0.0032666341571152046,0.023870026282697854
Energy,2020-01-14,-0.004089359017025477,0.019683054158456725
Energy,2020-01-15,-0.008574502529152287,0.010939779231641245
Energy,2020-01-16,0.005542700676725749,0.016543115830117472
Energy,2020-01-17,0.00616083087899178,0.022805866047950207
Energy,2020-01-20,0.00209091553735868,0.024944466724971415
Energy,2020-01-21,-0.015636077791676757,0.008918355311111181
Energy,2020-01-22,0.004247413022985472,0.013203648272588575
Energy,2020-01-23,-0.01361020307922284,-5.862591410108475e-4
Energy,2020-01-24,0.006273741889598164,0.0056838047100562505
Energy,2020-01-27,-0.023170469993873125,-0.017618361710302288
Energy,2020-01-28,-0.002419556197271058,-0.019995289291311447
Energy,2020-01-29,-0.013072716639238738,-0.03280661317952527
Energy,2020-01-30,-0.018246280912421076,-0.05045429541208757
Energy,2020-01-31,-0.014246404217446534,-0.06398190734258702
Energy,2020-02-03,-0.003289244545898229,-0.06706069974872242
Energy,2020-02-04,0.006876519145421207,-0.06064532478902873
Energy,2020-02-05,0.024391202568323254,-0.03773333462245643
Energy,2020-02-06,-0.02886798215296098,-0.06551203154496454
Energy,2020-02-07,-0.04155486040935151,-0.10434454862833198
Energy,2020-02-10,-0.029568411770868285,-0.1308276578193125
Energy,2020-02-11,0.029813462163661618,-0.10491462108200733
Energy,2020-02-12,0.021224091911101722,-0.08591724673156853
Energy,2020-02-13,-0.004306901135508425,-0.08985411077956906
Energy,2020-02-14,-0.006461029820419466,-0.0957345905107545
Energy,2020-02-17,-0.002211826892913266,-0.09773466906179396
Energy,2020-02-18,-0.00431263543387739,-0.10162581049875719
Energy,2020-02-19,0.007736348534637644,-0.09467567465425308
Energy,2020-02-20,0.009705299053353982,-0.08588923133649673
Energy,2020-02-21,-0.01433627346661502,-0.09899417329483429
Energy,2020-02-24,-0.055039241642324585,-0.14858485071200234
Energy,2020-02-25,-0.002379809290684651,-0.15061105639450756
Energy,2020-02-26,0.0032369124692013577,-0.14786165873174917
Energy,2020-02-27,-0.05844277362956486,-0.19766298691156248
Energy,2020-02-28,-0.005690798376794609,-0.20222892508328838
Energy,2020-03-02,0.013685869724645399,-0.19131073408188792
Energy,2020-03-03,0.027970001798740582,-0.1686916938595362
Energy,2020-03-04,-0.010878838448700438,-0.17773536262310108
Energy,2020-03-05,-0.027882295521777147,-0.20066198823955073
Energy,2020-03-06,-0.05442899421152052,-0.24416915225470848
Energy,2020-03-09,-0.2009580698173322,-0.39605946052600016
Energy,2020-03-10,-0.02376229407313917,-0.41041047322767166
Energy,2020-03-11,-0.03888568593606924,-0.43333706639693603
Energy,2020-03-12,-0.0750170620964881,-0.47584645487481525
Energy,2020-03-13,0.04056662545323426,-0.454583314329737
Energy,2020-03-16,-0.03573007012499556,-0.4740710907560781
Energy,2020-03-17,0.0191121850087648,-0.4640194401411504
Energy,2020-03-18,-0.06587844511850513,-0.49932900603839725
Energy,2020-03-19,0.05094343528621434,-0.4738231056578298
Energy,2020-03-20,0.05925789650648585,-0.44264296970879735
Energy,2020-03-23,-0.07970774703378629,-0.4870686428867508
Energy,2020-03-24,0.10297225955972368,-0.434250942045764
Energy,2020-03-25,0.06421876674268828,-0.39791923525810524
Energy,2020-03-26,-0.008207862782485515,-0.4028610315590806
Energy,2020-03-27,-0.05608068593365371,-0.43634899450696174
Energy,2020-03-30,0.02963379066749674,-0.41964587860065694
Energy,2020-03-31,0.08239862806594578,-0.3718254952049337
Energy,2020-04-01,0.02548875314687347,-0.35581411031905275
Energy,2020-04-02,0.04829374258087095,-0.3247039627885717
Energy,2020-04-03,0.012657534713420225,-0.3161563797557331
Energy,2020-04-06,0.0033104534656097032,-0.3138925472731604
Energy,2020-04-07,0.013163988680421937,-0.3048606365319111
Energy,2020-04-08,-0.01006547345758156,-0.31185754334421933
Energy,2020-04-09,0,-0.31185754334421933
Energy,2020-04-10,0,-0.31185754334421933
Energy,2020-04-13,0,-0.31185754334421933
Energy,2020-04-14,-0.007849961193068087,-0.3172594349242698
Energy,2020-04-15,-0.04678740253771662,-0.349203092571296
Energy,2020-04-16,-0.0367826465175995,-0.37314112517199305
Energy,2020-04-17,0.044648528555718554,-0.3451527987988291
Energy,2020-04-20,0.005534848850250488,-0.34152831852017107
Energy,2020-04-21,-0.02495032112106349,-0.3579573984222195
Energy,2020-04-22,0.03369405087332745,-0.3363243823418143
Energy,2020-04-23,0.02002350224225643,-0.3230352721235047
Energy,2020-04-24,-0.013344871206461564,-0.33206927922833385
Energy,2020-04-27,-0.00488493792940232,-0.3353320793404444
Energy,2020-04-28,0.016026327172438053,-0.3246798937829303
Energy,2020-04-29,0.05591959806211076,-0.28691626488000976
Energy,2020-04-30,0.01763024211662451,-0.2743444259804173
Energy,2020-05-01,0,-0.2743444259804173
Energy,2020-05-04,-0.060193220610765256,-0.3180239720348096
Energy,2020-05-05,0.04171316550341933,-0.2895765931109331
Energy,2020-05-06,-0.04408045740373647,-0.3208923818369239
Energy,2020-05-07,0.033117599449469216,-0.2984019677555161
Energy,2020-05-08,0.01627065580499155,-0.2869865076594066
Energy,2020-05-11,0.0012575405412587016,-0.2860898642863239
Energy,2020-05-12,-0.0010034695078560113,-0.28680625133886195
Energy,2020-05-13,-0.029536135545279514,-0.30787123856936327
Energy,2020-05-14,-0.03181527341814488,-0.32989150435484094
Energy,2020-05-15,0.04390303673658744,-0.30047170645303223
Energy,2020-05-18,0.04006883615601042,-0.2724424218724052
Energy,2020-05-19,0.011427135771145512,-0.26412852264581543
Energy,2020-05-20,0.025729071452725256,-0.24519523282494715
Energy,2020-05-21,0,-0.24519523282494715
Energy,2020-05-22,-0.03415474217787401,-0.2709753950424414
Energy,2020-05-25,0.0266604124562538,-0.2515392983835154
Energy,2020-05-26,0.002487667841316532,-0.24967737676561486
Energy,2020-05-27,0.0077378596411493954,-0.243871485621448
Energy,2020-05-28,-0.004893251162440468,-0.2475714123533853
Energy,2020-05-29,-0.045640842676405564,-0.2819128871473945
Energy,2020-06-01,0,-0.2819128871473945
Energy,2020-06-02,0.03695454020817273,-0.2553763080625121
Energy,2020-06-03,0.042134338912982294,-0.22400208106378194
Energy,2020-06-04,-0.01285231083164224,-0.23397544752265775
Energy,2020-06-05,0.05650365228031873,-0.19069226257129113
Energy,2020-06-08,0.031235764557943704,-0.16541291663004587
Energy,2020-06-09,-0.040407595484161736,-0.19913657389116535
Energy,2020-06-10,-0.012082984761294706,-0.20881339446471658
Energy,2020-06-11,-0.04188021660800316,-0.24194846088188493
Energy,2020-06-12,0.007717670617472199,-0.23609806879190354
Energy,2020-06-15,-0.023073604641463616,-0.25372403993744963
Energy,2020-06-16,0.051827202209713215,-0.21504664485103997
Energy,2020-06-17,-0.03483740380739587,-0.24239238185433454
Energy,2020-06-18,-0.015151435063611917,-0.2538712244843663
Energy,2020-06-19,0.011807959064407363,-0.24506096644630126
Energy,2020-06-22,-0.008710215237506548,-0.25163664791974916
Energy,2020-06-23,0.011404840723436711,-0.24310168308601687
Energy,2020-06-24,-0.0211870326687084,-0.2591381124533637
Energy,2020-06-25,0.009380928107873355,-0.2521881403484254
Energy,2020-06-26,-0.022820903852526546,-0.269253882897313
Energy,2020-06-29,0.007072839588128044,-0.2640854328313983
Energy,2020-06-30,-0.026011341893181047,-0.28322755824219303
Energy,2020-07-01,0.013555224290889423,-0.27351154702863756
Energy,2020-07-02,0.012250996435309101,-0.26461133958099226
Energy,2020-07-03,-0.015300652621548094,-0.27586326601588906
Energy,2020-07-06,0.013279458781035449,-0.2662471221051135
Energy,2020-07-07,-0.0027527024032208617,-0.26826692541546493
Energy,2020-07-08,0.0028066234317258637,-0.26621322622256716
Energy,2020-07-09,-0.014888207041446163,-0.27713799563484043
Energy,2020-07-10,-0.0048562121485556725,-0.28064836688216777
Energy,2020-07-13,0.01244096784634623,-0.2716989363443322
Energy,2020-07-14,0.0055634137442277624,-0.26764709619685456
Energy,2020-07-15,0.009739823241625496,-0.2605141083633208
Energy,2020-07-16,0.0064729251654024236,-0.2557274715258857
Energy,2020-07-17,0.0072049195109377085,-0.2503650478640278
Energy,2020-07-20,-0.007353733899659203,-0.2558776638239194
Energy,2020-07-21,0.019872353494707923,-0.2410902017161206
Energy,2020-07-22,-0.02398391240721447,-0.25929182784313787
Energy,2020-07-23,-0.004971773460227458,-0.26297446107524103
Energy,2020-07-24,0.02713622768429971,-0.24297436824183505
Energy,2020-07-27,-0.017080639121917447,-0.2559048498639379
Energy,2020-07-28,-0.00846259912670776,-0.26220182883166676
Energy,2020-07-29,0.004758311800653627,-0.2586911550872959
Energy,2020-07-30,-0.03194012496404249,-0.2823686522307577
Energy,2020-07-31,8.3733545936645e-4,-0.28176775405651755
Energy,2020-08-03,0.012853787683691276,-0.27253574925957924
Energy,2020-08-04,0.01860801906442098,-0.25899908061311683
Energy,2020-08-05,0.0341595724277469,-0.23368680603829362
Energy,2020-08-06,-0.0024647061423961683,-0.23557554287445015
Energy,2020-08-07,2.0263005858182958e-4,-0.2354206475019215
Energy,2020-08-10,0.014020698331265857,-0.22470071105023137
Energy,2020-08-11,0.020398551534650318,-0.2088857285498118
Energy,2020-08-12,0.002401179011637451,-0.20698612156539875
Energy,2020-08-13,-5.634137741538648e-4,-0.2074329165076041
Energy,2020-08-14,-0.02069503711559122,-0.22383512171707498
Energy,2020-08-17,-0.004002731522940883,-0.22694190134237768
Energy,2020-08-18,-0.010353959605215596,-0.23494611366836338
Energy,2020-08-19,-0.017319191614529477,-0.2481962285211815
Energy,2020-08-20,-2.1176319294555394e-4,-0.2483554328882983
Energy,2020-08-21,-0.007598155936246522,-0.2540665455178456
Energy,2020-08-24,0.03242861733803854,-0.22987695496280258
Energy,2020-08-25,-0.008634826948638881,-0.23652683418585763
Energy,2020-08-26,-0.010524765975764981,-0.24456221058482797
Energy,2020-08-27,-0.011666979052547136,-0.2533758874494373
Energy,2020-08-28,-0.0037705768823377878,-0.2561910910680164
Energy,2020-08-31,-0.004611700201237269,-0.2596213147630201
Energy,2020-09-01,-0.0064073248246371735,-0.26436516149257117
Energy,2020-09-02,-0.00814458174248856,-0.2703565995674173
Energy,2020-09-03,-0.007655763650908131,-0.2759425769905741
Energy,2020-09-04,-0.006753098576194394,-0.28083220814298204
Energy,2020-09-07,0.001282943646219678,-0.2799095563938533
Energy,2020-09-08,-0.03326356486010844,-0.3038623315698906
Energy,2020-09-09,0.03282529359832723,-0.2810114082188172
Energy,2020-09-10,0.005430748778291889,-0.2771067618023958
Energy,2020-09-11,0.0030948961412844114,-0.2748694823089374
Energy,2020-09-14,-0.01201611960830081,-0.28358273734114237
Energy,2020-09-15,0.01978648910942732,-0.2694073549757371
Energy,2020-09-16,0.009207112514440776,-0.2626807062907758
Energy,2020-09-17,0.00992313316368419,-0.25536418875514555
Energy,2020-09-18,-0.0050574903908382875,-0.2591301772151905
Energy,2020-09-21,-0.03519885611974287,-0.2852079475108523
Energy,2020-09-22,0.017273340573624275,-0.2728611009488874
Energy,2020-09-23,-0.0069965021556617725,-0.277948529823564
Energy,2020-09-24,-0.017224032528650676,-0.290385167833243
Energy,2020-09-25,1.9497219433928096e-4,-0.2902468126722797
Energy,2020-09-28,0.004753285548077153,-0.2868731531042531
Energy,2020-09-29,-0.023403268221058142,-0.30356265197779175
Energy,2020-09-30,-6.325388165144963e-4,-0.3040031756336862
Energy,2020-10-01,-0.022682820228121743,-0.31979034648013094
Energy,2020-10-02,0.0043211453695059365,-0.31685106168553023
Energy,2020-10-05,0.026669413814695033,-0.29863187995255214
Energy,2020-10-06,0.01620246264695885,-0.2872679891857156
Energy,2020-10-07,-0.008714086187868508,-0.29347879735680416
Energy,2020-10-08,0.002809295513564343,-0.29149397051198045
Energy,2020-10-09,0.004113353825530533,-0.28857963452517454
Energy,2020-10-12,-0.015045000048015456,-0.2992829539579025
Energy,2020-10-13,0.0011971981497409811,-0.2984440568068889
Energy,2020-10-14,-0.0018384928865567043,-0.29973386241797106
Energy,2020-10-15,-0.022825636550871817,-0.31571788276330115
Energy,2020-10-16,0.00768061147367222,-0.31046217768242423
Energy,2020-10-19,3.995704452831339e-5,-0.31043462578895387
Energy,2020-10-20,-0.008266564360230749,-0.3161349623354561
Energy,2020-10-21,-0.005491848789513053,-0.31989064571474435
Energy,2020-10-22,-0.012749251128577473,-0.3285615306674218
Energy,2020-10-23,0.017748003526960633,-0.3166448383455702
Energy,2020-10-26,-0.039928983681535635,-0.343930515443963
Energy,2020-10-27,-0.016493940426904562,-0.35475168643814026
Energy,2020-10-28,-0.033160131690985833,-0.3761482054892381
Energy,2020-10-29,0.004144054454209242,-0.37356292968142935
Energy,2020-10-30,-8.304731153830605e-4,-0.37408316882680825
Energy,2020-11-02,0.033757635922464606,-0.352953696322321
Energy,2020-11-03,0.0076868746235433695,-0.34797993251032344
Energy,2020-11-04,0.005236927139607005,-0.3445653509233183
Energy,2020-11-05,0.0016496232816348036,-0.3434841306666113
Energy,2020-11-06,-0.01679588237623799,-0.3545108939860685
Energy,2020-11-09,0.08839546538448398,-0.2974525840593525
Energy,2020-11-10,0.022399398326419823,-0.28171594464650085
Energy,2020-11-11,0.011336385701286159,-0.2735731995519296
Energy,2020-11-12,-0.008689249451915189,-0.2798853032295795
Energy,2020-11-13,0.00569047375642463,-0.2757875094459916
Energy,2020-11-16,0.04172261413516595,-0.2455714711507393
Energy,2020-11-17,-0.0011811994949081268,-0.2464626017479603
Energy,2020-11-18,0.009038329673501868,-0.23965188232124546
Energy,2020-11-19,-0.01926358601599825,-0.2542989136882525
Energy,2020-11-20,0.008975137618944794,-0.24760614381600787
Energy,2020-11-23,0.03600112561179986,-0.22051911808998148
Energy,2020-11-24,0.05725422748338563,-0.17589054235815527
Energy,2020-11-25,-0.014648321197980303,-0.1879623623959864
Energy,2020-11-26,-0.01549185629690917,-0.20054233278542943
Energy,2020-11-27,0.01626878409167047,-0.18753612860708502
Energy,2020-11-30,-0.04277340459310755,-0.22228797449545667
Energy,2020-12-01,0.013256437188339949,-0.21197828387873907
Energy,2020-12-02,-0.00630772714204173,-0.21694890984603543
Energy,2020-12-03,0.0013557188966240351,-0.21588731268609174
Energy,2020-12-04,0.047275822197601014,-0.17881774069775624
Energy,2020-12-07,-0.016207081182723307,-0.19212670824007982
Energy,2020-12-08,9.184616272944194e-4,-0.1913847076218823
Energy,2020-12-09,0.027596369657214428,-0.1690698611029393
Energy,2020-12-10,-0.004227602633441453,-0.17258270354634642
Energy,2020-12-11,-0.009727898660186814,-0.18063173515593334
Energy,2020-12-14,-0.0010236282944962574,-0.18147046369544007
Energy,2020-12-15,-0.004272657880130432,-0.1849677603688512
Energy,2020-12-16,0.00538924928567189,-0.18057534845361944
Energy,2020-12-17,0.001545423873816565,-0.17930899003432577
Energy,2020-12-18,-0.001873351620444996,-0.1808464328677296
Energy,2020-12-21,-0.045549431910353336,-0.218158412497944
Energy,2020-12-22,0.0069082026009162755,-0.2127572924096579
Energy,2020-12-23,0.017605935157836795,-0.19889714834634242
Energy,2020-12-24,0,-0.19889714834634242
Energy,2020-12-25,0,-0.19889714834634242
Energy,2020-12-28,0.015285223647342933,-0.1866521120942921
Energy,2020-12-29,8.751493168087624e-4,-0.18594031124586374
Energy,2020-12-30,0.0021697997862965,-0.1841739647071723
Energy,2020-12-31,0,-0.1841739647071723
Energy,2021-01-01,0,-0.1841739647071723
Energy,2021-01-04,6.288590127095249e-4,-0.18366092515207533
Energy,2021-01-05,0.012669680751815718,-0.17331816968851965
Energy,2021-01-06,0.027542459017053468,-0.15054931925702297
Energy,2021-01-07,0.024127394803668406,-0.13005428731649227
Energy,2021-01-08,0.011048837133916837,-0.12044239882170293
Energy,2021-01-11,-0.0040260464292026545,-0.12398353856120492
Energy,2021-01-12,0.034497751282010373,-0.09376294055554257
Energy,2021-01-13,-0.007083415861696559,-0.10018219451686872
Energy,2021-01-14,0.018308812300947604,-0.08370759921122739
Energy,2021-01-15,-0.01450122118143396,-0.09699495798193258
Energy,2021-01-18,0.011852849516528473,-0.08629177510622599
Energy,2021-01-19,0.0033564074767675257,-0.0832249979886085
Energy,2021-01-20,-0.008019728501951533,-0.09057728460211589
Energy,2021-01-21,-0.014539210748548843,-0.10379957312080323
Energy,2021-01-22,-0.026757054132470884,-0.12777925645635346
Energy,2021-01-25,-0.01712954486999471,-0.1427200008194245
Energy,2021-01-26,-0.006920880969808797,-0.14865313365155108
Energy,2021-01-27,-0.017767689056198414,-0.16377960005179915
Energy,2021-01-28,2.8638338706809814e-4,-0.1635401204213266
Energy,2021-01-29,-3.331907952522561e-4,-0.1638188211538001
Energy,2021-02-01,-0.005592133016989916,-0.16849485753221138
Energy,2021-02-02,0.026948120970427734,-0.14608735636545678
Energy,2021-02-03,-0.002538878995681476,-0.14825533724052742
Energy,2021-02-04,0.0017517718827070334,-0.1467632748890595
Energy,2021-02-05,0.0019230714767172524,-0.14512243968011085
Energy,2021-02-08,0.015070536966052138,-0.13223897580586153
Energy,2021-02-09,-0.009626177919354698,-0.14059219781623578
Energy,2021-02-10,-0.009615588345847883,-0.14885590946324467
Energy,2021-02-11,0.004817859784300245,-0.14475521657880286
Energy,2021-02-12,-0.009347398229431753,-0.1527495301530849
Energy,2021-02-15,0.02238732793432614,-0.13378185604211013
Energy,2021-02-16,-2.4171886291560006e-4,-0.13399123730690443
Energy,2021-02-17,0.006577384799122413,-0.12829516443526012
Energy,2021-02-18,-0.023007395210872535,-0.14835082209432682
Energy,2021-02-19,-0.003978377443884297,-0.15173900397380935
Energy,2021-02-22,0.02916779574500953,-0.12699710050325896
Energy,2021-02-23,0.021828706905183917,-0.10794057608276886
Energy,2021-02-24,0.016480754095563748,-0.09323876407855869
Energy,2021-02-25,0.03403621709764063,-0.062376041797011506
Energy,2021-02-26,-0.037974621761892646,-0.09798195696465861
Energy,2021-03-01,0.021030062443867265,-0.07901246119413041
Energy,2021-03-02,-0.009627812611185511,-0.08787955663499025
Energy,2021-03-03,-0.0036650599094951745,-0.09122253270459824
Energy,2021-03-04,0.009917086679460183,-0.08221010778908944
Energy,2021-03-05,0.052957790587966506,-0.03360598287363159
Energy,2021-03-08,-0.012273141109004066,-0.04546667301272078
Energy,2021-03-09,-0.007792954788667007,-0.05290530807420857
Energy,2021-03-10,0.015488696822035467,-0.03823604552921078
Energy,2021-03-11,0.00872497621887234,-0.0298446778982846
Energy,2021-03-12,0.004860645262037031,-0.02512909702847088
Energy,2021-03-15,-0.001168598257165775,-0.026268329466645035
Energy,2021-03-16,-0.02352927031345011,-0.04917952515539159
Energy,2021-03-17,0.0025579726193004225,-0.04674735241486894
Energy,2021-03-18,-0.011967829489617872,-0.058155717561694575
Energy,2021-03-19,-0.014914789398718608,-0.0722031266806491
Energy,2021-03-22,-0.0036696443157347254,-0.07560781120298188
Energy,2021-03-23,-0.019422088032515297,-0.09356143767036706
Energy,2021-03-24,0.023174834337349987,-0.07255487415139228
Energy,2021-03-25,-0.02128827064544485,-0.09229857699925603
Energy,2021-03-26,0.01795212137536116,-0.07600341088095874
Energy,2021-03-29,0.012210476975755223,-0.0647209718038444
Energy,2021-03-30,-0.005473635771472505,-0.06984034854888688
Energy,2021-03-31,-0.007113707975832147,-0.07645723268021187
Energy,2021-04-01,0,-0.07645723268021187
Energy,2021-04-02,0,-0.07645723268021187
Energy,2021-04-05,0,-0.07645723268021187
Energy,2021-04-06,0.018664193049577157,-0.05922005218141457
Energy,2021-04-07,-0.011524100930177843,-0.07006169525316341
Energy,2021-04-08,-0.024788179845839153,-0.09311317319676282
Energy,2021-04-09,-0.0068520851475060525,-0.09932723895317008
Energy,2021-04-12,0.008159196234633185,-0.0919784731526001
Energy,2021-04-13,-0.012763288355141195,-0.10356781373242907
Energy,2021-04-14,0.011132806402251111,-0.09358800774996545
Energy,2021-04-15,0.015282195041990758,-0.079736042896001
Energy,2021-04-16,-0.010314836613836786,-0.0892284152551317
Energy,2021-04-19,-9.470004740315507e-4,-0.09009091637761946
Energy,2021-04-20,-0.020536772263224184,-0.10877751200821129
Energy,2021-04-21,7.391708662969306e-4,-0.10811874630969909
Energy,2021-04-22,0.0032985968060926917,-0.10517678965486221
Energy,2021-04-23,0.0037739275048267965,-0.10179979172938336
Energy,2021-04-26,0.016708483267449593,-0.08679222857867397
Energy,2021-04-27,-0.001856594131329091,-0.08848768476777902
Energy,2021-04-28,0.027113353531886614,-0.06377352911621936
Energy,2021-04-29,0.010532692735044577,-0.05391254336798523
Energy,2021-04-30,-0.019261698658099232,-0.07213579486183863
Energy,2021-05-03,0.0015004748658330725,-0.07074355794312259
Energy,2021-05-04,0.005499609040629651,-0.06563301081332318
Energy,2021-05-05,0.018535152011227782,-0.04831437663447491
Energy,2021-05-06,-0.006709594720897429,-0.05469980146896225
Energy,2021-05-07,0.020785455274188205,-0.03505130647171406
Energy,2021-05-10,0.011200414643563186,-0.024243480994432742
Energy,2021-05-11,-0.016636038160018143,-0.04047620367949589
Energy,2021-05-12,0.001857159561372737,-0.038694214886794476
Energy,2021-05-13,0,-0.038694214886794476
Energy,2021-05-14,3.2703824373781935e-4,-0.038379831131135966
Energy,2021-05-17,0,-0.038379831131135966
Energy,2021-05-18,0.01420894378429698,-0.024716224209832216
Energy,2021-05-19,-0.029537085665038175,-0.053523264643068225
Energy,2021-05-20,-5.066183113898645e-4,-0.0540027670885046
Energy,2021-05-21,0.015344408907983727,-0.039486998720889455
Energy,2021-05-24,0,-0.039486998720889455
Energy,2021-05-25,-0.004970339063259123,-0.04426107401191537
Energy,2021-05-26,7.684097499687253e-4,-0.04352667490276152
Energy,2021-05-27,0.009221063805398798,-0.034706973343877845
Energy,2021-05-28,0.007380154559107076,-0.027582961612327428
Energy,2021-05-31,-0.010603386844431162,-0.037893875644468
Energy,2021-06-01,0.04756441272861791,0.007868137143109522
Energy,2021-06-02,0.001227097584434128,0.009104889699625973
Energy,2021-06-03,0.014375785318078491,0.023611564957371156
Energy,2021-06-04,0.0029862621854773977,0.026668337466420722
Energy,2021-06-07,-4.778263620898689e-4,0.026177768269656454
Energy,2021-06-08,-0.011739007523069507,0.014131459727932283
Energy,2021-06-09,0.0030405965931134854,0.017215024389350075
Energy,2021-06-10,-0.0026318822452669655,0.014537834227041024
Energy,2021-06-11,0.0010444304182138492,0.015597448401536429
Energy,2021-06-14,0.018937353026803452,0.034830175815037334
Energy,2021-06-15,-0.023223458674441727,0.010797839991931513
Energy,2021-06-16,-0.013737223981069696,-0.003087716335619217
Energy,2021-06-17,-0.012993490481434791,-0.016041086604237753
Energy,2021-06-18,-0.04016412645022205,-0.055560936823688234
Energy,2021-06-21,0.01971098538649348,-0.0369451122509864
Energy,2021-06-22,0.004239323966355743,-0.03286241058443595
Energy,2021-06-23,0.012927505702199797,-0.02035973388245449
Energy,2021-06-24,0.0018467777831867507,-0.01855055600347344
Energy,2021-06-25,0.013165249280616832,-0.005629529416936285
Energy,2021-06-28,-0.02497051861497847,-0.03045947576281549
Energy,2021-06-29,0.002352455988709305,-0.028178674350277322
Energy,2021-06-30,1.3627222222837917e-4,-0.028046242098622054
Energy,2021-07-01,0.01505178096656018,-0.013416607025065419
Energy,2021-07-02,-8.820111359622442e-4,-0.01428678456422472
Energy,2021-07-05,-5.357487210367729e-4,-0.014814879158703498
Energy,2021-07-06,-0.007498623811593623,-0.022202411764671748
Energy,2021-07-07,-0.026649327664360557,-0.04826006008297645
Energy,2021-07-08,-0.0165024294887001,-0.06396608133303683
Energy,2021-07-09,0.014122029572224722,-0.05074738265301659
Energy,2021-07-12,0.0012964326453876879,-0.04951674057116828
Energy,2021-07-13,-0.005392549321723821,-0.05464226842711106
Energy,2021-07-14,0.013135029450285742,-0.04222496678184595
Energy,2021-07-15,-0.02825943576389602,-0.06929114880933773
Energy,2021-07-16,-0.010907730756981565,-0.07944307037126519
Energy,2021-07-19,-0.03304632519951046,-0.10986409403243913
Energy,2021-07-20,0.015717027555517894,-0.09587380347019114
Energy,2021-07-21,0.03174091167332393,-0.06717601372460025
Energy,2021-07-22,-0.007159633603115822,-0.07385469168253
Energy,2021-07-23,-0.005763313083305648,-0.07919235705499827
Energy,2021-07-26,0.029007649081516977,-0.05248189207687093
Energy,2021-07-27,-0.008332784268746887,-0.060377356060925536
Energy,2021-07-28,-0.02725590067002816,-0.08598761751143813
Energy,2021-07-29,0.015029117594382415,-0.07225081793229593
Energy,2021-07-30,-0.015985652194538826,-0.08708149368059814
Energy,2021-08-02,0.020152165085290153,-0.06868420923183316
Energy,2021-08-03,-0.007273573484211199,-0.07545820307299167
Energy,2021-08-04,7.621963921786009e-4,-0.07475352065095553
Energy,2021-08-05,0.003315790801899873,-0.07168559688523968
Energy,2021-08-06,0.013375865457578746,-0.05926858832684401
Energy,2021-08-09,-0.0058603900778663835,-0.06478164135775066
Energy,2021-08-10,0.0099235190285959,-0.05550098417987204
Energy,2021-08-11,0.0093408172141845585,-0.04667859151411902
Energy,2021-08-12,0.014851636719775664,-0.03252020827810187
Energy,2021-08-13,4.6533056868746574e-4,-0.032070010356426204
Energy,2021-08-16,-0.015429688044780749,-0.047004868145814394
Energy,2021-08-17,0.02132840640023291,-0.026679000676184894
Energy,2021-08-18,-7.115780011002841e-4,-0.027371594487312745
Energy,2021-08-19,-0.03532824305966931,-0.061732847204003516
Energy,2021-08-20,-0.007676563654434884,-0.06893551472730741
Energy,2021-08-23,0.03316614145852952,-0.03805569830174027
Energy,2021-08-24,0.0019034681794163329,-0.03622466793308676
Energy,2021-08-25,-5.276366706902791e-4,-0.036733191140592036
Energy,2021-08-26,0.006412824338140326,-0.030555930304615675
Energy,2021-08-27,0.009069037606642584,-0.02176400557901148
Energy,2021-08-30,-0.002781532826089669,-0.02448500110915597
Energy,2021-08-31,-0.02032217204561208,-0.04430958474969071
Energy,2021-09-01,0.006707213891815459,-0.037899564720249024
Energy,2021-09-02,0.030397197059015012,-0.008654408198486174
Energy,2021-09-03,0.004441698873982383,-0.004251149599654003
Energy,2021-09-06,0.01797903009123301,0.013651448945004585
Energy,2021-09-07,6.457675782158079e-4,0.014306032186344853
Energy,2021-09-08,-0.009053817592055364,0.005122690388408069
Energy,2021-09-09,-0.02136506775561216,-0.01635182399444346
Energy,2021-09-10,0.00837435688104227,-0.008114403123186564
Energy,2021-09-13,0.019136989812879257,0.010867301439786647
Energy,2021-09-14,0.0032547256650865735,0.014157397189779486
Energy,2021-09-15,0.030132044532844838,0.0447160330452161
Energy,2021-09-16,-0.021429563034309006,0.02232822496212039
Energy,2021-09-17,-0.015345470466749502,0.006640117378639676
Energy,2021-09-20,-0.010905945095304263,-0.004338244472222419
Energy,2021-09-21,0.00492736027166979,5.677397059860034e-4
Energy,2021-09-22,0.03314991909875955,0.03373647933006829
Energy,2021-09-23,-0.006024446460262854,0.027508789256323718
Energy,2021-09-24,0.006944975524094306,0.03464481264850039
Energy,2021-09-27,0.029192505196216457,0.06484868671798028
Energy,2021-09-28,0.029367327279661543,0.09612044660414498
Energy,2021-09-29,-0.0013307994636211,0.09466173010174006
Energy,2021-09-30,0.027288587513147448,0.12453350252091466
Energy,2021-10-01,0.010644898892848783,0.13650404795687088
Energy,2021-10-04,0.01524222144416084,0.15382689432801455
Energy,2021-10-05,0.0038236954143715586,0.15823877693283528
Energy,2021-10-06,-0.039210522395585805,0.11282362943047453
Energy,2021-10-07,-0.019814720729595267,0.09077333999201498
Energy,2021-10-08,0.034792618579989734,0.12872420076757884
Energy,2021-10-11,0.012194317592290454,0.142488222145843
Energy,2021-10-12,4.7718797600033384e-4,0.14303340378817286
Energy,2021-10-13,-0.011557045139803643,0.12982331514428957
Energy,2021-10-14,0.016803377837179327,0.14880816319791368
Energy,2021-10-15,-0.002738809193032886,0.14566179683951597
Energy,2021-10-18,0.01162997230145603,0.15898581180359583
Energy,2021-10-19,-0.004048192792640859,0.15429401379347962
Energy,2021-10-20,0.016666754570514017,0.17353234882358892
Energy,2021-10-21,-0.004098087942023716,0.16872311005530016
Energy,2021-10-22,-0.010805862945177479,0.15609404830718088
Energy,2021-10-25,0.01424505822578645,0.17256267533980196
Energy,2021-10-26,-0.010710452833386347,0.16000399811138566
Energy,2021-10-27,-0.012101543419507903,0.14596615936143809
Energy,2021-10-28,-0.04153341491152243,0.09837027139011556
Energy,2021-10-29,-0.018548946364366346,0.07799666013788586
Energy,2021-11-01,0.034480843423659306,0.11516689418732784
Energy,2021-11-02,-0.00669502668002421,0.10770082207806397
Energy,2021-11-03,0.0036085329318870933,0.11169799697321126
Energy,2021-11-04,0.013278992006712507,0.1264602257888967
Energy,2021-11-05,0.014816376140553198,0.1431502842015573
Energy,2021-11-08,0.018931353341402352,0.16479166615410157
Energy,2021-11-09,-0.023901415800995123,0.1369514962198184
Energy,2021-11-10,0.0061496207308787305,0.14394331671097538
Energy,2021-11-11,-0.0039923519942554955,0.13937629232918902
Energy,2021-11-12,-0.006226497179109081,0.13228196905905754
Energy,2021-11-15,0.010473912921348952,0.14414139180539576
Energy,2021-11-16,0.036461922362362925,0.18585898640497
Energy,2021-11-17,-0.0021480151424456712,0.18331174334536682
Energy,2021-11-18,-0.041699194038617375,0.13396859735143374
Energy,2021-11-19,-0.023443391946481498,0.10738452706872237
Energy,2021-11-22,0.015743294255879392,0.12481840753277296
Energy,2021-11-23,0.015245002290571815,0.14196626673208756
Energy,2021-11-24,0.01508540960663687,0.1591932956227029
Energy,2021-11-25,-0.0070741056101312335,0.15099303982691192
Energy,2021-11-26,-0.048375110330470934,0.09531362453568093
Energy,2021-11-29,0.02778785603687344,0.12575004184950433
Energy,2021-11-30,0.0015523545061031144,0.12749760499971519
Energy,2021-12-01,0.008276867943562388,0.1368297537829808
Energy,2021-12-02,-0.002289915259420093,0.13422650998243024
Energy,2021-12-03,0.0045162644780406234,0.13934897687951575
Energy,2021-12-06,9.255093361049605e-4,0.1404034549946993
Energy,2021-12-07,0.0313250230013933,0.17612661945327668
Energy,2021-12-08,-0.003160657437046571,0.17240928610659334
Energy,2021-12-09,-0.011274433820005278,0.15919103520042488
Energy,2021-12-10,-0.013269568966824158,0.14380906981310848
Energy,2021-12-13,-0.003778883965365071,0.13948674805975259
Energy,2021-12-14,-0.002494326745253385,0.13664449578820537
Energy,2021-12-15,-0.013670336304793756,0.1211061832717879
Energy,2021-12-16,0.037532699365279004,0.16318432460508325
Energy,2021-12-17,-0.01335417264668877,0.14765096031438474
Energy,2021-12-20,-0.0038301994967771726,0.14325522818371272
Energy,2021-12-21,0.05233657011872009,0.20308928559714312
Energy,2021-12-22,-0.012403159901571315,0.18816717681201456
Energy,2021-12-23,-0.00866464170765594,0.17787213393614132
Energy,2021-12-24,0,0.17787213393614132
Energy,2021-12-27,-0.009000771060121798,0.16727037652048504
Energy,2021-12-28,0.010015361725485603,0.17896101157278155
Energy,2021-12-29,-0.011247331876120507,0.16570084580661582
Energy,2021-12-30,-0.008038852481434839,0.15632994866969252
Energy,2021-12-31,0,0.15632994866969252
Energy,2022-01-03,0.00210257080255865,0.15876121425788958
Energy,2022-01-04,0.021458697676372127,0.18362672083375564
Energy,2022-01-05,0.02067704069649608,0.20810061870989527
Energy,2022-01-06,0.002554750250094013,0.21118701406768303
Energy,2022-01-07,-0.009217534099446338,0.20002285646470752
Energy,2022-01-10,0.002383416775272158,0.2028830110715154
Energy,2022-01-11,-0.010446598791805175,0.1903169748613729
Energy,2022-01-12,0.021273427660288016,0.21563909691889904
Energy,2022-01-13,-0.009037151226559388,0.2046531825631248
Energy,2022-01-14,0.04897709715803258,0.2636535985272521
Energy,2022-01-17,-0.01259199174542285,0.24774168284552323
Energy,2022-01-18,0.022048089081598353,0.2752520026197247
Energy,2022-01-19,-0.02695010159383368,0.24088383159138327
Energy,2022-01-20,0.009499212208500717,0.25267125043376737
Energy,2022-01-21,-0.02173744930938501,0.22544137262613928
Energy,2022-01-24,-0.008561484137089315,0.21494977575346752
Energy,2022-01-25,0.01453946468758992,0.23261449511523025
Energy,2022-01-26,0.03712939142172675,0.27838072117645773
Energy,2022-01-27,-0.020554769038364694,0.25210390070957756
Energy,2022-01-28,-0.021021428276603787,0.2257828883659554
Energy,2022-01-31,-0.013070677002633457,0.20976107615676898
Energy,2022-02-01,0.0030940078060631726,0.2135040863698694
Energy,2022-02-02,0.0051164523062502704,0.21971292215122085
Energy,2022-02-03,0.0033830358654347277,0.22383925471239263
Energy,2022-02-04,0.041326775708154344,0.27441658509472644
Energy,2022-02-07,0.0059070147036317504,0.28194458260143307
Energy,2022-02-08,-0.017362837480770707,0.25968638715437
Energy,2022-02-09,0.011691909956875107,0.2744145269668803
Energy,2022-02-10,0.03002726773945751,0.3126817131791688
Energy,2022-02-11,0.026611937627513335,0.3476147170550703
Energy,2022-02-14,-0.007405079557113556,0.3376355228629404
Energy,2022-02-15,-0.058395182262734824,0.2595240527042504
Energy,2022-02-16,0.037609435814773044,0.3068940417215935
Energy,2022-02-17,1.8152785536947327e-5,0.3069177654888524
Energy,2022-02-18,0.0033350270544267417,0.3112763715946687
Energy,2022-02-21,0.02230260527363707,0.3405212509149915
Energy,2022-02-22,-0.011708328660466534,0.3248259875329391
Energy,2022-02-23,0.019223125600237697,0.3502932838897439
Energy,2022-02-24,0.03366270470075154,0.3957478079647325
Energy,2022-02-25,-0.04492415805745611,0.3330450128313769
Energy,2022-02-28,0.015949508675638966,0.3543064258285482
Energy,2022-03-01,0.07024468266426914,0.44943925094105497
Energy,2022-03-02,0.01760116910673633,0.4749510763068099
Energy,2022-03-03,-0.018793321510572558,0.447231846517411
Energy,2022-03-04,0.012705789890589441,0.46562007028223085
Energy,2022-03-07,0.02902198869882878,0.5081552793987383
Energy,2022-03-08,0.03090473122429475,0.5547644129530573
Energy,2022-03-09,-0.054718483499151246,0.46969006207781816
Energy,2022-03-10,-0.01382227655715337,0.44937559958647855
Energy,2022-03-11,-0.014609206360673005,0.4282013723579956
Energy,2022-03-14,-0.0020486505773962224,0.4252754867918762
Energy,2022-03-15,-0.01327040612945205,0.4063615022357956
Energy,2022-03-16,0.010654475808397762,0.42134554683922865
Energy,2022-03-17,0.033818044945058884,0.46941267442469714
Energy,2022-03-18,0.009074615245162515,0.4827470290814666
Energy,2022-03-21,0.052337273967475825,0.5603499665669642
Energy,2022-03-22,-0.0029890249038167383,0.5556860416582261
Energy,2022-03-23,0.019520775947223366,0.5860542403216591
Energy,2022-03-24,-0.0034075312051567034,0.580649711004692
Energy,2022-03-25,0.013212272387464549,0.601533685535653
Energy,2022-03-28,-0.00834661720231912,0.5881662969258676
Energy,2022-03-29,-0.046763545609822516,0.5138980098635919
Energy,2022-03-30,0.0616810916638284,0.6072768917796756
Energy,2022-03-31,0.012134741610441884,0.6267807815578559
Energy,2022-04-01,-0.001241848466498962,0.6247605663389482
Energy,2022-04-04,-0.0019657766435840843,0.6215666499662227
Energy,2022-04-05,-0.00478114597916598,0.613813703097787
Energy,2022-04-06,0.017584617724784563,0.6421920001457804
Energy,2022-04-07,-0.01667057169057593,0.6148157206776599
Energy,2022-04-08,0.03265609368092098,0.6675492941295336
Energy,2022-04-11,-0.022958120426485096,0.6292654966178075
Energy,2022-04-12,0.011605042791105724,0.6481731924241292
Energy,2022-04-13,0.028931024457873936,0.6958565313649638
Energy,2022-04-14,0,0.6958565313649638
Energy,2022-04-15,0,0.6958565313649638
Energy,2022-04-18,0,0.6958565313649638
Energy,2022-04-19,-0.006995481078139732,0.6839931990885606
Energy,2022-04-20,-0.006305681087243423,0.6733744750220214
Energy,2022-04-21,-0.00485962421085308,0.6652425039093808
Energy,2022-04-22,-0.020714771721283606,0.6307473855803194
Energy,2022-04-25,-0.045132400407089504,0.5571478416114939
Energy,2022-04-26,-9.724887809231573e-4,0.5556335328052882
Energy,2022-04-27,0.04648139960103934,0.6279415566763873
Energy,2022-04-28,-0.023806063717639714,0.5891866762495557
Energy,2022-04-29,0.003982088302084692,0.5955149579228778
Energy,2022-05-02,-0.009626292165672607,0.5801560647832114
Energy,2022-05-03,0.02083468481980122,0.6130781183590668
Energy,2022-05-04,0.03292914434354061,0.6661954005559196
Energy,2022-05-05,5.609121019424265e-4,0.6671299897202922
Energy,2022-05-06,0.0061339973669890585,0.6773561606876652
Energy,2022-05-09,-0.042536281168874854,0.6060076674163104
Energy,2022-05-10,-0.005451373965843434,0.5972527190292121
Energy,2022-05-11,0.027008306816627442,0.6403918105284454
Energy,2022-05-12,0.007463596857387705,0.6526350336903901
Energy,2022-05-13,0.01343982038781304,0.6748461517097961
Energy,2022-05-16,0.0019599608358250743,0.6781287845731798
Energy,2022-05-17,0,0.6781287845731798
Energy,2022-05-18,0.02966459009745637,0.727909787098286
Energy,2022-05-19,-0.025593583401217805,0.6836863838524057
Energy,2022-05-20,0.011298061437072156,0.7027087760579318
Energy,2022-05-23,0.004844487219446342,0.7109575269619837
Energy,2022-05-24,0.0022396912769701753,0.714789543610387
Energy,2022-05-25,0.043579978851941245,0.7895200356564578
Energy,2022-05-26,0,0.7895200356564578
Energy,2022-05-27,0.0011260410484437975,0.7915351086736193
Energy,2022-05-30,-0.0027662983906598907,0.7865791879856849
Energy,2022-05-31,0.0230281737778978,0.8277208439945949
Energy,2022-06-01,-0.023256859458169642,0.7852137971970454
Energy,2022-06-02,-0.015165534093788595,0.7581400764909518
Energy,2022-06-03,0.015417388994275177,0.7852460059566375
Energy,2022-06-06,0,0.7852460059566375
Energy,2022-06-07,0.0200087474075778,0.8209665423502113
Energy,2022-06-08,7.654957258482137e-4,0.822360484455293
Energy,2022-06-09,-0.002253148295598758,0.818254436035776
Energy,2022-06-10,-0.01616510510096173,0.7888621619769678
Energy,2022-06-13,-0.05239339017825838,0.6951376087493857
Energy,2022-06-14,0.04997545330335874,0.7798528791582078
Energy,2022-06-15,0.002571388169337378,0.7844295717948364
Energy,2022-06-16,-0.01550544452511138,0.7567611980604034
Energy,2022-06-17,-6.88275642158911e-4,0.7555520621186884
Energy,2022-06-20,0.005935892860488516,0.7659728310704346
Energy,2022-06-21,-0.011824969507391238,0.7450902561921453
Energy,2022-06-22,-0.04742415660316604,0.66233082259583
Energy,2022-06-23,-0.007892928998835855,0.6492101634405048
Energy,2022-06-24,-0.013713032942306167,0.6265944901404588
Energy,2022-06-27,0.030381411089524014,0.6760127260213709
Energy,2022-06-28,0.03447981679580244,0.7338013377620212
Energy,2022-06-29,0.011190535346929476,0.7532035029168007
Energy,2022-06-30,-0.02650935739316899,0.7067272046750235
Energy,2022-07-01,-0.03504026642595711,0.6469230287067815
Energy,2022-07-04,0.05420911815465524,0.7362012737615702
Energy,2022-07-05,-0.03317958214631522,0.6785948409762612
Energy,2022-07-06,-0.028729188481466453,0.6303701734058369
Energy,2022-07-07,0.04956097444550881,0.7111729079067233
Energy,2022-07-08,-0.018677704215315727,0.67921212647158
Energy,2022-07-11,0.011265520038154913,0.6981293243306581
Energy,2022-07-12,-0.01333010258695604,0.6754930862314121
Energy,2022-07-13,0.00722941768424436,0.6876059255788429
Energy,2022-07-14,-0.050329390360765155,0.602669748175245
Energy,2022-07-15,0.01357441082859403,0.6244250457595351
Energy,2022-07-18,0.04694606475454752,0.700685409146671
Energy,2022-07-19,-0.004750619956603578,0.6926060991020744
Energy,2022-07-20,0.019861793242357824,0.7262242914831938
Energy,2022-07-21,-0.04240789417789552,0.6530187544026618
Energy,2022-07-22,0.031034627814531614,0.7043195762159893
Energy,2022-07-25,0.0021062363649927474,0.7079092760849846
Energy,2022-07-26,0.038437465393118306,0.7735569797790869
Energy,2022-07-27,-0.003918368721178377,0.7666075295842929
Energy,2022-07-28,0.00553525033965793,0.7763861445124667
Energy,2022-07-29,0.034168233556193,0.8370821211841539
Energy,2022-08-01,-0.025645840813676216,0.7899686055426145
Energy,2022-08-02,0.0173912210412986,0.8210983452185909
Energy,2022-08-03,-4.888476052227765e-4,0.8202081056536557
Energy,2022-08-04,-0.029211036174438446,0.7670379408344006
Energy,2022-08-05,0.004924431719609677,0.7757395985199995
Energy,2022-08-08,-0.006196748548512141,0.764735786740335
Energy,2022-08-09,0.032587119383944214,0.8222434425039611
Energy,2022-08-10,-0.02625310338088049,0.7744038970227729
Energy,2022-08-11,0.03460683267254047,0.8358103957805436
Energy,2022-08-12,-0.008215994727965255,0.8207273872472669
Energy,2022-08-15,-0.019133937143133422,0.7858897038648962
Energy,2022-08-16,0.038795782327798865,0.8551746920774959
Energy,2022-08-17,-0.006389044941217385,0.8433218975960037
Energy,2022-08-18,0.01302505242519642,0.8673312619487044
Energy,2022-08-19,0.014559819164169954,0.8945192674422788
Energy,2022-08-22,0.021774509526232458,0.9357714952788316
Energy,2022-08-23,0.03305188831779886,0.9997523985495662
Energy,2022-08-24,0.016350839351067806,1.0324500287601626
Energy,2022-08-25,-0.007618934366231071,1.0169649253883946
Energy,2022-08-26,0.0118288419071734,1.0408232846231278
Energy,2022-08-29,-0.006425867915301376,1.0277092237576682
Energy,2022-08-30,-0.035286327217492044,0.9561588125862281
Energy,2022-08-31,-0.011022605002899203,0.9345968466721499
Energy,2022-09-01,-0.0011229569615577473,0.9324243776753718
Energy,2022-09-02,-0.004417371434468026,0.9238881414301587
Energy,2022-09-05,0.04832137057608222,1.0168530532591356
Energy,2022-09-06,-0.06310036195130445,0.8895888955958908
Energy,2022-09-07,-0.051197620410148845,0.7928464405879401
Energy,2022-09-08,0.004522573758823689,0.8009547208537435
Energy,2022-09-09,0.009276377716876812,0.8176610570953751
Energy,2022-09-12,0.010396458884859182,0.8365582955420767
Energy,2022-09-13,0.014180490963381441,0.8626015938557341
Energy,2022-09-14,0.016548356068973098,0.8934245882454959
Energy,2022-09-15,-0.019079452058391223,0.8572990845878867
Energy,2022-09-16,-0.016438286025293913,0.8267682710009145
Energy,2022-09-19,-0.011052703428152094,0.8065775430695832
Energy,2022-09-20,-0.01017623745992583,0.7881933810015378
Energy,2022-09-21,0.009148026886245442,0.8045518221287458
Energy,2022-09-22,0.005531651121988483,0.8145339732403107
Energy,2022-09-23,-0.05466028669017028,0.7153510260539415
Energy,2022-09-26,0.01635279270516364,0.7434018057995915
Energy,2022-09-27,0.024653969860643495,0.7863835813747657
Energy,2022-09-28,0.002016699239156722,0.7899861797841665
Energy,2022-09-29,-0.014751153736252163,0.7635818184604035
Energy,2022-09-30,0.02525506326610259,0.8081211888605693
Energy,2022-10-03,0.03594263611295897,0.8731098307999154
Energy,2022-10-04,7.220276614534705e-4,0.8744622679106935
Energy,2022-10-05,0.0032159388422260985,0.8804904239263547
Energy,2022-10-06,0.014632817431549648,0.9080072969814463
Energy,2022-10-07,0.018943578870002222,0.9441517836963542
Energy,2022-10-10,-0.011757660466864144,0.9212931071276043
Energy,2022-10-11,-0.014064994083379172,0.8942701309434173
Energy,2022-10-12,-0.016185688206099436,0.86361006522584
Energy,2022-10-13,0.018420953387886272,0.8979395393705609
Energy,2022-10-14,-0.024178759588299643,0.852049715534992
Energy,2022-10-17,0.0019929540221234237,0.8557407654647402
Energy,2022-10-18,-0.014647878485990263,0.8285581002307143
Energy,2022-10-19,0.0032831058714601204,0.8345614500658878
Energy,2022-10-20,0.02388349336582716,0.8783771862877388
Energy,2022-10-21,-0.009049970060269641,0.861377928989941
Energy,2022-10-24,-0.009815287072152427,0.8431079702671362
Energy,2022-10-25,-0.0019575705709122776,0.8394999563455274
Energy,2022-10-26,0.01103588152402245,0.8598004599272011
Energy,2022-10-27,0.030901960407010674,0.9172719401048115
Energy,2022-10-28,0.0037966275889412667,0.9245511076481163
Energy,2022-10-31,0.005788424404213486,0.9356912262467827
Energy,2022-11-01,0.00977212436970137,0.954607041651006
Energy,2022-11-02,0.012153833260262266,0.9783630097245666
Energy,2022-11-03,0.012448821333745324,1.0029912973659183
Energy,2022-11-04,0.00291826668174214,1.0088365601328406
Energy,2022-11-07,0.0021335799051580466,1.013122573450287
Energy,2022-11-08,-0.03036989340698588,0.9519842554794047
Energy,2022-11-09,-0.013889775764492664,0.9248716318749755
Energy,2022-11-10,-0.031879472447893194,0.8635077397208859
Energy,2022-11-11,-0.012402933320503691,0.8403947774828853
Energy,2022-11-14,0.004666287112929466,0.8489825879157564
Energy,2022-11-15,0.006876695877116816,0.8616974788549376
Energy,2022-11-16,0.0012473734881423937,0.8640197109330028
Energy,2022-11-17,-0.019533771718306593,0.8276083754212138
Energy,2022-11-18,-0.018096299683748172,0.7945354265550633
Energy,2022-11-21,-0.007160803491942901,0.7816851110061727
Energy,2022-11-22,0.04334109326384731,0.8589052915690993
Energy,2022-11-23,0.013927974655055712,0.8847960773562229
Energy,2022-11-24,0.00310648206847899,0.8906511625732696
Energy,2022-11-25,0.007690995617860201,0.9051921523795228
Energy,2022-11-28,-0.012795772472674742,0.880813747080949
Energy,2022-11-29,0.037375997227329996,0.9511110364769706
Energy,2022-11-30,0.005499785884077536,0.9618417294136545
Energy,2022-12-01,-0.003157496321701922,0.9556472213692695
Energy,2022-12-02,-0.02318395990666394,0.9103075745974656
Energy,2022-12-05,0.005380985907751074,0.920586912735845
Energy,2022-12-06,-0.008850930057766304,0.9035879323013587
Energy,2022-12-07,-0.0153674649250519,0.8743346115199655
Energy,2022-12-08,0.010821737107771678,0.894618167937832
Energy,2022-12-09,-0.016281430363219124,0.8637710741716622
Energy,2022-12-12,0.004595488984063272,0.8723360136118341
Energy,2022-12-13,0.018140866578760982,0.9063018114253756
Energy,2022-12-14,-0.013632197146393753,0.8803147293114975
Energy,2022-12-15,0.005895028397272116,0.8913992380365976
Energy,2022-12-16,-0.01884082037487599,0.8557637247355727
Energy,2022-12-19,0.010394737130890848,0.8750539008312417
Energy,2022-12-20,0.005405018266102188,0.8851886014151611
Energy,2022-12-21,0.0013373409826181624,0.8877097413917978
Energy,2022-12-22,0.009710140926560105,0.9060396690091526
Energy,2022-12-23,-0.003881393462065105,0.8986415790994238
Energy,2022-12-26,0,0.8986415790994238
Energy,2022-12-27,0.00525682459609995,0.9086224048516118
Energy,2022-12-28,-0.020330674257214854,0.8698188244585514
Energy,2022-12-29,0.005200480400070279,0.8795427806068306
Energy,2022-12-30,-0.018849081589182925,0.8441151253848127
Energy,2023-01-02,0.008282603140022049,0.859389199112887
Energy,2023-01-03,-0.05020741781211944,0.7660340687176841
Energy,2023-01-04,-0.04573898190608698,0.6852574684030728
Energy,2023-01-05,0.00863227756558098,0.6998050786397965
Energy,2023-01-06,0.007985343789636137,0.7133786065681049
Energy,2023-01-09,0.005104869180737327,0.7221251802117092
Energy,2023-01-10,-0.010679421582073547,0.7037338793951238
Energy,2023-01-11,-0.015404079553421093,0.6774894271790628
Energy,2023-01-12,0.019928486207936205,0.7109192520925596
Energy,2023-01-13,-7.556028479141251e-4,0.7096264766331275
Energy,2023-01-16,-0.014142952748898378,0.6854473101558394
Energy,2023-01-17,0.018406575573609425,0.7164706234455596
Energy,2023-01-18,0.005890155484723828,0.7265809023026149
Energy,2023-01-19,-0.017212562519069902,0.6968620205774991
Energy,2023-01-20,0.009322772110079048,0.7126814784975912
Energy,2023-01-23,0.006473450977018606,0.723768438087893
Energy,2023-01-24,-0.021845013076714985,0.6861126940166347
Energy,2023-01-25,-0.020569286165446034,0.6514305595062153
Energy,2023-01-26,0.002867140086632104,0.6561654422636647
Energy,2023-01-27,0.02742109002103997,0.7015793039457119
Energy,2023-01-30,-0.010611189579838719,0.6835235233664139
Energy,2023-01-31,0.010412472897902746,0.7010531664264483
Energy,2023-02-01,0.005864785006340001,0.7110294775318935
Energy,2023-02-02,-0.03431414397682644,0.65231696569127
Energy,2023-02-03,0.018464216041378486,0.6828257031146283
Energy,2023-02-06,-0.0168565754451293,0.6544590246890738
Energy,2023-02-07,0.021759026540650966,0.6904584425177027
Energy,2023-02-08,0.06304887571892011,0.7970399467680005
Energy,2023-02-09,0.001454756569405465,0.7996542024360453
Energy,2023-02-10,0.030075150577192688,0.8537790735611872
Energy,2023-02-13,-0.0036249796053658464,0.8470591622266737
Energy,2023-02-14,-0.003636157436938032,0.8403429643174787
Energy,2023-02-15,-0.01058033572856609,0.8208715178992954
Energy,2023-02-16,0.006787202797560585,0.8332301421595798
Energy,2023-02-17,-0.026746382230120772,0.7841978680616009
Energy,2023-02-20,0.0059624255160262655,0.7948360149557709
Energy,2023-02-21,-0.012852169623198422,0.7717684780457339
Energy,2023-02-22,-0.004313948978527556,0.7641251592296812
Energy,2023-02-23,0.022274491370777954,0.803420149865915
Energy,2023-02-24,0.0010786829154831633,0.8053654683710134
Energy,2023-02-27,2.022592276737505e-5,0.8054019835535435
Energy,2023-02-28,0.0018250855280501775,0.8086969965860402
Energy,2023-03-01,-0.0040435504419839615,0.8013834390460794
Energy,2023-03-02,0.021530360675975364,0.8401678742044705
Energy,2023-03-03,-0.007881047281566326,0.8256654241818455
Energy,2023-03-06,0.0011176407118094866,0.827705862186054
Energy,2023-03-07,0.0012088889440522927,0.8299153555958303
Energy,2023-03-08,-0.0018295801773592275,0.8265673787349868
Energy,2023-03-09,-0.021628789016781745,0.7870609382753917
Energy,2023-03-10,0.006807735457326646,0.7992267763892924
Energy,2023-03-13,-0.02833531635653579,0.7482451164831518
Energy,2023-03-14,-6.275112862705828e-4,0.7471480729413911
Energy,2023-03-15,-0.05504889452192533,0.6509695029598555
Energy,2023-03-16,-0.011699348601879973,0.6316542352136556
Energy,2023-03-17,0.006665101971821982,0.6425293770741101
Energy,2023-03-20,0.007181536433673099,0.6543252616389461
Energy,2023-03-21,0.004916944631427308,0.6624594873527963
Energy,2023-03-22,-0.00375390936608665,0.6562187651124829
Energy,2023-03-23,-0.007005762992499779,0.6446156889803742
Energy,2023-03-24,-0.03497120003916492,0.5871015047334927
Energy,2023-03-27,0.01657581245590565,0.6134090016244407
Energy,2023-03-28,0.025005427026238057,0.6537529826780362
Energy,2023-03-29,0.0011185254127585294,0.655602747415587
Energy,2023-03-30,0.010119304703439977,0.6723562960845377
Energy,2023-03-31,0.00703183195373994,0.684116024525383
Energy,2023-04-03,0.04777409257073082,0.7645731393809099
Energy,2023-04-04,-0.019512937343540177,0.7301411342740762
Energy,2023-04-05,-0.004564322046439155,0.7222442129514577
Energy,2023-04-06,0,0.7222442129514577
Energy,2023-04-07,0,0.7222442129514577
Energy,2023-04-10,0,0.7222442129514577
Energy,2023-04-11,0.0050259983601881695,0.7309002095415953
Energy,2023-04-12,0.008447501523401083,0.7455219916985532
Energy,2023-04-13,-0.012306112485993639,0.724041401721935
Energy,2023-04-14,6.675087588615562e-4,0.7251922144582243
Energy,2023-04-17,0.0010718776136701526,0.7270414093721802
Energy,2023-04-18,-0.011648967892116918,0.7069231594460474
Energy,2023-04-19,-0.01570657178392845,0.680113248312558
Energy,2023-04-20,0.002017704455607118,0.683503220299603
Energy,2023-04-21,0.005998539720922098,0.6936017812368704
Energy,2023-04-24,0.011851474871090471,0.7136734601888333
Energy,2023-04-25,-0.012121457113077676,0.692901240835335
Energy,2023-04-26,-0.007134789767121315,0.6808227463854759
Energy,2023-04-27,-0.008362239039690224,0.6667673047968519
Energy,2023-04-28,0.02522496909617128,0.7088114585508611
Energy,2023-05-01,0,0.7088114585508611
Energy,2023-05-02,-0.027503325919969644,0.6618134600705581
Energy,2023-05-03,-0.014249428278993852,0.6381335683582161
Energy,2023-05-04,0.005706804845184663,0.6474820769431824
Energy,2023-05-05,0.04320483565075632,0.7186612693150793
Energy,2023-05-08,0.011844501925831225,0.7390179560293335
Energy,2023-05-09,-0.01602937940236378,0.7111425774246161
Energy,2023-05-10,-0.0015928813186101415,0.708416930379558
Energy,2023-05-11,-0.009339331406948235,0.6924614584855022
Energy,2023-05-12,0.021536126824360187,0.7289105231007875
Energy,2023-05-15,-0.004776973169296391,0.720651563919821
Energy,2023-05-16,-0.0051100327449778845,0.7118589780854931
Energy,2023-05-17,0,0.7118589780854931
Energy,2023-05-18,0,0.7118589780854931
Energy,2023-05-19,0.010390219633249695,0.7296455688489518
Energy,2023-05-22,-0.007017190745839971,0.717508315969642
Energy,2023-05-23,0.014212091246334579,0.741917700872541
Energy,2023-05-24,0.008905808736095226,0.7574308867505304
Energy,2023-05-25,-0.032248754418437255,0.7007559296763362
Energy,2023-05-26,-0.0037854008242682387,0.6943178867782602
Energy,2023-05-29,0,0.6943178867782602
Energy,2023-05-30,-0.01692798305529425,0.6656365023005959
Energy,2023-05-31,-0.018916943191725138,0.634127751208512
Energy,2023-06-01,0.003208823097597118,0.6393713780810142
Energy,2023-06-02,0.03505432053103169,0.6968384278376651
Energy,2023-06-05,0.016130596996481568,0.7242094446852578
Energy,2023-06-06,-0.01389041560666061,0.7002594589056501
Energy,2023-06-07,0.024070832164674583,0.7411861189773683
Energy,2023-06-08,0.010529220470820307,0.7595194515048129
Energy,2023-06-09,0.014504483857895345,0.7850403729868174
Energy,2023-06-12,-0.008897717914327884,0.769157587282294
Energy,2023-06-13,0.03552765001784637,0.8320115988696768
Energy,2023-06-14,-0.018243132486085032,0.798589968555453
Energy,2023-06-15,0.005130005994787716,0.8078167458763073
Energy,2023-06-16,-0.001273716471907346,0.8055140999088948
Energy,2023-06-19,-0.00617634748472866,0.7943626174392804
Energy,2023-06-20,0.007264446107568426,0.8073976679711032
Energy,2023-06-21,0.00158442058676319,0.8102613460447046
Energy,2023-06-22,-0.028978078186725993,0.7578034512206131
Energy,2023-06-23,-0.011573923058413071,0.7374587693243728
Energy,2023-06-26,0.010163883611359486,0.7551180980353218
Energy,2023-06-27,-0.006778209962950789,0.7432215390570636
Energy,2023-06-28,0.0018062901430026083,0.7463703029401323
Energy,2023-06-29,0.015444041973701542,0.7733413192003658
Energy,2023-06-30,0.01071580426109984,0.7923440976650373
Energy,2023-07-03,0.012804987421435573,0.8152950412905224
Energy,2023-07-04,0.001879780361286029,0.8187073972590801
Energy,2023-07-05,-0.01251891794394713,0.7959391485887441
Energy,2023-07-06,-0.0206350090946537,0.7588799279241709
Energy,2023-07-07,0.002334972009788293,0.7629868633244521
Energy,2023-07-10,0.0020602104436765385,0.7666189872723377
Energy,2023-07-11,-5.38086112818882e-4,0.7656683941286442
Energy,2023-07-12,0.007967847367064882,0.7797369703939117
Energy,2023-07-13,-0.012049748151121958,0.7582915881254242
Energy,2023-07-14,-0.022854245458103675,0.7181071605834868
Energy,2023-07-17,-0.0057409030764992335,0.7082436738995379
Energy,2023-07-18,0.016341747798540127,0.7361593611968558
Energy,2023-07-19,0.005330571686415874,0.7454140831307574
Energy,2023-07-20,0.015928206899068643,0.7732153997714124
Energy,2023-07-21,0.010572843613104448,0.7919633288855441
Energy,2023-07-24,0.017165639854012548,0.8227235260207908
Energy,2023-07-25,0.003885797107324414,0.8298062598256548
Energy,2023-07-26,-0.024226567953895627,0.7854763341295248
Energy,2023-07-27,-1.9101418945430227e-4,0.7851352828147713
Energy,2023-07-28,-0.008312892928973076,0.770295644345
Energy,2023-07-31,0.010584810358508084,0.7890338880188845
Energy,2023-08-01,0.0064633059163710805,0.8005969613319053
Energy,2023-08-02,-0.010301888663106825,0.7820474119091356
Energy,2023-08-03,0.008604435552540304,0.7973809240164789
Energy,2023-08-04,0.020544582988438947,0.8343073655717725
Energy,2023-08-07,-0.013121986618831748,0.8102376088659153
Energy,2023-08-08,-0.0027927034650074827,0.8051821520231486
Energy,2023-08-09,0.06255395294607892,0.9181034314199061
Energy,2023-08-10,-0.01739318113627539,0.8847415109991084
Energy,2023-08-11,0.01547921647975804,0.91391583285625
Energy,2023-08-14,-0.006412183961017679,0.9016434524500714
Energy,2023-08-15,0.002170853387978703,0.9057716415815502
Energy,2023-08-16,-0.0013030984858263671,0.9032882334410743
Energy,2023-08-17,0.010430297560698394,0.923140096059641
Energy,2023-08-18,-0.009455268879911249,0.9049562893576588
Energy,2023-08-21,0.014075505199438508,0.9317695115132156
Energy,2023-08-22,3.726482524921513e-4,0.9324893820458988
Energy,2023-08-23,-0.02657510267848682,0.8811332782929435
Energy,2023-08-24,-1.1236629569607834e-4,0.880921902314751
Energy,2023-08-25,0.005313889803209284,0.8909169140320943
Energy,2023-08-28,0.014986292220834389,0.9192547474710975
Energy,2023-08-29,-7.580644182548744e-4,0.9177998287374729
Energy,2023-08-30,0.003979927410866093,0.9254325328444195
Energy,2023-08-31,0.002423837568991775,0.9300994685540867
Energy,2023-09-01,0.022339311682119164,0.97321656215960894
Energy,2023-09-04,6.577653878002682e-4,0.9745144757168316
Energy,2023-09-05,0.01561855782194027,1.005353544226073
Energy,2023-09-06,0.004002448469377561,1.0133798684497215
Energy,2023-09-07,-0.004142610608872425,1.0050392196469913
Energy,2023-09-08,0.012180072130069136,1.0294607419659094
Energy,2023-09-11,0.003437943003915904,1.0364379123254732
Energy,2023-09-12,-1.8315530832583072e-4,1.0360649279117546
Energy,2023-09-13,-0.0023509280618206315,1.0312782857370384
Energy,2023-09-14,0.024429085655088265,1.0809005569686292
Energy,2023-09-15,-0.00257119115562726,1.0755501638608118
Energy,2023-09-18,0.007255095310101302,1.0906084781205183
Energy,2023-09-19,0.004545130023908986,1.1001105654826624
Energy,2023-09-20,-0.0024002851893121747,1.0950697011964166
Energy,2023-09-21,-0.016057601440836792,1.0614279069438317
Energy,2023-09-22,-0.008747135764994148,1.043396317172046
Energy,2023-09-25,-0.0054123735322344725,1.032336693029119
Energy,2023-09-26,7.601119827301601e-4,1.033881496502432
Energy,2023-09-27,0.021805519696848644,1.0782313395354723
Energy,2023-09-28,-0.0016364779921202214,1.0748303596857878
Energy,2023-09-29,-0.006476378508276634,1.061392972935999
Energy,2023-10-02,-0.007981968901315634,1.0449389983326332
Energy,2023-10-03,-0.011245889572376053,1.0219418401751392
Energy,2023-10-04,-0.018012146928248894,0.9855223266695305
Energy,2023-10-05,0.003846513682049996,0.9931596654650807
Energy,2023-10-06,-9.387320198293676e-4,0.9912886226664761
Energy,2023-10-09,0.054361296177168346,1.099537653257474
Energy,2023-10-10,0.014194753129831823,1.1293400719322508
Energy,2023-10-11,-0.012303038841323756,1.103142718320881
Energy,2023-10-12,0.022206499232068706,1.1498461554802044
Energy,2023-10-13,0.014797664061470749,1.1816588566728448
Energy,2023-10-16,0.0036723338935926424,1.1896706364364613
Energy,2023-10-17,0.0017642400801456842,1.1935337411355804
Energy,2023-10-18,0.009712276899489676,1.2148379482178626
Energy,2023-10-19,-0.008620518256537913,1.1957448972499778
Energy,2023-10-20,-0.005861114939087854,1.1828753840302801
Energy,2023-10-23,-0.010679085248334282,1.1595642717177306
Energy,2023-10-24,7.611137466634696e-4,1.161207945771738
Energy,2023-10-25,-0.00217556970929535,1.1565060872294284
Energy,2023-10-26,-0.005792483678721041,1.1440145609160894
Energy,2023-10-27,0.01729583385339239,1.181097080540948
Energy,2023-10-30,0.005153140331072407,1.1923365798726682
Energy,2023-10-31,0.0027255906304446327,1.1983119919135503
Energy,2023-11-01,0.0016115952537651375,1.2018547810860132
Energy,2023-11-02,0.0018894680424659646,1.2060151153290262
Energy,2023-11-03,-0.019521439100366526,1.1629505256006425
Energy,2023-11-06,0.015467181611162551,1.1964052741960667
Energy,2023-11-07,-0.03839995395432078,1.1120634128019105
Energy,2023-11-08,-0.002084511468547749,1.1076607923956248
Energy,2023-11-09,0.007938324279126312,1.1243920872360613
Energy,2023-11-10,0.006968743665338767,1.1391964311366833
Energy,2023-11-13,0.01847890557238993,1.1787264399884516
Energy,2023-11-14,-0.007869822498430976,1.1615802496331042
Energy,2023-11-15,-0.004289875861452369,1.1523073386976113
Energy,2023-11-16,-0.031662433340915314,1.084160051056935
Energy,2023-11-17,0.013274091884800516,1.1118253830772953
Energy,2023-11-20,0.016625429950355822,1.1469353880510305
Energy,2023-11-21,-0.016289288933355763,1.1119633371938207
Energy,2023-11-22,-0.018848461832871713,1.0721560768402987
Energy,2023-11-23,0.025835574410099035,1.1256914193528451
Energy,2023-11-24,0.009504319381874269,1.1458946695096843
Energy,2023-11-27,-0.009087877426412552,1.1263930417831882
Energy,2023-11-28,-0.00937913337478006,1.1064493178370993
Energy,2023-11-29,-0.018322772379110532,1.0678533264582377
Energy,2023-11-30,0.01825138933366604,1.1055945226043433
Energy,2023-12-01,-0.013839864974294982,1.0764533787208839
Energy,2023-12-04,-0.02837770198906811,1.0175284035453491
Energy,2023-12-05,-0.004664195196312747,1.0081182572571081
Energy,2023-12-06,-0.012404980912131602,0.9832075886065308
Energy,2023-12-07,0.008500697606150074,1.000066236607497
Energy,2023-12-08,0.007565011224225303,1.015196760136627
Energy,2023-12-11,-0.0034237116677513623,1.0082973074761328
Energy,2023-12-12,-0.010143996676523537,0.9879251462636236
Energy,2023-12-13,0.0034140847323058253,0.9947120911544491
Energy,2023-12-14,0.005022036554583086,1.0047296081920956
Energy,2023-12-15,-0.02242873550022013,0.959766058060495
Energy,2023-12-18,0.026472440193195158,1.011645847825155
Energy,2023-12-19,-0.0197829115452903,0.9718496359571793
Energy,2023-12-20,0.004328005846470777,0.9803838127099633
Energy,2023-12-21,-0.0015317081716815202,0.9773504426409698
Energy,2023-12-22,0.0021254895088265494,0.9815532802620766
Energy,2023-12-25,0,0.9815532802620766
Energy,2023-12-26,0,0.9815532802620766
Energy,2023-12-27,0.009674694657832193,1.000724203196838
Energy,2023-12-28,-0.013472697309061338,0.9737690516082538
Energy,2023-12-29,-0.0036857589955729166,0.9664942145711055
Energy,2024-01-01,0,0.9664942145711055
Energy,2024-01-02,0.012437649385193013,0.9909527801299514
Energy,2024-01-03,0.006989905832828132,1.0048693525806671
Energy,2024-01-04,0.016371020191005527,1.0376911092320933
Energy,2024-01-05,-0.0038558380480518913,1.0298341023229391
Energy,2024-01-08,-0.03796376289890862,0.952773961738232
Energy,2024-01-09,-0.013590673486909887,0.9262344484305083
Energy,2024-01-10,-0.011355845479971798,0.9043604276759327
Energy,2024-01-11,-0.007092708510488107,0.8908533542635189
Energy,2024-01-12,0.010301654067611238,0.9103322714117241
Energy,2024-01-15,-0.02367287020124696,0.8651092235093409
Energy,2024-01-16,0.00546972766089578,0.8753108630197617
Energy,2024-01-17,-0.013873028124401802,0.8492946226750924
Energy,2024-01-18,-0.008816390777693755,0.8329905186185009
Energy,2024-01-19,-0.007214228587650986,0.81976690601819
Energy,2024-01-22,-0.012981761195039123,0.7961431266136267
Energy,2024-01-23,0.009125984950250006,0.8125347017555977
Energy,2024-01-24,-9.622469088088405e-4,0.8107905958417247
Energy,2024-01-25,0.009414326624292322,0.8278379699591756
Energy,2024-01-26,0.009672612279255926,0.8455179379518929
Energy,2024-01-29,-0.0010401995332236823,0.8435982310542793
Energy,2024-01-30,-0.008372081174501052,0.8281634770107265
Energy,2024-01-31,0.003784723588632105,0.8350825704460447
Energy,2024-02-01,0.0064186134323344045,0.8468612560821522
Energy,2024-02-02,-0.013193928114730129,0.8224939014315242
Energy,2024-02-05,-0.00539326844754091,0.8126647025770977
Energy,2024-02-06,0.022494097160479076,0.8534389585162376
Energy,2024-02-07,-0.06317204163586473,0.7363534354593162
Energy,2024-02-08,-0.015585026133791395,0.7092923217901841
Energy,2024-02-09,-0.004936441829572757,0.7008544996739317
Energy,2024-02-12,0.008575479334914612,0.715440142287582
Energy,2024-02-13,-0.019782617683019713,0.6815042457946019
Energy,2024-02-14,0.006489618965579126,0.6924165676388123
Energy,2024-02-15,-0.006347125194304873,0.681674587803093
Energy,2024-02-16,0.01916126898382536,0.7138976069232519
Energy,2024-02-19,0.004822988803423069,0.7221637158916563
Energy,2024-02-20,-0.014629042933760597,0.6969701089529126
Energy,2024-02-21,-1.6431004639572066e-4,0.6966912797155784
Energy,2024-02-22,0.01069372345225495,0.7148352270447096
Energy,2024-02-23,-0.008380252664658841,0.7004644745638173
Energy,2024-02-26,-0.001814158685664959,0.6973795621676226
Energy,2024-02-27,-0.0012792074468471624,0.6952082615915718
Energy,2024-02-28,0.007351676376020454,0.7076708841207491
Energy,2024-02-29,5.035439917999418e-4,0.7085307715344198
Energy,2024-03-01,0.011384298018762033,0.7279811950117929
Energy,2024-03-04,-0.0036431398739005983,0.721685917818895
Energy,2024-03-05,0.016815026072392488,0.7506361114154907
Energy,2024-03-06,0.015517118989931567,0.7778009402643957
Energy,2024-03-07,-0.007230131475999757,0.7649472057281284
Energy,2024-03-08,0.0014523748778540965,0.7675105707104666
Energy,2024-03-11,-0.011205019921518114,0.7477055795541621
Energy,2024-03-12,0.007679205298413457,0.761126569500741
Energy,2024-03-13,0.014860981960521017,0.7872986396802857
Energy,2024-03-14,0.0037770219932987286,0.7940493059509508
Energy,2024-03-15,0.009179708412741879,0.8105181554576626
Energy,2024-03-18,0.010182961431238586,0.828954592005245
Energy,2024-03-19,0.006670454557390165,0.8411545504987461
Energy,2024-03-20,2.21144780401076e-4,0.8415617122175003
Energy,2024-03-21,0.007723209099297753,0.8557844783902171
Energy,2024-03-22,0.0054691065856544065,0.8659339615025363
Energy,2024-03-25,0.017173843749911266,0.897979219805034
Energy,2024-03-26,-0.011633877789527625,0.8758983615147593
Energy,2024-03-27,5.038940616745797e-4,0.8768436155594317
Energy,2024-03-28,0,0.8768436155594317
Energy,2024-03-29,0,0.8768436155594317
Energy,2024-04-01,0,0.8768436155594317
Energy,2024-04-02,0.037707718237675526,0.9476151057911268
Energy,2024-04-03,0.00503602259458917,0.957423339469454
Energy,2024-04-04,6.310224560281096e-4,0.958658517552613
Energy,2024-04-05,-5.844994369732979e-4,0.9575136827518806
Energy,2024-04-08,-0.00887242152630991,0.9401457962149866
Energy,2024-04-09,0.00964244951068375,0.9588535540983549
Energy,2024-04-10,0.006868030982609304,0.9723070209982967
Energy,2024-04-11,0.012891379030872778,0.9977327783712369
Energy,2024-04-12,0.031395781709924186,1.0604531605957406
Energy,2024-04-15,-0.026219990734698342,1.0064280978156406
Energy,2024-04-16,-0.008236251205400802,0.9899026519764562
Energy,2024-04-17,-0.0017469928425127052,0.9864263062861562
Energy,2024-04-18,-0.0038907234936243797,0.9786976707879351
Energy,2024-04-19,-0.006933184462201501,0.964978994841434
Energy,2024-04-22,-0.007008046212378868,0.9512083312392317
Energy,2024-04-23,-0.008528502694341595,0.934567445729036
Energy,2024-04-24,0.00928667483359801,0.952533144541186
Energy,2024-04-25,0.022557567174354805,0.9965775421093279
Energy,2024-04-26,0.003484159445524581,1.0035339366113902
Energy,2024-04-29,-0.008385498534550855,0.9867333057220127
Energy,2024-04-30,-0.005119859270526641,0.9765615107886478
Energy,2024-05-01,0,0.9765615107886478
Energy,2024-05-02,-0.0017204950708164907,0.9731608464521704
Energy,2024-05-03,-0.005514567594029455,0.9622797175905176
Energy,2024-05-06,0.022932706935881664,1.0072801032802454
Energy,2024-05-07,0.002565150938836425,1.0124290797216822
Energy,2024-05-08,-0.0014797707958840332,1.0094511459407225
Energy,2024-05-09,0,1.0094511459407225
Energy,2024-05-10,0.021806698148856652,1.0532706405251262
Energy,2024-05-13,-0.011124909751498803,1.0304281899538816
Energy,2024-05-14,0.0010919496631113864,1.032645315331874
Energy,2024-05-15,-0.009180292724199124,1.0139850363326555
Energy,2024-05-16,0.0056299618454593876,1.0253236952445342
Energy,2024-05-17,0,1.0253236952445342
Energy,2024-05-20,0,1.0253236952445342
Energy,2024-05-21,0.019545294029473515,1.064909242372949
Energy,2024-05-22,-0.006703300169158462,1.0510675358992532
Energy,2024-05-23,0.019308006785526795,1.0906695617999698
Energy,2024-05-24,-0.019726052076978286,1.04942890514815
Energy,2024-05-27,0.008146466621441655,1.0661245093169573
Energy,2024-05-28,-0.003545170040898427,1.0587997466057608
Energy,2024-05-29,-0.0030036974344810246,1.052615735088771
Energy,2024-05-30,-0.001253121389561612,1.0500435584065806
Energy,2024-05-31,0.013613180898827938,1.0779511722176465
Energy,2024-06-03,-1.0564317843865904e-4,1.077731650851173
Energy,2024-06-04,-0.04064849298404248,0.993274990418826
Energy,2024-06-05,0.007380568707821716,1.0079864934391947
Energy,2024-06-06,9.584347776195016e-4,1.009911017527497
Energy,2024-06-07,0.011173885694115319,1.0323695334926923
Energy,2024-06-10,0.0032410552554660885,1.0389565554502678
Energy,2024-06-11,-0.005448443620204317,1.0278474156138508
Energy,2024-06-12,0.0035593051310857976,1.0350651433253044
Energy,2024-06-13,-0.025424232343166184,0.9833251742879232
Energy,2024-06-14,-0.008423089105516715,0.9666194496196816
Energy,2024-06-17,0.0011401339741531232,0.9688616592684232
Energy,2024-06-18,0.008012667853566902,0.9846374937937634
Energy,2024-06-19,-0.0013715769626559743,0.9819154107280526
Energy,2024-06-20,0.012140053092057406,1.005975969038258
Energy,2024-06-21,-0.0016170638193267342,1.0027321778762874
Energy,2024-06-24,0.004667805360822899,1.012080541872471
Energy,2024-06-25,0.004935902919353064,1.0220119760930726
Energy,2024-06-26,0.007990137314187427,1.0381681294329876
Energy,2024-06-27,0.01257886113189015,1.06380596329657
Energy,2024-06-28,0.007747242945646247,1.079794769486902
Energy,2024-07-01,0.005440499753269083,1.0911098924171454
Energy,2024-07-02,0.003764040982224951,1.09898091575054
Energy,2024-07-03,-0.001653083350050005,1.0955111253466399
Energy,2024-07-04,-5.069276819508763e-4,1.0944488527493657
Energy,2024-07-05,-0.0092009204927551,1.0751779953790765
Energy,2024-07-08,-0.02530244623464908,1.0226709157236709
Energy,2024-07-09,-0.006635457203779118,1.0092495694250574
Energy,2024-07-10,-0.009340185363889789,0.9904828060043116
Energy,2024-07-11,-0.004675192922524037,0.9811769148772744
Energy,2024-07-12,0.014162136368336164,1.009234612515566
Energy,2024-07-15,-3.3370560587510096e-4,1.0085641196618513
Energy,2024-07-16,-0.0071492969963012475,0.9942042982342743
Energy,2024-07-17,0.01680271587617059,1.0277123464565427
Energy,2024-07-18,0.015823084170610652,1.0597970095883111
Energy,2024-07-19,-0.006027117135049238,1.0473823717370983
Energy,2024-07-22,-0.004798594054677871,1.0375578148604285
Energy,2024-07-23,-0.010529815200255041,1.0161027076101123
Energy,2024-07-24,-0.002898128562278048,1.0102597827687019
Energy,2024-07-25,-0.007979480698649774,0.994218953632827
Energy,2024-07-26,5.711968570357389e-4,0.995358045231383
Energy,2024-07-29,0.004119738471882822,1.0035783985355033
Energy,2024-07-30,-0.011437658116203104,0.9806621538040445
Energy,2024-07-31,0.02228674508255923,1.0248046663205481
Energy,2024-08-01,-0.0026821941618756524,1.0193737470656044
Energy,2024-08-02,-0.02069086082838498,0.9775911659045757
Energy,2024-08-05,-0.03471549484288791,0.9089381099832747
Energy,2024-08-06,0.006489230101822795,0.921325648629095
Energy,2024-08-07,0.01947552194554488,0.9587444684635094
Energy,2024-08-08,0.020423781991643138,0.9987494384647448
Energy,2024-08-09,0.009057673496089545,1.0168534582788507
Energy,2024-08-12,0.02682293235763037,1.070951382165517
Energy,2024-08-13,-0.019118209660439176,1.0313584994447003
Energy,2024-08-14,5.013956012415579e-6,1.031368684586862
Energy,2024-08-15,0.004866854659468587,1.0412550607345419
Energy,2024-08-16,0.0032261791765870696,1.047840515305587
Energy,2024-08-19,0.007208279878105967,1.062601922885634
Energy,2024-08-20,-0.01834623421496287,1.0247609449161414
Energy,2024-08-21,-0.006104547229916145,1.0124006960986112
Energy,2024-08-22,-0.011978750992342607,0.9882946492632292
Energy,2024-08-23,0.008887414806584613,1.005965448568944
Energy,2024-08-26,0.015613223750942075,1.0372850359541097
Energy,2024-08-27,-0.006893136554408439,1.023241752001025
Energy,2024-08-28,-0.002519497645648577,1.0181441991702807
Energy,2024-08-29,-0.002469073243500148,1.0131612533265844
Energy,2024-08-30,-0.01383657718639752,0.9853059922562661
Energy,2024-09-02,-0.003511030308076212,0.978335522746649
Energy,2024-09-03,-0.03070898081993063,0.9175828551232348
Energy,2024-09-04,8.49236741228284e-4,0.9192113369381547
Energy,2024-09-05,-0.0045212215438159235,0.9105341572944543
Energy,2024-09-06,-0.0073119312083576495,0.8965644629650997
Energy,2024-09-09,-0.005810050808191207,0.8855453270742626
Energy,2024-09-10,-0.022731258341800075,0.8426845091293635
Energy,2024-09-11,0.0038494754313790408,0.84977787787504
Energy,2024-09-12,0.00840913062013573,0.8653329016683287
Energy,2024-09-13,0.012537371555381815,0.888719273331023
Energy,2024-09-16,-0.0028909316442693334,0.8832591150166089
Energy,2024-09-17,-0.0016615690573023138,0.8801299499442148
Energy,2024-09-18,-0.00358371103721324,0.8733921074912046
Energy,2024-09-19,-0.008815878744345142,0.8568765098309488
Energy,2024-09-20,-0.0024102576056563526,0.8524009591003641
Energy,2024-09-23,0.019821015507835816,0.8891174272374223
Energy,2024-09-24,-0.0028162792487133876,0.8837971450287105
Energy,2024-09-25,-0.01881028723340219,0.8483623796412576
Energy,2024-09-26,-0.029680804234978635,0.7935014976958261
Energy,2024-09-27,0.023981795652036567,0.836512884115189
Energy,2024-09-30,0.012054142810757888,0.8586504726941102
Energy,2024-10-01,0.018266344832408868,0.8926012231512608
Energy,2024-10-02,0.03294989875040146,0.9549622418289809
Energy,2024-10-03,0.0030316813045612716,0.960889064308657
Energy,2024-10-04,0.018871266097673683,0.9978935236292441
Energy,2024-10-07,-0.024953293196996955,0.9480395007577422
Energy,2024-10-08,-0.024849974478467672,0.8996307688808654
Energy,2024-10-09,-0.011298547327620517,0.878167700733661
Energy,2024-10-10,0.020513954966731935,0.9166963483664816
Energy,2024-10-11,0.008238940918032346,0.9324878963384815
Energy,2024-10-14,-0.0018718376648423182,0.9288705927072631
Energy,2024-10-15,-0.0332176589153044,0.8647980272669522
Energy,2024-10-16,0.0012334439714546527,0.8670981511516653
Energy,2024-10-17,0.0014991589773093953,0.8698972281064823
Energy,2024-10-18,-0.011465497907750147,0.8484579253499196
Energy,2024-10-21,0.015094580854747838,0.8763596229607133
Energy,2024-10-22,0.007177728567683396,0.8898276230296862
Energy,2024-10-23,-0.006869035540595507,0.8768463299214964
Energy,2024-10-24,0.02264807104089386,0.9193532789343992
Energy,2024-10-25,0.026324816222646766,0.9698799012686818
Energy,2024-10-28,-0.03447004019257595,0.9019780618974029
Energy,2024-10-29,-0.0027326923682742385,0.8967805409630307
Energy,2024-10-30,-3.773083541141495e-4,0.8960648698190041
Energy,2024-10-31,-0.01534010642335286,0.8669790329304001
Energy,2024-11-01,-0.016634338744961757,0.8359230712668946
Energy,2024-11-04,0.002250471227206709,0.8400547633141457
Energy,2024-11-05,0.0019885915901388467,0.8437138807418669
Energy,2024-11-06,-0.03489338654719429,0.7793804596187133
Energy,2024-11-07,0.008516982138833338,0.7945354112114749
Energy,2024-11-08,2.7301008458270034e-4,0.7950253374758764
Energy,2024-11-11,0.010083315437145244,0.8131251441713137
Energy,2024-11-12,-0.009473373223767722,0.795948732979181
Energy,2024-11-13,-0.004925415662777184,0.7871029389602207
Energy,2024-11-14,0.04590455275745401,0.8691391001047211
Energy,2024-11-15,0.026488728575798794,0.918650218397808
Energy,2024-11-18,-0.0033542243443923253,0.9122146351268843
Energy,2024-11-19,0.0033799123603933407,0.9186777530078745
Energy,2024-11-20,0.023713267736433473,0.964175872264889
Energy,2024-11-21,0.022384553054021893,1.0081430712850321
Energy,2024-11-22,-0.013577747554939025,0.980877011608924
Energy,2024-11-25,-0.0041250815559360525,0.9727057323837585
Energy,2024-11-26,-0.020106424175842564,0.9330416741543344
Energy,2024-11-27,0.011645573048673304,0.9555530521768285
Energy,2024-11-28,-0.004392739060878602,0.9469628178989111
Energy,2024-11-29,-8.269960881955969e-4,0.9453526872646465
Energy,2024-12-02,0.0025518086609731595,0.950316855100656
Energy,2024-12-03,0.014504642128931499,0.9786055031219141
Energy,2024-12-04,-0.010941517949656136,0.9569565554942172
Energy,2024-12-05,-0.006201220511725508,0.9448210363617306
Energy,2024-12-06,-0.020832190465110846,0.9043061541116888
Energy,2024-12-09,0.02415738061675663,0.9503092026873967
Energy,2024-12-10,-0.0075953759521196935,0.9354958710701071
Energy,2024-12-11,-0.003067356992273234,0.9295590142764643
Energy,2024-12-12,-0.010993532061665746,0.9083463453881397
Energy,2024-12-13,-0.0077032156806181185,0.8936459418962954
Energy,2024-12-16,-0.012539870525819582,0.8698998669631721
Energy,2024-12-17,-0.004514701281150923,0.8614578276381695
Energy,2024-12-18,-0.004452788899859648,0.8531691488857054
Energy,2024-12-19,0.011989090327387139,0.8753869612036234
Energy,2024-12-20,-0.00287648320280814,0.8699924421109557
Energy,2024-12-23,0.0050166790953335046,0.8793735941037253
Energy,2024-12-24,0,0.8793735941037253
Energy,2024-12-25,0,0.8793735941037253
Energy,2024-12-26,0,0.8793735941037253
Energy,2024-12-27,0.02381746768949699,0.9241355139577845
Energy,2024-12-30,0.01132172702036447,0.9459200509970032
Energy,2024-12-31,0,0.9459200509970032
Energy,2025-01-01,0,0.9459200509970032
Energy,2025-01-02,0.04993756903609503,1.0430945678823877
Energy,2025-01-03,0.02031443474475037,1.0845988791589884
Energy,2025-01-06,0.004836645532739434,1.094681345015426
Energy,2025-01-07,0.012640573032764746,1.1211593175374635
Energy,2025-01-08,-0.0079648100527179,1.104264686481725
Energy,2025-01-09,0.0010399728373870583,1.1064530645983388
Energy,2025-01-10,0.01778220691146834,1.1439104488423233
Energy,2025-01-13,0.010168273822417095,1.165710317336893
Energy,2025-01-14,-0.016875898308979943,1.1291620102548068
Energy,2025-01-15,0.0010933229654411217,1.131489871977763
Energy,2025-01-16,-0.013452326599468524,1.102816374076459
Energy,2025-01-17,3.586738452556696e-4,1.1035705993112157
Energy,2025-01-20,-0.011491775270813912,1.0793968387176398
Energy,2025-01-21,-0.01649299109772162,1.0451013651680392
Energy,2025-01-22,-0.004216238796110459,1.0364787294502396
Energy,2025-01-23,0.008647703978519066,1.0540895946610758
Energy,2025-01-24,-0.029966541139068232,0.9925356343193326
Energy,2025-01-27,-0.0023014147043719517,0.9879499835115251
Energy,2025-01-28,-0.010270124196091879,0.9675334902852428
Energy,2025-01-29,0.011016222371496782,0.989208276737592
Energy,2025-01-30,0.00423934029644639,0.9976412075431906
Energy,2025-01-31,0.006631151885337622,1.010887869802819
Energy,2025-02-03,-0.002092658511973137,1.0066797681854527
Energy,2025-02-04,0.013523392324297384,1.0338168859598547
Energy,2025-02-05,-0.02952255550813333,0.9737734140507259
Energy,2025-02-06,-0.015796472091015423,0.9425947574016855
Energy,2025-02-07,0.0053767448159151585,0.953039593692969
Energy,2025-02-10,0.023884839645307732,0.9996876312092626
Energy,2025-02-11,0.032679157465205895,1.0650357381907747
Energy,2025-02-12,-0.03504746364035288,0.9926614732405044
Energy,2025-02-13,-0.021382212268307745,0.9500539626407971
Energy,2025-02-14,0.004010593719667225,0.9578748368163765
Energy,2025-02-17,-0.013193497709160744,0.9320436196420161
Energy,2025-02-18,-0.0010964514036702797,0.9299252277033074
Energy,2025-02-19,0.023667368932566022,0.9756014800796278
Energy,2025-02-20,-0.004849053244999945,0.9660216833118209
Energy,2025-02-21,-0.0019786532952740027,0.9621316080295559
Energy,2025-02-24,0.0020346964025546124,0.9661239501537522
Energy,2025-02-25,-0.015122595300507732,0.9363910533449413
Energy,2025-02-26,-0.004259782547175057,0.9281424485313967
Energy,2025-02-27,0.010358964912004194,0.9481160085010791
Energy,2025-02-28,-0.008906409665293909,0.9307652892538514
Energy,2025-03-03,0.0029983575899466736,0.9365544140132911
Energy,2025-03-04,-0.04954257723469,0.8406125173878578
Energy,2025-03-05,-0.00897613602915335,0.824090929054822
Energy,2025-03-06,-0.0072366256480072815,0.8108906658533264
Energy,2025-03-07,0.03148494813745419,0.8679064645503183
Energy,2025-03-10,0.02392918259847859,0.9126039394174215
Energy,2025-03-11,-0.01354004323946878,0.8867071993777313
Energy,2025-03-12,-0.0013368593967339594,0.8841849371293575
Energy,2025-03-13,0.014471779329944279,0.9114524457562985
Energy,2025-03-14,-0.00438076592020647,0.903078820023834
Energy,2025-03-17,0.015408781452428874,0.9324029456483274
Energy,2025-03-18,0.013149909604747545,0.957813869703551
Energy,2025-03-19,0.01433873177500551,0.9858864376466157
Energy,2025-03-20,0.004792253325463757,0.9954033085314211
Energy,2025-03-21,0.004935350842694473,1.005251323931697
Energy,2025-03-24,-0.006607512952181178,0.9920015998364395
Energy,2025-03-25,0.004014943533773108,0.9999993737789685
Energy,2025-03-26,0.019665105760954846,1.0393295729861758
Energy,2025-03-27,8.685276063440538e-4,1.041100787018748
Energy,2025-03-28,-0.011697038069830938,1.0172259534086279
Energy,2025-03-31,0.01147046636280478,1.0403644758533779
Energy,2025-04-01,4.418776596687792e-4,1.0412660673328396
Energy,2025-04-02,-0.011017140782589368,1.018777151694311
Energy,2025-04-03,-0.055463223317470264,0.9068092637016831
Energy,2025-04-04,-0.052264587798349846,0.8071506635242396
Energy,2025-04-07,-0.004855357624863631,0.7983763007708198
Energy,2025-04-08,0.005559025321114821,0.8083735201636977
Energy,2025-04-09,-0.05630938429357661,0.706545120670472
Energy,2025-04-10,0.029458457994575773,0.7568173084235914
Energy,2025-04-11,-9.354320915405996e-4,0.7551739251343181
Energy,2025-04-14,0.017423592701461463,0.7857553607260839
Energy,2025-04-15,-5.673055143274448e-6,0.7857452300374499
Energy,2025-04-16,-0.0016856438522391433,0.7827350995687721
Energy,2025-04-17,0,0.7827350995687721
Energy,2025-04-18,0,0.7827350995687721
Energy,2025-04-21,0,0.7827350995687721
Energy,2025-04-22,-0.0066693806544902015,0.7708453605836274
Energy,2025-04-23,-0.006663661628863221,0.7590450463036558
Energy,2025-04-24,0.004795057823686985,0.767479769015152
Energy,2025-04-25,-0.0028797109589807426,0.7623899381545425
Energy,2025-04-28,0.003938069250676433,0.7693303517776906
Energy,2025-04-29,0.0018829719269357439,0.7726619511595634
Energy,2025-04-30,-0.00146878012160386,0.7700583005233765
Energy,2025-05-01,0,0.7700583005233765
Energy,2025-05-02,0.009741477688944974,0.7873012839660569
Energy,2025-05-05,2.4935862157201763e-4,0.7877469629505605
Energy,2025-05-06,0.006682868531676234,0.7996942408718626
Energy,2025-05-07,-0.017754602958543156,0.767741384178406
Energy,2025-05-08,0.001610104087424296,0.7705876318065807
Energy,2025-05-09,0.015218086603293554,0.7975325877261339
Energy,2025-05-12,0.026458398904047505,0.8450924219752165
Energy,2025-05-13,0.002533591169023344,0.8497671318415649
Energy,2025-05-14,-0.0012750241458571391,0.8474086340842542
Energy,2025-05-15,0.002251765191844329,0.8515685645415978
Energy,2025-05-16,0.015355344584083781,0.8800000378711912
Energy,2025-05-19,-0.017062269668904544,0.8479229702474822
Energy,2025-05-20,0.008466664009319863,0.8635687131516718
Energy,2025-05-21,0.003057172610671211,0.869265964379623
Energy,2025-05-22,-0.023604550917504644,0.8251427807450655
Energy,2025-05-23,0.003967804195010284,0.8323845899269984
Energy,2025-05-26,0.016820156543758735,0.8632055855779417
Energy,2025-05-27,0.014481238215717685,0.8901871095075518
Energy,2025-05-28,-0.004700094984964704,0.8813030505535104
Energy,2025-05-29,0,0.8813030505535104
Energy,2025-05-30,-0.014151906734541163,0.8546790252426693
Energy,2025-06-02,0.01920056312852091,0.8902899069499848
Energy,2025-06-03,8.556369617745125e-4,0.8919073088628404
Energy,2025-06-04,0.012036347338890651,0.9146789623652993
Energy,2025-06-05,-0.013162271383547128,0.889477438250279
Energy,2025-06-06,0.007306404663410658,0.9032827250165201
Energy,2025-06-09,0,0.9032827250165201
Energy,2025-06-10,0.03357181058591644,0.9671793721522215
Energy,2025-06-11,0.00945714980560505,0.985783282169161
Energy,2025-06-12,0.013996282738366242,1.0135768664435214
Energy,2025-06-13,0.03426884550920295,1.0825798210005795
Energy,2025-06-16,-0.003379087494658305,1.0755426015708087
Energy,2025-06-17,0.02037721694127104,1.1178363834338674
Energy,2025-06-18,-0.0024749350916264965,1.1125948758501836
Energy,2025-06-19,0.024257859115341267,1.163841904716349
Energy,2025-06-20,-0.015084072363937173,1.131202356841488
Energy,2025-06-23,-0.003141574080941472,1.1245070267559933
Energy,2025-06-24,-0.063141130694025,0.9903632509192186
Energy,2025-06-25,-0.009965796066870976,0.9705276966615632
Energy,2025-06-26,-0.002402828383586442,0.9657928567813818
Energy,2025-06-27,0.0012686042659833462,0.9682866699855341
Energy,2025-06-30,0.0030455745103899296,0.9742812336967823
Energy,2025-07-01,-0.002717989997670917,0.9689151570510051
Energy,2025-07-02,0.0186470417949146,1.0056296002751757
Energy,2025-07-03,0.009448434792683634,1.0245796607716517
Energy,2025-07-04,0.0030692369510761388,1.0307935754768889
Energy,2025-07-07,-0.006000596064572973,1.0186076035399223
Energy,2025-07-08,7.613794181641915e-4,1.0201445298226077
Energy,2025-07-09,0.01251163981030156,1.0454198505444992
Energy,2025-07-10,0.011409566678220408,1.0687572047142422
Energy,2025-07-11,0.007782510802041223,1.0848573300067312
Energy,2025-07-14,-0.0038645606709836592,1.0768002723645753
Energy,2025-07-15,-0.016052208027562333,1.043463042360881
Energy,2025-07-16,-0.0068561498626457254,1.0294527535036768
Energy,2025-07-17,-0.0024229263892923875,1.0245355388713908
Energy,2025-07-18,0.005529999868505691,1.0357312201351347
Energy,2025-07-21,-0.01229237023498219,1.0107072582783214
Energy,2025-07-22,-9.56086061145627e-4,1.0087848490956373
Energy,2025-07-23,-0.010772434245651219,0.9871453463950941
Energy,2025-07-24,0.015464780774234613,1.0178761135436347
Energy,2025-07-25,-0.01108565524594656,0.9955066346198593
Energy,2025-07-28,0.025772959298064103,1.0469367458929337
Energy,2025-07-29,0.015599525052059854,1.0788679869404723
Energy,2025-07-30,-0.01005536284669488,1.0579642150214075
Energy,2025-07-31,-2.1598670972194502e-4,1.0575197221018797
Energy,2025-08-01,-0.022725634787226102,1.0107612803298776
Energy,2025-08-04,-0.008765964080853977,0.993135019171334
Energy,2025-08-05,0.0010971966367727495,0.9953218802110027
Energy,2025-08-06,0.012034415128885742,1.0193344120332108
Energy,2025-08-07,-0.021242649702987174,0.9764383984852019
Energy,2025-08-08,-0.003400375782614942,0.9697177652191624
Energy,2025-08-11,-0.01339596725351,0.9433314905376295
Energy,2025-08-12,0.007077233729332797,0.9570849017097371
Energy,2025-08-13,-0.0020333898749782934,0.9531053850861277
Energy,2025-08-14,-0.0031908708234125943,0.9468732780978062
Energy,2025-08-15,-5.467701051653695e-4,0.9458087859907971
Energy,2025-08-18,-0.0048682853107605605,0.9363360336604094
Energy,2025-08-19,0.010237053972697164,0.9561584101462695
Energy,2025-08-20,0.007330931695828154,0.9704988738372715
Energy,2025-08-21,0.016723512004655845,1.0034525354090498
Energy,2025-08-22,0.0087614261713761,1.0210056368858926
Energy,2025-08-25,-0.005941887992239959,1.0089970477598311
Energy,2025-08-26,0.003442468965643022,1.0159129577488129
Energy,2025-08-27,-0.002162343308692759,1.0115538618537174
Energy,2025-08-28,-0.02272658625220867,0.9658381095113353
Energy,2025-08-29,0.01623576734792647,0.9977549997010491
Energy,2025-09-01,0.003373376609679786,1.0044941796889115
Energy,2025-09-02,-9.505017711953722e-4,1.002588904420766
Energy,2025-09-03,-0.025805515144221837,0.9509110661200857
Energy,2025-09-04,9.109072494367842e-4,0.9526881651532211
Energy,2025-09-05,-0.014036394062903869,0.9252794645851616
Energy,2025-09-08,0.003262127208922056,0.931559971111364
Energy,2025-09-09,0.012138359898795614,0.955005941206821
Energy,2025-09-10,0.0032658258908819008,0.9613906502264424
Energy,2025-09-11,-0.00926553180551803,0.9432173227737235
Energy,2025-09-12,-0.0028979116189272436,0.9375860507159568
Energy,2025-09-15,-0.005156215027051207,0.9275954404050504
Energy,2025-09-16,0.004270303744572096,0.9358268584322322
Energy,2025-09-17,0.0021600106852090414,0.9400082651311608
Energy,2025-09-18,0.004693430179221665,0.9491135584706667
Energy,2025-09-19,-0.0030738778472284498,0.9431222214815511
Energy,2025-09-22,-0.005714923377775682,0.9320174268721308
Energy,2025-09-23,0.02958342431240625,0.9891731181902523
Energy,2025-09-24,0.02136723248082539,1.0316762426512316
Energy,2025-09-25,0.004939709575356741,1.0417121332410808
Energy,2025-09-26,0.007778804163945526,1.0575942120847146
Energy,2025-09-29,-0.021730439340310746,1.0128817858720334
Energy,2025-09-30,-0.0262654609010939,0.9600125180266872
Energy,2025-10-01,0.009108452189622132,0.9778651983381941
Energy,2025-10-02,0.00232308048860368,0.9824599383895418
Energy,2025-10-03,0.002781767984668758,0.9879746819770421
Energy,2025-10-06,0.01989940599990593,1.0275341972912373
Energy,2025-10-07,-0.011718772129808942,1.003773986047786
Energy,2025-10-08,-9.889655051336175e-4,1.0017923226955006
Energy,2025-10-09,-0.0036504966037211916,0.9944847866201456
Energy,2025-10-10,-0.029940119909753312,0.9347696729505597
Energy,2025-10-13,-0.009377055041481511,0.916627231234713
Energy,2025-10-14,-0.01046582571742079,0.8965681446673477
Energy,2025-10-15,0.005416253014634726,0.9068404375983623
Energy,2025-10-16,-0.0069536745588358135,0.8935808897596753
Energy,2025-10-17,-0.012100300365995168,0.8706679922262748
Energy,2025-10-20,6.90237196996708e-4,0.8719591968577407
Energy,2025-10-21,0.007254224971186193,0.8855388100086279
Energy,2025-10-22,0.014403772093111573,0.912697681300709
Energy,2025-10-23,0.040906955291386805,0.9909403198356161
Energy,2025-10-24,-0.009923795800369223,0.9711826346508459
Energy,2025-10-27,-0.003906412933655742,0.9634823813122482
Energy,2025-10-28,-0.011687840990200888,0.9405335114524094
Energy,2025-10-29,0.0034262413964111743,0.947182247700471
Energy,2025-10-30,0.0053377863708100335,0.9575758905637297
Energy,2025-10-31,-1.4447843961592395e-4,0.9572930630536312
Energy,2025-11-03,0.008745747911638995,0.9744110547722982
Energy,2025-11-04,-0.005319807129762893,0.9639075687660377
Energy,2025-11-05,0.01383808244817764,0.9910842836232223
Energy,2025-11-06,-0.007281847471850684,0.9765855115662789
Energy,2025-11-07,0.006411766529299273,0.9892589163916374
Energy,2025-11-10,-0.01222290026701943,0.9649444030513035
Energy,2025-11-11,0.02919809799144639,1.0223170422793393
Energy,2025-11-12,-0.009602792825338456,1.0028971506951794
Energy,2025-11-13,0.00478220992272132,1.0124754253234243
Energy,2025-11-14,0.002632177581404552,1.0177726180210884
Energy,2025-11-17,0.009738987205357853,1.0374236797313174
Energy,2025-11-18,-0.021386946708594527,0.993849408070075
Energy,2025-11-19,-0.01848749928430565,0.9569881185653664
Energy,2025-11-20,0.02248788369015745,1.0009966397586845
Energy,2025-11-21,-0.024163125120910338,0.9526463075856741
Energy,2025-11-24,-0.010580653558145593,0.9319860334835177
Energy,2025-11-25,-0.0039107957782412274,0.9244304306601494
Energy,2025-11-26,0.0038347860574926753,0.9318102096442598
Energy,2025-11-27,-5.31047522079634e-4,0.9307843266192999
Energy,2025-11-28,0.0027421341461526414,0.9360787962501791
Energy,2025-12-01,-8.694977730564899e-4,0.9343953800483777
Energy,2025-12-02,-0.012890804038162177,0.9094594682718478
Energy,2025-12-03,0.016714296042869323,0.9413747391064031
Energy,2025-12-04,0.0072829883610876145,0.9555137487358245
Energy,2025-12-05,0.006719865760178244,0.968654538619512
Energy,2025-12-08,-2.7972610473864717e-4,0.9681038545538478
Energy,2025-12-09,-0.006577233370768326,0.9551591762045384
Energy,2025-12-10,-0.01413983539468726,0.9275135472825942
Energy,2025-12-11,0.008548953612121473,0.9439917711850487
Energy,2025-12-12,0.0025782001204361586,0.949003771003645
Energy,2025-12-15,-0.002270705534313252,0.9445781573544294
Energy,2025-12-16,-0.02404363188873482,0.8978234359601254
Energy,2025-12-17,0.015673000389089923,0.9275680234103523
Energy,2025-12-18,6.295889101212226e-4,0.9287815988613959
Energy,2025-12-19,0.0036277530977794617,0.9357787422816055
Energy,2025-12-22,0.0014351504608592373,0.9385568760357124
Energy,2025-12-23,0.005410230362613936,0.9490449153060949
Energy,2025-12-24,0,0.9490449153060949
Energy,2025-12-25,0,0.9490449153060949
Energy,2025-12-26,0,0.9490449153060949
Energy,2025-12-29,0.011382764936242875,0.9712304354272034
Energy,2025-12-30,0.009438735489766743,0.9898363580965786
Energy,2025-12-31,0,0.9898363580965786
Finance,2020-01-01,0,0
Finance,2020-01-02,0.011046560488655497,0.011046560488655599
Finance,2020-01-03,-0.004980484670103551,0.0060110585933808025
Finance,2020-01-06,-0.005642924112921864,3.342145329783275e-4
Finance,2020-01-07,0.001325847749043348,0.0016605053996079366
Finance,2020-01-08,0.008798789181671828,0.01047390501822587
Finance,2020-01-09,0.003881396581604446,0.014395954978964287
Finance,2020-01-10,-0.0030674338393259395,0.011284362500186385
Finance,2020-01-13,-0.0025487149158605863,0.008706886961305615
Finance,2020-01-14,-0.0016367659278045544,0.007055869897585554
Finance,2020-01-15,-0.006632107634866765,3.76966974100279e-4
Finance,2020-01-16,0.010813443143691835,0.011194486428733663
Finance,2020-01-17,0.010834346181998125,0.022150117552030446
Finance,2020-01-20,-0.005500225537996979,0.01652806137180418
Finance,2020-01-21,-0.004667108668233145,0.011783814445073482
Finance,2020-01-22,0.006376489253543651,0.018235443064791967
Finance,2020-01-23,-0.008518813652438931,0.009561285071014503
Finance,2020-01-24,0.0059879495889300395,0.015606487152955095
Finance,2020-01-27,-0.020124465570525454,-0.004832050630956819
Finance,2020-01-28,0.014585126804866103,0.009682600102729033
Finance,2020-01-29,0.0030036109648639087,0.012715293831429886
Finance,2020-01-30,-0.005465484834972365,0.0071803137508497095
Finance,2020-01-31,0.0037620676117122113,0.010969394188365955
Finance,2020-02-03,0.00839300083415821,0.019454461157097258
Finance,2020-02-04,-0.0017907051954861766,0.017628918756941836
Finance,2020-02-05,0.004528905542000148,0.022237664006799607
Finance,2020-02-06,0.036973966274580126,0.06003384492039254
Finance,2020-02-07,-0.003733386880142591,0.05607632847125976
Finance,2020-02-10,-0.010978918245489874,0.04448175279997657
Finance,2020-02-11,0.010967244670004409,0.055936839736288935
Finance,2020-02-12,-0.001956510675316949,0.05387088803688456
Finance,2020-02-13,0.0016029189802516325,0.05556015768605338
Finance,2020-02-14,0.0012421637810194146,0.05687133628261809
Finance,2020-02-17,-3.469415066794973e-4,0.05650466374884178
Finance,2020-02-18,-7.129613115817129e-4,0.055751416798083264
Finance,2020-02-19,0.004079705029233236,0.060058571162814545
Finance,2020-02-20,0.015221949359862898,0.07619472905154345
Finance,2020-02-21,-0.004762607157518494,0.07106923633207884
Finance,2020-02-24,-0.0302414910491388,0.038678505608534364
Finance,2020-02-25,-0.012201920116799516,0.02600463345606241
Finance,2020-02-26,-0.007973725024905858,0.01782355463460439
Finance,2020-02-27,-0.041110508830025635,-0.02401968959560974
Finance,2020-02-28,-0.02750632226360223,-0.05086531853652343
Finance,2020-03-02,0.009103376700674985,-0.04222498799148622
Finance,2020-03-03,0.025049135700957282,-0.018233551744699095
Finance,2020-03-04,-0.019445297132063288,-0.037324292045313845
Finance,2020-03-05,-0.037585725199664806,-0.07350715666089147
Finance,2020-03-06,-0.06133911677904136,-0.1303374093734152
Finance,2020-03-09,-0.10202226527318588,-0.21906235689248665
Finance,2020-03-10,0.016557397878462044,-0.20613206161728714
Finance,2020-03-11,-0.0453846119913817,-0.24216144997318467
Finance,2020-03-12,-0.11137675395845585,-0.3265670476997542
Finance,2020-03-13,0.042012678336953324,-0.29827432569325907
Finance,2020-03-16,-0.08340906524832187,-0.3568046082479327
Finance,2020-03-17,-0.04993318520617257,-0.38892140286804544
Finance,2020-03-18,-0.011184774792233317,-0.3957561793573202
Finance,2020-03-19,0.06323678624765827,-0.35754574202987066
Finance,2020-03-20,0.020369230528350258,-0.3444594431453569
Finance,2020-03-23,-0.06252346957766479,-0.3854461132087835
Finance,2020-03-24,0.0784476917125753,-0.3372357793570213
Finance,2020-03-25,0.02078851705064796,-0.3234578940556253
Finance,2020-03-26,0.03123949413249148,-0.30232306090659267
Finance,2020-03-27,-0.029405044523298528,-0.322838282363513
Finance,2020-03-30,0.022108479820693652,-0.30786726619380045
Finance,2020-03-31,0.02829087428888327,-0.28828622603046816
Finance,2020-04-01,-0.0082921488973017,-0.2941878626164841
Finance,2020-04-02,-0.027191876981085307,-0.31338021942797345
Finance,2020-04-03,-4.955714585870487e-4,-0.31372048859412627
Finance,2020-04-06,0.03730571286858587,-0.2881183421940253
Finance,2020-04-07,0.022492519336785744,-0.2721063302403214
Finance,2020-04-08,-0.02324060521689592,-0.2890230196590837
Finance,2020-04-09,0,-0.2890230196590837
Finance,2020-04-10,0,-0.2890230196590837
Finance,2020-04-13,0,-0.2890230196590837
Finance,2020-04-14,0.03167615955064033,-0.26650199939297237
Finance,2020-04-15,-0.04846632631917333,-0.30205195284485375
Finance,2020-04-16,-0.024095998387937086,-0.31886970786396807
Finance,2020-04-17,0.04086371227431746,-0.29103619558479943
Finance,2020-04-20,-0.014395075049434202,-0.30124178275668867
Finance,2020-04-21,-0.02867014937699311,-0.3212752852234557
Finance,2020-04-22,0.020308337373671884,-0.3074915147319245
Finance,2020-04-23,0.01805185499919928,-0.29499045197015006
Finance,2020-04-24,-0.014362568588806551,-0.30511619995949235
Finance,2020-04-27,0.026051331784902165,-0.2870135515326834
Finance,2020-04-28,0.04452926674622207,-0.25526478778244077
Finance,2020-04-29,0.03299162089934107,-0.2306947659905687
Finance,2020-04-30,0.010420293520823295,-0.22267837964508475
Finance,2020-05-01,0,-0.22267837964508475
Finance,2020-05-04,-0.03355310252814854,-0.24875993167019983
Finance,2020-05-05,-0.002333117183592384,-0.2505126627826233
Finance,2020-05-06,-0.013717307799386383,-0.2607936112789765
Finance,2020-05-07,0.003735255155574135,-0.258032486804473
Finance,2020-05-08,0.01451119481890191,-0.24726565167119663
Finance,2020-05-11,-0.017354164857670405,-0.2603287276461258
Finance,2020-05-12,0.013936649972703215,-0.2500201880284658
Finance,2020-05-13,-0.03110680276715544,-0.27334966211881273
Finance,2020-05-14,-0.032513198740817005,-0.29697538896942555
Finance,2020-05-15,0.02412843728020857,-0.2800125037357313
Finance,2020-05-18,0.04766950514455699,-0.24569105607854502
Finance,2020-05-19,-0.00183963550826559,-0.2470787095959852
Finance,2020-05-20,0.016102915151307382,-0.23495448194099644
Finance,2020-05-21,0,-0.23495448194099644
Finance,2020-05-22,-0.017436452139264057,-0.2482941615009907
Finance,2020-05-25,0.026055189626798543,-0.22870832333532742
Finance,2020-05-26,0.047140882443292426,-0.19234895307618816
Finance,2020-05-27,0.01792282980723412,-0.17787356081853833
Finance,2020-05-28,0.007925696972126412,-0.1713576357888127
Finance,2020-05-29,-0.007497972136107728,-0.17757077314646663
Finance,2020-06-01,0,-0.17757077314646663
Finance,2020-06-02,0.021400643832674524,-0.15997025818499222
Finance,2020-06-03,0.022491469005249117,-0.14107675528347252
Finance,2020-06-04,0.0031168208814492805,-0.1383996453787778
Finance,2020-06-05,0.025492549372099656,-0.1164352557995777
Finance,2020-06-08,0.02485917604099804,-0.0944705642798801
Finance,2020-06-09,-0.03535358359801891,-0.12648427488607816
Finance,2020-06-10,-0.003406286949134278,-0.1294597201003973
Finance,2020-06-11,-0.04473806444154915,-0.16840600724151
Finance,2020-06-12,0.00406671452254756,-0.16502415187429575
Finance,2020-06-15,-0.026536892060751594,-0.18718181582934212
Finance,2020-06-16,0.03371465979778488,-0.15977792727257512
Finance,2020-06-17,-0.013527088010571267,-0.17114368519878354
Finance,2020-06-18,-0.00278025087424167,-0.17344811369263047
Finance,2020-06-19,-0.006669277964819957,-0.1789606179747606
Finance,2020-06-22,-0.01364061718460155,-0.19016010187844867
Finance,2020-06-23,0.00889198345249645,-0.1829590189051803
Finance,2020-06-24,-0.009456127348181482,-0.19068506247109607
Finance,2020-06-25,-0.004331012869063508,-0.1941902158806591
Finance,2020-06-26,-0.01113176548657779,-0.20316030142426544
Finance,2020-06-29,0.010624600262624337,-0.1946941981535083
Finance,2020-06-30,-0.011450633991332776,-0.20391546014154915
Finance,2020-07-01,0.02920827627305934,-0.1806632029646521
Finance,2020-07-02,0.008288857629009688,-0.17387183690381736
Finance,2020-07-03,-0.008610310650186645,-0.1809850570249436
Finance,2020-07-06,0.01663443970242439,-0.16736120234064056
Finance,2020-07-07,-0.006901211452788531,-0.17310741874708335
Finance,2020-07-08,-0.0018747206934006673,-0.17465761138037772
Finance,2020-07-09,-0.017692199362608754,-0.18925973346224778
Finance,2020-07-10,0.010425821877591382,-0.18080709985433419
Finance,2020-07-13,0.06601697727254136,-0.1267264607835905
Finance,2020-07-14,0.01508034198355179,-0.11355719716702051
Finance,2020-07-15,0.0124587142995225,-0.10251325954365653
Finance,2020-07-16,-0.011247601768080174,-0.1126078329924417
Finance,2020-07-17,1.3090046749399792e-4,-0.11249167294292983
Finance,2020-07-20,0.0028787470550526695,-0.10993676096007965
Finance,2020-07-21,-7.455514146237979e-4,-0.1106003488670505
Finance,2020-07-22,-0.005631822192404582,-0.11560928956021788
Finance,2020-07-23,-0.005358228901073224,-0.12034805742473698
Finance,2020-07-24,-0.005419533373400358,-0.12511536048450012
Finance,2020-07-27,-0.01222785340313292,-0.13581332160114845
Finance,2020-07-28,-3.012919701344204e-5,-0.1358393588518383
Finance,2020-07-29,0.004550827511351764,-0.13190671283187394
Finance,2020-07-30,-0.032769558150564426,-0.16035374628584442
Finance,2020-07-31,0.010167157291082238,-0.15181693075546476
Finance,2020-08-03,0.018295468090525062,-0.1362990244771778
Finance,2020-08-04,0.0027998898982908933,-0.13388075684066758
Finance,2020-08-05,0.004428530452282632,-0.1300451213970284
Finance,2020-08-06,7.464484909820163e-4,-0.12939574489067285
Finance,2020-08-07,-0.0040950594386130095,-0.13296092106285484
Finance,2020-08-10,0.006373746759368119,-0.1274346335432338
Finance,2020-08-11,0.021687483897705556,-0.10851088620850713
Finance,2020-08-12,0.007771443757530196,-0.10158272870022611
Finance,2020-08-13,-0.0043096067573916656,-0.10545455384357694
Finance,2020-08-14,-0.004761380265428289,-0.10971382487743486
Finance,2020-08-17,-0.0055974863594908265,-0.11469718959872677
Finance,2020-08-18,-0.006359805583014984,-0.12032754335497564
Finance,2020-08-19,5.155340686143549e-5,-0.12028219324291334
Finance,2020-08-20,-0.011578454581585636,-0.13046796591306242
Finance,2020-08-21,0.004248145576003689,-0.12677406724926255
Finance,2020-08-24,0.009842029037950287,-0.11817975226243849
Finance,2020-08-25,-0.002961929688959953,-0.12079164183453828
Finance,2020-08-26,0.0023625173736156065,-0.11871449681334434
Finance,2020-08-27,-0.005645796925040281,-0.12369005579731807
Finance,2020-08-28,0.0071940197631965045,-0.11738586474003831
Finance,2020-08-31,-0.019302082711725094,-0.13442215578136385
Finance,2020-09-01,0.0020177315617766036,-0.13267565204590925
Finance,2020-09-02,-0.012103863633840509,-0.1431736276798552
Finance,2020-09-03,9.275302840734024e-4,-0.14237889527133551
Finance,2020-09-04,5.845771616657136e-4,-0.14187754956014864
Finance,2020-09-07,0.009609400062324113,-0.13363150763141018
Finance,2020-09-08,-0.018851433774507403,-0.1499637958896165
Finance,2020-09-09,0.012076436962970193,-0.13969838725443495
Finance,2020-09-10,3.4163833719039476e-4,-0.1394044752419743
Finance,2020-09-11,-4.575552602954734e-4,-0.13979824525131412
Finance,2020-09-14,-0.004248258146752663,-0.14345260436377616
Finance,2020-09-15,0.001411277093450822,-0.1422437786448597
Finance,2020-09-16,0.006638062655945588,-0.13654993910397706
Finance,2020-09-17,0.0025394107057258226,-0.13435728477547815
Finance,2020-09-18,-0.005431459740389645,-0.13905898833278174
Finance,2020-09-21,-0.04111849103911384,-0.17445958360622582
Finance,2020-09-22,0.0035866807069301074,-0.17149863372195528
Finance,2020-09-23,-0.004986803515492996,-0.17563020724790135
Finance,2020-09-24,-0.004911774849298138,-0.17967932606246229
Finance,2020-09-25,-0.004612158273860984,-0.1834627748459825
Finance,2020-09-28,0.01982264718714689,-0.1672768455165824
Finance,2020-09-29,0.00161784518124881,-0.1659296283737871
Finance,2020-09-30,0.0013259707286761198,-0.1648236754753547
Finance,2020-10-01,-0.005960137237095373,-0.16980144098669447
Finance,2020-10-02,0.0028477605895515946,-0.16743723424883383
Finance,2020-10-05,0.024010331996665246,-0.14744712583508646
Finance,2020-10-06,0.019383826151415276,-0.13092138913738438
Finance,2020-10-07,0.004439892620469587,-0.12706277342640748
Finance,2020-10-08,0.004582369797794058,-0.1230626522439866
Finance,2020-10-09,-0.006105532041370052,-0.12841682131898502
Finance,2020-10-12,-0.0022141427413329287,-0.1303466308875294
Finance,2020-10-13,-0.012073580456056195,-0.14084646080838925
Finance,2020-10-14,0.015226684951747017,-0.12776440054194005
Finance,2020-10-15,-0.017704247925273354,-0.14320667584399505
Finance,2020-10-16,0.011386035643819951,-0.13345119651576776
Finance,2020-10-19,0.020744313919779486,-0.11547523610948163
Finance,2020-10-20,0.004506888829184345,-0.11148878133196649
Finance,2020-10-21,0.002824313414987659,-0.10897934717771529
Finance,2020-10-22,-0.01604630899162185,-0.12327693989081834
Finance,2020-10-23,0.020378220447535147,-0.10541088410047583
Finance,2020-10-26,-0.02988317269655975,-0.13214404514336398
Finance,2020-10-27,-0.016590521150591772,-0.14654222771808
Finance,2020-10-28,-0.04015334180867702,-0.18081140936778795
Finance,2020-10-29,0.009418504392363965,-0.17309587802874393
Finance,2020-10-30,0.003209827448561834,-0.1704416584807117
Finance,2020-11-02,0.019571549217059003,-0.15420591657124516
Finance,2020-11-03,0.024679898257205783,-0.13333180464567673
Finance,2020-11-04,0.007053362134161257,-0.12721888001368264
Finance,2020-11-05,-0.006227307355441103,-0.1326539563018636
Finance,2020-11-06,-0.0019658810631227553,-0.13435905546434423
Finance,2020-11-09,0.0754144542763812,-0.06907721603289652
Finance,2020-11-10,0.021431778245287452,-0.04912588536342788
Finance,2020-11-11,0.0023511457692276137,-0.04689024171173206
Finance,2020-11-12,-0.003012983380029688,-0.04976194557279867
Finance,2020-11-13,-0.002581075605092831,-0.05221458183411154
Finance,2020-11-16,0.022819920900873442,-0.03058619356056469
Finance,2020-11-17,0.005835646985986944,-0.024929036802842197
Finance,2020-11-18,0.016243841409191488,-0.009090138713960028
Finance,2020-11-19,-0.012530974173203736,-0.02150720459370825
Finance,2020-11-20,1.644984122683539e-4,-0.021346244082447785
Finance,2020-11-23,0.00880929493079757,-0.012724994511437271
Finance,2020-11-24,0.03961424360134793,0.02638515805750874
Finance,2020-11-25,6.42595981086515e-5,0.026451113155270267
Finance,2020-11-26,-0.005109453422875302,0.021206509001745033
Finance,2020-11-27,0.0035335128105555033,0.024814955283525286
Finance,2020-11-30,-0.007919567291322684,0.01669886428400358
Finance,2020-12-01,0.0010409438101322936,0.01775719067354853
Finance,2020-12-02,5.611832319438756e-4,0.018328338943144784
Finance,2020-12-03,-0.002999508874688667,0.015273854053137859
Finance,2020-12-04,-1.3216721168561187e-4,0.01513966813875034
Finance,2020-12-07,-0.004927722127988626,0.010137341933063926
Finance,2020-12-08,0.0013839796679172007,0.011535351476103184
Finance,2020-12-09,0.001740573831253166,0.013296003438270088
Finance,2020-12-10,0.002626153846200224,0.015957074635038815
Finance,2020-12-11,-0.012223957723074112,0.0035380583062418758
Finance,2020-12-14,0.008323558351185182,0.011891065892188912
Finance,2020-12-15,0.0010429730350439074,0.012946440988316432
Finance,2020-12-16,0.0033891881744596794,0.016379507087475043
Finance,2020-12-17,-0.005206878119131437,0.011087342871287653
Finance,2020-12-18,0.007857792866431675,0.019032257781440798
Finance,2020-12-21,-0.021229702759806235,-0.0026014941539134195
Finance,2020-12-22,0.013346092864597965,0.010709878928119698
Finance,2020-12-23,0.027876700723353937,0.03888513574113617
Finance,2020-12-24,0,0.03888513574113617
Finance,2020-12-25,0,0.03888513574113617
Finance,2020-12-28,0.01250285005792253,0.051874160820712056
Finance,2020-12-29,0.004547894836124216,0.05665797388496108
Finance,2020-12-30,0.0013028311921551164,0.058034620852777774
Finance,2020-12-31,0,0.058034620852777774
Finance,2021-01-01,0,0.058034620852777774
Finance,2021-01-04,-0.023270636579115392,0.03341348170279046
Finance,2021-01-05,-0.006455168338452789,0.026742623715172442
Finance,2021-01-06,0.025387555310703164,0.05280910886459789
Finance,2021-01-07,0.008508230461299855,0.0617666513945736
Finance,2021-01-08,0.008035598330793191,0.07029858172621162
Finance,2021-01-11,-0.008636645455265135,0.06105479234456923
Finance,2021-01-12,0.004305621105990916,0.06562329225310082
Finance,2021-01-13,-0.016424142052021605,0.048121343927192806
Finance,2021-01-14,0.025264829357130748,0.07460195082707988
Finance,2021-01-15,-0.009881155512932997,0.06398364183645633
Finance,2021-01-18,0.009505551382062601,0.07409739301360685
Finance,2021-01-19,0.004683459434043371,0.07912788458199782
Finance,2021-01-20,0.003924574719149111,0.08336300259655727
Finance,2021-01-21,0.002484430388046804,0.08605454256149403
Finance,2021-01-22,0.0013922125192748613,0.08756656129226359
Finance,2021-01-25,-0.013153586879475801,0.07326116004109307
Finance,2021-01-26,-0.00298953388659146,0.07005260943398772
Finance,2021-01-27,-0.00479588802180354,0.06492075694170363
Finance,2021-01-28,5.265665857990519e-4,0.06548150862883273
Finance,2021-01-29,1.4645705125040413e-4,0.06563755590874831
Finance,2021-02-01,-6.751039238369698e-4,0.06491813981336647
Finance,2021-02-02,0.01428114890073097,0.08012639433513069
Finance,2021-02-03,0.009304767800235987,0.09017671962932527
Finance,2021-02-04,0.011279419424880371,0.10247328009726453
Finance,2021-02-05,-0.008528650706550761,0.09307067057800977
Finance,2021-02-08,-3.832240512848201e-4,0.09265177960729032
Finance,2021-02-09,-0.006034973909433071,0.08605765462526471
Finance,2021-02-10,-0.013375910672138292,0.07153064445220503
Finance,2021-02-11,0.004830537772233838,0.07670671370433757
Finance,2021-02-12,-0.007648021234529609,0.06847203789456624
Finance,2021-02-15,0.006748854716421705,0.07568300044687559
Finance,2021-02-16,0.007091947780046218,0.0833116881139282
Finance,2021-02-17,-0.0024783847183052206,0.0806268249809452
Finance,2021-02-18,-0.0043396509437720575,0.07593728176005121
Finance,2021-02-19,0.00824976726507694,0.08481351392639125
Finance,2021-02-22,0.004235672809794473,0.08940842903102686
Finance,2021-02-23,0.018877237100762206,0.10997345024541438
Finance,2021-02-24,-8.824854572511371e-4,0.10899391481763798
Finance,2021-02-25,0.013334581665587075,0.12378188474141272
Finance,2021-02-26,-0.008578708898051752,0.1141412870873122
Finance,2021-03-01,0.016231726862562277,0.13222572414561706
Finance,2021-03-02,0.005995063507676915,0.1390134892668955
Finance,2021-03-03,0.01243611956116643,0.15317839720119975
Finance,2021-03-04,0.0032658719489891143,0.15694453018079946
Finance,2021-03-05,0.01034134870242516,0.16890889699676248
Finance,2021-03-08,0.018195832166576904,0.19017816710453417
Finance,2021-03-09,-0.005898366168204844,0.18315806046954863
Finance,2021-03-10,0.009032044465957382,0.1938443966819654
Finance,2021-03-11,-0.002649479357272254,0.19068133059716152
Finance,2021-03-12,0.014145601448441025,0.2075242341518886
Finance,2021-03-15,8.28593184073457e-4,0.20852478050191037
Finance,2021-03-16,0.004016052623695775,0.21337827961744638
Finance,2021-03-17,7.982269398209989e-4,0.21434683084843065
Finance,2021-03-18,0.00426036383876733,0.21952039017429903
Finance,2021-03-19,-0.0020508579470814668,0.2170193270904821
Finance,2021-03-22,-0.011041935241188848,0.20358107849347395
Finance,2021-03-23,-0.02151794411286494,0.17768248811114962
Finance,2021-03-24,0.01095527626250543,0.190584325117922
Finance,2021-03-25,-0.0066047815746299405,0.18272077570433987
Finance,2021-03-26,0.015543993849625024,0.20110498016771206
Finance,2021-03-29,0.002484635419555031,0.20408928814404081
Finance,2021-03-30,0.0031882269487127834,0.2079281980611578
Finance,2021-03-31,0.0011344562077253788,0.20929853970393486
Finance,2021-04-01,0,0.20929853970393486
Finance,2021-04-02,0,0.20929853970393486
Finance,2021-04-05,0,0.20929853970393486
Finance,2021-04-06,8.530121725554426e-4,0.21033008607855574
Finance,2021-04-07,0.004387278347101621,0.21564014105805396
Finance,2021-04-08,-0.002915987425747893,0.21209534969249422
Finance,2021-04-09,-0.0010681607785616746,0.21080063698007567
Finance,2021-04-12,0.002491627107291299,0.21381750066870087
Finance,2021-04-13,-0.0035034754249482418,0.20956492088473588
Finance,2021-04-14,-0.00206360185624936,0.20706886046874406
Finance,2021-04-15,0.005377812133249046,0.21356025003224
Finance,2021-04-16,0.014612775188160301,0.23129373314324897
Finance,2021-04-19,-0.005779291448145797,0.22417772780113854
Finance,2021-04-20,-0.021097155080542697,0.1983510604315717
Finance,2021-04-21,-0.003963651924428969,0.1936012139447505
Finance,2021-04-22,0.0022008355854275722,0.19622813397120975
Finance,2021-04-23,0.0010083208503107552,0.19743431574042103
Finance,2021-04-26,0.008268149644485492,0.20733488185240478
Finance,2021-04-27,-0.0022122860042155523,0.2046639117908815
Finance,2021-04-28,0.004558057850339056,0.2101548395910402
Finance,2021-04-29,0.0015913732232297998,0.21208064759872713
Finance,2021-04-30,-0.01840188234345954,0.1897760821308312
Finance,2021-05-03,0.006598200317410187,0.19762646305359377
Finance,2021-05-04,0.00787014407354865,0.20705195586412017
Finance,2021-05-05,-0.002016061860183695,0.2046184644526423
Finance,2021-05-06,0.001239707557067817,0.20611183906640784
Finance,2021-05-07,0.010032082400736803,0.21821165242042606
Finance,2021-05-10,-0.002848668626335772,0.21474137110593938
Finance,2021-05-11,-0.015231893749705601,0.19623855960788195
Finance,2021-05-12,-0.0011161008344305356,0.19490343675332555
Finance,2021-05-13,0,0.19490343675332555
Finance,2021-05-14,0.013820996040959809,0.21141819242202264
Finance,2021-05-17,0,0.21141819242202264
Finance,2021-05-18,0.007402601528770502,0.2203858385852262
Finance,2021-05-19,-0.017581022043793387,0.19893020825512608
Finance,2021-05-20,0.018988010526285026,0.22169550766975532
Finance,2021-05-21,0.015533557478589297,0.24067278505947787
Finance,2021-05-24,0,0.24067278505947787
Finance,2021-05-25,-0.0056236536360091465,0.23369567104068056
Finance,2021-05-26,-0.01249331279016623,0.21828272513449543
Finance,2021-05-27,0.009736152669468331,0.23014411174098082
Finance,2021-05-28,0.006865820516187208,0.23859006042123876
Finance,2021-05-31,-0.009124946074716388,0.22728799291121526
Finance,2021-06-01,0.008348821201376462,0.23753440092662736
Finance,2021-06-02,0.0036556637734053185,0.24205841060443767
Finance,2021-06-03,0.0023180325095634308,0.24493754237899545
Finance,2021-06-04,0.004156007616186549,0.2501115122867992
Finance,2021-06-07,-0.001975969225700558,0.2476413304098266
Finance,2021-06-08,-0.007404193810658684,0.23840355219328413
Finance,2021-06-09,-7.708362657575563e-4,0.23744894582361042
Finance,2021-06-10,0.0013059707581109848,0.23906501796151125
Finance,2021-06-11,0.001336503260196236,0.2407210323976119
Finance,2021-06-14,0.012651191938769098,0.2564176323209417
Finance,2021-06-15,-0.0025514216548112997,0.2532119811663516
Finance,2021-06-16,-0.00571501592495336,0.24604985473664343
Finance,2021-06-17,-6.649874950340519e-4,0.24522124716505456
Finance,2021-06-18,-0.011537228449822723,0.23085484516593802
Finance,2021-06-21,0.01188228343928645,0.2454802113088188
Finance,2021-06-22,0.0037353093464415846,0.25013246518292864
Finance,2021-06-23,0.015976488788672128,0.2701051924972788
Finance,2021-06-24,0.0021021890568318504,0.27277519373397197
Finance,2021-06-25,0.007658181448812004,0.2825223371111334
Finance,2021-06-28,-0.014917181026671559,0.26339071923769675
Finance,2021-06-29,-0.0063789458084811184,0.2553316183047414
Finance,2021-06-30,-0.017271227624628602,0.23365050018060685
Finance,2021-07-01,6.343739362998629e-4,0.23443309590442474
Finance,2021-07-02,0.003983328389396827,0.23935024830015195
Finance,2021-07-05,0.018794027025038504,0.2626426303601932
Finance,2021-07-06,-0.013266509179396913,0.24589177031422182
Finance,2021-07-07,-0.001774586041678517,0.24368082816918002
Finance,2021-07-08,-0.012521088271799354,0.22810859073772916
Finance,2021-07-09,0.017968054612500277,0.25017531296618545
Finance,2021-07-12,0.019056640256871794,0.2739994541634041
Finance,2021-07-13,-0.01225197808367302,0.2583904407723825
Finance,2021-07-14,-9.415258819077949e-4,0.2572056336028501
Finance,2021-07-15,-0.006790694992302559,0.24866833360244867
Finance,2021-07-16,-0.014485340318412147,0.2305809478453924
Finance,2021-07-19,-0.029145241962799866,0.19471536836562686
Finance,2021-07-20,0.003325066981996692,0.19868787698986345
Finance,2021-07-21,0.005296019595396632,0.20503615147516596
Finance,2021-07-22,-3.8713535334579374e-4,0.2045696393788703
Finance,2021-07-23,-1.5874169438568028e-4,0.20437842395330974
Finance,2021-07-26,0.008081641135570704,0.21411177816712446
Finance,2021-07-27,-0.0022441227901695126,0.21138716225592646
Finance,2021-07-28,0.010272680020962113,0.22383135495528284
Finance,2021-07-29,0.010091596325513713,0.23618176695999815
Finance,2021-07-30,-0.0011698918921763245,0.23473556793357542
Finance,2021-08-02,0.005033387946482193,0.24095047105830503
Finance,2021-08-03,-0.0010768012043386125,0.2396142140965447
Finance,2021-08-04,0.008465094893182618,0.25010766604981005
Finance,2021-08-05,0.008684193303767814,0.26096384267230865
Finance,2021-08-06,0.008275698642110954,0.2713991994328626
Finance,2021-08-09,0.005832638785410891,0.27881481171521516
Finance,2021-08-10,-4.3714705692472864e-4,0.27825578158392195
Finance,2021-08-11,0.007972490401430388,0.28844666353317283
Finance,2021-08-12,-0.001477794678866155,0.2865426039098007
Finance,2021-08-13,0.0036951881575329948,0.2912966209039296
Finance,2021-08-16,-0.001925343643698811,0.28881043116274263
Finance,2021-08-17,-0.0031541119406995814,0.28474537879251405
Finance,2021-08-18,0.003213544589569102,0.2888739653535066
Finance,2021-08-19,-0.012207111982037071,0.2731405365277042
Finance,2021-08-20,-0.006461892962473436,0.26491363865447615
Finance,2021-08-23,0.004897883390180245,0.27110903815525433
Finance,2021-08-24,-1.711202896825189e-4,0.2708915256084272
Finance,2021-08-25,0.0023057030710907987,0.27382182410204603
Finance,2021-08-26,0.005161735564610675,0.28039695551449095
Finance,2021-08-27,0.004711784786431189,0.2864299104100767
Finance,2021-08-30,-0.01651756820121469,0.2651812166287959
Finance,2021-08-31,-0.01923623569655582,0.240843892546869
Finance,2021-09-01,0.02041976469192702,0.26618163285209095
Finance,2021-09-02,0.0034271219748489862,0.2705209917501885
Finance,2021-09-03,0.002305963441885815,0.2734507667093129
Finance,2021-09-06,0.006895726230394877,0.28223213456442675
Finance,2021-09-07,-0.006554012702733704,0.2738283688666381
Finance,2021-09-08,5.387332954156912e-4,0.27451462262159154
Finance,2021-09-09,-0.00898948419301421,0.26305739356776936
Finance,2021-09-10,-0.007180994733198361,0.25398738507683194
Finance,2021-09-13,-0.0012663289031736393,0.2523994246068939
Finance,2021-09-14,-0.0028692255437424295,0.2488060081868435
Finance,2021-09-15,-0.006039971287409425,0.24126325575385055
Finance,2021-09-16,0.005914038062845517,0.2486041338943903
Finance,2021-09-17,-0.007366645908892602,0.23940610935961093
Finance,2021-09-20,-0.019001680547496437,0.2158553104009442
Finance,2021-09-21,0.0054637769255400075,0.22249847259070799
Finance,2021-09-22,0.01724977343612187,0.24358629426890288
Finance,2021-09-23,0.015332957681149614,0.2626541502917856
Finance,2021-09-24,0.003228462505009849,0.26673058187279763
Finance,2021-09-27,0.011833349887264994,0.28172024806099727
Finance,2021-09-28,6.211212681860274e-4,0.28251635176693246
Finance,2021-09-29,3.2963458564899727e-4,0.28293911351313517
Finance,2021-09-30,0.010717413385994962,0.2966889023417172
Finance,2021-10-01,-0.003131712860991645,0.2926280450295484
Finance,2021-10-04,0.004139283925088315,0.2979785995174573
Finance,2021-10-05,0.0031584083732331737,0.3020781459944508
Finance,2021-10-06,0.00351767556082654,0.3066584344669019
Finance,2021-10-07,0.013198103843460037,0.32390384817292905
Finance,2021-10-08,0.001362728873208073,0.32570797017218567
Finance,2021-10-11,4.736792306142943e-4,0.3263359305035163
Finance,2021-10-12,0.0041544156597428635,0.3318460812632795
Finance,2021-10-13,0.008909154378286115,0.34371170360936976
Finance,2021-10-14,0.012132472447199352,0.3600142488303897
Finance,2021-10-15,0.0026190639566631164,0.36357621313004973
Finance,2021-10-18,0.004693300307947437,0.3699758857910429
Finance,2021-10-19,0.0014431587218382252,0.3719529784393303
Finance,2021-10-20,0.006280696903893386,0.3805697992633015
Finance,2021-10-21,0.011038161826906305,0.39580875212090905
Finance,2021-10-22,0.0035350005954998495,0.4007429368908606
Finance,2021-10-25,-0.004357888006931053,0.3946386560453905
Finance,2021-10-26,-0.007440127116572012,0.38426236716272766
Finance,2021-10-27,0.010325049515363637,0.3985549446459373
Finance,2021-10-28,-0.00558352392171199,0.3907460796566782
Finance,2021-10-29,-0.008577055446039527,0.3788175734201007
Finance,2021-11-01,0.008925698663239147,0.3911244835920271
Finance,2021-11-02,0.00822374414075201,0.40256473541302373
Finance,2021-11-03,0.01236971940643441,0.41991406763944283
Finance,2021-11-04,0.001391880654049249,0.4218904185606025
Finance,2021-11-05,0.015164880476975668,0.44345321680943095
Finance,2021-11-08,-0.004416550535415816,0.43707813273188356
Finance,2021-11-09,-8.57143109014713e-4,0.43584635111329684
Finance,2021-11-10,-0.002842547219153028,0.43176489006080865
Finance,2021-11-11,0.006154914564574163,0.4405772806356898
Finance,2021-11-12,-0.003117298649155294,0.4360865710247601
Finance,2021-11-15,8.352481664091028e-4,0.43728605970001344
Finance,2021-11-16,-0.005054037697577641,0.43002196177208685
Finance,2021-11-17,-0.002327536313770547,0.4266935337265727
Finance,2021-11-18,-0.006342728665109348,0.4176444037538791
Finance,2021-11-19,-0.005258367337127275,0.4101899087255185
Finance,2021-11-22,0.009601799439672196,0.4237302694009506
Finance,2021-11-23,0.0021561132611325603,0.42679999311508166
Finance,2021-11-24,-0.006882037190624095,0.41698070249888164
Finance,2021-11-25,0.0029626064455958215,0.4211786586613897
Finance,2021-11-26,-0.037510177828803656,0.36786999444850044
Finance,2021-11-29,2.595059733720893e-4,0.36822496488285617
Finance,2021-11-30,-0.014674118079369495,0.34814747018902414
Finance,2021-12-01,0.018592761338167507,0.373213254350903
Finance,2021-12-02,-0.0024620980507195148,0.3698322686741433
Finance,2021-12-03,-6.99754282218883e-4,0.36887372267821705
Finance,2021-12-06,0.0022911110420710413,0.3720099643794461
Finance,2021-12-07,0.01019800676614558,0.38600173127940685
Finance,2021-12-08,-0.007161618871018347,0.37607571512541216
Finance,2021-12-09,-0.013979596439980764,0.3568387319571009
Finance,2021-12-10,0.00518107903640338,0.36386862066702386
Finance,2021-12-13,-0.011248567730717042,0.34852705211165125
Finance,2021-12-14,-0.008771441129367338,0.3366985264626947
Finance,2021-12-15,-0.010842202125655419,0.3222057708577204
Finance,2021-12-16,0.013169042286756718,0.33961795456593946
Finance,2021-12-17,-0.004256596703158054,0.3339157411970428
Finance,2021-12-20,-0.00770261937568483,0.3236410959633673
Finance,2021-12-21,0.011668087169705712,0.3390854556524727
Finance,2021-12-22,5.254779598725355e-4,0.33978911554580393
Finance,2021-12-23,0.007122846903250693,0.3493322282984783
Finance,2021-12-24,0,0.3493322282984783
Finance,2021-12-27,0.005055341950420227,0.35615356411724974
Finance,2021-12-28,0.012204828563522587,0.37270518587311074
Finance,2021-12-29,0.004206250918292973,0.378479128321735
Finance,2021-12-30,0.0028023053745728057,0.3823420477917674
Finance,2021-12-31,0,0.3823420477917674
Finance,2022-01-03,0.0030166151501461094,0.3865120417558199
Finance,2022-01-04,0.0037386494448611884,0.3916957242310237
Finance,2022-01-05,0.00592043286982538,0.3999351653415566
Finance,2022-01-06,-1.8669491251718757e-4,0.39967380456833346
Finance,2022-01-07,0.016467342294689047,0.42272271220907
Finance,2022-01-10,0.004206499857294335,0.42870739509494693
Finance,2022-01-11,-8.626655258035409e-4,0.427474898478738
Finance,2022-01-12,0.014612132968360362,0.448333351504306
Finance,2022-01-13,0.012444475725861345,0.46635710074005665
Finance,2022-01-14,-0.0011700754277427564,0.4646413523281847
Finance,2022-01-17,1.5976577717030568e-4,0.46487535189211515
Finance,2022-01-18,-0.0021766971767141416,0.4616867618494136
Finance,2022-01-19,-0.006154069227134583,0.4526914403286062
Finance,2022-01-20,-0.0022857765533665472,0.4493709122950267
Finance,2022-01-21,-0.016618143199835077,0.42528505892483226
Finance,2022-01-24,-0.03433540869065766,0.3763473139259601
Finance,2022-01-25,0.02035656762999586,0.4043650211042571
Finance,2022-01-26,0.01787510249793201,0.4294681898010062
Finance,2022-01-27,0.0010906824106639418,0.4310272856122257
Finance,2022-01-28,-0.006810593739035841,0.4212811401404457
Finance,2022-01-31,0.004736305798471662,0.42801276224575147
Finance,2022-02-01,0.022361380965143608,0.4599450996454155
Finance,2022-02-02,5.323486375562402e-4,0.46072229943011855
Finance,2022-02-03,-0.0031179829501392087,0.4561677922056073
Finance,2022-02-04,-0.007233488314669668,0.44563461949648975
Finance,2022-02-07,0.011685997239480697,0.46252830166922365
Finance,2022-02-08,-4.524508607344299e-4,0.46186657948028476
Finance,2022-02-09,-0.012596375520943752,0.4434523590836337
Finance,2022-02-10,-0.006139679214758002,0.4345900246370744
Finance,2022-02-11,0.004017537363800352,0.440353543662789
Finance,2022-02-14,-0.009543823904512546,0.42660706308183083
Finance,2022-02-15,0.003177991254367576,0.43114080785172404
Finance,2022-02-16,-0.004671681684292743,0.4244549735520391
Finance,2022-02-17,-0.008849249869045771,0.41184961556387223
Finance,2022-02-18,0.003050131665854874,0.41615594278372847
Finance,2022-02-21,-0.016761575770951373,0.392418937645276
Finance,2022-02-22,0.005550666946336874,0.400147791417917
Finance,2022-02-23,0.0019300279947198219,0.40285011585209873
Finance,2022-02-24,-0.05924071288261313,0.319744274921564
Finance,2022-02-25,0.03180710169193038,0.3617215152813371
Finance,2022-02-28,-0.0033138189813662258,0.35720901667666305
Finance,2022-03-01,-0.019322415339157222,0.33098446035438744
Finance,2022-03-02,-7.122135382590284e-4,0.33003651520251065
Finance,2022-03-03,-0.006530939435307217,0.3213501272749759
Finance,2022-03-04,-0.03184573956115695,0.2792707552526754
Finance,2022-03-07,-0.018947054248873198,0.25503234285390586
Finance,2022-03-08,-0.00395990612577237,0.2500625325913963
Finance,2022-03-09,0.044508842118161,0.3057013684923353
Finance,2022-03-10,-0.0016240619734760602,0.30358082855105106
Finance,2022-03-11,0.0124932102394464,0.3198667379062512
Finance,2022-03-14,0.019929144296052047,0.3461705525775445
Finance,2022-03-15,-0.018703429223804736,0.32099254692424006
Finance,2022-03-16,0.032375271901966055,0.36376003981138316
Finance,2022-03-17,7.047432458277004e-4,0.3647211404883701
Finance,2022-03-18,-0.004425654789061117,0.3586813558372348
Finance,2022-03-21,0.01569628372029613,0.3800076038839326
Finance,2022-03-22,0.016621052208552534,0.40294478231628705
Finance,2022-03-23,-0.014652008217386762,0.3823888238372488
Finance,2022-03-24,0.01457875093610301,0.4025423261968246
Finance,2022-03-25,-0.00715901137080748,0.3925015097355429
Finance,2022-03-28,0.01070227634048297,0.4074044456972723
Finance,2022-03-29,5.648355883269624e-4,0.40819939781537173
Finance,2022-03-30,-0.0020979694077330577,0.4052450385587669
Finance,2022-03-31,-0.017377226676909108,0.38082577698712927
Finance,2022-04-01,0.0062851414292829,0.3895044622846928
Finance,2022-04-04,-0.01697912554418607,0.3659118915753543
Finance,2022-04-05,-0.006435269914423769,0.35712187987374566
Finance,2022-04-06,-0.014303023092069291,0.3377109342871589
Finance,2022-04-07,0.007362514493249316,0.34755985042862614
Finance,2022-04-08,0.020574918040426753,0.37528578390576484
Finance,2022-04-11,8.564120599967385e-4,0.37646359523704365
Finance,2022-04-12,-0.010951681579515718,0.36138900423621223
Finance,2022-04-13,0.00324862537353118,0.36581164709862013
Finance,2022-04-14,0,0.36581164709862013
Finance,2022-04-15,0,0.36581164709862013
Finance,2022-04-18,0,0.36581164709862013
Finance,2022-04-19,-0.013577626722196048,0.34726716638148725
Finance,2022-04-20,0.020696058180074327,0.3751502860410225
Finance,2022-04-21,0.005296221252329602,0.3824333862111
Finance,2022-04-22,-0.008108225193068015,0.3712243050012849
Finance,2022-04-25,-0.019675644632728934,0.3442445828643188
Finance,2022-04-26,-0.0024688277505682155,0.34092587453459244
Finance,2022-04-27,-0.008989772784597174,0.32887125560153896
Finance,2022-04-28,-0.004947915009100291,0.32229611357078625
Finance,2022-04-29,4.919070269302363e-5,0.3223611582457808
Finance,2022-05-02,-0.008244833446342387,0.311458510740132
Finance,2022-05-03,0.01002285194366292,0.324603065223537
Finance,2022-05-04,0.0029938837376644227,0.32856877279937025
Finance,2022-05-05,-0.004576512833011408,0.32248856076111565
Finance,2022-05-06,-0.013087233175403527,0.30518084459463113
Finance,2022-05-09,-0.02943075981637905,0.26676838064042796
Finance,2022-05-10,0.003797717466645908,0.2715792090457807
Finance,2022-05-11,0.008672013709590988,0.2826063613794567
Finance,2022-05-12,0.004805672064564995,0.28877014694017134
Finance,2022-05-13,0.023613435177429455,0.3192024372635496
Finance,2022-05-16,-0.002245400739640204,0.3162402991351827
Finance,2022-05-17,0,0.3162402991351827
Finance,2022-05-18,0.00652897955855421,0.3248340051423815
Finance,2022-05-19,-0.013048117310745209,0.3075474156260194
Finance,2022-05-20,0.01709372352472179,0.329898269644195
Finance,2022-05-23,0.012556788554159473,0.3465975210146597
Finance,2022-05-24,-0.003264052810730072,0.34220215559126976
Finance,2022-05-25,0.006337783520180274,0.3507087422937265
Finance,2022-05-26,0,0.3507087422937265
Finance,2022-05-27,0.01745016926914214,0.3742788384800624
Finance,2022-05-30,-0.0051745256948454756,0.36716759731846493
Finance,2022-05-31,-0.009296508590843989,0.3544577120048702
Finance,2022-06-01,-0.006809193116118949,0.34523494787621245
Finance,2022-06-02,0.002054008706130193,0.34799807217094103
Finance,2022-06-03,0.0014402093829495722,0.34993947164267936
Finance,2022-06-06,0,0.34993947164267936
Finance,2022-06-07,-0.007049007266564812,0.3404237384976476
Finance,2022-06-08,0.0020062748274967523,0.3431129969023745
Finance,2022-06-09,-3.196147011756228e-4,0.3426837182432245
Finance,2022-06-10,-0.025405477299223402,0.3085721975193594
Finance,2022-06-13,-0.02811897233411009,0.2717764921001269
Finance,2022-06-14,0.016911304740099893,0.29328389191932747
Finance,2022-06-15,0.015909994836508,0.31386003196190293
Finance,2022-06-16,-0.04287785231529835,0.2575245355484672
Finance,2022-06-17,0.0012768424947147605,0.2591301963136019
Finance,2022-06-20,0.021622232775836657,0.28635540251337943
Finance,2022-06-21,-0.018797156062019402,0.2621755792611138
Finance,2022-06-22,-0.019604115712058258,0.23743174315634463
Finance,2022-06-23,-0.004174661617133648,0.23226588435436724
Finance,2022-06-24,0.006610472149979013,0.240411743664261
Finance,2022-06-27,0.010687109925614719,0.2536681603218245
Finance,2022-06-28,0.028412972530224265,0.28928859932306517
Finance,2022-06-29,-0.024936843287042418,0.2571378115699756
Finance,2022-06-30,-0.012167904210768776,0.2418410790990566
Finance,2022-07-01,0.0010655863185077374,0.24316436796270557
Finance,2022-07-04,0.022493554383520527,0.2711275532811297
Finance,2022-07-05,-0.017320938705994653,0.24911043084324636
Finance,2022-07-06,-0.001613435827815085,0.24709507132122632
Finance,2022-07-07,0.014783358118195223,0.2655313243680044
Finance,2022-07-08,0.0030504302865515492,0.2693917394484362
Finance,2022-07-11,0.002342394391544156,0.27236515553959273
Finance,2022-07-12,0.03542172835142344,0.31743452844293296
Finance,2022-07-13,-0.015176341590029214,0.2974406920167838
Finance,2022-07-14,-0.010345769641917866,0.28401766949312757
Finance,2022-07-15,-0.012591241566402409,0.2678502928410105
Finance,2022-07-18,0.02759436682259534,0.3028358188978002
Finance,2022-07-19,0.011796912073519534,0.3182052584995694
Finance,2022-07-20,-0.0018827593700006132,0.31572339519754533
Finance,2022-07-21,-0.005777756789850825,0.30812146541737717
Finance,2022-07-22,0.005730258412959594,0.3156173394497579
Finance,2022-07-25,0.0031366064984759546,0.3197439133461837
Finance,2022-07-26,-0.00863432888032762,0.30834881036054207
Finance,2022-07-27,0.004886398570264073,0.3147419241168945
Finance,2022-07-28,0.004844746693035685,0.3211115157059552
Finance,2022-07-29,0.012062146354299303,0.3370469561587506
Finance,2022-08-01,-0.002279602633258272,0.33399902039670115
Finance,2022-08-02,5.711089393443157e-4,0.3347608791623262
Finance,2022-08-03,0.0033324772980154113,0.33920893949041386
Finance,2022-08-04,6.873442436504152e-4,0.3401294370460177
Finance,2022-08-05,0.013593215226424954,0.3583461049150518
Finance,2022-08-08,2.6459233752732674e-4,0.3587055128861223
Finance,2022-08-09,0.009142769581451042,0.3711278443194874
Finance,2022-08-10,-7.241122422967045e-4,0.3701349938616616
Finance,2022-08-11,0.0029481141865007237,0.37417430827448617
Finance,2022-08-12,0.004985654513856084,0.3810254666173598
Finance,2022-08-15,-0.0054627202185819086,0.3734813108784927
Finance,2022-08-16,0.010463702031632518,0.38785301006154116
Finance,2022-08-17,-0.0046457868676249205,0.38140534077320365
Finance,2022-08-18,-0.0020921969315792115,0.37851516875797064
Finance,2022-08-19,3.8088525616516603e-4,0.3790402248611504
Finance,2022-08-22,-0.019148212752544618,0.3526340692411922
Finance,2022-08-23,0.004063400921159326,0.3581303637641384
Finance,2022-08-24,-0.006678515428569487,0.34906006917573085
Finance,2022-08-25,6.043064264799907e-4,0.34987531484524137
Finance,2022-08-26,-0.007065010239657464,0.3403384319235989
Finance,2022-08-29,-0.017817841102692744,0.3164564947197517
Finance,2022-08-30,-0.003942657973567159,0.31126615702399074
Finance,2022-08-31,0.018387796963120703,0.3353774528839595
Finance,2022-09-01,-0.016574211572600302,0.31324462445058066
Finance,2022-09-02,0.013184641273512559,0.3305592837283302
Finance,2022-09-05,-0.006633453855171873,0.3217330801181477
Finance,2022-09-06,-0.028921561459788424,0.2835064956080753
Finance,2022-09-07,-0.012360835127052735,0.2676412834313626
Finance,2022-09-08,0.01000837946093873,0.280328318416295
Finance,2022-09-09,0.008254280492970742,0.29089650747959683
Finance,2022-09-12,0.016475736560495467,0.3121649782636944
Finance,2022-09-13,-0.004298225810715027,0.30652499688620494
Finance,2022-09-14,-0.012972879782034874,0.28957560516937675
Finance,2022-09-15,0.01098272034641743,0.30373865340651407
Finance,2022-09-16,-0.0197152059899246,0.27803517729757776
Finance,2022-09-19,0.003943409984427702,0.28307499397618296
Finance,2022-09-20,0.002277547307433549,0.2859972579739487
Finance,2022-09-21,0.0032669028882547717,0.2901984861303115
Finance,2022-09-22,-0.002976020606901587,0.28635882884859454
Finance,2022-09-23,-0.025228004418367863,0.2539065626307957
Finance,2022-09-26,-0.008034398849464679,0.2438321771866585
Finance,2022-09-27,0.001021576039047654,0.24510284633546897
Finance,2022-09-28,-0.01888224815208555,0.22159250541609476
Finance,2022-09-29,-0.023668016726528046,0.19267983356490537
Finance,2022-09-30,0.022061998351550597,0.21899273408694198
Finance,2022-10-03,0.007544791947498537,0.22818978065114015
Finance,2022-10-04,0.02303850186164939,0.2564854331991304
Finance,2022-10-05,-0.010065639402710796,0.24383810391378913
Finance,2022-10-06,-0.01591104247631057,0.22404734300876306
Finance,2022-10-07,-0.008692949504807163,0.21340676126449454
Finance,2022-10-10,0.011731545737220062,0.2276418981821211
Finance,2022-10-11,-0.0026219407056178143,0.2244230939173555
Finance,2022-10-12,-0.002923086621256695,0.22084399915276776
Finance,2022-10-13,0.00509385843429483,0.2270628056548103
Finance,2022-10-14,0.0048636958255253975,0.23303086590033129
Finance,2022-10-17,0.007209971736926077,0.24192098359422998
Finance,2022-10-18,0.02520348683514281,0.2732217227545348
Finance,2022-10-19,0.00795433693793218,0.2833493573340189
Finance,2022-10-20,-0.02292804024898335,0.25392467161555765
Finance,2022-10-21,-0.012252566732483035,0.23856087589908115
Finance,2022-10-24,0.021548758428142314,0.265250325012379
Finance,2022-10-25,-0.007446235910042678,0.2558289726070786
Finance,2022-10-26,0.002380238984100156,0.25881814568504025
Finance,2022-10-27,0.008637941526029197,0.26969174321937217
Finance,2022-10-28,0.002779173776695838,0.2732204372166147
Finance,2022-10-31,0.0076457742207178565,0.2829551932127765
Finance,2022-11-01,0.00688067108618674,0.29178278591558904
Finance,2022-11-02,-0.02124268211826365,0.264341854828539
Finance,2022-11-03,0.0038211335159019652,0.269173073865582
Finance,2022-11-04,0.0074778067190198715,0.2786637048049332
Finance,2022-11-07,-0.002547619900542836,0.27540615570447025
Finance,2022-11-08,0.01242958841887578,0.29125892928677755
Finance,2022-11-09,-0.0010413473778182875,0.2899142801866803
Finance,2022-11-10,0.012427502407275517,0.3059446930088794
Finance,2022-11-11,0.003200315845220861,0.31012412850289794
Finance,2022-11-14,0.009722346912791011,0.3228616097790209
Finance,2022-11-15,-0.011192682799042866,0.30805523939373325
Finance,2022-11-16,0.006693560949520874,0.31681078686395536
Finance,2022-11-17,-0.014413403976380358,0.29783106103242973
Finance,2022-11-18,0.008359727533732373,0.3086805750874757
Finance,2022-11-21,-0.00689106007181364,0.29966237862973233
Finance,2022-11-22,0.019818466324911948,0.3254196937143605
Finance,2022-11-23,0.0021911938588248963,0.328323945207593
Finance,2022-11-24,0.008965207545524002,0.34023264506406825
Finance,2022-11-25,-0.0015672871993210556,0.33813211559534717
Finance,2022-11-28,-0.0078729610881736,0.3275970535184296
Finance,2022-11-29,0.011370923562028097,0.34269305813516127
Finance,2022-11-30,-9.440470248286717e-4,0.34142549274837064
Finance,2022-12-01,-3.571509263347642e-4,0.3409464013910264
Finance,2022-12-02,-6.186745287829618e-4,0.3401167920080228
Finance,2022-12-05,-0.004014472461590249,0.33473693005119176
Finance,2022-12-06,-0.008919595757296658,0.3228316161928002
Finance,2022-12-07,-0.018974295224365386,0.2977318185750335
Finance,2022-12-08,-0.006384795802245011,0.2894460659073559
Finance,2022-12-09,0.017665583508957257,0.31222488306493856
Finance,2022-12-12,-0.007304134009450767,0.3026402166684965
Finance,2022-12-13,0.011415721393109906,0.31751079445744423
Finance,2022-12-14,8.393813259419227e-4,0.31861668841503876
Finance,2022-12-15,-0.008855196753223488,0.3069400781970397
Finance,2022-12-16,7.831836733278474e-4,0.3079636523283016
Finance,2022-12-19,0.004296800220909067,0.31358371083856684
Finance,2022-12-20,-8.611756674343101e-4,0.3124524845096548
Finance,2022-12-21,0.013430159502931277,0.33007893071663785
Finance,2022-12-22,0.011358910850258213,0.34518717871445515
Finance,2022-12-23,0.004647004792318831,0.351438269980507
Finance,2022-12-26,0,0.351438269980507
Finance,2022-12-27,-9.182513248548534e-4,0.35019730999863774
Finance,2022-12-28,5.923556790777435e-4,0.35099710704309084
Finance,2022-12-29,0.005137483727151821,0.3579378326959539
Finance,2022-12-30,-8.950152013901779e-5,0.3578162951956736
Finance,2023-01-02,0.004986655363265279,0.36458725710644013
Finance,2023-01-03,0.006317760228980729,0.3732083922083611
Finance,2023-01-04,0.009849453575426137,0.38673374451680287
Finance,2023-01-05,-0.004991684490390933,0.3798116071919968
Finance,2023-01-06,-0.0062739842891056654,0.3711546908465486
Finance,2023-01-09,0.00306875427450737,0.37536242766509464
Finance,2023-01-10,-0.022700752954395696,0.3441406649719114
Finance,2023-01-11,-0.0021873034162435685,0.3412006215035066
Finance,2023-01-12,0.006344249633498892,0.3497095330549287
Finance,2023-01-13,-3.563259056519106e-4,0.3492285965831958
Finance,2023-01-16,-0.010649224539092731,0.3348603583036165
Finance,2023-01-17,-0.010832457675349513,0.3204005399697907
Finance,2023-01-18,-0.013176755803610484,0.3030019444916534
Finance,2023-01-19,-0.0037597363369008554,0.2981030007338956
Finance,2023-01-20,0.005002171024500723,0.30459633395098407
Finance,2023-01-23,0.011203805574973698,0.31921277763039435
Finance,2023-01-24,2.8137652768188377e-4,0.3195839731410377
Finance,2023-01-25,-0.004387734572363953,0.31379398892094934
Finance,2023-01-26,-0.0027956618130229468,0.31012106523594407
Finance,2023-01-27,0.00960867367493488,0.32270959102645413
Finance,2023-01-30,-0.006197132715254886,0.3145125841471226
Finance,2023-01-31,-0.0025880140915571907,0.3111106070558207
Finance,2023-02-01,0.00903251398630359,0.3229532319516435
Finance,2023-02-02,0.001504163688231764,0.3249431701643739
Finance,2023-02-03,0.010346356204650263,0.33865150415381295
Finance,2023-02-06,-0.0013683731252547842,0.3368197294114472
Finance,2023-02-07,0.0018644574387393323,0.339312172900202
Finance,2023-02-08,0.0037294318725702535,0.3443070464051372
Finance,2023-02-09,-0.009247649315632303,0.3318753662674492
Finance,2023-02-10,0.005475314455533691,0.3391678027133427
Finance,2023-02-13,0.005580856392626453,0.3466415059059149
Finance,2023-02-14,0.005856158522131513,0.354527652036982
Finance,2023-02-15,0.012551703391329041,0.3715292813607034
Finance,2023-02-16,0.0029797605248502593,0.37561611017197816
Finance,2023-02-17,-0.004713791447828467,0.3691317427163545
Finance,2023-02-20,0.005050764921301546,0.37604690529510676
Finance,2023-02-21,0.001447066228639459,0.3780381363007832
Finance,2023-02-22,0.002165235545160808,0.3810219134560888
Finance,2023-02-23,0.020744876077598298,0.4096710419111833
Finance,2023-02-24,-0.004162780738087085,0.40380289045087614
Finance,2023-02-27,0.015522959261016968,0.4255940655298429
Finance,2023-02-28,-0.002216505691047065,0.42243422817047316
Finance,2023-03-01,-0.0062514402025163115,0.41354196565105283
Finance,2023-03-02,0.0016937737637476983,0.415936185946429
Finance,2023-03-03,0.004953618034205021,0.42295019297241687
Finance,2023-03-06,0.006223202116603204,0.4318054996251437
Finance,2023-03-07,-0.0155531040350475,0.40953647973152063
Finance,2023-03-08,0.0025528511726543687,0.41313481658670237
Finance,2023-03-09,-0.010373978465982477,0.398474986429902
Finance,2023-03-10,-0.021508937231959874,0.36839527572631514
Finance,2023-03-13,-0.03236989233425238,0.32410046798035475
Finance,2023-03-14,0.01202327606625638,0.340020493446342
Finance,2023-03-15,-0.04210017231491481,0.2836053997667338
Finance,2023-03-16,-0.004387122792743571,0.2779740652605285
Finance,2023-03-17,-0.005881148990092067,0.27045810937725756
Finance,2023-03-20,0.017165232203387122,0.2922658178293944
Finance,2023-03-21,0.006580868364339817,0.30077004906826565
Finance,2023-03-22,0.0037375199256634616,0.3056317030453646
Finance,2023-03-23,-0.017071778592442247,0.2833422476877008
Finance,2023-03-24,-0.02679373274132051,0.248956718487511
Finance,2023-03-27,0.011021650557075895,0.26272228299959255
Finance,2023-03-28,-0.0025897363041885737,0.25945216526120074
Finance,2023-03-29,0.015163498680363187,0.27854986650711955
Finance,2023-03-30,0.017458417688136458,0.300871324111712
Finance,2023-03-31,0.004129414484034103,0.30624316099936344
Finance,2023-04-03,0.014150427298031515,0.3247270598826357
Finance,2023-04-04,-0.0027198682875902926,0.3211239767627483
Finance,2023-04-05,3.1170117020350375e-4,0.32153577265228894
Finance,2023-04-06,0,0.32153577265228894
Finance,2023-04-07,0,0.32153577265228894
Finance,2023-04-10,0,0.32153577265228894
Finance,2023-04-11,0.022749792672864682,0.35160043748990244
Finance,2023-04-12,-4.4745833172465135e-4,0.35099565261298493
Finance,2023-04-13,-8.861625953735249e-4,0.34979845079912697
Finance,2023-04-14,0.021958212566037187,0.3794376121030818
Finance,2023-04-17,-0.011654856187951338,0.3633604651137694
Finance,2023-04-18,0.008139339341681784,0.3744573185843634
Finance,2023-04-19,0.012287928304430878,0.39134655157262843
Finance,2023-04-20,4.379039685867762e-5,0.39140747919028973
Finance,2023-04-21,-0.008272697512349133,0.37989678599852805
Finance,2023-04-24,0.007972287474325906,0.39089771986140676
Finance,2023-04-25,-0.0042572549228169,0.38497631369639196
Finance,2023-04-26,-0.006500165396141282,0.3759737385876274
Finance,2023-04-27,-0.0024708796467474573,0.37257387308249235
Finance,2023-04-28,0.01873700884612048,0.39829180188439284
Finance,2023-05-01,0,0.39829180188439284
Finance,2023-05-02,-0.00673550059065769,0.38887360662688875
Finance,2023-05-03,0.00478475800795943,0.39551903073824035
Finance,2023-05-04,-0.021499700204924727,0.3655157899471009
Finance,2023-05-05,0.008319079961095726,0.3768756249918097
Finance,2023-05-08,0.005143054495303623,0.383956971364398
Finance,2023-05-09,-0.0031470142534865673,0.3796016390493022
Finance,2023-05-10,-0.009363155921097726,0.3666842137938815
Finance,2023-05-11,-0.005962334629649935,0.3585355851781824
Finance,2023-05-12,0.007681867531379961,0.36897167558018684
Finance,2023-05-15,0.006651797800952228,0.378077798361377
Finance,2023-05-16,-0.006504631819334255,0.3691139096646374
Finance,2023-05-17,0,0.3691139096646374
Finance,2023-05-18,0,0.3691139096646374
Finance,2023-05-19,0.014890454818458057,0.38950063847782124
Finance,2023-05-22,-6.520359635243056e-4,0.3885946340901938
Finance,2023-05-23,0.005384708694213177,0.39607181168911687
Finance,2023-05-24,-0.015754775508866628,0.3740770137016982
Finance,2023-05-25,0.00627830841688636,0.3827038929822715
Finance,2023-05-26,-0.0028943692300674355,0.3787018373801292
Finance,2023-05-29,0,0.3787018373801292
Finance,2023-05-30,-4.0415937176057254e-4,0.3781446221116884
Finance,2023-05-31,9.407078273565804e-4,0.3794410535449384
Finance,2023-06-01,9.094839066209571e-4,0.38069563298327
Finance,2023-06-02,0.020297649239194762,0.4087205086476524
Finance,2023-06-05,0.0032498722074705347,0.41329867027680023
Finance,2023-06-06,-0.002568114024360718,0.4096691581410521
Finance,2023-06-07,0.008100845424519098,0.4210886700908645
Finance,2023-06-08,0.007115303280088116,0.43120014696645814
Finance,2023-06-09,-0.005013803618002597,0.42402439049151197
Finance,2023-06-12,-0.009260551682412752,0.4108371390263488
Finance,2023-06-13,0.003170924398818223,0.41531079693324635
Finance,2023-06-14,-0.001768579081170987,0.41280770786443477
Finance,2023-06-15,-0.001602955544577741,0.4105430399156913
Finance,2023-06-16,0.010027787447503043,0.4246876657055205
Finance,2023-06-19,-0.0035134052374777786,0.4196821605990608
Finance,2023-06-20,0.005771581567826663,0.4278759719893468
Finance,2023-06-21,-0.002329110906500634,0.42455029048985615
Finance,2023-06-22,-0.0095655098400698,0.4109237406685011
Finance,2023-06-23,-0.009107544588246112,0.3980736897897479
Finance,2023-06-26,0.008119157311630787,0.40942487001040284
Finance,2023-06-27,0.0037286377128049686,0.4146801047340889
Finance,2023-06-28,0.013253228027072999,0.4334291827474932
Finance,2023-06-29,0.012062107970535002,0.45071936031790916
Finance,2023-06-30,1.9985496094220847e-4,0.45100929377900356
Finance,2023-07-03,0.00583262869664272,0.4594724922249944
Finance,2023-07-04,0.0016422658646391918,0.46186933407935515
Finance,2023-07-05,-0.005051864425755345,0.45448416839541705
Finance,2023-07-06,-0.010176776604180093,0.4396822079393403
Finance,2023-07-07,1.1142487300309295e-4,0.439842624346525
Finance,2023-07-10,-0.0030903906492913105,0.4353929481637935
Finance,2023-07-11,0.007537303422727779,0.4462119403449476
Finance,2023-07-12,-0.00947097162383019,0.4325149080958963
Finance,2023-07-13,0.005080084173229246,0.43979220440842925
Finance,2023-07-14,-0.012087571511954439,0.42238861317528786
Finance,2023-07-17,0.010101518086785036,0.43675689747771496
Finance,2023-07-18,0.0036387281617712903,0.4419848652621865
Finance,2023-07-19,0.00794884314617051,0.4534469767753073
Finance,2023-07-20,0.008813382309096292,0.46625676064762844
Finance,2023-07-21,0.008421501994047946,0.4786048448812086
Finance,2023-07-24,0.0022020074118661533,0.481860743708858
Finance,2023-07-25,-0.0028572029024436056,0.47762676689091577
Finance,2023-07-26,-0.001732961352715836,0.47506609681015544
Finance,2023-07-27,0.00883265604608038,0.4880948482885137
Finance,2023-07-28,-0.0019099047152323087,0.48525272892105464
Finance,2023-07-31,0.0035597139339358995,0.490539803755611
Finance,2023-08-01,-8.588437499169194e-4,0.4892596629611532
Finance,2023-08-02,-0.012405570491556384,0.47078454723205687
Finance,2023-08-03,0.001466908463506842,0.4729420535323867
Finance,2023-08-04,0.006294744782126625,0.48221384783823473
Finance,2023-08-07,-0.002967235212036046,0.47781577071716175
Finance,2023-08-08,-0.014648148333591387,0.4561685060979759
Finance,2023-08-09,0.009651679801484344,0.47022297825583936
Finance,2023-08-10,0.017689915273776665,0.49623109817474464
Finance,2023-08-11,0.0018119939114162003,0.4989422598147091
Finance,2023-08-14,-1.7143623206547368e-4,0.4986852868016025
Finance,2023-08-15,-0.007863691041175768,0.48690008873823887
Finance,2023-08-16,0.0012389674721730805,0.48874230958255693
Finance,2023-08-17,6.196938446470942e-4,0.4896648740280707
Finance,2023-08-18,-0.010651732382777616,0.4737973624498997
Finance,2023-08-21,-2.1269189005264564e-4,0.47348389770332555
Finance,2023-08-22,0.002361706255757264,0.476963833842289
Finance,2023-08-23,0.0014592066098307913,0.47911902923111294
Finance,2023-08-24,-5.230286962745931e-4,0.4783454075336191
Finance,2023-08-25,0.0013847517359738544,0.48039254890307004
Finance,2023-08-28,0.009086214662672705,0.4938437133874245
Finance,2023-08-29,-0.002745119440271356,0.48974293396907753
Finance,2023-08-30,0.0011670925888331745,0.4914816019065795
Finance,2023-08-31,0.0022833971681493546,0.4948872467727199
Finance,2023-09-01,-6.231420275401671e-4,0.4939557197028219
Finance,2023-09-04,-0.005007928070822561,0.4864740969175563
Finance,2023-09-05,0.005713985439042479,0.4949677882628569
Finance,2023-09-06,-0.007080591006643437,0.48438253278606114
Finance,2023-09-07,-0.001802689273186097,0.48170665231690313
Finance,2023-09-08,-9.651961225710635e-4,0.48027651480129907
Finance,2023-09-11,0.005125954421264863,0.48786434474703944
Finance,2023-09-12,0.006796946631545253,0.49797727929326396
Finance,2023-09-13,0.00188943379106895,0.5008076081830142
Finance,2023-09-14,0.016737321616145686,0.5259271078051315
Finance,2023-09-15,0.005914421895551581,0.5349520845025499
Finance,2023-09-18,-0.004783722565118376,0.5276092995795396
Finance,2023-09-19,-0.0032141000970175833,0.5226994103815561
Finance,2023-09-20,4.084925695667758e-4,0.5233214217763806
Finance,2023-09-21,0.003346161366090314,0.5284187010660666
Finance,2023-09-22,-0.005247335692249178,0.5203985750632616
Finance,2023-09-25,-0.008029941755935367,0.5081898630596964
Finance,2023-09-26,-0.003407204368120602,0.5030511519703242
Finance,2023-09-27,8.448426163801297e-4,0.5043209936381079
Finance,2023-09-28,0.0023956180244456213,0.5079247721250191
Finance,2023-09-29,-0.0032507260508005333,0.5030229217856248
Finance,2023-10-02,-0.005476256210216772,0.49479198317609807
Finance,2023-10-03,-0.01108876033100687,0.4782165931299478
Finance,2023-10-04,-0.005144420506526298,0.47061202537516267
Finance,2023-10-05,2.2419871124180135e-4,0.47094173469598877
Finance,2023-10-06,0.00850357728745079,0.4834500014223131
Finance,2023-10-09,0.004247986173902401,0.48975167651803053
Finance,2023-10-10,0.01131523142204855,0.5066085614992171
Finance,2023-10-11,0.004812270040356506,0.5138587687422644
Finance,2023-10-12,0.0066224050979841395,0.5238841547700113
Finance,2023-10-13,-0.0046168672774726865,0.5168485838811945
Finance,2023-10-16,0.002571407467724658,0.520749019657194
Finance,2023-10-17,-0.003349881103871722,0.5156546912525128
Finance,2023-10-18,0.014912106321129449,0.5382562951545891
Finance,2023-10-19,-0.04931783764373638,0.46239282093569956
Finance,2023-10-20,-5.171546046569138e-4,0.4616365377545353
Finance,2023-10-23,-0.0052405241007743575,0.4539767962518604
Finance,2023-10-24,-0.004915959203682816,0.44682910563838485
Finance,2023-10-25,-0.007241291761367171,0.4363521939556194
Finance,2023-10-26,0.004306581967333344,0.44253796241284826
Finance,2023-10-27,0.0032636534187048885,0.4472459063654888
Finance,2023-10-30,0.002013843870857317,0.450160433663646
Finance,2023-10-31,0.0074290818133986025,0.4609337941678868
Finance,2023-11-01,-0.006747265605603518,0.451076485826434
Finance,2023-11-02,7.045125345447776e-4,0.4520987873992821
Finance,2023-11-03,4.816211902390051e-4,0.4527981489456139
Finance,2023-11-06,-0.0011729595427187906,0.4510940754931638
Finance,2023-11-07,-0.0027017932347989564,0.4471735193369397
Finance,2023-11-08,0.0021593376742504336,0.4502984556384213
Finance,2023-11-09,0.007555582743689803,0.461256305623043
Finance,2023-11-10,-0.0032301268980020645,0.4565362623253748
Finance,2023-11-13,0.010793721525860688,0.47225770913323295
Finance,2023-11-14,0.00906531737380783,0.4856041925225607
Finance,2023-11-15,0.0051570193439580605,0.49326548208086485
Finance,2023-11-16,-0.011553377383886414,0.47601322243205346
Finance,2023-11-17,0.008071908842764996,0.4879274666142408
Finance,2023-11-20,0.0049922026054696955,0.49535550198982237
Finance,2023-11-21,-0.008951553896413904,0.48196974661946146
Finance,2023-11-22,0.004486551673000458,0.48861868046549284
Finance,2023-11-23,0.011448590588843737,0.5056612662810471
Finance,2023-11-24,0.0019304848187019026,0.50856792249771
Finance,2023-11-27,-0.004325320212583285,0.502042883170476
Finance,2023-11-28,-0.001982877900111332,0.4990645155324178
Finance,2023-11-29,-9.230977528072483e-4,0.49768073244681665
Finance,2023-11-30,0.004652307465455412,0.5046484036992476
Finance,2023-12-01,0.0044577596859779285,0.511355764694829
Finance,2023-12-04,0.0030084231557902684,0.5159025623739741
Finance,2023-12-05,0.009296637140691986,0.5299953584370101
Finance,2023-12-06,0.009420268127354687,0.544408324947095
Finance,2023-12-07,-0.002173280543117155,0.5410518923838594
Finance,2023-12-08,-0.007588210379289782,0.529358066419048
Finance,2023-12-11,0.006012911994293051,0.538553961880188
Finance,2023-12-12,0.003386931890327178,0.5437649393586692
Finance,2023-12-13,-0.006397532757817416,0.5338886525887523
Finance,2023-12-14,8.798460835929943e-4,0.5352382385124002
Finance,2023-12-15,9.600521483347876e-4,0.5367121472814897
Finance,2023-12-18,-8.328706813921864e-4,0.5354322647882799
Finance,2023-12-19,-0.0020338714181357192,0.5323093929904437
Finance,2023-12-20,-0.0020618727500058627,0.5291499660084584
Finance,2023-12-21,-0.00452565204263023,0.5222295653413045
Finance,2023-12-22,0.005350566587715083,0.5303743559924519
Finance,2023-12-25,0,0.5303743559924519
Finance,2023-12-26,0,0.5303743559924519
Finance,2023-12-27,0.012052281401556179,0.5488188583805982
Finance,2023-12-28,6.318035113033932e-4,0.5497974075736958
Finance,2023-12-29,0.010223815554641549,0.5656422504157907
Finance,2024-01-01,0,0.5656422504157907
Finance,2024-01-02,-0.011278327402134117,0.5479844245209875
Finance,2024-01-03,0.003232275732348494,0.55298793701042
Finance,2024-01-04,0.00994791362281601,0.5684369268650749
Finance,2024-01-05,-0.004961996881538611,0.5606543477250803
Finance,2024-01-08,0.003978211078145921,0.5668629601403568
Finance,2024-01-09,-3.506454651617558e-4,0.5663135467488538
Finance,2024-01-10,-0.0019957278709172976,0.5631876111490117
Finance,2024-01-11,-7.524277251041583e-4,0.5620114254508439
Finance,2024-01-12,0.008431347322515503,0.5751812863005574
Finance,2024-01-15,-0.001120097411122322,0.5734169298197238
Finance,2024-01-16,-0.02002562948586622,0.5419082653563649
Finance,2024-01-17,-0.008871887260194186,0.5282286290605618
Finance,2024-01-18,0.010216926266557623,0.5438424282821162
Finance,2024-01-19,0.007586322611696472,0.5555545150046892
Finance,2024-01-22,0.01452434380758245,0.5781479235920544
Finance,2024-01-23,-0.006331938176222385,0.5681551885069358
Finance,2024-01-24,-0.0017352721214342413,0.5654340125262374
Finance,2024-01-25,-9.080603110266326e-4,0.5640125040299311
Finance,2024-01-26,0.0011763602817547881,0.5658523462198397
Finance,2024-01-29,-0.011496590408929265,0.5478503831544892
Finance,2024-01-30,-0.003619016006826113,0.5422486878416812
Finance,2024-01-31,-0.021869521000880524,0.508520447774347
Finance,2024-02-01,1.1684928475195387e-4,0.508696717309703
Finance,2024-02-02,0.010508332817002272,0.5245506045351123
Finance,2024-02-05,-0.00848817463937583,0.5116099527572524
Finance,2024-02-06,0.0016705551898362708,0.514135180608839
Finance,2024-02-07,-0.015322033355099018,0.4909355508674216
Finance,2024-02-08,-0.006314013979474218,0.48152176295674964
Finance,2024-02-09,-0.002044636162869098,0.4784925899841306
Finance,2024-02-12,0.006252565302180585,0.48773696145179657
Finance,2024-02-13,-9.161660918182364e-4,0.4863739472941697
Finance,2024-02-14,0.011967409861445982,0.5041619935288142
Finance,2024-02-15,-0.002822125673741305,0.49991705934941066
Finance,2024-02-16,0.01018537780237922,0.5151942812711183
Finance,2024-02-19,0.00148659715177518,0.517446764774042
Finance,2024-02-20,0.006203311852493879,0.5268599602754931
Finance,2024-02-21,-0.011054993535873445,0.5099805332844636
Finance,2024-02-22,0.0013554874180173055,0.5120272928987817
Finance,2024-02-23,0.006422321033233503,0.5217380175847885
Finance,2024-02-26,-0.0035029037608900805,0.5164075157599013
Finance,2024-02-27,0.00781819309056859,0.5282630825221015
Finance,2024-02-28,0.003910972868848436,0.5342400779743082
Finance,2024-02-29,0.0030558996257409416,0.5389285616543869
Finance,2024-03-01,0.005896202732964913,0.5480023964454512
Finance,2024-03-04,-0.002587097217535009,0.5439975637528698
Finance,2024-03-05,0.00186059363985472,0.5468703157999395
Finance,2024-03-06,2.330604613369739e-4,0.5472308301093685
Finance,2024-03-07,-0.004148902679622821,0.5408115199723325
Finance,2024-03-08,0.005747100856008225,0.5496667191777127
Finance,2024-03-11,-0.006814358284627618,0.5391067349314724
Finance,2024-03-12,0.012216911709532756,0.5579098660236774
Finance,2024-03-13,0.001374002497119908,0.5600504380698816
Finance,2024-03-14,-0.004016235752978248,0.553784907724056
Finance,2024-03-15,-0.0134587766178289,0.532872863738844
Finance,2024-03-18,0.009545791555497927,0.5475053485771741
Finance,2024-03-19,0.003361233868325167,0.5527068759662259
Finance,2024-03-20,4.4518881430575684e-4,0.5533981236993017
Finance,2024-03-21,0.004247178120508714,0.5599956822227168
Finance,2024-03-22,-0.0020201971126615646,0.556844183449726
Finance,2024-03-25,0.004091557150646088,0.5632141004009614
Finance,2024-03-26,3.881711663024821e-4,0.5638208950414947
Finance,2024-03-27,0.0055796878124011835,0.5725465274303361
Finance,2024-03-28,0,0.5725465274303361
Finance,2024-03-29,0,0.5725465274303361
Finance,2024-04-01,0,0.5725465274303361
Finance,2024-04-02,-0.003045131833592308,0.5677579159398529
Finance,2024-04-03,0.013668188119577002,0.589186326060875
Finance,2024-04-04,-0.014567486114782568,0.5660358763221809
Finance,2024-04-05,0.009493146045860854,0.5809024836091652
Finance,2024-04-08,0.004126093844898558,0.5874254356161699
Finance,2024-04-09,2.777175957938364e-4,0.587866291591651
Finance,2024-04-10,0.009570248645304265,0.6030625668176801
Finance,2024-04-11,-0.02281574121374971,0.5664875061437187
Finance,2024-04-12,0.00791969120528603,0.5788936034693155
Finance,2024-04-15,0.002608422839609852,0.583012025605919
Finance,2024-04-16,-0.016197274338566797,0.5573715455459296
Finance,2024-04-17,0.002549265527350459,0.5613416991402664
Finance,2024-04-18,-0.003131372262045398,0.5564525570520038
Finance,2024-04-19,0.002420822028327426,0.5602204516881619
Finance,2024-04-22,0.002478722068487087,0.5640878045534661
Finance,2024-04-23,-0.007109102863511688,0.5529685434633311
Finance,2024-04-24,0.00770416851151086,0.5649328748152482
Finance,2024-04-25,0.011898518290668429,0.5835532572499058
Finance,2024-04-26,5.369837885255743e-4,0.5844035996773158
Finance,2024-04-29,0.010655763909354648,0.6012866303726092
Finance,2024-04-30,-0.0016447256820464175,0.5986529531273177
Finance,2024-05-01,0,0.5986529531273177
Finance,2024-05-02,8.754938669338023e-4,0.6000525639831362
Finance,2024-05-03,0.007575244355147301,0.6121733531363887
Finance,2024-05-06,0.023344043605330177,0.6498079981913558
Finance,2024-05-07,0.004684214058017128,0.657536052009513
Finance,2024-05-08,0.001765433112951802,0.660462321041642
Finance,2024-05-09,0,0.660462321041642
Finance,2024-05-10,0.00766316362916872,0.6731867155078533
Finance,2024-05-13,0.009392462673586758,0.6889020592792021
Finance,2024-05-14,-0.011977409465889523,0.6686733877674311
Finance,2024-05-15,-0.0087001773052521,0.6541556334292988
Finance,2024-05-16,0.009124948739082261,0.6692497187908053
Finance,2024-05-17,0,0.6692497187908053
Finance,2024-05-20,0,0.6692497187908053
Finance,2024-05-21,-0.013426071236224774,0.6468382531552719
Finance,2024-05-22,0.006239028731375632,0.6571129243326361
Finance,2024-05-23,-8.269742698203944e-4,0.6557425345820262
Finance,2024-05-24,0.013222158263221491,0.6776350244174172
Finance,2024-05-27,0.004385138026769619,0.6849916855580307
Finance,2024-05-28,-7.940444538761663e-4,0.6836537272552858
Finance,2024-05-29,-0.012513580154847534,0.662585191386269
Finance,2024-05-30,0.005750455994097799,0.6721458143657744
Finance,2024-05-31,0.00460172687532709,0.679840572699207
Finance,2024-06-03,-0.0025697268024132574,0.6755238413557605
Finance,2024-06-04,-0.005589387963559059,0.66615868856423055
Finance,2024-06-05,-0.0019865078935834253,0.6628488511774351
Finance,2024-06-06,0.003921500441036703,0.6693697136807046
Finance,2024-06-07,-0.004545324636094879,0.661781886394361
Finance,2024-06-10,-0.006741190551351429,0.6505794980433923
Finance,2024-06-11,-0.002589277990062747,0.6463056888782599
Finance,2024-06-12,0.011456191803088238,0.6651660826165644
Finance,2024-06-13,-0.00682808153881242,0.6537961928287936
Finance,2024-06-14,0.009652237896394189,0.669759027114128
Finance,2024-06-17,0.010324028181101463,0.6869976663657029
Finance,2024-06-18,1.3588426486267158e-4,0.6872269028034221
Finance,2024-06-19,0.006132875143664215,0.6975744547373468
Finance,2024-06-20,1.6838668536026867e-4,0.6978603036729323
Finance,2024-06-21,-0.0037909508585316416,0.6914237986970566
Finance,2024-06-24,0.011235388966707819,0.7104276029829646
Finance,2024-06-25,-0.0037092198197121286,0.7040832510177975
Finance,2024-06-26,-0.013290931065843515,0.6814343979980613
Finance,2024-06-27,8.293741207161174e-4,0.6828289361734428
Finance,2024-06-28,0.008359214892254933,0.6968960648778213
Finance,2024-07-01,0.01086864541388474,0.7153390265111945
Finance,2024-07-02,-3.260552583501671e-4,0.7147797312017474
Finance,2024-07-03,-0.0030010839352030434,0.7096335332980259
Finance,2024-07-04,0.004276201374041163,0.7169442705622218
Finance,2024-07-05,-0.010122409141793832,0.6995646581819321
Finance,2024-07-08,0.0018650693908760752,0.7027344642037223
Finance,2024-07-09,-0.018287659522253977,0.6715954360655572
Finance,2024-07-10,0.0036796610351200625,0.6777463406581319
Finance,2024-07-11,0.04110758556800854,0.7467144419181493
Finance,2024-07-12,0.007575424108973437,0.7599465446129479
Finance,2024-07-15,-0.009505217418372895,0.7432178700616878
Finance,2024-07-16,-0.0023148019290124295,0.73918266597338
Finance,2024-07-17,-0.0018250404140875093,0.7360085873204982
Finance,2024-07-18,0.00310382188455392,0.7413968487655969
Finance,2024-07-19,0.0018681235412184084,0.7446499932133794
Finance,2024-07-22,0.010495454033795336,0.7629608870222118
Finance,2024-07-23,-2.935985805199443e-4,0.76244328420827
Finance,2024-07-24,-0.006011454165325653,0.7518484371862659
Finance,2024-07-25,-4.6723304456530664e-4,0.7510299157073423
Finance,2024-07-26,0.004054195397440515,0.7581289331323837
Finance,2024-07-29,0.010222365831771666,0.7761011702662854
Finance,2024-07-30,0.004622689335894442,0.7843115342055451
Finance,2024-07-31,0.002983496156965999,0.7896350208106773
Finance,2024-08-01,-0.006103411563364776,0.7787121417304588
Finance,2024-08-02,-0.023964455127409405,0.7360862744253809
Finance,2024-08-05,-0.03411061777653265,0.6768672990913722
Finance,2024-08-06,0.0014080873579418469,0.6792284747361688
Finance,2024-08-07,0.023519428798199227,0.7187229692836348
Finance,2024-08-08,-0.005954678571619834,0.7084885264478908
Finance,2024-08-09,0.001816797508045915,0.7115925041452662
Finance,2024-08-12,0.0031716825726299056,0.7170211322621081
Finance,2024-08-13,0.009283076200211666,0.7329603702702707
Finance,2024-08-14,0.013954075697798858,0.7571422304583078
Finance,2024-08-15,-7.747729127921788e-4,0.7557808442542255
Finance,2024-08-16,0.006115083523847603,0.7665175907664119
Finance,2024-08-19,0.004433023479909135,0.7743486047239518
Finance,2024-08-20,-0.007264447798916841,0.7614589419078537
Finance,2024-08-21,0.0011516747286518692,0.7634875696568069
Finance,2024-08-22,0.0030485101887070473,0.7688635794805638
Finance,2024-08-23,0.007135801161996064,0.7814858382664336
Finance,2024-08-26,0.0027136957771268853,0.7863202488627488
Finance,2024-08-27,-0.005466286439398423,0.7765557107099677
Finance,2024-08-28,0.004596245610270854,0.7847211970967198
Finance,2024-08-29,3.2210658383270577e-4,0.7852960675446106
Finance,2024-08-30,0.004916118849744083,0.7940727951946409
Finance,2024-09-02,-0.004527943378308109,0.7859493351614366
Finance,2024-09-03,-0.013629225559094713,0.7616082288354062
Finance,2024-09-04,-0.007754602439821939,0.7479476573660686
Finance,2024-09-05,0.009646255524139669,0.7648088071118431
Finance,2024-09-06,-0.010465985219203885,0.7463383442218898
Finance,2024-09-09,0.0027482304440849792,0.7511376844251532
Finance,2024-09-10,-0.0028960994456887087,0.7460662155479649
Finance,2024-09-11,-0.008275331371176706,0.731616939018289
Finance,2024-09-12,0.007619819146856141,0.744811546925241
Finance,2024-09-13,0.007993899747087568,0.7587593955089222
Finance,2024-09-16,-0.002242619297147383,0.7548151677495147
Finance,2024-09-17,-0.004707178802130674,0.7465549389902268
Finance,2024-09-18,-0.0018570574149268445,0.7433114861901979
Finance,2024-09-19,0.01324631541688542,0.7664039400061524
Finance,2024-09-20,-3.0158987109739734e-4,0.76587121046958
Finance,2024-09-23,-0.004413704235169943,0.7580771772291657
Finance,2024-09-24,-0.0028679954006669067,0.7530350199708551
Finance,2024-09-25,-0.007405751547426354,0.7400524781590132
Finance,2024-09-26,0.0059843973814458626,0.7504656436528865
Finance,2024-09-27,0.007392911026949474,0.7634066804121442
Finance,2024-09-30,0.0029605468996080227,0.7686273285925866
Finance,2024-10-01,-0.01015317361292462,0.750670148268823
Finance,2024-10-02,0.0066490457517860814,0.7623104341809483
Finance,2024-10-03,-0.0027667871771094314,0.7574344962695703
Finance,2024-10-04,0.006835582606388235,0.7694475849441371
Finance,2024-10-07,-8.299273321891742e-4,0.7679790720305157
Finance,2024-10-08,1.2841276037451585e-4,0.7682061031034395
Finance,2024-10-09,0.0085388222987802,0.7833045008054582
Finance,2024-10-10,2.3441312622159778e-4,0.783722530788497
Finance,2024-10-11,0.006925364482646988,0.7960754594501169
Finance,2024-10-14,0.003926719246059046,0.803128143524114
Finance,2024-10-15,0.002886329825228962,0.8083325660634775
Finance,2024-10-16,0.007585458159134008,0.8220495970811514
Finance,2024-10-17,-0.005890869890659914,0.811316139970417
Finance,2024-10-18,-3.962301615387149e-4,0.8105984418836789
Finance,2024-10-21,0.007845299446691397,0.8248031288379691
Finance,2024-10-22,0.03742758696587728,0.8931011066381573
Finance,2024-10-23,-0.008426828192969036,0.877148268860598
Finance,2024-10-24,-3.393340315385525e-4,0.87651128857073
Finance,2024-10-25,-7.874536321511182e-4,0.8750336229407722
Finance,2024-10-28,-0.002718359125093979,0.8699366081819933
Finance,2024-10-29,0.004306271919568035,0.8779890636891798
Finance,2024-10-30,-0.005239428702390599,0.8681494738861111
Finance,2024-10-31,-0.009709847931557037,0.8500100265812587
Finance,2024-11-01,0.013652773776825304,0.8752677949590311
Finance,2024-11-04,-0.007452376991552674,0.8612925923908787
Finance,2024-11-05,0.0020598880479913355,0.8651266467557597
Finance,2024-11-06,0.006285621643920271,0.87685012717526
Finance,2024-11-07,-0.009990145044872254,0.8581001221772921
Finance,2024-11-08,-0.003912963219351332,0.8508294447413403
Finance,2024-11-11,0.0031556750143982297,0.8566700609760229
Finance,2024-11-12,-0.009911300942619378,0.838268045250538
Finance,2024-11-13,-0.014742237175575296,0.8111678617351734
Finance,2024-11-14,0.009433664021968971,0.8282538108301709
Finance,2024-11-15,0.014007317843167532,0.8538627430564514
Finance,2024-11-18,-0.0032803921551820157,0.8477813462573447
Finance,2024-11-19,-0.006227023357536281,0.8362751686545802
Finance,2024-11-20,0.001019413852899527,0.8381470929992423
Finance,2024-11-21,0.008056932438594056,0.8529569199397351
Finance,2024-11-22,0.0026229628690241772,0.8578171571386384
Finance,2024-11-25,0.004253191728110752,0.8657188097037227
Finance,2024-11-26,-0.010994789019701329,0.8452056250209421
Finance,2024-11-27,0.008829815872157823,0.861498450936147
Finance,2024-11-28,0.001655133362491594,0.8645794791265178
Finance,2024-11-29,-0.0031970309478184596,0.8586183608270832
Finance,2024-12-02,-9.494313853535886e-5,0.8584418977665669
Finance,2024-12-03,0.00910197630085855,0.8753573918765609
Finance,2024-12-04,0.0047898544686541715,0.8843400808603645
Finance,2024-12-05,0.0025490215571347882,0.889143304347451
Finance,2024-12-06,-0.02056762961123441,0.8502881045810893
Finance,2024-12-09,0.0043899263447488256,0.8584107330767652
Finance,2024-12-10,0.001602873886518937,0.8613895311112407
Finance,2024-12-11,-8.883233838722867e-4,0.8597360152642595
Finance,2024-12-12,-0.001931454605854965,0.856144019571903
Finance,2024-12-13,0.0064146429548462836,0.8680505207302298
Finance,2024-12-16,-0.0021330326858082227,0.8640659079107711
Finance,2024-12-17,-0.0037920414402884814,0.8569972927405445
Finance,2024-12-18,-8.44023393461242e-4,0.8554299435838775
Finance,2024-12-19,-0.010238358684197797,0.8364333863080649
Finance,2024-12-20,-0.005257902430942277,0.8267775987419321
Finance,2024-12-23,0.0038450975504225374,0.8338017368120214
Finance,2024-12-24,0,0.8338017368120214
Finance,2024-12-25,0,0.8338017368120214
Finance,2024-12-26,0,0.8338017368120214
Finance,2024-12-27,0.008624643679079313,0.849617623370102
Finance,2024-12-30,-0.00178325028236473,0.8463192922209606
Finance,2024-12-31,0,0.8463192922209606
Finance,2025-01-01,0,0.8463192922209606
Finance,2025-01-02,0.009817531476729471,0.8644455899884327
Finance,2025-01-03,0.0029609355659662847,0.8699660932466384
Finance,2025-01-06,-0.0048683120920399465,0.8608625147031812
Finance,2025-01-07,0.0034872708597645237,0.8673518463247334
Finance,2025-01-08,0.0014441060662007293,0.8700485004537422
Finance,2025-01-09,9.751927463323668e-4,0.8718721581866744
Finance,2025-01-10,-0.0019302484502186797,0.868258979854327
Finance,2025-01-13,0.007071781703161172,0.8814708995248273
Finance,2025-01-14,0.009098608894844908,0.8985896673866356
Finance,2025-01-15,0.010070712231043827,0.9177098175717193
Finance,2025-01-16,-0.0018362096672743951,0.9141885002656671
Finance,2025-01-17,0.0061001515543615,0.9258653402209038
Finance,2025-01-20,-0.0025352503011238686,0.9209827895371847
Finance,2025-01-21,0.0048695344779238585,0.9303370814623344
Finance,2025-01-22,0.004461202324765264,0.9389487057377346
Finance,2025-01-23,0.0058777490192172335,0.9503453595911973
Finance,2025-01-24,0.011547484583060007,0.9728669425627192
Finance,2025-01-27,0.006901429356907755,0.9864825443973948
Finance,2025-01-28,0.01112912744827328,1.0085903618077632
Finance,2025-01-29,0.0046756504277987825,1.0179818281922222
Finance,2025-01-30,-0.001341357511845527,1.0152749931082088
Finance,2025-01-31,-0.009560812363490339,0.996007327038267
Finance,2025-02-03,-0.009776271689314648,0.9764938171152782
Finance,2025-02-04,0.005655238025129517,0.9876713601062619
Finance,2025-02-05,0.006782079215618304,1.0011519047251185
Finance,2025-02-06,9.02772143841158e-4,1.0029584889202994
Finance,2025-02-07,-0.007355606370246424,0.988225514699858
Finance,2025-02-10,0.001970819707592972,0.9921439487273676
Finance,2025-02-11,0.00632793203338117,1.0047501002356256
Finance,2025-02-12,-0.027116916728280323,0.9503874587065246
Finance,2025-02-13,0.0026457370511309836,0.9555476710700859
Finance,2025-02-14,1.7765628776372498e-4,0.9558950864098732
Finance,2025-02-17,0.011904639765970032,0.9791793128336137
Finance,2025-02-18,0.0016724340763571272,0.9824893597596178
Finance,2025-02-19,0.010476723239850183,1.0032593521077673
Finance,2025-02-20,-0.0021767237073004406,0.9988988099841627
Finance,2025-02-21,0.010769153664707471,1.020425258429083
Finance,2025-02-24,0.004899646288606519,1.030324627547952
Finance,2025-02-25,9.413619702515229e-4,1.0322358979395911
Finance,2025-02-26,0.01643647904853215,1.06563870069775
Finance,2025-02-27,-0.0027944511612218916,1.05986637423192
Finance,2025-02-28,-0.002271882999809478,1.0551865988344233
Finance,2025-03-03,0.011228241038430611,1.0782627293450888
Finance,2025-03-04,-0.020644691905174147,1.0353576355997531
Finance,2025-03-05,0.012560210911847955,1.060922156783926
Finance,2025-03-06,0.005527297756489265,1.072313487197417
Finance,2025-03-07,0.008278125273485077,1.0894683578503699
Finance,2025-03-10,-0.0018307033908312215,1.0856431610426185
Finance,2025-03-11,-0.005285320045990905,1.0746198694347764
Finance,2025-03-12,-0.0012433384739440679,1.072040414732299
Finance,2025-03-13,0.022957006177764878,1.1196082593338867
Finance,2025-03-14,0.009656363018090799,1.1400759661421587
Finance,2025-03-17,0.005121468108801725,1.1510362969531687
Finance,2025-03-18,0.008468270134677703,1.1692518533852647
Finance,2025-03-19,0.00381390658949574,1.1775251773231665
Finance,2025-03-20,0.0012228806941673904,1.1801880308235786
Finance,2025-03-21,-0.006360671779235598,1.1663205703424917
Finance,2025-03-24,0.00243564703131299,1.1715969626085188
Finance,2025-03-25,0.011427142730643724,1.1964121110536787
Finance,2025-03-26,0.014271383381960944,1.2277579503553082
Finance,2025-03-27,-8.766565336877858e-4,1.2258049717926545
Finance,2025-03-28,-0.007317786287867868,1.2095170066906018
Finance,2025-03-31,-0.004534540922990726,1.1994978614037195
Finance,2025-04-01,-0.004301259074714905,1.1900372512675408
Finance,2025-04-02,-0.0022793110058904826,1.1850454752574162
Finance,2025-04-03,-0.027588470386952044,1.1247634128691337
Finance,2025-04-04,-0.05751138758164514,1.0025653207123177
Finance,2025-04-07,-0.02305138315979954,0.9564034202020515
Finance,2025-04-08,0.014714020515380935,0.9851899802632658
Finance,2025-04-09,-0.02170808977309069,0.9420952979550705
Finance,2025-04-10,0.03775777480414916,1.015424494863455
Finance,2025-04-11,0.004651342158956988,1.024798923784608
Finance,2025-04-14,0.027686391332020947,1.0808582991571631
Finance,2025-04-15,0.00856337472965253,1.0986774685321534
Finance,2025-04-16,-0.002587548157831625,1.0932470395145706
Finance,2025-04-17,0,1.0932470395145706
Finance,2025-04-18,0,1.0932470395145706
Finance,2025-04-21,0,1.0932470395145706
Finance,2025-04-22,0.0015351530235962576,1.0964604940364153
Finance,2025-04-23,0.018424098919217716,1.1350858895587743
Finance,2025-04-24,-0.008213549193884756,1.117549256571714
Finance,2025-04-25,0.004642947268101181,1.1273809261075831
Finance,2025-04-28,0.011333556782564261,1.151491718631768
Finance,2025-04-29,0.0029534529107528118,1.1578460481106214
Finance,2025-04-30,0.019975283891898652,1.200949635516643
Finance,2025-05-01,0,1.200949635516643
Finance,2025-05-02,0.01576880161718859,1.2356559736885284
Finance,2025-05-05,0.006179722281199384,1.249471706722228
Finance,2025-05-06,-0.005877324196972861,1.2362508322299037
Finance,2025-05-07,0.02365024294277016,1.289138707693113
Finance,2025-05-08,-0.011725204028046792,1.2622980892969116
Finance,2025-05-09,-0.0034085586861913,1.2545869134938847
Finance,2025-05-12,0.0011338748553441367,1.2571433329042834
Finance,2025-05-13,4.173182670232942e-4,1.2580852800483942
Finance,2025-05-14,0.013254052810498127,1.288014061600764
Finance,2025-05-15,0.014722361941500225,1.3216990327428926
Finance,2025-05-16,0.010293706366918997,1.345597920858308
Finance,2025-05-19,2.254852604053253e-4,1.3461268186162987
Finance,2025-05-20,0.0044425672755831844,1.3565496448450518
Finance,2025-05-21,0.00610560202612136,1.3709377991312737
Finance,2025-05-22,-0.007714507734231261,1.352647181142494
Finance,2025-05-23,-0.0013585176944085134,1.3494510683182117
Finance,2025-05-26,0.00537673030919447,1.3620834330872076
Finance,2025-05-27,0.0015055697774665972,1.3656397145159183
Finance,2025-05-28,-0.014544136961955098,1.3312335265053585
Finance,2025-05-29,0,1.3312335265053585
Finance,2025-05-30,0.0026109796137222864,1.33732032971789
Finance,2025-06-02,0.0067668235394265945,1.3531365639442057
Finance,2025-06-03,-0.004444289366084385,1.342678544136124
Finance,2025-06-04,0.004769873629009613,1.3538528247450454
Finance,2025-06-05,0.002096965745777558,1.3587887734891377
Finance,2025-06-06,0.0026999644953806102,1.3651574194296612
Finance,2025-06-09,0,1.3651574194296612
Finance,2025-06-10,4.923896872825649e-4,1.366321998551788
Finance,2025-06-11,0.0033476689935918852,1.374243661335194
Finance,2025-06-12,-5.632229648312096e-4,1.3729064327810252
Finance,2025-06-13,-0.00628855801578582,1.35798427301245
Finance,2025-06-16,0.01199419836853959,1.3862664041328583
Finance,2025-06-17,-0.010681914683787371,1.360776509991123
Finance,2025-06-18,0.010695917646083315,1.3860271811227962
Finance,2025-06-19,-0.02270337384582488,1.3318563140234656
Finance,2025-06-20,0.016659144563517622,1.3707030454601337
Finance,2025-06-23,-0.015585531561661446,1.333754378321788
Finance,2025-06-24,0.007752671913899136,1.3518472103445425
Finance,2025-06-25,0.007732420460189716,1.3700326818330506
Finance,2025-06-26,-8.725987897857306e-4,1.3679645941831304
Finance,2025-06-27,0.0070637974327420845,1.3846914164043453
Finance,2025-06-30,0.00925093381078818,1.4067520388566566
Finance,2025-07-01,-0.011430099477833211,1.3792426236340471
Finance,2025-07-02,0.0075789819837906395,1.3972748606136363
Finance,2025-07-03,0.0061022084819887315,1.4119035316017312
Finance,2025-07-04,-0.0018995802039679854,1.4073219273992201
Finance,2025-07-07,0.006257412067155941,1.4223855326772572
Finance,2025-07-08,0.003218336122972141,1.4301815835408376
Finance,2025-07-09,-0.0026553487375766756,1.4237286039409
Finance,2025-07-10,0.008347665730086261,1.4439610801470475
Finance,2025-07-11,-0.03912974795970185,1.3483294990575727
Finance,2025-07-14,0.009760448426424463,1.3712502480213753
Finance,2025-07-15,-0.005159345897447441,1.359016147782425
Finance,2025-07-16,-8.147500020397564e-4,1.3570941393712075
Finance,2025-07-17,-0.003650739337133403,1.348489003075278
Finance,2025-07-18,-0.0011644039656915214,1.3457544131667145
Finance,2025-07-21,-0.002468676343414567,1.3399635047394698
Finance,2025-07-22,-0.003218292043074841,1.332432818811081
Finance,2025-07-23,0.004405348028570823,1.3427079971312041
Finance,2025-07-24,0.006005380607787769,1.3567768503068853
Finance,2025-07-25,-0.00466836683389447,1.3457745514240225
Finance,2025-07-28,1.555552993541237e-4,1.3461394490865866
Finance,2025-07-29,0.0034823963316223004,1.3543096364975602
Finance,2025-07-30,-0.002488446309133189,1.3484510633720612
Finance,2025-07-31,0.001549547669239008,1.3520901002436316
Finance,2025-08-01,-0.01342672190819343,1.3205092405646455
Finance,2025-08-04,0.020659558555064524,1.3684499370976595
Finance,2025-08-05,-0.0018321416292299253,1.3641106013711557
Finance,2025-08-06,0.005006902377404472,1.375947472361608
Finance,2025-08-07,0.005589488312418649,1.3892278029892937
Finance,2025-08-08,-0.0027475582749719846,1.3826632603683975
Finance,2025-08-11,0.0017730229138048824,1.3868877769249117
Finance,2025-08-12,6.332115824484288e-4,1.3883991819112649
Finance,2025-08-13,0.007364625156099662,1.4059888466091763
Finance,2025-08-14,0.005625084465396861,1.4195227370941557
Finance,2025-08-15,8.562994779770925e-4,1.421594573150883
Finance,2025-08-18,-0.00320082197917603,1.4138434800164883
Finance,2025-08-19,0.0027921624097351485,1.4205833230443745
Finance,2025-08-20,0.006605088600723456,1.4365714903585163
Finance,2025-08-21,0.00572107498775772,1.4505112985678896
Finance,2025-08-22,-4.73647012926415e-4,1.4493506212111806
Finance,2025-08-25,0.0030522455157455455,1.4568266406612609
Finance,2025-08-26,-0.008279704175658568,1.4364848428657089
Finance,2025-08-27,-0.014414186809811257,1.401364895181369
Finance,2025-08-28,-0.004823329254749754,1.3897823216311118
Finance,2025-08-29,-0.0033459498348126443,1.3817862298668118
Finance,2025-09-01,-3.2450327347039934e-4,1.3810133324385134
Finance,2025-09-02,-0.0037166259756222075,1.3721639964388697
Finance,2025-09-03,-0.01573786326274928,1.3348312038260977
Finance,2025-09-04,0.012471460065959998,1.3639499579453722
Finance,2025-09-05,-0.0037152076818796364,1.3551673929020343
Finance,2025-09-08,0.00399036626098697,1.3645653734056475
Finance,2025-09-09,0.0033317158912608003,1.372443433436148
Finance,2025-09-10,0.012799364853744898,1.4028092025355687
Finance,2025-09-11,-0.006723940280087492,1.3866528569532748
Finance,2025-09-12,0.005643766943842011,1.400122569453774
Finance,2025-09-15,0.010241138276931763,1.4247025565691347
Finance,2025-09-16,-0.00579763708961876,1.4106450110958764
Finance,2025-09-17,-0.006935299475278255,1.393926466015341
Finance,2025-09-18,-0.004237776857414514,1.3837815398393087
Finance,2025-09-19,0.006152684399604746,1.398448195331544
Finance,2025-09-22,-0.008074868185532798,1.3790810423044126
Finance,2025-09-23,0.007673012081785099,1.3973357598855602
Finance,2025-09-24,-0.007043298126831652,1.3804506094185718
Finance,2025-09-25,-0.004669672643286065,1.369334684329076
Finance,2025-09-26,0.01954221767317122,1.415636738470829
Finance,2025-09-29,0.006251434719203338,1.430737933846689
Finance,2025-09-30,-0.002020557146107943,1.4258264889441392
Finance,2025-10-01,-0.001681154467415786,1.4217482999050755
Finance,2025-10-02,-0.01160349891101927,1.393647546144364
Finance,2025-10-03,0.004058018516491096,1.4033610122085713
Finance,2025-10-06,7.465735341586917e-4,1.405155297933315
Finance,2025-10-07,-0.007061806098850512,1.3881705575816872
Finance,2025-10-08,0.004713863052463929,1.3994280665360534
Finance,2025-10-09,0.004591318247278424,1.410444604400972
Finance,2025-10-10,0.0206474858369733,1.4602142252311503
Finance,2025-10-13,-0.01350029377771482,1.4270006104344168
Finance,2025-10-14,0.005138561235008794,1.4394719016885378
Finance,2025-10-15,0.0046264190733101935,1.450757921023314
Finance,2025-10-16,-0.007720934224219815,1.4318357803156072
Finance,2025-10-17,-0.012772528841895127,1.4007750876727734
Finance,2025-10-20,0.0025794926210293365,1.4069678692961767
Finance,2025-10-21,0.007293008551736931,1.4245219065507095
Finance,2025-10-22,-0.026079997957636263,1.3612903801796228
Finance,2025-10-23,0.0014466659253379562,1.364706378512457
Finance,2025-10-24,-0.01133438341044305,1.3379038897652769
Finance,2025-10-27,0.014590942016336842,1.3720161098606103
Finance,2025-10-28,-0.006887636638604348,1.3556785247949743
Finance,2025-10-29,0.00661755695787755,1.371267361607254
Finance,2025-10-30,-0.005783511609607478,1.3575531092919153
Finance,2025-10-31,-0.006358141186600995,1.3425634537681272
Finance,2025-11-03,0.012976488846835664,1.3729617022989538
Finance,2025-11-04,-8.895220294875376e-4,1.3708509005896286
Finance,2025-11-05,-0.00158683678312272,1.3670887471732733
Finance,2025-11-06,-0.002080249096107794,1.3621646129465592
Finance,2025-11-07,-0.005416979979931602,1.3493688145289244
Finance,2025-11-10,0.004656038461141673,1.3603075660887778
Finance,2025-11-11,0.008399931984022765,1.3801339891052975
Finance,2025-11-12,0.01738903139769692,1.4215222137725756
Finance,2025-11-13,0.0021836959413575464,1.4268100820026977
Finance,2025-11-14,-0.016384818423578196,1.3870472394605744
Finance,2025-11-17,0.0042285542935219115,1.397140998313835
Finance,2025-11-18,-0.01846426358405987,1.3528795550728119
Finance,2025-11-19,0.0032359704940235047,1.3604934038890186
Finance,2025-11-20,0.012773855215836318,1.3906460048682336
Finance,2025-11-21,-0.0019442422317583546,1.3859980099443843
Finance,2025-11-24,0.0015754347383693226,1.389756994094931
Finance,2025-11-25,0.005699300547358913,1.4033769374394311
Finance,2025-11-26,0.007790181264816584,1.4220996794297642
Finance,2025-11-27,0.008894302592851717,1.4436425668886614
Finance,2025-11-28,-0.0035033855579259246,1.4350815448110907
Finance,2025-12-01,-5.304982845197367e-4,1.4337897382289024
Finance,2025-12-02,0.013826596239587373,1.4674407662714448
Finance,2025-12-03,-0.007997647082060352,1.4477070458269172
Finance,2025-12-04,-0.007187986475292925,1.430112960686034
Finance,2025-12-05,0.003463093495200381,1.438528669072788
Finance,2025-12-08,0.0029555450623725836,1.44573585044012
Finance,2025-12-09,0.0069177302059011845,1.4626547912083652
Finance,2025-12-10,0.004578912149348006,1.4739310711514793
Finance,2025-12-11,0.004986290773958838,1.4862668108269719
Finance,2025-12-12,-0.0031496937123101027,1.4784358318857849
Finance,2025-12-15,0.017839981009033504,1.5226510800587354
Finance,2025-12-16,-0.005171138484373786,1.5096061019759968
Finance,2025-12-17,0.0017001593951779053,1.5138728323684671
Finance,2025-12-18,0.0041431110733845325,1.5242880867373336
Finance,2025-12-19,0.013807208658161176,1.559141459064226
Finance,2025-12-22,8.352511945774278e-4,1.5612789850250022
Finance,2025-12-23,0.004650210920544472,1.5731894725317264
Finance,2025-12-24,0,1.5731894725317264
Finance,2025-12-25,0,1.5731894725317264
Finance,2025-12-26,0,1.5731894725317264
Finance,2025-12-29,-0.005121353274177024,1.5600112602014984
Finance,2025-12-30,0.006859793946482488,1.5775724099471553
Finance,2025-12-31,0,1.5775724099471553
Industrials,2020-01-01,0,0
Industrials,2020-01-02,0.03156045699740723,0.03156045699740728
Industrials,2020-01-03,-0.0056505128611245535,0.02573161136811586
Industrials,2020-01-06,-0.01263407678792008,0.012772439426294246
Industrials,2020-01-07,1.5943879012833773e-4,0.012933914638711519
Industrials,2020-01-08,0.0065127938822416446,0.019530944441085607
Industrials,2020-01-09,-0.0017174863934409437,0.017779913916315948
Industrials,2020-01-10,-0.0023403384053316523,0.0153979644956026
Industrials,2020-01-13,0.009940630602965515,0.025491660575656327
Industrials,2020-01-14,0.00921703694219036,0.03494365509509034
Industrials,2020-01-15,0.014541743655788416,0.04999354042566795
Industrials,2020-01-16,0.002010091450886031,0.05210412346476323
Industrials,2020-01-17,0.010437046190510934,0.06308498279859198
Industrials,2020-01-20,0.0037348239290080384,0.0670554180309173
Industrials,2020-01-21,-0.013967283658957266,0.05215155232745228
Industrials,2020-01-22,-0.009150146399145504,0.04252421158956787
Industrials,2020-01-23,-0.032289067340556366,0.008862077117391731
Industrials,2020-01-24,0.022068313000133278,0.031125961209183206
Industrials,2020-01-27,-0.03987262246639576,-0.009987734957410122
Industrials,2020-01-28,-0.0050326962978840825,-0.014970166018549724
Industrials,2020-01-29,0.020469129550903308,0.005192537264721464
Industrials,2020-01-30,-0.014872616632004728,-0.00975730598336888
Industrials,2020-01-31,0.012723025380899722,0.0028415769458551843
Industrials,2020-02-03,-6.663282431460674e-4,0.0021733552797349454
Industrials,2020-02-04,0.024756505112858918,0.026983665073688767
Industrials,2020-02-05,0.016633355191772496,0.04406584915100775
Industrials,2020-02-06,0.006517487682435678,0.0508705354625012
Industrials,2020-02-07,-0.010554010277961845,0.03977963703042264
Industrials,2020-02-10,0.0021388253845436127,0.0420035441124349
Industrials,2020-02-11,0.01667026149340403,0.059374015669842795
Industrials,2020-02-12,0.022285210178215265,0.08298238826638515
Industrials,2020-02-13,-0.006052815314013432,0.07642729588187946
Industrials,2020-02-14,0.010370947785058397,0.08759086716188214
Industrials,2020-02-17,3.5241105438586073e-4,0.08797414620611899
Industrials,2020-02-18,-0.004865364766488534,0.08268075512831707
Industrials,2020-02-19,0.015250583770791241,0.09919226868142506
Industrials,2020-02-20,0.06390338201449278,0.1694343721343512
Industrials,2020-02-21,-0.008053711826131673,0.16001608470160789
Industrials,2020-02-24,-0.06028173612058025,0.09008830118799671
Industrials,2020-02-25,-0.018330450386518798,0.07010649166614558
Industrials,2020-02-26,-0.02707279296746388,0.04113572016412892
Industrials,2020-02-27,-0.06837413049183222,-0.030051029426080844
Industrials,2020-02-28,0.013895678343178126,-0.016572930521688956
Industrials,2020-03-02,0.01364739838522472,-0.0031517095217044044
Industrials,2020-03-03,0.04973096291850486,0.04642251584744672
Industrials,2020-03-04,-0.017151151791759217,0.028475164439832445
Industrials,2020-03-05,-0.03143068358387608,-0.003850513027550795
Industrials,2020-03-06,-0.04528240027561439,-0.04895855283098516
Industrials,2020-03-09,-0.06359569734833913,-0.10944069687087232
Industrials,2020-03-10,0.022478116837074506,-0.08942260080479214
Industrials,2020-03-11,-0.04046289123317542,-0.12626719506781559
Industrials,2020-03-12,-0.11417066108802011,-0.2260218470212132
Industrials,2020-03-13,0.03715812724768347,-0.19726226832590033
Industrials,2020-03-16,-0.06611289133531413,-0.2503335807508267
Industrials,2020-03-17,0.00209380322378392,-0.24876392678544024
Industrials,2020-03-18,-0.016096327301865387,-0.26085606850086995
Industrials,2020-03-19,0.04326398648505611,-0.22887775543798028
Industrials,2020-03-20,0.009311940636280486,-0.22169711087330346
Industrials,2020-03-23,-0.0633969239043411,-0.27103911990979734
Industrials,2020-03-24,0.058775451653838746,-0.2281941149445159
Industrials,2020-03-25,0.04934107964503734,-0.19011237929948477
Industrials,2020-03-26,0.023531629026951318,-0.1710544042556399
Industrials,2020-03-27,-0.02093556363185733,-0.18840884752269382
Industrials,2020-03-30,0.027106987179026973,-0.16640905655787974
Industrials,2020-03-31,0.01822011169009336,-0.15122093646451407
Industrials,2020-04-01,-0.009015452265398363,-0.15887306359568776
Industrials,2020-04-02,-0.010935014823905582,-0.1680707991140552
Industrials,2020-04-03,-0.001505461111186907,-0.16932323617324974
Industrials,2020-04-06,0.025530638776462375,-0.14811552777598813
Industrials,2020-04-07,0.041372000566966625,-0.11287136290814626
Industrials,2020-04-08,-0.017396034796367702,-0.1283038835478505
Industrials,2020-04-09,0,-0.1283038835478505
Industrials,2020-04-10,0,-0.1283038835478505
Industrials,2020-04-13,0,-0.1283038835478505
Industrials,2020-04-14,0.031163748405668084,-0.10113856508853769
Industrials,2020-04-15,-0.03490677216813912,-0.13251491640771862
Industrials,2020-04-16,-0.0018292719038841808,-0.13410178249817262
Industrials,2020-04-17,0.03351328995689264,-0.10508268446187741
Industrials,2020-04-20,0.012269383916764047,-0.09410260034378037
Industrials,2020-04-21,-0.015948188743748228,-0.1085500230559685
Industrials,2020-04-22,0.019308878089745726,-0.09133712412804951
Industrials,2020-04-23,0.035234670508853455,-0.05932068709307414
Industrials,2020-04-24,-0.019929862679801215,-0.07806829662503889
Industrials,2020-04-27,0.012560120428774578,-0.06648872340354406
Industrials,2020-04-28,0.00609906671366482,-0.060795175849623795
Industrials,2020-04-29,-0.008792623377790864,-0.06905325014298236
Industrials,2020-04-30,-0.00733261501880618,-0.07587952426269273
Industrials,2020-05-01,0,-0.07587952426269273
Industrials,2020-05-04,-0.014776049317343248,-0.08953437398735387
Industrials,2020-05-05,0.009317324576327685,-0.08105127023420478
Industrials,2020-05-06,-0.018331893848887042,-0.09789734080084089
Industrials,2020-05-07,0.010610316593279542,-0.08832574598709841
Industrials,2020-05-08,0.022675075506879732,-0.06765346343967771
Industrials,2020-05-11,-0.006068031638163488,-0.07331097172125789
Industrials,2020-05-12,0.011131219600402281,-0.0629957926462037
Industrials,2020-05-13,-0.012794060723421362,-0.07498388137318956
Industrials,2020-05-14,-0.03201327500343415,-0.10459667676139883
Industrials,2020-05-15,0.01853858509549929,-0.08799716605874708
Industrials,2020-05-18,0.00316274617618329,-0.08511273258303098
Industrials,2020-05-19,0.02703491421614424,-0.06037883379097053
Industrials,2020-05-20,-0.012015236197062105,-0.07166860403873099
Industrials,2020-05-21,0,-0.07166860403873099
Industrials,2020-05-22,0.00761075567340998,-0.06460330060011421
Industrials,2020-05-25,0.04327656359297581,-0.02412254585387541
Industrials,2020-05-26,0.04152491085585651,0.016400678435782412
Industrials,2020-05-27,-0.017138979444179896,-0.0010193918989788164
Industrials,2020-05-28,-0.018013744429626888,-0.019014773263463902
Industrials,2020-05-29,5.623374444262131e-5,-0.018959608790921734
Industrials,2020-06-01,0,-0.018959608790921734
Industrials,2020-06-02,-0.001373848768911439,-0.020307409924636755
Industrials,2020-06-03,0.021482444714136142,7.387819785060756e-4
Industrials,2020-06-04,0.032364039272717554,0.033126731220190164
Industrials,2020-06-05,0.008423286195002743,0.04182905335296527
Industrials,2020-06-08,-0.003540304750161359,0.0381406610065238
Industrials,2020-06-09,-0.005366964898068292,0.03256899651964429
Industrials,2020-06-10,0.008057361715721698,0.04088877842104299
Industrials,2020-06-11,-0.03688085184081481,0.0024999136013297285
Industrials,2020-06-12,0.013323713854045955,0.01585693558885959
Industrials,2020-06-15,-0.023888990686347714,-0.008410861284084414
Industrials,2020-06-16,0.05393109579566017,0.04506662754593993
Industrials,2020-06-17,0.007756159178301145,0.053172330661116485
Industrials,2020-06-18,-0.005648681503356573,0.04722329559706395
Industrials,2020-06-19,-0.0061044136972842,0.04083061136730626
Industrials,2020-06-22,-0.019841566606588874,0.02017890146568524
Industrials,2020-06-23,0.010487071213808201,0.03087759025618042
Industrials,2020-06-24,-0.0010341445303864855,0.029811513834718806
Industrials,2020-06-25,-0.00427187217778462,0.02541229068040618
Industrials,2020-06-26,-0.004069874580039876,0.021238991264505458
Industrials,2020-06-29,0.0010390603921963878,0.02230012025129513
Industrials,2020-06-30,0.011008476549348159,0.03355408715147723
Industrials,2020-07-01,-0.0021743358400991334,0.031306793457102744
Industrials,2020-07-02,0.014768246633203898,0.046537386537375935
Industrials,2020-07-03,-0.003255605238696637,0.043130273939272934
Industrials,2020-07-06,0.014530473906292586,0.058287451165611515
Industrials,2020-07-07,-0.004643432161347022,0.05337336517891922
Industrials,2020-07-08,-0.0012432865605230769,0.05206372023077921
Industrials,2020-07-09,0.0050459833757074786,0.05737241627324874
Industrials,2020-07-10,0.0014626038252254705,0.0589189332139779
Industrials,2020-07-13,0.015302938879368226,0.07512350492715703
Industrials,2020-07-14,-0.00792966220432134,0.06659813870515863
Industrials,2020-07-15,0.021400977707019788,0.08942438169393663
Industrials,2020-07-16,5.8132203405283e-4,0.09005768809144987
Industrials,2020-07-17,0.0025324961046101742,0.09281825494034202
Industrials,2020-07-20,0.005009834651827099,0.09829309370209116
Industrials,2020-07-21,-0.0018274567089736095,0.09628601061958597
Industrials,2020-07-22,-0.0027170655451649317,0.09330732967248512
Industrials,2020-07-23,-0.018627236038807192,0.07294203597971771
Industrials,2020-07-24,-0.021190821919553456,0.05020551236526827
Industrials,2020-07-27,0.020852218268987397,0.07210462693640274
Industrials,2020-07-28,-0.00954893552684985,0.06186716897574951
Industrials,2020-07-29,0.00717254146116097,0.06948345527147382
Industrials,2020-07-30,-0.02353687533529227,0.044311156511591454
Industrials,2020-07-31,0.01350840684782901,0.05841813648947691
Industrials,2020-08-03,0.008862978920592653,0.0677988741223563
Industrials,2020-08-04,8.904532392417794e-4,0.06874969908867712
Industrials,2020-08-05,-3.975863356615674e-5,0.06870720706101707
Industrials,2020-08-06,-0.013219482147766554,0.05457945121608443
Industrials,2020-08-07,-3.068405195847461e-5,0.05454709244540901
Industrials,2020-08-10,-0.016176363401062616,0.03748835545447804
Industrials,2020-08-11,0.013422661492065203,0.0514142104517028
Industrials,2020-08-12,-0.004333052861568575,0.04685837709841123
Industrials,2020-08-13,0.011247735917867837,0.05863316366742177
Industrials,2020-08-14,-0.0030360415035751635,0.05541910944546635
Industrials,2020-08-17,0.004429178930590478,0.06009374952796498
Industrials,2020-08-18,-0.004342427756492274,0.05549036900553084
Industrials,2020-08-19,0.014966068381498544,0.0712869100440805
Industrials,2020-08-20,-0.006925578514034496,0.06386762843751281
Industrials,2020-08-21,0.004673631782814841,0.06883975399848641
Industrials,2020-08-24,0.012811712541593936,0.08253342167974287
Industrials,2020-08-25,-0.01712937728261099,0.0639902982787548
Industrials,2020-08-26,0.02480754748200021,0.0903852881236924
Industrials,2020-08-27,-0.009916096374628099,0.07957292252118142
Industrials,2020-08-28,-0.006314708883950397,0.0727557337964646
Industrials,2020-08-31,0.017710158967774232,0.09175440837559123
Industrials,2020-09-01,-0.016405157404309152,0.07384400545934122
Industrials,2020-09-02,-0.0026841007828642496,0.07096169992361356
Industrials,2020-09-03,-0.00643538566039072,0.0640696483570975
Industrials,2020-09-04,-0.03371468763718301,0.028194872538530813
Industrials,2020-09-07,0.015105668900672756,0.04372644384846747
Industrials,2020-09-08,-0.00580394438615262,0.037668713614013916
Industrials,2020-09-09,-1.45876564040676e-4,0.03751734206745949
Industrials,2020-09-10,-0.006606542531345128,0.03066293962008282
Industrials,2020-09-11,0.008851951408495085,0.03978631788013631
Industrials,2020-09-14,-0.013581026139802081,0.02566495271719771
Industrials,2020-09-15,0.016510584080614097,0.04259928015757408
Industrials,2020-09-16,0.005100189025916901,0.04791673356466264
Industrials,2020-09-17,0.00546032751072073,0.05363870213389044
Industrials,2020-09-18,-0.0026776517775724575,0.05081742459020244
Industrials,2020-09-21,-0.039112592080419485,0.00971723131120883
Industrials,2020-09-22,0.023157403209024357,0.03309966036378209
Industrials,2020-09-23,0.008085676237634766,0.04145296973869406
Industrials,2020-09-24,-0.019779406384101802,0.020853648220302556
Industrials,2020-09-25,0.005545420934287914,0.02651471141198769
Industrials,2020-09-28,0.02652783499102653,0.053745924292186276
Industrials,2020-09-29,-0.006007442808414327,0.04741560591740113
Industrials,2020-09-30,0.008421934356452008,0.05623687139436084
Industrials,2020-10-01,0.01102981471380885,0.06788696837973385
Industrials,2020-10-02,-0.013157238492547935,0.053836524853677625
Industrials,2020-10-05,0.01378976368809575,0.06836868149729391
Industrials,2020-10-06,0.0054829303924417636,0.07422647261140836
Industrials,2020-10-07,-0.0058947503559431446,0.06789417572961876
Industrials,2020-10-08,0.019856423940311112,0.0890987352062953
Industrials,2020-10-09,-0.008427519518751068,0.07992033435749701
Industrials,2020-10-12,0.021300278505612648,0.10292293824318599
Industrials,2020-10-13,-0.014369817492118792,0.08707413691276011
Industrials,2020-10-14,0.0013900477032125326,0.0885852218199974
Industrials,2020-10-15,-0.01532344900833789,0.0719043416822085
Industrials,2020-10-16,0.009812342762255611,0.08242223449114428
Industrials,2020-10-19,-0.006173650567848784,0.07573973784852583
Industrials,2020-10-20,-0.01462601224604557,0.06000595526919539
Industrials,2020-10-21,-0.011839571550556025,0.047455938917770224
Industrials,2020-10-22,-0.01578282548236791,0.03092412463336136
Industrials,2020-10-23,0.020703986890140472,0.05226836419449987
Industrials,2020-10-26,-0.026204381007725153,0.02469432305677155
Industrials,2020-10-27,-0.0022541600572004127,0.022384498042897105
Industrials,2020-10-28,-0.033306363781619545,-0.01166741197360821
Industrials,2020-10-29,0.024152743773549205,0.01220353178804201
Industrials,2020-10-30,0.021727902487521007,0.034196591424256795
Industrials,2020-11-02,0.006925468306176354,0.04135888714052127
Industrials,2020-11-03,0.01019834739374595,0.051979026833144815
Industrials,2020-11-04,0.022748188903588037,0.07590964445815795
Industrials,2020-11-05,0.006798871091069981,0.08322461543646797
Industrials,2020-11-06,-0.0020174710665616675,0.0810392411162375
Industrials,2020-11-09,-1.3613023343439032e-4,0.08089207899199269
Industrials,2020-11-10,-0.023529366685997956,0.05545937291739933
Industrials,2020-11-11,0.020644705050654303,0.07724902036422776
Industrials,2020-11-12,0.019626037767094647,0.09839115032246193
Industrials,2020-11-13,0.00925992208709579,0.10856216679560338
Industrials,2020-11-16,0.00691510462820461,0.11622799016586405
Industrials,2020-11-17,3.051017875612699e-4,0.1165685533209897
Industrials,2020-11-18,0.0031123383675976867,0.1200436924695436
Industrials,2020-11-19,-0.0019386290626594602,0.1178723432158737
Industrials,2020-11-20,0.014087729905857263,0.1336206268563267
Industrials,2020-11-23,-0.011616500854638966,0.12045192187561371
Industrials,2020-11-24,0.019417862554592605,0.14220870329362367
Industrials,2020-11-25,-0.014814310160152964,0.1252876692954057
Industrials,2020-11-26,0.011679967878212062,0.13843099312652418
Industrials,2020-11-27,0.0069713239172839656,0.14636736433708442
Industrials,2020-11-30,-0.006495352121026044,0.13892130464566255
Industrials,2020-12-01,-0.011462897874155624,0.12586596604380906
Industrials,2020-12-02,-0.004665821610148445,0.12061287628931128
Industrials,2020-12-03,0.007448984728566421,0.12896030449142537
Industrials,2020-12-04,0.004291827219734147,0.13380560705624078
Industrials,2020-12-07,0.006518122892321068,0.1411958913390361
Industrials,2020-12-08,-0.005223864008900578,0.13523443919516476
Industrials,2020-12-09,0.027702851668949174,0.16668367047367116
Industrials,2020-12-10,0.041448053992216634,0.2150404382393014
Industrials,2020-12-11,-0.0010768668299994187,0.21373200149425364
Industrials,2020-12-14,-0.0014201197545437665,0.21200835670220952
Industrials,2020-12-15,-0.008285988172337404,0.20196566979380104
Industrials,2020-12-16,0.011940472913704822,0.216317708317177
Industrials,2020-12-17,0.01359945602668103,0.23285896750590984
Industrials,2020-12-18,-0.001762793456427158,0.23068569178529308
Industrials,2020-12-21,-0.011538303860070345,0.21648566631723343
Industrials,2020-12-22,0.029358008902826083,0.252199263339135
Industrials,2020-12-23,0.014336744619136829,0.27015172438989943
Industrials,2020-12-24,0,0.27015172438989943
Industrials,2020-12-25,0,0.27015172438989943
Industrials,2020-12-28,0.03738886163160705,0.3176412514642606
Industrials,2020-12-29,0.005930622447792806,0.3254556842483325
Industrials,2020-12-30,0.007944257970604544,0.3359854461326055
Industrials,2020-12-31,0,0.3359854461326055
Industrials,2021-01-01,0,0.3359854461326055
Industrials,2021-01-04,0.004018774226150813,0.3413544700100357
Industrials,2021-01-05,-0.014578775262459868,0.32179916464446356
Industrials,2021-01-06,0.00880909327054124,0.33344301677074006
Industrials,2021-01-07,0.029805293449075062,0.37318667718321197
Industrials,2021-01-08,0.026937130741225467,0.410176386238605
Industrials,2021-01-11,-0.029977765003755336,0.36790244991809895
Industrials,2021-01-12,0.01196879446699561,0.38427459319206836
Industrials,2021-01-13,0.002042383701563074,0.3871018130596917
Industrials,2021-01-14,-7.190161358473886e-4,0.38610446447403857
Industrials,2021-01-15,-0.007033151782740267,0.3763557813886589
Industrials,2021-01-18,-0.014457536956078773,0.3564570668145197
Industrials,2021-01-19,0.021968910431728193,0.38625695061985277
Industrials,2021-01-20,-0.014204805114435691,0.3665654407977659
Industrials,2021-01-21,0.015901262724674122,0.3882955569023512
Industrials,2021-01-22,0.00754032383876147,0.3987637549853087
Industrials,2021-01-25,-0.0095309204651667,0.3854322488869857
Industrials,2021-01-26,-9.726507634962318e-4,0.38408470715233345
Industrials,2021-01-27,-0.04338349613042281,0.3240382736154128
Industrials,2021-01-28,-0.0017986641831218874,0.3216567733955782
Industrials,2021-01-29,-0.0039707066024780805,0.31640886211924646
Industrials,2021-02-01,0.01234537868291923,0.3326604280236596
Industrials,2021-02-02,0.012142998242868313,0.3488429212594908
Industrials,2021-02-03,0.012051682555224541,0.36509874796337205
Industrials,2021-02-04,0.007699203169449424,0.37560892057030304
Industrials,2021-02-05,-0.005179087138567671,0.3684845221020785
Industrials,2021-02-08,-0.003795861455646106,0.3632899444519828
Industrials,2021-02-09,-0.012952951298563687,0.3456313161956748
Industrials,2021-02-10,0.002948820726815861,0.34959934171152485
Industrials,2021-02-11,0.008957990068608696,0.3616890392111778
Industrials,2021-02-12,0.00133812531584316,0.3635111497868522
Industrials,2021-02-15,-0.009780356616047089,0.3501755244919804
Industrials,2021-02-16,0.016488838673191588,0.37243835089582067
Industrials,2021-02-17,-0.02972701304387909,0.3316398581368205
Industrials,2021-02-18,-0.04684585579732635,0.269258049368571
Industrials,2021-02-19,0.02157403008121589,0.296641060706474
Industrials,2021-02-22,-0.015655913758500936,0.2763409600843223
Industrials,2021-02-23,-0.023623913788171833,0.24618879127897775
Industrials,2021-02-24,0.025485409963228903,0.2779484235163032
Industrials,2021-02-25,-0.018756500534353217,0.2539785832277437
Industrials,2021-02-26,-0.008282379326910057,0.2435926569336304
Industrials,2021-03-01,0.015227987187183089,0.2625300699794906
Industrials,2021-03-02,0.012520700600604742,0.27833783098496445
Industrials,2021-03-03,-0.03325748023595974,0.23582353583610227
Industrials,2021-03-04,-0.02086466163564917,0.21003849591951052
Industrials,2021-03-05,-0.016896121246244608,0.18959353877983087
Industrials,2021-03-08,-0.0029389149764207758,0.1860974245128575
Industrials,2021-03-09,0.05148715858027199,0.24716621070040334
Industrials,2021-03-10,-0.008236765706432453,0.2368935948258848
Industrials,2021-03-11,0.0011214779060779883,0.23828074366465146
Industrials,2021-03-12,-0.013649290072265417,0.22137909060347205
Industrials,2021-03-15,-0.0029231045749872017,0.21780887179593522
Industrials,2021-03-16,0.006614432214351608,0.22586398602846547
Industrials,2021-03-17,-0.02251429385729925,0.19826452401794037
Industrials,2021-03-18,0.013763024027237033,0.21475626745298504
Industrials,2021-03-19,0.005311435470460754,0.2212083669798992
Industrials,2021-03-22,0.024122854005525045,0.25066739812688077
Industrials,2021-03-23,-0.010739790279575294,0.2372354925614959
Industrials,2021-03-24,-0.016215309699191216,0.21717333587877996
Industrials,2021-03-25,-0.007380653198267641,0.20818980160448008
Industrials,2021-03-26,0.016434568259062324,0.2280458793688518
Industrials,2021-03-29,0.01256253937982735,0.24347325408865794
Industrials,2021-03-30,0.0075172589247251426,0.25282076450561286
Industrials,2021-03-31,0.021874991513966897,0.2802262080976947
Industrials,2021-04-01,0,0.2802262080976947
Industrials,2021-04-02,0,0.2802262080976947
Industrials,2021-04-05,0,0.2802262080976947
Industrials,2021-04-06,0.04429500680542711,0.33693383669786825
Industrials,2021-04-07,-0.02264757246484928,0.3066555307505443
Industrials,2021-04-08,0.013709156695351431,0.324568676168451
Industrials,2021-04-09,0.0038725202718770954,0.32969809521840654
Industrials,2021-04-12,-0.014153243979662755,0.3108785536574876
Industrials,2021-04-13,0.01937658571420434,0.33627890431334406
Industrials,2021-04-14,-3.4682238264951526e-4,0.3358154528798658
Industrials,2021-04-15,-0.0026207038635884337,0.3323146761614624
Industrials,2021-04-16,0.025328400081009707,0.3660600753130807
Industrials,2021-04-19,-0.02657864592639089,0.32975204825715543
Industrials,2021-04-20,-0.007526881083398626,0.3197431627195182
Industrials,2021-04-21,-0.0183466177127532,0.29553033943408336
Industrials,2021-04-22,0.040412178222648254,0.3478855424041416
Industrials,2021-04-23,0.00793443643178961,0.3585802545576757
Industrials,2021-04-26,0.009454879362697979,0.3714254669690622
Industrials,2021-04-27,-0.006441425960598247,0.36259153136310207
Industrials,2021-04-28,-0.002521752060086323,0.3591554133618309
Industrials,2021-04-29,-0.004670055604267291,0.3528080820065904
Industrials,2021-04-30,-0.007041603297105397,0.3432821441559819
Industrials,2021-05-03,0.0021174521614768156,0.3461264798355983
Industrials,2021-05-04,-0.05952309571547487,0.26600086453120864
Industrials,2021-05-05,-0.002466128927560865,0.2628787431768713
Industrials,2021-05-06,-0.048691231222298896,0.20138762228712004
Industrials,2021-05-07,0.03814384935554404,0.2472131707692551
Industrials,2021-05-10,-0.02824444886587605,0.2119863221426157
Industrials,2021-05-11,-0.02362410764648818,0.18335422680224722
Industrials,2021-05-12,-0.01690642413524367,0.16334793834169514
Industrials,2021-05-13,0,0.16334793834169514
Industrials,2021-05-14,0.017958246346624834,0.18423962720527332
Industrials,2021-05-17,0,0.18423962720527332
Industrials,2021-05-18,0.012037454628027102,0.1984948579864685
Industrials,2021-05-19,-0.015628038328747176,0.1797647344090496
Industrials,2021-05-20,0.02281522173737823,0.20668132842253129
Industrials,2021-05-21,0.024671484080748297,0.23645194760724397
Industrials,2021-05-24,0,0.23645194760724397
Industrials,2021-05-25,-0.009275032102490855,0.2249838160999995
Industrials,2021-05-26,0.014317981556756256,0.24252311178624408
Industrials,2021-05-27,-0.006287612564191118,0.23471060785727915
Industrials,2021-05-28,0.028294262013639052,0.2696458333070124
Industrials,2021-05-31,-0.006132582247655724,0.2618596258088639
Industrials,2021-06-01,0.004895715305549872,0.2680373312923918
Industrials,2021-06-02,-0.00790653951875564,0.2580115440212709
Industrials,2021-06-03,-0.01621597839815727,0.23761165599878953
Industrials,2021-06-04,0.008760864289374224,0.24845420375994265
Industrials,2021-06-07,-0.014619776876405808,0.23020208186056146
Industrials,2021-06-08,0.016016282381265606,0.24990534578966095
Industrials,2021-06-09,0.0048031836040238335,0.2559088706531396
Industrials,2021-06-10,-0.011513061019120438,0.24144951519085533
Industrials,2021-06-11,0.001281620965518631,0.2430405829171569
Industrials,2021-06-14,0.023081454683469657,0.271731767801473
Industrials,2021-06-15,-0.0039513682855375565,0.2667066872264716
Industrials,2021-06-16,0.01595068146870018,0.28691152210869353
Industrials,2021-06-17,-0.013948533125974235,0.2689609941123625
Industrials,2021-06-18,0.007073652170041234,0.27793718280206314
Industrials,2021-06-21,0.01189273823877673,0.29313535520272804
Industrials,2021-06-22,0.009168304993119278,0.30499121453661227
Industrials,2021-06-23,0.0027555324515628216,0.3085871601772723
Industrials,2021-06-24,0.006222099407267044,0.3167293195709686
Industrials,2021-06-25,0.008563870831136865,0.32800561938334494
Industrials,2021-06-28,0.0194801624060203,0.3538753845250402
Industrials,2021-06-29,0.027960915064151264,0.3917309791591901
Industrials,2021-06-30,-0.02921458792801761,0.35107213209639787
Industrials,2021-07-01,0.004671690555535529,0.35738392301576005
Industrials,2021-07-02,0.006941202509781641,0.36680579970893423
Industrials,2021-07-05,-0.01584930071622702,0.3451428835686643
Industrials,2021-07-06,0.018169771569317865,0.36958382249120025
Industrials,2021-07-07,-0.009317955886309473,0.35682210085062427
Industrials,2021-07-08,-0.01707027422929831,0.3336607755087315
Industrials,2021-07-09,0.0024347362603372763,0.33690788775785196
Industrials,2021-07-12,0.019874207636459078,0.36347787270997145
Industrials,2021-07-13,-9.84556036859371e-4,0.3621354523392708
Industrials,2021-07-14,0.0076542437798478805,0.37256156915264893
Industrials,2021-07-15,-0.011074620535740078,0.3573609706123435
Industrials,2021-07-16,-0.027866803588635327,0.3195356590454099
Industrials,2021-07-19,-0.019744655299821764,0.2934818823017351
Industrials,2021-07-20,0.020669819219314354,0.3202179189723706
Industrials,2021-07-21,0.0201685963216394,0.3468448612367192
Industrials,2021-07-22,0.010328019357057685,0.36075510103452557
Industrials,2021-07-23,-0.00772788662852134,0.3502393398845487
Industrials,2021-07-26,-0.015328461999477466,0.3295422474729288
Industrials,2021-07-27,-2.669072444228457e-4,0.32918738301531203
Industrials,2021-07-28,-0.0039998763922456946,0.32387079778111816
Industrials,2021-07-29,0.005747283629668278,0.3314794587450016
Industrials,2021-07-30,0.0010092421379994092,0.33282324392064777
Industrials,2021-08-02,0.005325624378320141,0.33992135988046335
Industrials,2021-08-03,-1.87427102032638e-4,0.33967022230302946
Industrials,2021-08-04,-0.01954903532608693,0.31348096180192075
Industrials,2021-08-05,-0.01632983152767443,0.2920320389808875
Industrials,2021-08-06,-0.0010525480731409323,0.2906721131478218
Industrials,2021-08-09,0.002182699303703297,0.29348926227049876
Industrials,2021-08-10,0.01987273188069032,0.3191944275701526
Industrials,2021-08-11,-0.01725807372739077,0.2964276728783837
Industrials,2021-08-12,-0.0029648834156157794,0.29258391597152134
Industrials,2021-08-13,0.0024028092160580865,0.2956897485173462
Industrials,2021-08-16,-0.019654407253402558,0.27022373452592774
Industrials,2021-08-17,-0.008054606935849765,0.25999258162373406
Industrials,2021-08-18,0.02795229348452095,0.2952122640535999
Industrials,2021-08-19,-0.01636603325011387,0.27401477707414346
Industrials,2021-08-20,-0.0042553879386426074,0.26859334995812945
Industrials,2021-08-23,0.008459894819116218,0.2793255162670054
Industrials,2021-08-24,0.01745067333053567,0.30165060793480003
Industrials,2021-08-25,0.0024426940716372283,0.3048301421581454
Industrials,2021-08-26,-0.0016420661013630813,0.3026875248136709
Industrials,2021-08-27,-0.0059773742141685194,0.29490087399373044
Industrials,2021-08-30,-0.008394047317420996,0.2840314147860574
Industrials,2021-08-31,0.01280353237599453,0.3004715525770647
Industrials,2021-09-01,0.0028460206871631284,0.3041727215187662
Industrials,2021-09-02,0.016892346613794525,0.3262032591749169
Industrials,2021-09-03,-0.01078869050282762,0.3118952626678375
Industrials,2021-09-06,0.006862075916751571,0.3208975875550908
Industrials,2021-09-07,-0.005349669660575578,0.3138312218062198
Industrials,2021-09-08,-0.013558585544753546,0.2960175287939921
Industrials,2021-09-09,-0.005551581945558183,0.2888225812800125
Industrials,2021-09-10,-0.011029644538034017,0.27460732633590257
Industrials,2021-09-13,-0.017898171995773652,0.2517941851820693
Industrials,2021-09-14,-0.0028091687821471686,0.24827768403538242
Industrials,2021-09-15,-0.022865591979300326,0.21973507583536334
Industrials,2021-09-16,0.0013203426106349178,0.22134554402967477
Industrials,2021-09-17,-0.012544864593291037,0.20602392955820314
Industrials,2021-09-20,-0.006186854866882315,0.1985624345400394
Industrials,2021-09-21,-0.01171912389101848,0.18451633287854396
Industrials,2021-09-22,0.026058838222492883,0.21538345236892642
Industrials,2021-09-23,0.0258174901220939,0.24676160264501767
Industrials,2021-09-24,0.004902299573617178,0.2528736015180668
Industrials,2021-09-27,-0.0122246480352239,0.23755766270688494
Industrials,2021-09-28,-0.03431603870052356,0.19508958605930604
Industrials,2021-09-29,0.0038406636595566474,0.19967952320239868
Industrials,2021-09-30,-0.006644032006575235,0.19170881405260887
Industrials,2021-10-01,-0.004475008365210928,0.18637590714082797
Industrials,2021-10-04,-0.015127880991554113,0.16842855360635434
Industrials,2021-10-05,0.003245284395677334,0.1722204365588369
Industrials,2021-10-06,-0.012549379776793929,0.157509797118341
Industrials,2021-10-07,0.020709941737256786,0.1814817575769656
Industrials,2021-10-08,0.0011885668055556758,0.18288602757539096
Industrials,2021-10-11,0.015422058486634084,0.2011285650756809
Industrials,2021-10-12,0.018957043756842797,0.22389841184141424
Industrials,2021-10-13,0.024155429204624018,0.2534622032823013
Industrials,2021-10-14,0.007586229916379566,0.2629712557478925
Industrials,2021-10-15,-0.012091330582077429,0.24770025277898333
Industrials,2021-10-18,-0.009850729117736346,0.23540949556872648
Industrials,2021-10-19,0.020294087454851603,0.26048100391435214
Industrials,2021-10-20,0.010653165891669729,0.2739091171523502
Industrials,2021-10-21,0.055652849892339686,0.3448057900257129
Industrials,2021-10-22,0.00425743064447113,0.3505312074070306
Industrials,2021-10-25,-0.005131726649338768,0.34360065041921617
Industrials,2021-10-26,0.04393142973920259,0.402626947990655
Industrials,2021-10-27,0.006449039173738756,0.4116725441243885
Industrials,2021-10-28,0.01401108268768144,0.4314516048680448
Industrials,2021-10-29,0.010181777521085796,0.44602632664101227
Industrials,2021-11-01,0.034508045180826195,0.4959258684534045
Industrials,2021-11-02,-0.008103783942750615,0.4838032084210866
Industrials,2021-11-03,-0.007111138493062599,0.4732516783095537
Industrials,2021-11-04,0.0246932971032975,0.5096311197099834
Industrials,2021-11-05,-0.001556332048955371,0.5072816324162783
Industrials,2021-11-08,0.010189778318395326,0.5226404981139892
Industrials,2021-11-09,0.0063059423997544025,0.5322421813906295
Industrials,2021-11-10,0.009638655649421183,0.5470109361485718
Industrials,2021-11-11,0.005441218837074466,0.5554285611955037
Industrials,2021-11-12,0.004909312222792675,0.5630646456426618
Industrials,2021-11-15,-0.0035825166473297293,0.5574649405287944
Industrials,2021-11-16,-0.015122504400462604,0.5339121701120813
Industrials,2021-11-17,0.012299071772331941,0.5527778659847433
Industrials,2021-11-18,-0.02160840253297132,0.5192248168122566
Industrials,2021-11-19,0.020789636505774433,0.5508089485243353
Industrials,2021-11-22,0.0010785766138929793,0.5524816147888296
Industrials,2021-11-23,-0.02935680652246824,0.506905712393785
Industrials,2021-11-24,-0.016887060811973942,0.48145850399068
Industrials,2021-11-25,0.02831216155982242,0.5234017964998372
Industrials,2021-11-26,-0.022188470657042172,0.48959984043931515
Industrials,2021-11-29,0.015216035083844672,0.5122656438723292
Industrials,2021-11-30,0.02190921746952082,0.5453982007356128
Industrials,2021-12-01,-0.006725089888364336,0.5350052589223495
Industrials,2021-12-02,-0.017549522720620245,0.5080666492546202
Industrials,2021-12-03,-0.011541110059424903,0.49066188607862427
Industrials,2021-12-06,-0.02075060014031751,0.45972975733619537
Industrials,2021-12-07,0.038309488522892635,0.5156512577213912
Industrials,2021-12-08,-0.006807014253635044,0.5053341980065418
Industrials,2021-12-09,-0.0012757249474066063,0.5034138056159607
Industrials,2021-12-10,-0.010722637134701165,0.48729324491504067
Industrials,2021-12-13,-0.020441555359271727,0.4568906577136389
Industrials,2021-12-14,-0.024834269906585733,0.42070984189559524
Industrials,2021-12-15,6.390172803628299e-4,0.4216177000349479
Industrials,2021-12-16,0.01642786768451254,0.4449718475090829
Industrials,2021-12-17,-0.01622510194284534,0.42152703197870656
Industrials,2021-12-20,-5.829452069865792e-4,0.42069835960881274
Industrials,2021-12-21,0.011302967328025932,0.4367564667504509
Industrials,2021-12-22,0.016836568599887303,0.4609465155642265
Industrials,2021-12-23,0.007931629926244544,0.4725342026677186
Industrials,2021-12-24,0,0.4725342026677186
Industrials,2021-12-27,0.023536536576405392,0.5071925577888152
Industrials,2021-12-28,-0.010038925597310431,0.49206196384035317
Industrials,2021-12-29,-0.005321923985403358,0.4841213234872832
Industrials,2021-12-30,0.00882971990231101,0.49722569907472325
Industrials,2021-12-31,0,0.49722569907472325
Industrials,2022-01-03,0.015433494418525614,0.5203331235446662
Industrials,2022-01-04,-0.005686929728338958,0.5116870959074016
Industrials,2022-01-05,-0.005349713377988183,0.5036000032270938
Industrials,2022-01-06,-0.02791988693351949,0.4616196611437535
Industrials,2022-01-07,0.010395507628097574,0.47681393948055084
Industrials,2022-01-10,-0.04772759936907287,0.4063291554343609
Industrials,2022-01-11,0.009814310303049283,0.42013130615401884
Industrials,2022-01-12,0.006876706562338571,0.42989713242643046
Industrials,2022-01-13,-0.012068569380391175,0.4126403196769197
Industrials,2022-01-14,-0.01884135376139885,0.3860242636762714
Industrials,2022-01-17,-7.701832221672202e-6,0.3860135887499374
Industrials,2022-01-18,-0.03821556285489192,0.3330462993313299
Industrials,2022-01-19,-6.061012668037773e-4,0.3322383382805969
Industrials,2022-01-20,0.005338768145607009,0.3393508498833657
Industrials,2022-01-21,-0.028042897526029155,0.3017915712486865
Industrials,2022-01-24,-0.05034815278534026,0.23624877032478953
Industrials,2022-01-25,-0.0067625942358549756,0.2278885215165083
Industrials,2022-01-26,0.03291961989454436,0.26831014491770566
Industrials,2022-01-27,-0.02570769893775949,0.2357048095524552
Industrials,2022-01-28,-0.00615076799369462,0.22810427596020544
Industrials,2022-01-31,0.024933555024356104,0.25872528150050633
Industrials,2022-02-01,0.01974821228093054,0.28358285556295226
Industrials,2022-02-02,0.01640138422652525,0.3046353911636206
Industrials,2022-02-03,-0.026055900479785732,0.27064194124905483
Industrials,2022-02-04,-0.006814329170787542,0.2619833688031754
Industrials,2022-02-07,0.010095954121383697,0.27472429499656137
Industrials,2022-02-08,-0.0145292751479837,0.2562034749767368
Industrials,2022-02-09,0.029445085640204947,0.29319249387894963
Industrials,2022-02-10,-0.0023289094829206905,0.29018076561671324
Industrials,2022-02-11,0.002052987252085805,0.2928294902814106
Industrials,2022-02-14,-0.015008129382759312,0.2734265380214205
Industrials,2022-02-15,0.023780673563869776,0.3037094788296766
Industrials,2022-02-16,-0.006047386769813514,0.2958254433757215
Industrials,2022-02-17,0.00645905782579402,0.30419525484662024
Industrials,2022-02-18,-0.01087560444608956,0.29001134313444155
Industrials,2022-02-21,-0.024173206978763073,0.2588276319319005
Industrials,2022-02-22,0.009729697639088054,0.27107564417032726
Industrials,2022-02-23,-0.011184164923150408,0.2568597245361266
Industrials,2022-02-24,-0.012590199246645048,0.24103561017913333
Industrials,2022-02-25,0.040312541353830195,0.29106490953605557
Industrials,2022-02-28,0.029287188004474794,0.3288765702676182
Industrials,2022-03-01,-0.003841356896595501,0.32377188108969635
Industrials,2022-03-02,-0.0014287669257295188,0.3218805196087846
Industrials,2022-03-03,-0.014104994494106779,0.30323540215783584
Industrials,2022-03-04,-0.034265257765693224,0.2585797051735206
Industrials,2022-03-07,-0.010584110259445816,0.2452587588036632
Industrials,2022-03-08,0.032609427675756336,0.28586593423647333
Industrials,2022-03-09,0.03714717134368826,0.3336322164205674
Industrials,2022-03-10,0.00461355370903116,0.3397850002791176
Industrials,2022-03-11,0.0037355942915895564,0.3447898934781177
Industrials,2022-03-14,0.002893763747958861,0.3486813977204861
Industrials,2022-03-15,-0.009967502514070416,0.3352384124980272
Industrials,2022-03-16,0.029787910755392024,0.37501237516668984
Industrials,2022-03-17,0.017431449889114586,0.3989808344813204
Industrials,2022-03-18,0.00213438805589246,0.4019668024648597
Industrials,2022-03-21,0.002956604119306656,0.4061118632881586
Industrials,2022-03-22,0.023699591294878006,0.43943613976296736
Industrials,2022-03-23,-0.015504985523291864,0.41711770325423947
Industrials,2022-03-24,-0.02171368609396069,0.3863468542875823
Industrials,2022-03-25,-0.021727918386500532,0.35622442298224
Industrials,2022-03-28,0.007586809026222056,0.36651383867610465
Industrials,2022-03-29,0.014514076891714545,0.38634752560424146
Industrials,2022-03-30,0.010619376025446945,0.4010696712805808
Industrials,2022-03-31,-2.635604875859867e-4,0.4007004046748761
Industrials,2022-04-01,0.01584160880232913,0.4228897525349997
Industrials,2022-04-04,0.002525177153262601,0.4264828012297126
Industrials,2022-04-05,0.010759174476703411,0.4418305785761598
Industrials,2022-04-06,-0.02864489019796802,0.40052949996877296
Industrials,2022-04-07,0.010256940575668371,0.4148946478244231
Industrials,2022-04-08,-0.007055598573972243,0.4049117191649123
Industrials,2022-04-11,-0.0019072533911665534,0.40223219652424524
Industrials,2022-04-12,0.0045143752413716555,0.40856239883488854
Industrials,2022-04-13,0.009827848287488233,0.4224055363940984
Industrials,2022-04-14,0,0.4224055363940984
Industrials,2022-04-15,0,0.4224055363940984
Industrials,2022-04-18,0,0.4224055363940984
Industrials,2022-04-19,0.014289202725026843,0.4427305774608341
Industrials,2022-04-20,0.006821861572956587,0.45257268574734355
Industrials,2022-04-21,6.056179996615686e-4,0.45345238991164893
Industrials,2022-04-22,-0.020319807783795794,0.42391851672574554
Industrials,2022-04-25,-0.020259324426038547,0.39507088953915503
Industrials,2022-04-26,-0.010669200593484193,0.38018659837653135
Industrials,2022-04-27,-0.019544266072426292,0.35321186426826356
Industrials,2022-04-28,-0.002344960379094423,0.350038636062034
Industrials,2022-04-29,-0.011529004145950658,0.3344740350296811
Industrials,2022-05-02,-0.032309475769870984,0.2913578785293678
Industrials,2022-05-03,0.006088913610355225,0.2992208450917846
Industrials,2022-05-04,0.01033428002874203,0.31264735712414216
Industrials,2022-05-05,-0.007379330085628843,0.30296089898989464
Industrials,2022-05-06,-0.03461907532927303,0.25785359747666625
Industrials,2022-05-09,-0.025635149481477288,0.22560833247953793
Industrials,2022-05-10,-0.016525292964031813,0.205354795726155
Industrials,2022-05-11,0.006576689540716281,0.21328204000405937
Industrials,2022-05-12,-0.010975703534856655,0.19996541602880868
Industrials,2022-05-13,0.048094892682563395,0.25767762393550164
Industrials,2022-05-16,0.003546070343503262,0.2621374372594272
Industrials,2022-05-17,0,0.2621374372594272
Industrials,2022-05-18,0.009669942563378374,0.27434223378481537
Industrials,2022-05-19,-0.00831785286924507,0.26374244257912816
Industrials,2022-05-20,-0.00470950669847434,0.25779083908065537
Industrials,2022-05-23,0.015483425222327183,0.27726574948288896
Industrials,2022-05-24,-0.008176796357292139,0.26682180755522333
Industrials,2022-05-25,-0.007758828371302704,0.2569927545733788
Industrials,2022-05-26,0,0.2569927545733788
Industrials,2022-05-27,0.055182862940306374,0.3263572134659598
Industrials,2022-05-30,-4.2944146589883836e-4,0.3257876206799035
Industrials,2022-05-31,5.752992352740849e-4,0.32655034528421645
Industrials,2022-06-01,-0.008589310716705949,0.3151561921872168
Industrials,2022-06-02,-0.012202479218422551,0.2991080260830725
Industrials,2022-06-03,-0.003332655377503749,0.2947785467339885
Industrials,2022-06-06,0,0.2947785467339885
Industrials,2022-06-07,7.898269786008135e-4,0.2958011977615127
Industrials,2022-06-08,-7.376502448649115e-4,0.29484534969068754
Industrials,2022-06-09,-0.025654215930723246,0.2616271074928298
Industrials,2022-06-10,-0.028894396860004237,0.22517315315959263
Industrials,2022-06-13,-0.020841666816643,0.1996385025087446
Industrials,2022-06-14,-0.0078076148362655135,0.19027218713840188
Industrials,2022-06-15,0.007048036334250404,0.1986612687610012
Industrials,2022-06-16,-0.03128984708465445,0.1611553409551716
Industrials,2022-06-17,9.335755326160302e-4,0.1622393671710538
Industrials,2022-06-20,0.0255902479037323,0.19198136070043792
Industrials,2022-06-21,-0.0050642165117829666,0.18594490901184124
Industrials,2022-06-22,-0.006694322595222285,0.17800581121075432
Industrials,2022-06-23,-0.019753374859583856,0.15473622083514016
Industrials,2022-06-24,0.036117533144404065,0.19644244456419724
Industrials,2022-06-27,0.03170476470525987,0.23437537075249115
Industrials,2022-06-28,0.009865920118558094,0.24655361955665067
Industrials,2022-06-29,-0.01545770636503921,0.22728475973726736
Industrials,2022-06-30,-1.748967034506775e-4,0.2270701116785938
Industrials,2022-07-01,0.03414344261673121,0.26896650962339796
Industrials,2022-07-04,0.0040974483186831286,0.27416603431471964
Industrials,2022-07-05,-0.008329822768022884,0.2635524570718435
Industrials,2022-07-06,0.019830472799546636,0.28860929970260707
Industrials,2022-07-07,0.007099673189710738,0.2977580045997177
Industrials,2022-07-08,-9.250198997355634e-4,0.2965575526204218
Industrials,2022-07-11,0.008899775719593972,0.308096624046289
Industrials,2022-07-12,0.001616788986101405,0.31021154026080344
Industrials,2022-07-13,-0.01565927825345562,0.289694573180971
Industrials,2022-07-14,-0.00635017053904623,0.28150479269798945
Industrials,2022-07-15,0.0028367219773225913,0.28514006550748006
Industrials,2022-07-18,0.045027684623296385,0.34300694707391344
Industrials,2022-07-19,0.007921344981353258,0.35364536841403993
Industrials,2022-07-20,3.1678231958237934e-5,0.35368824950600986
Industrials,2022-07-21,0.01068001859176665,0.36814566517819003
Industrials,2022-07-22,0.004091699663671055,0.37374370633625276
Industrials,2022-07-25,-0.006815709470395108,0.36438066834708094
Industrials,2022-07-26,-0.005156495188875171,0.3573452459949549
Industrials,2022-07-27,0.0101882598764466,0.371174232103211
Industrials,2022-07-28,0.031693091051095336,0.4146309818881737
Industrials,2022-07-29,0.024281742317541908,0.44898068686479364
Industrials,2022-08-01,-0.0015953411515862896,0.44666906834718434
Industrials,2022-08-02,-0.0017058016650816337,0.44420133784157567
Industrials,2022-08-03,-6.862748403899213e-4,0.4432102187989575
Industrials,2022-08-04,0.01168628483826125,0.46007598449733145
Industrials,2022-08-05,-0.01365778882329389,0.440134575035104
Industrials,2022-08-08,0.01573017147326626,0.4627881388449857
Industrials,2022-08-09,0.005497696980636382,0.4708301047792245
Industrials,2022-08-10,0.031544548387265725,0.5172267761888796
Industrials,2022-08-11,-0.006088807026635202,0.5079886751330218
Industrials,2022-08-12,-0.005333066769094751,0.4999464708414987
Industrials,2022-08-15,0.005248143633751064,0.5078184053634127
Industrials,2022-08-16,0.0078471306114118,0.5196504533285902
Industrials,2022-08-17,-0.017297952831340287,0.4933636114667874
Industrials,2022-08-18,-0.0031153510995462134,0.48871125949778205
Industrials,2022-08-19,-0.01933687857297708,0.45992423064264965
Industrials,2022-08-22,-0.027623152962041667,0.41959652030661676
Industrials,2022-08-23,0.00226501193298103,0.4228119233651295
Industrials,2022-08-24,0.006531325367997565,0.4321047709740935
Industrials,2022-08-25,0.007937797577981964,0.4434725287565482
Industrials,2022-08-26,-0.002906742584713411,0.43927672568734755
Industrials,2022-08-29,-0.020476546637244148,0.4098053086899105
Industrials,2022-08-30,-6.603116458295449e-4,0.40887439782623014
Industrials,2022-08-31,6.503574966224362e-4,0.40979066985265566
Industrials,2022-09-01,-0.016455135850712132,0.3865923728591638
Industrials,2022-09-02,-7.264109839727712e-4,0.385585136929226
Industrials,2022-09-05,-0.003020842644124524,0.3813995022605252
Industrials,2022-09-06,-0.014966561269540553,0.36072470197223017
Industrials,2022-09-07,-0.008585859568090319,0.349041710770265
Industrials,2022-09-08,0.00738819683256104,0.35900869646477074
Industrials,2022-09-09,0.026557739593757387,0.3951008955311337
Industrials,2022-09-12,0.003616345110037011,0.40014606183269597
Industrials,2022-09-13,-0.012103820274790136,0.3831989455418179
Industrials,2022-09-14,-0.02883774423843049,0.34331060811941616
Industrials,2022-09-15,0.010609010984162956,0.3575618051160978
Industrials,2022-09-16,-0.06666087237094274,0.26706555088958694
Industrials,2022-09-19,-0.020890821786508234,0.24059551027412862
Industrials,2022-09-20,-0.0017152158798573605,0.23846762115442677
Industrials,2022-09-21,0.013247923780223518,0.25487474580375524
Industrials,2022-09-22,-0.025706559217977494,0.2226162338396065
Industrials,2022-09-23,-0.028978407862613922,0.1871867619559493
Industrials,2022-09-26,0.01068956399151361,0.19987727081775541
Industrials,2022-09-27,0.0032736969889151203,0.20380530542629915
Industrials,2022-09-28,-0.00801300663259568,0.19415920552956445
Industrials,2022-09-29,0.0011565529202613107,0.1955403138459766
Industrials,2022-09-30,0.03183339614291221,0.2335984222614571
Industrials,2022-10-03,0.014229726923396552,0.2511521909433707
Industrials,2022-10-04,0.027271887859778708,0.2852734731902946
Industrials,2022-10-05,-0.010868701422007163,0.2713042195645632
Industrials,2022-10-06,-0.04878426472653391,0.20928457796936595
Industrials,2022-10-07,-0.02164444172031047,0.18311028839823762
Industrials,2022-10-10,-0.012750953332080213,0.16802450432416793
Industrials,2022-10-11,-0.02131582214250254,0.14312710173190935
Industrials,2022-10-12,-0.002925933645442934,0.13978238768393414
Industrials,2022-10-13,0.0064792819577461505,0.14716735914421153
Industrials,2022-10-14,0.008703465519919866,0.1571516907001007
Industrials,2022-10-17,0.02547890744878165,0.1866346515316497
Industrials,2022-10-18,0.032993940829352204,0.22578640501034397
Industrials,2022-10-19,-0.010590548666895261,0.21280465443286345
Industrials,2022-10-20,-0.014888783530014302,0.19474746846881863
Industrials,2022-10-21,-0.030326436350189147,0.15851503541174927
Industrials,2022-10-24,0.02142998504312478,0.18334199529285833
Industrials,2022-10-25,0.016451327479533845,0.2028095419777063
Industrials,2022-10-26,0.007109603697699929,0.21136104114497956
Industrials,2022-10-27,0.009075565823816863,0.22235482801029827
Industrials,2022-10-28,-9.595773161377753e-4,0.2211818840450679
Industrials,2022-10-31,0.00728953718492698,0.23008373479837374
Industrials,2022-11-01,0.015882467747749995,0.2496205000433409
Industrials,2022-11-02,-0.011807356736638821,0.2348657850139122
Industrials,2022-11-03,-0.010400585399319394,0.22202245796017728
Industrials,2022-11-04,0.0070630110062113605,0.23065361603058743
Industrials,2022-11-07,0.011500984765201144,0.24480734451979513
Industrials,2022-11-08,0.012481143856433015,0.2603439640602909
Industrials,2022-11-09,-0.004961344724950722,0.25409096318257696
Industrials,2022-11-10,0.03889252429711469,0.3028657264389474
Industrials,2022-11-11,0.01457904435740521,0.3218602636564438
Industrials,2022-11-14,-0.0054328134768061535,0.3146788434015966
Industrials,2022-11-15,0.005515304980936594,0.3219296981749413
Industrials,2022-11-16,-0.017403954309883996,0.2989228941070261
Industrials,2022-11-17,-0.0055847430381465325,0.29166874351707284
Industrials,2022-11-18,0.020113739805459607,0.31764903253902
Industrials,2022-11-21,0.00201538597512378,0.3203046039193347
Industrials,2022-11-22,0.007288973798960778,0.32992826958394983
Industrials,2022-11-23,0.00569348244419662,0.3375001928388668
Industrials,2022-11-24,0.01384423479723342,0.35601685954987294
Industrials,2022-11-25,-0.0010967800177789963,0.3545296073545472
Industrials,2022-11-28,0.00281502279281893,0.3583426390727984
Industrials,2022-11-29,-0.009325993302176398,0.34567474471874493
Industrials,2022-11-30,0.019263124808908565,0.37159664527845826
Industrials,2022-12-01,0.018058780899852543,0.39636600857851456
Industrials,2022-12-02,0.004938167506502562,0.4032614978292617
Industrials,2022-12-05,0.0015475449684725954,0.4054331080996787
Industrials,2022-12-06,7.835016299206774e-4,0.40653426723061914
Industrials,2022-12-07,-0.007996343790583955,0.3952871356766061
Industrials,2022-12-08,0.012373892697218093,0.4125522689752772
Industrials,2022-12-09,0.016486069144729155,0.4358397033521475
Industrials,2022-12-12,-0.012032574176242903,0.4185628556163681
Industrials,2022-12-13,0.020593670058303364,0.4477762710218962
Industrials,2022-12-14,-0.017491755586610515,0.4224521223450868
Industrials,2022-12-15,-0.02220632133915826,0.39086469342672414
Industrials,2022-12-16,-0.020561700814995188,0.36226614972634397
Industrials,2022-12-19,0.0025235613077716195,0.36570391187268037
Industrials,2022-12-20,-0.021731397029494937,0.3360252579390408
Industrials,2022-12-21,0.007726292442757299,0.3463477797927881
Industrials,2022-12-22,-0.031077121927795357,0.304507165682951
Industrials,2022-12-23,-4.478146770279994e-4,0.30392298822787
Industrials,2022-12-26,0,0.30392298822787
Industrials,2022-12-27,8.86986581790713e-4,0.30507955042211643
Industrials,2022-12-28,-0.0038629817168607406,0.30003805197978695
Industrials,2022-12-29,0.008153767675924675,0.3106382602254918
Industrials,2022-12-30,-0.006341598622553568,0.30232671843978
Industrials,2023-01-02,0.006313118665351293,0.3105484615543479
Industrials,2023-01-03,0.004118504508409407,0.31594596130174835
Industrials,2023-01-04,0.0012503143245121279,0.3175913073874479
Industrials,2023-01-05,-0.005040999207705641,0.31094933065082797
Industrials,2023-01-06,0.03319120340604943,0.3544613165394841
Industrials,2023-01-09,0.004014027086642408,0.359898160951883
Industrials,2023-01-10,-0.005409721574763271,0.3525414905311006
Industrials,2023-01-11,0.014310672640943448,0.3718972690353848
Industrials,2023-01-12,-0.006336908418289265,0.3632036816822064
Industrials,2023-01-13,0.007439000145368783,0.3733445540684077
Industrials,2023-01-16,-0.002359673366894053,0.37010390950060357
Industrials,2023-01-17,0.005817717456623453,0.3780747869322931
Industrials,2023-01-18,0.006170056084525051,0.3865775856563354
Industrials,2023-01-19,-0.014379250367998076,0.36663963939752864
Industrials,2023-01-20,0.0035397539070335595,0.371477207400593
Industrials,2023-01-23,0.009740599923847458,0.38483621818255775
Industrials,2023-01-24,-0.00659325448952063,0.37570564056977473
Industrials,2023-01-25,-0.013241856227323654,0.35748874426623156
Industrials,2023-01-26,0.004371377327139502,0.3634228397847641
Industrials,2023-01-27,0.004878331730764583,0.37007406868653514
Industrials,2023-01-30,0.0011586871502298477,0.37166155590478533
Industrials,2023-01-31,-0.0013792102897574555,0.3697697461728169
Industrials,2023-02-01,0.007925810794059277,0.3806262820124091
Industrials,2023-02-02,0.010436605249360232,0.3950353335146646
Industrials,2023-02-03,-0.004446236152072848,0.3888326769813726
Industrials,2023-02-06,-0.0010316371185138376,0.3873999056403936
Industrials,2023-02-07,2.936654503523622e-4,0.38780733705850223
Industrials,2023-02-08,0.010147279893341956,0.4018898065456684
Industrials,2023-02-09,-0.0020613058366211997,0.3990000829051361
Industrials,2023-02-10,-0.01266171520465099,0.3812863422841082
Industrials,2023-02-13,0.014845701160105834,0.40179250653819354
Industrials,2023-02-14,0.01199647548432232,0.4186090759769856
Industrials,2023-02-15,0.005825396639948149,0.4268730365215818
Industrials,2023-02-16,0.011173746637023979,0.4428165543148752
Industrials,2023-02-17,-0.0015381603053098865,0.44059727116318426
Industrials,2023-02-20,0.006236022339988709,0.44958086792908447
Industrials,2023-02-21,-0.001749214031722426,0.44704524073478646
Industrials,2023-02-22,-0.012581061392230022,0.4288398757237679
Industrials,2023-02-23,0.009499048645282874,0.4424124952095878
Industrials,2023-02-24,-0.01610857192915569,0.4191772897789914
Industrials,2023-02-27,-0.005661672392173933,0.4111423728978494
Industrials,2023-02-28,-1.0387591510219766e-4,0.4109957891925251
Industrials,2023-03-01,-0.007414822743534291,0.4005335055237891
Industrials,2023-03-02,8.1369384260371e-4,0.40167311101359404
Industrials,2023-03-03,0.013001031006781998,0.41989630659125443
Industrials,2023-03-06,-0.004289919272440523,0.41380506606074174
Industrials,2023-03-07,-0.016328806381094376,0.3907193168764256
Industrials,2023-03-08,-0.008604503867576876,0.3787528671356484
Industrials,2023-03-09,2.3542068509191735e-4,0.379077454080202
Industrials,2023-03-10,-0.011746604857014025,0.3628779761599048
Industrials,2023-03-13,-0.03007624280009553,0.32188772724201664
Industrials,2023-03-14,0.031098276080034307,0.36299615673059793
Industrials,2023-03-15,-0.024176098683298095,0.33004422714052306
Industrials,2023-03-16,0.007653717713110518,0.34022401020100856
Industrials,2023-03-17,-0.01865256208971056,0.31522539863661336
Industrials,2023-03-20,0.018124128016556953,0.3390627121321306
Industrials,2023-03-21,0.005239946694626921,0.3460793293644655
Industrials,2023-03-22,-0.003223848080291779,0.3417397741025734
Industrials,2023-03-23,-4.6664340605665893e-4,0.3411136600843445
Industrials,2023-03-24,-0.0176150575640703,0.3174898657619978
Industrials,2023-03-27,0.013708693162460725,0.3355509300763806
Industrials,2023-03-28,-0.01615495162212749,0.31397516941210935
Industrials,2023-03-29,0.013300573501612923,0.3314517927321694
Industrials,2023-03-30,0.013657440271203958,0.3496360160653964
Industrials,2023-03-31,0.009083204851421332,0.36189503647417465
Industrials,2023-04-03,-0.013327144218560048,0.3437448649125421
Industrials,2023-04-04,-0.007502501674121562,0.3336634168139436
Industrials,2023-04-05,-0.002162755634780141,0.3307790287443291
Industrials,2023-04-06,0,0.3307790287443291
Industrials,2023-04-07,0,0.3307790287443291
Industrials,2023-04-10,0,0.3307790287443291
Industrials,2023-04-11,0.014589526499234165,0.35019446464881954
Industrials,2023-04-12,0.007694102389289655,0.3605829991052796
Industrials,2023-04-13,-0.0018419890264650624,0.3580768201513327
Industrials,2023-04-14,0.010324633214218655,0.37209846519612766
Industrials,2023-04-17,0.003336460782401907,0.3766764179148485
Industrials,2023-04-18,0.00539666902869139,0.3841058849019392
Industrials,2023-04-19,-0.013992757442593139,0.36473842697964076
Industrials,2023-04-20,-0.003685180429968834,0.359709119636509
Industrials,2023-04-21,0.001219884134514847,0.36136780721910844
Industrials,2023-04-24,0.006420887453892142,0.37010899669261454
Industrials,2023-04-25,-0.013169652506703664,0.35206513730986444
Industrials,2023-04-26,-0.012781797268839058,0.3347833148305046
Industrials,2023-04-27,0.04224939200360956,0.391177098338656
Industrials,2023-04-28,0.01665035925589575,0.4143406968145693
Industrials,2023-05-01,0,0.4143406968145693
Industrials,2023-05-02,-0.005784711096842398,0.4061591444909902
Industrials,2023-05-03,0.0026755807159713706,0.4099214367815769
Industrials,2023-05-04,-0.021887490990830646,0.3790617940362411
Industrials,2023-05-05,0.008726256405109326,0.39109584084949156
Industrials,2023-05-08,0.013641534778852991,0.4100725231431577
Industrials,2023-05-09,-0.015130166356957605,0.3887378912926267
Industrials,2023-05-10,0.0159093663562206,0.4108318311779664
Industrials,2023-05-11,1.820669659197219e-4,0.41108869704889206
Industrials,2023-05-12,0.006437891081711379,0.4201731323871267
Industrials,2023-05-15,-3.887391020850707e-4,0.41962105555883733
Industrials,2023-05-16,0.0038763575268136274,0.42512401432277613
Industrials,2023-05-17,0,0.42512401432277613
Industrials,2023-05-18,0,0.42512401432277613
Industrials,2023-05-19,0.01728146061089109,0.44975223884193016
Industrials,2023-05-22,-0.009246184793829998,0.4363475617363288
Industrials,2023-05-23,2.9754883358524427e-5,0.4363903000904905
Industrials,2023-05-24,-0.01295058832044039,0.41778820064654476
Industrials,2023-05-25,-0.0016759038744237353,0.4154121239079691
Industrials,2023-05-26,0.004926670402288956,0.4223853929258674
Industrials,2023-05-29,0,0.4223853929258674
Industrials,2023-05-30,-0.0034205753942240825,0.4175200164497215
Industrials,2023-05-31,9.006368584960228e-4,0.41879668722419194
Industrials,2023-06-01,0.004042538085705375,0.4245322268681684
Industrials,2023-06-02,0.008028092890917986,0.4359685039115724
Industrials,2023-06-05,-0.014055170506720704,0.4157857217468146
Industrials,2023-06-06,-0.004286378308132468,0.4097171285401553
Industrials,2023-06-07,-0.002435513805036929,0.4062837430123989
Industrials,2023-06-08,8.066302460639754e-4,0.4074180940140606
Industrials,2023-06-09,0.003985891054978599,0.41302790920560617
Industrials,2023-06-12,0.0024148978345788037,0.4164402272437462
Industrials,2023-06-13,0.013502044566671723,0.43556506631801817
Industrials,2023-06-14,1.2220989993742728e-4,0.4357405065811264
Industrials,2023-06-15,0.0027051066652538165,0.43962433779505394
Industrials,2023-06-16,0.017059922445671973,0.4641842173487396
Industrials,2023-06-19,-0.01517906638379588,0.4419592679154969
Industrials,2023-06-20,0.003269867954151759,0.4466742843168461
Industrials,2023-06-21,-0.002830101212807393,0.44258004967026365
Industrials,2023-06-22,-0.009744714271097122,0.42852251927304197
Industrials,2023-06-23,-0.011965231800883849,0.4114299161971575
Industrials,2023-06-26,-0.007839418841417168,0.4003651259187815
Industrials,2023-06-27,-0.011831665359738397,0.38379647436746267
Industrials,2023-06-28,0.025756899206088875,0.4194387806794866
Industrials,2023-06-29,0.005667875155720714,0.4274839824795662
Industrials,2023-06-30,-0.0017825301344150813,0.4249394492644014
Industrials,2023-07-03,0.003920580675163138,0.43052603933246525
Industrials,2023-07-04,-3.493933408306448e-4,0.4300262230604377
Industrials,2023-07-05,-0.00990494804884465,0.4158618876125384
Industrials,2023-07-06,-0.01397947747108646,0.39606887825248904
Industrials,2023-07-07,-0.007509566992946807,0.3855850054844838
Industrials,2023-07-10,0.002392855096636936,0.3889005096266813
Industrials,2023-07-11,0.011339784020751354,0.4046503414321594
Industrials,2023-07-12,0.005300816417915416,0.4120961350234533
Industrials,2023-07-13,-0.009931272347250731,0.39807222372603523
Industrials,2023-07-14,-0.004787048237027108,0.391379584552211
Industrials,2023-07-17,-0.029580935822707193,0.35022127435654715
Industrials,2023-07-18,0.03023592822120254,0.3910464678907324
Industrials,2023-07-19,-0.002666241483422512,0.38733760209267376
Industrials,2023-07-20,-3.410576595145533e-4,0.3868644399771475
Industrials,2023-07-21,0.011276539567764202,0.40250347170967493
Industrials,2023-07-24,-0.00944264084004449,0.38926013514940494
Industrials,2023-07-25,-4.288890717725452e-4,0.3886642966595901
Industrials,2023-07-26,6.722636150128485e-4,0.38959784513970197
Industrials,2023-07-27,0.0010712648970725572,0.3910864725322478
Industrials,2023-07-28,-0.013145228281280107,0.3728003232918107
Industrials,2023-07-31,0.005754121255738977,0.3806995828119495
Industrials,2023-08-01,-2.420865402984103e-4,0.3803653340267552
Industrials,2023-08-02,-0.015675052005185118,0.3587280356297309
Industrials,2023-08-03,-0.004874635199408202,0.3521047321208275
Industrials,2023-08-04,0.0025545018279764927,0.3555586861306457
Industrials,2023-08-07,-0.01022046383453918,0.34170424760345197
Industrials,2023-08-08,-0.002130517774956589,0.3388457228551982
Industrials,2023-08-09,0.008815954634135105,0.3506489260099954
Industrials,2023-08-10,-0.004545702120159274,0.3445092783234409
Industrials,2023-08-11,-0.0015759195923553866,0.34239043980962736
Industrials,2023-08-14,0.001830522384873931,0.3448477155589398
Industrials,2023-08-15,-5.48765545806256e-4,0.3441097094682848
Industrials,2023-08-16,0.0029617664697504653,0.3480906485374542
Industrials,2023-08-17,-0.015218872416367237,0.32757422895166477
Industrials,2023-08-18,-0.009468007242391593,0.31500474653713795
Industrials,2023-08-21,-0.0029262968438668467,0.31115665229767653
Industrials,2023-08-22,-0.0052383763277585585,0.3042883203282971
Industrials,2023-08-23,0.001035620399017551,0.3056390679190295
Industrials,2023-08-24,-0.008802374159273974,0.29414634432624065
Industrials,2023-08-25,0.0017959916883218744,0.29647062040412275
Industrials,2023-08-28,0.014429502010917942,0.31517804582833997
Industrials,2023-08-29,0.00403140930793785,0.32048006684388786
Industrials,2023-08-30,0.003329838861679647,0.3248770526865379
Industrials,2023-08-31,0.004198383120497659,0.33043939414127177
Industrials,2023-09-01,-0.005720742460221967,0.32282829300845606
Industrials,2023-09-04,9.469342327089259e-4,0.32408092440310154
Industrials,2023-09-05,0.008856515097652885,0.33580766710059184
Industrials,2023-09-06,-0.010865004153723688,0.321294111248968
Industrials,2023-09-07,-0.00932504905080957,0.3089729788510256
Industrials,2023-09-08,-0.004918153110565386,0.3025352493234432
Industrials,2023-09-11,0.007872370427654771,0.3127892893011952
Industrials,2023-09-12,-0.006410422620770722,0.3043737551447532
Industrials,2023-09-13,-0.012204069929695256,0.2884550866225075
Industrials,2023-09-14,0.012943495719202525,0.3051321995205907
Industrials,2023-09-15,0.007823281871637996,0.3153426165971911
Industrials,2023-09-18,-0.009925640572794197,0.3022869985547687
Industrials,2023-09-19,-0.002901583556089559,0.2985083040144527
Industrials,2023-09-20,7.400478015244192e-4,0.29946926223010006
Industrials,2023-09-21,-0.019338413728959395,0.2743395880090287
Industrials,2023-09-22,7.882682291130334e-4,0.27534410941935716
Industrials,2023-09-25,-0.029730764021097207,0.23742715465651387
Industrials,2023-09-26,-0.02165560829041971,0.21062991690734378
Industrials,2023-09-27,0.007942116368508946,0.22024488058662017
Industrials,2023-09-28,-0.014783695587722079,0.20220515172955134
Industrials,2023-09-29,-3.152434712956103e-4,0.20182616440431067
Industrials,2023-10-02,-0.011438196620130193,0.18807944043263713
Industrials,2023-10-03,-0.021513067760153208,0.16252020692616487
Industrials,2023-10-04,-0.0033432551962812402,0.15863360520357728
Industrials,2023-10-05,0.00946226598662959,0.1695969045570611
Industrials,2023-10-06,0.0038503121494513704,0.1741002177286377
Industrials,2023-10-09,0.009696355027758766,0.18548471027790336
Industrials,2023-10-10,0.023835536082555987,0.21374137386505088
Industrials,2023-10-11,-0.002216069704951693,0.21105163837678198
Industrials,2023-10-12,0.0015876888376561275,0.21297441154485797
Industrials,2023-10-13,-0.022141905389217162,0.18611684688489039
Industrials,2023-10-16,0.004001947909988768,0.19086362472128382
Industrials,2023-10-17,-0.008896933847136376,0.18026858983117755
Industrials,2023-10-18,-0.0033622343535803915,0.17630025023199525
Industrials,2023-10-19,-0.004075026829807416,0.17150679515239076
Industrials,2023-10-20,-0.07338329756033846,0.08553776340976427
Industrials,2023-10-23,-0.014395964604329091,0.06991040019105488
Industrials,2023-10-24,0.02135662032275861,0.09276007038730594
Industrials,2023-10-25,-0.020256748197402887,0.070624304801294
Industrials,2023-10-26,0.00894128836367759,0.08019706543968441
Industrials,2023-10-27,0.015387824355142028,0.09681894815160996
Industrials,2023-10-30,-0.018181139550887914,0.07687752979320739
Industrials,2023-10-31,0.01810994431914861,0.09637972189630473
Industrials,2023-11-01,0.004913847744269152,0.10176716491960724
Industrials,2023-11-02,0.037269107747284015,0.14282904410141573
Industrials,2023-11-03,0.005841543987451519,0.14950493023267142
Industrials,2023-11-06,-0.007806222435869081,0.14053163905614707
Industrials,2023-11-07,-0.0134200634191255,0.12522563212849436
Industrials,2023-11-08,0.024747823700055682,0.15307251769519414
Industrials,2023-11-09,0.0031488492655160853,0.15670336924562545
Industrials,2023-11-10,-0.021204764737920944,0.13217574642921148
Industrials,2023-11-13,-0.0014130051259462792,0.1305759762960348
Industrials,2023-11-14,0.039701534257074816,0.17546157714917765
Industrials,2023-11-15,0.010674184491362112,0.18800867088617523
Industrials,2023-11-16,-0.017260572620974354,0.16750296094799721
Industrials,2023-11-17,0.006660259873008469,0.1752788340704179
Industrials,2023-11-20,0.018406061041644037,0.19691108803127033
Industrials,2023-11-21,-0.019464008532356337,0.17361440040135778
Industrials,2023-11-22,0.0013724885661316024,0.17522517274695626
Industrials,2023-11-23,0.0017029832874149462,0.17722656157509342
Industrials,2023-11-24,0.0019324211474727564,0.17950145907804793
Industrials,2023-11-27,1.8254659830379917e-4,0.179716773057097
Industrials,2023-11-28,-0.025516559205982066,0.14961446017109536
Industrials,2023-11-29,0.015640703834438552,0.16759523946641952
Industrials,2023-11-30,0.014050952059259032,0.18400106420078144
Industrials,2023-12-01,0.023496929734978446,0.211821454012447
Industrials,2023-12-04,6.733021428775483e-4,0.2126373759942184
Industrials,2023-12-05,-0.0036076312169911065,0.20826262754169145
Industrials,2023-12-06,0.010587462421997491,0.22105506270669317
Industrials,2023-12-07,-0.017280586914831874,0.19995451456779456
Industrials,2023-12-08,0.012211040481856193,0.21460720772156816
Industrials,2023-12-11,-0.003003333771370521,0.21095933687566792
Industrials,2023-12-12,-0.012037503958287404,0.19638240906470195
Industrials,2023-12-13,-0.011027859150761224,0.18318887236708803
Industrials,2023-12-14,0.032249932277149854,0.221346633372004
Industrials,2023-12-15,0.014480539103456628,0.2390323910554224
Industrials,2023-12-18,0.004755718404359452,0.2449248802011621
Industrials,2023-12-19,-0.001335010151249102,0.24326289284855096
Industrials,2023-12-20,-0.0038538686808646952,0.2384715209237207
Industrials,2023-12-21,-0.00634548897013962,0.2306128135478671
Industrials,2023-12-22,-0.007518663540421181,0.2213602498542695
Industrials,2023-12-25,0,0.2213602498542695
Industrials,2023-12-26,0,0.2213602498542695
Industrials,2023-12-27,0.007300018909841112,0.230276202773934
Industrials,2023-12-28,0.0092794166555954,0.24169244826093705
Industrials,2023-12-29,7.6940997973004e-5,0.2417879853170819
Industrials,2024-01-01,0,0.2417879853170819
Industrials,2024-01-02,-0.003417086696640836,0.23754468811240637
Industrials,2024-01-03,-0.014385978754515187,0.2197413965214583
Industrials,2024-01-04,0.027160391986308517,0.2528700509729085
Industrials,2024-01-05,-4.0649255489159117e-4,0.2523607686249414
Industrials,2024-01-08,-0.0033774211666421903,0.24813101885671518
Industrials,2024-01-09,0.005931210136574235,0.255533946207531
Industrials,2024-01-10,0.003176919517444104,0.2595226765060512
Industrials,2024-01-11,0.002032914466948798,0.26208317837657047
Industrials,2024-01-12,0.0013286838165172765,0.263760087870778
Industrials,2024-01-15,-0.007179681462700092,0.2546866929945919
Industrials,2024-01-16,0.0014839477124881648,0.25654858244255063
Industrials,2024-01-17,-0.011712502282491136,0.2418312543026313
Industrials,2024-01-18,0.005211239709311799,0.24830273464731767
Industrials,2024-01-19,-0.01422166279082479,0.2305497940942991
Industrials,2024-01-22,0.01534000232981811,0.24942643080266258
Industrials,2024-01-23,-0.0016085323722331438,0.247416687941993
Industrials,2024-01-24,0.010709735617761899,0.2607761908750359
Industrials,2024-01-25,-0.0028521388991250792,0.2571802820579505
Industrials,2024-01-26,3.271976177264696e-4,0.25759162845129246
Industrials,2024-01-29,0.002027764742279275,0.26014172841565153
Industrials,2024-01-30,-0.0014653664324454166,0.2582951590267075
Industrials,2024-01-31,0.004092164605869999,0.26344430994021417
Industrials,2024-02-01,0.001076471680114575,0.26480437195926676
Industrials,2024-02-02,0.001993215514270321,0.2673253996559728
Industrials,2024-02-05,-0.003941581257005081,0.26233013361416235
Industrials,2024-02-06,7.932588047790284e-4,0.26333148810718976
Industrials,2024-02-07,-3.4312872379991936e-4,0.2628980027859391
Industrials,2024-02-08,0.011325533956640143,0.27720099700026424
Industrials,2024-02-09,0.025691995775031833,0.3100148396190616
Industrials,2024-02-12,0.01729856965031709,0.33267622256516094
Industrials,2024-02-13,-0.015998520551350464,0.3113553746301563
Industrials,2024-02-14,0.011377177878543535,0.32627489798930775
Industrials,2024-02-15,0.04918562995721822,0.3915085643433571
Industrials,2024-02-16,0.006358812328940607,0.40035690615813024
Industrials,2024-02-19,0.014613008752632358,0.42082033388462814
Industrials,2024-02-20,-0.0014618396215783204,0.41874332242541135
Industrials,2024-02-21,0.011301390934369231,0.43477709534766706
Industrials,2024-02-22,0.002009365020274346,0.43766008625494957
Industrials,2024-02-23,0.003461700177387131,0.4426368344305607
Industrials,2024-02-26,4.956363664521681e-4,0.44335185770928787
Industrials,2024-02-27,-0.0018598665842033796,0.44066741581988644
Industrials,2024-02-28,0.004687245976207346,0.4474201783677412
Industrials,2024-02-29,0.0037846211785019777,0.45289811542898284
Industrials,2024-03-01,-0.00873835735998375,0.4402021724887175
Industrials,2024-03-04,-0.007857225116274581,0.42888617980652577
Industrials,2024-03-05,0.020157545283968095,0.4576890176816122
Industrials,2024-03-06,-0.027102288476262466,0.4181823094157253
Industrials,2024-03-07,0.015186869265222211,0.43972005874307296
Industrials,2024-03-08,0.0030469180587850133,0.4441067677896524
Industrials,2024-03-11,-0.009416685358557943,0.430508068733213
Industrials,2024-03-12,0.016387698552913693,0.4539508037411235
Industrials,2024-03-13,0.009788233741075434,0.46818241405616634
Industrials,2024-03-14,6.461849833321237e-5,0.46827728579904204
Industrials,2024-03-15,0.01169469117108005,0.48544833520997344
Industrials,2024-03-18,-0.0014686835078346842,0.48326668173831
Industrials,2024-03-19,-4.999003937802169e-4,0.48252519614002787
Industrials,2024-03-20,0.0010328074857452478,0.48405635926040724
Industrials,2024-03-21,0.010977620235170835,0.5003477663799583
Industrials,2024-03-22,0.014571483629832042,0.5222100592968189
Industrials,2024-03-25,0.004598745860095357,0.5292103165052058
Industrials,2024-03-26,0.013613222240244804,0.550027796395866
Industrials,2024-03-27,0.0013324031362189493,0.5520930582930104
Industrials,2024-03-28,0,0.5520930582930104
Industrials,2024-03-29,0,0.5520930582930104
Industrials,2024-04-01,0,0.5520930582930104
Industrials,2024-04-02,-0.004617757497168621,0.5449258689367744
Industrials,2024-04-03,-4.201811461962841e-4,0.5442767202143763
Industrials,2024-04-04,0.008118080893903007,0.5568132835516479
Industrials,2024-04-05,0.003785131925141052,0.5627060272127027
Industrials,2024-04-08,0.004577053210772896,0.5698586158520509
Industrials,2024-04-09,-0.007475890255404855,0.5581225251234392
Industrials,2024-04-10,-0.006340170594147725,0.5482437625075725
Industrials,2024-04-11,1.1082104258828312e-4,0.5484153404955141
Industrials,2024-04-12,0.009213730820628058,0.5626820226413711
Industrials,2024-04-15,-0.0043403470420819565,0.555899440346685
Industrials,2024-04-16,-0.008097674261949366,0.5433002734944081
Industrials,2024-04-17,-0.004456274389507843,0.5364229040103146
Industrials,2024-04-18,-0.00640343029505586,0.5265845270407574
Industrials,2024-04-19,0.005676618200416077,0.5352503645514304
Industrials,2024-04-22,-0.005714939004388343,0.5264765023615539
Industrials,2024-04-23,0.012983954696881074,0.5462962041140698
Industrials,2024-04-24,0.019839983185061874,0.576974694802818
Industrials,2024-04-25,-0.01785112925407481,0.5488239156954877
Industrials,2024-04-26,0.0058729205378033455,0.5579200354794169
Industrials,2024-04-29,0.0023891720942845734,0.5616421745533111
Industrials,2024-04-30,0.015754797725758597,0.5862455311334125
Industrials,2024-05-01,0,0.5862455311334125
Industrials,2024-05-02,-8.425633595651129e-4,0.5849090187696055
Industrials,2024-05-03,0.012980943353978178,0.605482632963463
Industrials,2024-05-06,0.008673822465239157,0.6194083042928129
Industrials,2024-05-07,-2.5634453933536926e-4,0.618993177817053
Industrials,2024-05-08,0.01694884508357584,0.6464332423792403
Industrials,2024-05-09,0,0.6464332423792403
Industrials,2024-05-10,0.020180817022492838,0.6796596103834454
Industrials,2024-05-13,0.0015805935526552594,0.6823144695342727
Industrials,2024-05-14,0.012860696643816635,0.7039502055864566
Industrials,2024-05-15,0.0037766600337799027,0.7103854462274459
Industrials,2024-05-16,-3.7412778603516933e-4,0.709745543507182
Industrials,2024-05-17,0,0.709745543507182
Industrials,2024-05-20,0,0.709745543507182
Industrials,2024-05-21,-2.9243129533143585e-4,0.7092455604032071
Industrials,2024-05-22,0.003947524184072389,0.7159928485894169
Industrials,2024-05-23,0.013396994628189792,0.7389819955639814
Industrials,2024-05-24,0.004990985753169286,0.7476612299288592
Industrials,2024-05-27,0.017447020584655113,0.7781527113824316
Industrials,2024-05-28,0.006506404132433428,0.7897220915318681
Industrials,2024-05-29,-0.015516333586689466,0.761952166532192
Industrials,2024-05-30,9.174587560968303e-4,0.7635686849752006
Industrials,2024-05-31,0.01960613969386035,0.7981454589725419
Industrials,2024-06-03,0.0031778504408741374,0.8038596963120934
Industrials,2024-06-04,-0.015457991017021439,0.7759756493305343
Industrials,2024-06-05,0.005213119761449948,0.7852340230839132
Industrials,2024-06-06,-0.0037391649622933007,0.7785587385753039
Industrials,2024-06-07,0.011798398180375144,0.7995428827602009
Industrials,2024-06-10,-0.004977907481181581,0.7905849247814021
Industrials,2024-06-11,-0.019482782244733137,0.7556993486011843
Industrials,2024-06-12,0.006096293096544975,0.7664026064196701
Industrials,2024-06-13,-0.016346552621133346,0.7375280132637236
Industrials,2024-06-14,-0.018648333072122478,0.7051260121502385
Industrials,2024-06-17,-3.309370014133096e-4,0.7045617228607457
Industrials,2024-06-18,0.014290162791513168,0.7289201873686078
Industrials,2024-06-19,-0.005657971565419745,0.7191380061095962
Industrials,2024-06-20,-0.0027361367081052976,0.7144342095047806
Industrials,2024-06-21,0.0012734293824666178,0.7166174204014699
Industrials,2024-06-24,0.008321017830273112,0.7309014245643879
Industrials,2024-06-25,-0.009759161335212584,0.7140092783067147
Industrials,2024-06-26,-0.0073926066681829555,0.701338281886577
Industrials,2024-06-27,0.010212479171663564,0.7187131636542974
Industrials,2024-06-28,-9.592831735450936e-4,0.7170644310362535
Industrials,2024-07-01,0.02104486102925272,0.7531998133656841
Industrials,2024-07-02,-0.0034468735415293223,0.7471567553159799
Industrials,2024-07-03,0.0032324326866692158,0.7528043219205982
Industrials,2024-07-04,-0.010189945556360757,0.7349433413092736
Industrials,2024-07-05,-0.005825400019557223,0.7248366023348798
Industrials,2024-07-08,0.008406539148549438,0.7393365087572592
Industrials,2024-07-09,-0.0023146408320892024,0.7353105694533462
Industrials,2024-07-10,0.030813304983955812,0.7887812232717941
Industrials,2024-07-11,0.019235264313052506,0.8231889028996524
Industrials,2024-07-12,0.03732824275643342,0.8912453408579262
Industrials,2024-07-15,-0.013930594487279261,0.864899168938478
Industrials,2024-07-16,0.008007028487347034,0.8798314697101983
Industrials,2024-07-17,-0.006359822570392142,0.8678760751006018
Industrials,2024-07-18,0.008201347430873725,0.8831951757503187
Industrials,2024-07-19,0.016310293408513227,0.9139106416123033
Industrials,2024-07-22,0.009724930875549565,0.9325232903039617
Industrials,2024-07-23,0.008072968959387566,0.9481244908398789
Industrials,2024-07-24,-0.00875068077233926,0.9310770753157631
Industrials,2024-07-25,-0.006253947339967345,0.9190002209773203
Industrials,2024-07-26,0.016393590919356892,0.9504595255741779
Industrials,2024-07-29,0.005581531995844724,0.9613460778227703
Industrials,2024-07-30,0.0016381858817135872,0.9645591272766139
Industrials,2024-07-31,0.007663086517820777,0.9796137138383092
Industrials,2024-08-01,-0.006222579982402796,0.9672954091696888
Industrials,2024-08-02,-0.05163970813614862,0.8657048484225811
Industrials,2024-08-05,-0.029583895879542615,0.8105100304448898
Industrials,2024-08-06,0.018583439822028962,0.8441555346428422
Industrials,2024-08-07,0.010531034987104967,0.8635764010998295
Industrials,2024-08-08,-0.008606620984544084,0.8475373053398225
Industrials,2024-08-09,0.015298918340441416,0.8758026277051358
Industrials,2024-08-12,0.00811865122173357,0.891031615000285
Industrials,2024-08-13,0.00639982079227678,0.9031338784488168
Industrials,2024-08-14,0.006532228772897273,0.9155655843282957
Industrials,2024-08-15,0.0036735023007083596,0.9226024189094835
Industrials,2024-08-16,-5.639470695533326e-4,0.9215181729094233
Industrials,2024-08-19,0.0030815296481232573,0.9274393881286513
Industrials,2024-08-20,-0.005022309976732238,0.9177591900601061
Industrials,2024-08-21,-0.00237418320052257,0.9132060784084177
Industrials,2024-08-22,0.0058325644068876505,0.924364976084384
Industrials,2024-08-23,0.005993732571237209,0.9358991051204888
Industrials,2024-08-26,-0.0033538477987672113,0.929406394168145
Industrials,2024-08-27,2.97617059404879e-4,0.9299806184255743
Industrials,2024-08-28,-0.006081421278848128,0.9182435932249167
Industrials,2024-08-29,0.009877119036967336,0.9371903135370989
Industrials,2024-08-30,0.0157652632071584,0.9677306287123688
Industrials,2024-09-02,-0.013811216932447972,0.9405538741346
Industrials,2024-09-03,-0.016729848145908055,0.9080887025013746
Industrials,2024-09-04,0.004241434373200988,0.9161817355112802
Industrials,2024-09-05,-0.02120982570753581,0.8755398548771225
Industrials,2024-09-06,2.0403116129920378e-4,0.875922523451776
Industrials,2024-09-09,0.004917840638995792,0.8851480114732146
Industrials,2024-09-10,-0.0025302217194776776,0.8803781690301549
Industrials,2024-09-11,0.0021805740057043877,0.8844784727864361
Industrials,2024-09-12,0.028138763941672553,0.9375053676853373
Industrials,2024-09-13,0.012685436806337463,0.9620834695890492
Industrials,2024-09-16,-0.004087488885876884,0.9540634752139412
Industrials,2024-09-17,-0.0112867594845606,0.9320084307516368
Industrials,2024-09-18,0.0027607940055180903,0.9373423080458663
Industrials,2024-09-19,0.016130715131967833,0.9685930249300634
Industrials,2024-09-20,-0.01286167364152726,0.943273623910426
Industrials,2024-09-23,-0.007064993227368482,0.9295444089185749
Industrials,2024-09-24,-0.0037428036990167575,0.9223225029674573
Industrials,2024-09-25,0.017125900534189265,0.9552440069479118
Industrials,2024-09-26,0.0012034068282485656,0.9575969609367647
Industrials,2024-09-27,-0.005065601995501531,0.9476805538650557
Industrials,2024-09-30,0.005900213436199745,0.9591722848383955
Industrials,2024-10-01,0.0028960036358300053,0.964846054898505
Industrials,2024-10-02,-0.0024241429388889815,0.960082987208519
Industrials,2024-10-03,-0.0017514157660700048,0.9566500669619165
Industrials,2024-10-04,-0.009142233798475168,0.9387619145879487
Industrials,2024-10-07,0.0062172254406681424,0.9508156344867231
Industrials,2024-10-08,6.617164929064251e-4,0.9521065213666826
Industrials,2024-10-09,-0.0017508804957467716,0.9486886161328016
Industrials,2024-10-10,-0.007177770226863091,0.9347013770024966
Industrials,2024-10-11,-0.0011302664174020515,0.9325146490083691
Industrials,2024-10-14,0.0141207652229664,0.9598032346569596
Industrials,2024-10-15,0.0029277944895878673,0.9655411357680646
Industrials,2024-10-16,-0.006417414755167734,0.9529274430814976
Industrials,2024-10-17,-2.435202414511323e-4,0.9524518657190217
Industrials,2024-10-18,-0.0017768213805073076,0.9489827074996009
Industrials,2024-10-21,-0.005709812782207228,0.9378543811240188
Industrials,2024-10-22,0.007244393692139006,0.9518929611789173
Industrials,2024-10-23,0.006068605856728507,0.9637382302348347
Industrials,2024-10-24,0.013238474480966118,0.9897351286830964
Industrials,2024-10-25,-0.008755331713900529,0.9723143376086754
Industrials,2024-10-28,0.00608448130854697,0.9843148473304344
Industrials,2024-10-29,0.003918097015780947,0.9920895854121299
Industrials,2024-10-30,-0.01914083752375301,0.9539593223249958
Industrials,2024-10-31,-0.011093383615101527,0.9322833019941408
Industrials,2024-11-01,0.0025797851516690005,0.937268177765443
Industrials,2024-11-04,-0.01295325797298795,0.912174243295987
Industrials,2024-11-05,0.015000560398374727,0.9408579285247649
Industrials,2024-11-06,-0.036453500715540404,0.8701068626385251
Industrials,2024-11-07,0.02131697551415064,0.9099718848382357
Industrials,2024-11-08,-0.00671346837811643,0.8971493489862827
Industrials,2024-11-11,0.006199079994721145,0.9089099295625818
Industrials,2024-11-12,-6.441229266248952e-4,0.9076803569120886
Industrials,2024-11-13,0.004469348512168193,0.9162064452769463
Industrials,2024-11-14,0.010725564291084733,0.9367588407007554
Industrials,2024-11-15,-6.509526117380146e-4,0.9354981024750946
Industrials,2024-11-18,-0.0031778527306954452,0.9293473745448881
Industrials,2024-11-19,-6.093087963112212e-4,0.9281718062184379
Industrials,2024-11-20,-0.005185114888295615,0.9181740138788228
Industrials,2024-11-21,-1.5055250343693302e-4,0.9178852279790055
Industrials,2024-11-22,0.007242320375385038,0.9317751672432479
Industrials,2024-11-25,0.024919329396585244,0.979913708955926
Industrials,2024-11-26,-0.0029605773325403805,0.9740520213088051
Industrials,2024-11-27,-0.0037944018323410513,0.9665616747020145
Industrials,2024-11-28,-0.0038529003949215644,0.9589847084489174
Industrials,2024-11-29,-0.001400416957379045,0.9562413130439593
Industrials,2024-12-02,0.003285021653997133,0.9626676081177523
Industrials,2024-12-03,-0.004591474601645139,0.953656069643608
Industrials,2024-12-04,0.016329013021234625,0.9855573450438326
Industrials,2024-12-05,0.005373938986595831,0.9962276090704854
Industrials,2024-12-06,-0.00686067440735094,0.9825321414016881
Industrials,2024-12-09,-0.016991434466111274,0.9488460764441022
Industrials,2024-12-10,-0.001811374683707553,0.9453159859987885
Industrials,2024-12-11,-5.81260584178208e-4,0.9441852504923558
Industrials,2024-12-12,-5.917545675714607e-4,0.943034769990172
Industrials,2024-12-13,-0.004793308154923634,0.9337212055818778
Industrials,2024-12-16,-0.012407044523402553,0.9097294404883758
Industrials,2024-12-17,-0.007042276912101649,0.8962805969412637
Industrials,2024-12-18,0.008350897900248658,0.9121162425965428
Industrials,2024-12-19,-0.01233923600934333,0.8885221890018453
Industrials,2024-12-20,0.009436083089814334,0.9063424412942249
Industrials,2024-12-23,0.00306205368200029,0.9121797641857432
Industrials,2024-12-24,0,0.9121797641857432
Industrials,2024-12-25,0,0.9121797641857432
Industrials,2024-12-26,0,0.9121797641857432
Industrials,2024-12-27,0.006068001905873928,0.9237828746391958
Industrials,2024-12-30,-0.011310447329281336,0.9020240297626156
Industrials,2024-12-31,0,0.9020240297626156
Industrials,2025-01-01,0,0.9020240297626156
Industrials,2025-01-02,0.008576173648957583,0.9183361181263501
Industrials,2025-01-03,-0.011298648928197359,0.8966615118013594
Industrials,2025-01-06,-0.005904197050372283,0.8854632484978273
Industrials,2025-01-07,0.011289930371640087,0.906749997291654
Industrials,2025-01-08,0.014534467546416185,0.9344635932464185
Industrials,2025-01-09,-0.01937948917805239,0.8969746769757632
Industrials,2025-01-10,-0.009418802755079697,0.8791074466619475
Industrials,2025-01-13,-0.028573943349152277,0.8254139369340587
Industrials,2025-01-14,0.001070124251525946,0.8273673566570452
Industrials,2025-01-15,0.011182222716410228,0.8478013854238822
Industrials,2025-01-16,-0.0022019199260482226,0.8437326747339378
Industrials,2025-01-17,0.005725322649839615,0.8542886391768414
Industrials,2025-01-20,0.011984439994457719,0.876511250105461
Industrials,2025-01-21,0.006326735495724839,0.8883834404396302
Industrials,2025-01-22,0.021481454547789824,0.928948663484233
Industrials,2025-01-23,0.01613124757189294,0.9600650119283689
Industrials,2025-01-24,-0.004489148622379136,0.9512659887802972
Industrials,2025-01-27,-0.002276043350750325,0.9468248228009883
Industrials,2025-01-28,0.0046461918125127915,0.9558701443530828
Industrials,2025-01-29,0.004682166886447221,0.9650278547771636
Industrials,2025-01-30,-0.002111577095125731,0.9608785469677319
Industrials,2025-01-31,-0.001934531143688545,0.957085166349632
Industrials,2025-02-03,-0.012173215587915799,0.9332611466957459
Industrials,2025-02-04,7.201959794215341e-4,0.9346534736007681
Industrials,2025-02-05,-0.00833885211736945,0.9185206843860563
Industrials,2025-02-06,-0.0030134385255723524,0.9127393402436199
Industrials,2025-02-07,-0.029789384358299285,0.855760012859863
Industrials,2025-02-10,-0.032363769244389835,0.7957006240307005
Industrials,2025-02-11,-0.0014090087786913406,0.7931704660875396
Industrials,2025-02-12,0.003176686401315464,0.7988668063224005
Industrials,2025-02-13,0.0015237394755218648,0.8016078106863997
Industrials,2025-02-14,0.022171594288863533,0.8415523281325865
Industrials,2025-02-17,0.02831965071268659,0.8937044468344362
Industrials,2025-02-18,0.004653689406869317,0.9025171591584109
Industrials,2025-02-19,0.002659324808252912,0.9075765702378877
Industrials,2025-02-20,-0.0023481887252832325,0.9030972204430407
Industrials,2025-02-21,0.01745507426864627,0.9363159237663286
Industrials,2025-02-24,-0.010856094508076503,0.915295095100428
Industrials,2025-02-25,0.004409359094609161,0.9237403189468696
Industrials,2025-02-26,0.00812573671031814,0.9393721262776553
Industrials,2025-02-27,-0.014411778002580594,0.911422325729349
Industrials,2025-02-28,0.006362784962283595,0.9235842949600728
Industrials,2025-03-03,0.07248821880253566,1.06302149421826
Industrials,2025-03-04,-0.024944526331871865,1.0115604002325154
Industrials,2025-03-05,0.029862684863399547,1.0716309945483529
Industrials,2025-03-06,-6.661382950691369e-4,1.0702510018096318
Industrials,2025-03-07,-0.014268961071857836,1.0407106708558356
Industrials,2025-03-10,-0.017798544482492497,1.0043889912047108
Industrials,2025-03-11,0.002271045695143528,1.0089410501945797
Industrials,2025-03-12,0.011381878099931183,1.0318065723378416
Industrials,2025-03-13,0.016794704523012568,1.0659301633681708
Industrials,2025-03-14,0.018298891482257003,1.1037343952375664
Industrials,2025-03-17,0.02281098481767499,1.1517226485877514
Industrials,2025-03-18,-0.014440043869793551,1.1206516791465155
Industrials,2025-03-19,0.008292035171214969,1.1382361974558948
Industrials,2025-03-20,-0.014307491821138467,1.1076434005491325
Industrials,2025-03-21,-0.011573607468996003,1.0832503631465569
Industrials,2025-03-24,-0.005129199600164538,1.0725649562168629
Industrials,2025-03-25,1.3672435643492724e-4,1.072848326326671
Industrials,2025-03-26,0.00512526671017101,1.0834722268488273
Industrials,2025-03-27,-0.015622825198332543,1.0509225044431871
Industrials,2025-03-28,-0.019270492712131212,1.0114002172681689
Industrials,2025-03-31,-0.005554364760653478,1.0002281667818038
Industrials,2025-04-01,0.013020049215600946,1.026271235955734
Industrials,2025-04-02,-0.018465563759862448,0.9888549952534182
Industrials,2025-04-03,0.011181319735766155,1.0110930188634226
Industrials,2025-04-04,-0.06702178658585786,0.8763059717488495
Industrials,2025-04-07,0.016948942119227386,0.9081073730619817
Industrials,2025-04-08,0.012628674905610397,0.9322042407613795
Industrials,2025-04-09,-0.013663118954788828,0.9058043043749096
Industrials,2025-04-10,0.030447578078670934,0.9638314297350317
Industrials,2025-04-11,0.004396795795934155,0.9724659955092139
Industrials,2025-04-14,0.028689268734156934,1.029054602523364
Industrials,2025-04-15,0.01833275062436263,1.06625275455464
Industrials,2025-04-16,-0.00880013193180583,1.0480694577101022
Industrials,2025-04-17,0,1.0480694577101022
Industrials,2025-04-18,0,1.0480694577101022
Industrials,2025-04-21,0,1.0480694577101022
Industrials,2025-04-22,-0.026171178441472282,0.9944690664718414
Industrials,2025-04-23,0.006172757160945949,1.0067804396841908
Industrials,2025-04-24,0.008916398136673056,1.024673693057303
Industrials,2025-04-25,0.012168651520502623,1.0493112416708463
Industrials,2025-04-28,0.0062182993082863245,1.0620544723473917
Industrials,2025-04-29,0.012391855715366924,1.0876071538459477
Industrials,2025-04-30,0.024458649337292374,1.138667205175889
Industrials,2025-05-01,0,1.138667205175889
Industrials,2025-05-02,0.023485692619595926,1.1888952857722601
Industrials,2025-05-05,0.011954396385128017,1.21506220766392
Industrials,2025-05-06,-0.009948580705456333,1.1930254825233688
Industrials,2025-05-07,-0.024084288939245024,1.1402080231511489
Industrials,2025-05-08,0.018902404858173533,1.1806631016854636
Industrials,2025-05-09,-0.03959048413345483,1.0943295937577746
Industrials,2025-05-12,0.0013792098110162257,1.097218113680987
Industrials,2025-05-13,0.008589357059715428,1.1152318688914962
Industrials,2025-05-14,0.006858180271681657,1.12973851036476
Industrials,2025-05-15,0.010195304688004045,1.1514518433837049
Industrials,2025-05-16,0.0120571270345007,1.1773921715679925
Industrials,2025-05-19,0.006935645815455596,1.1924937924713341
Industrials,2025-05-20,-0.0020100603855213346,1.1880867475535863
Industrials,2025-05-21,0.007327693795530148,1.2041203772377167
Industrials,2025-05-22,-0.0159169541660972,1.169037494216663
Industrials,2025-05-23,0.005661583808725726,1.181317681774439
Industrials,2025-05-26,0.009795955151381213,1.2026857719560167
Industrials,2025-05-27,0.014230024317600806,1.2340300440549838
Industrials,2025-05-28,0.005857201602364328,1.247115208408753
Industrials,2025-05-29,0,1.247115208408753
Industrials,2025-05-30,-0.0026283493727608546,1.24120900456021
Industrials,2025-06-02,-8.562101061809405e-4,1.2392900587604418
Industrials,2025-06-03,0.010653594986246722,1.2631465481032045
Industrials,2025-06-04,0.0036884327152442494,1.2714940118706202
Industrials,2025-06-05,0.022673995456803157,1.3229978567759302
Industrials,2025-06-06,-0.010149128133399455,1.299421453873899
Industrials,2025-06-09,0,1.299421453873899
Industrials,2025-06-10,0.008051077465872454,1.3179342741257267
Industrials,2025-06-11,0.015184691876498624,1.3531313918683017
Industrials,2025-06-12,0.0014028903081229871,1.3564325770916934
Industrials,2025-06-13,-0.006433678839529092,1.3412720466836814
Industrials,2025-06-16,0.004172512276691038,1.3510410330415428
Industrials,2025-06-17,0.004158842566354414,1.3608186425650017
Industrials,2025-06-18,-7.230164376524218e-4,1.3591117318801111
Industrials,2025-06-19,-2.758944320099856e-4,1.3584608660887958
Industrials,2025-06-20,0.008884962928197987,1.3794157034516004
Industrials,2025-06-23,-0.012024300069964527,1.3508048950421125
Industrials,2025-06-24,-3.8395622241679e-4,1.3499022888749734
Industrials,2025-06-25,-0.009519016952109034,1.3275335291513728
Industrials,2025-06-26,1.5168682782615426e-5,1.3275688347691421
Industrials,2025-06-27,0.005921019311760084,1.341350414789261
Industrials,2025-06-30,0.016630881587667033,1.380289136292856
Industrials,2025-07-01,-0.023055334619772178,1.3254107737638159
Industrials,2025-07-02,-0.01386961880018323,1.2931582127778727
Industrials,2025-07-03,0.009925568683976373,1.3159191121220237
Industrials,2025-07-04,0.011407090929621139,1.3423370120196472
Industrials,2025-07-07,0.007436060402299966,1.3597547715235683
Industrials,2025-07-08,-0.003281988328580646,1.3520100839051152
Industrials,2025-07-09,-0.05425460042113731,1.2244027166163578
Industrials,2025-07-10,0.009414495055177814,1.2453443449926667
Industrials,2025-07-11,0.011043910461254386,1.2701417268934492
Industrials,2025-07-14,-0.009517501777124975,1.2485356489734154
Industrials,2025-07-15,0.004534414544276021,1.2587314417234436
Industrials,2025-07-16,-0.013942165313127624,1.2272398345649762
Industrials,2025-07-17,-0.016332168494517345,1.1908641783091602
Industrials,2025-07-18,0.007841922952863975,1.2080447663956502
Industrials,2025-07-21,-0.01464279833066854,1.1757128121762306
Industrials,2025-07-22,8.265529883747036e-4,1.1775111541029797
Industrials,2025-07-23,0.00526766899303005,1.188981562091425
Industrials,2025-07-24,-4.6570556707826874e-4,1.1879621411917274
Industrials,2025-07-25,-0.0037896101690768,1.179670617611912
Industrials,2025-07-28,0.003556133086549392,1.1874218164129817
Industrials,2025-07-29,0.0036453234274961663,1.195395676406168
Industrials,2025-07-30,-0.00575831497140336,1.1827538966145643
Industrials,2025-07-31,0.0013056399133160859,1.1856037872229304
Industrials,2025-08-01,-0.016256126157707693,1.1500743363270707
Industrials,2025-08-04,0.011865473278944761,1.1755859859125044
Industrials,2025-08-05,0.008605264386562455,1.1943074785169814
Industrials,2025-08-06,-0.010060395459862202,1.1722318775225675
Industrials,2025-08-07,-0.0026387268562851575,1.16649995092927
Industrials,2025-08-08,9.771367150788817e-4,1.1686169175745396
Industrials,2025-08-11,-0.016301499109687777,1.1332652108234442
Industrials,2025-08-12,0.017119723129398447,1.1697861205943196
Industrials,2025-08-13,-0.0032744132615780924,1.1626813441462573
Industrials,2025-08-14,9.763079793943743e-4,1.1647927871994348
Industrials,2025-08-15,-0.0037006201013438426,1.15678171149588
Industrials,2025-08-18,0.012685392568850908,1.1841413341915232
Industrials,2025-08-19,-0.024429706882759594,1.1307834016067049
Industrials,2025-08-20,8.079501729118603e-4,1.1325049684244708
Industrials,2025-08-21,0.010732909978166746,1.1553929522785644
Industrials,2025-08-22,0.008249542279315137,1.1731739575669242
Industrials,2025-08-25,-4.044833069431279e-4,1.1722949449780051
Industrials,2025-08-26,0.0022470019343889874,1.1771760959214337
Industrials,2025-08-27,-0.011360862129946246,1.1524414984630558
Industrials,2025-08-28,0.005160476343653563,1.1635491218969727
Industrials,2025-08-29,0.002102051002816025,1.168097012498298
Industrials,2025-09-01,0.005325232250671795,1.1796426326318388
Industrials,2025-09-02,-0.01991625420746203,1.1362323158789214
Industrials,2025-09-03,0.0029663478066066147,1.142569123923531
Industrials,2025-09-04,-0.0013547646548194433,1.1396664470039322
Industrials,2025-09-05,0.007804523090746138,1.1563655231960692
Industrials,2025-09-08,0.005437721783715777,1.1680912389752063
Industrials,2025-09-09,-0.006924697276080007,1.1530778634783818
Industrials,2025-09-10,0.014980896410115888,1.1853328999140649
Industrials,2025-09-11,0.005759489149633048,1.1979193010394562
Industrials,2025-09-12,-0.005400423622562806,1.186049605725636
Industrials,2025-09-15,0.012563537805126914,1.2135141225910528
Industrials,2025-09-16,-0.00466593188904503,1.203186016459604
Industrials,2025-09-17,-0.013047906300197552,1.1744390517549332
Industrials,2025-09-18,0.004053014574097691,1.1832520849221835
Industrials,2025-09-19,-0.0028079354252682613,1.1771216540506395
Industrials,2025-09-22,0.012900196669007482,1.205206951560248
Industrials,2025-09-23,-0.0014204944167951017,1.2020744673976784
Industrials,2025-09-24,0.008016875819872161,1.2197282249489168
Industrials,2025-09-25,-0.007245354852695751,1.2036455062826175
Industrials,2025-09-26,-0.003532072022765462,1.195862071641784
Industrials,2025-09-29,0.0010388884973561634,1.1981433274897935
Industrials,2025-09-30,-0.007053002456124067,1.1826398172020953
Industrials,2025-10-01,0.010384957317283118,1.2053064385427414
Industrials,2025-10-02,0.010194537136806629,1.2277885169285043
Industrials,2025-10-03,0.003555121547890511,1.2357085758891801
Industrials,2025-10-06,-0.001600900185510876,1.232129429615291
Industrials,2025-10-07,-0.028207854266300084,1.169165847961183
Industrials,2025-10-08,0.007387771197180789,1.185191148934659
Industrials,2025-10-09,-0.019659124276543465,1.14223220456975
Industrials,2025-10-10,-0.0019745164259117277,1.1380023318937096
Industrials,2025-10-13,-0.009845558648172782,1.1169525045451199
Industrials,2025-10-14,-0.00914808555515183,1.0975864419173482
Industrials,2025-10-15,-0.007455084516642315,1.0819487577118916
Industrials,2025-10-16,0.0026621063122902076,1.0874911266416611
Industrials,2025-10-17,-0.03576503950057397,1.0128319240402246
Industrials,2025-10-20,0.0055088643426900764,1.023920342054398
Industrials,2025-10-21,0.00584795664149606,1.035756140460574
Industrials,2025-10-22,-0.002475177258786422,1.030717283157271
Industrials,2025-10-23,0.006050984144823213,1.0430051212402742
Industrials,2025-10-24,5.09147958124552e-4,1.0440453131261918
Industrials,2025-10-27,-0.0017478033124091604,1.0404727239571954
Industrials,2025-10-28,-0.00210686642071575,1.0361737204927035
Industrials,2025-10-29,0.008514875115804751,1.0535114854367826
Industrials,2025-10-30,-0.09338110358138976,0.8617523167096368
Industrials,2025-10-31,0.034138745925819454,0.925310206026593
Industrials,2025-11-03,-0.0032313670843532546,0.9190888219996693
Industrials,2025-11-04,-0.015248815281992347,0.8898249910432601
Industrials,2025-11-05,-0.005600457918913862,0.8792411057068106
Industrials,2025-11-06,-0.0086607985994473,0.862965376970481
Industrials,2025-11-07,-0.0026881218187653428,0.8579574990930423
Industrials,2025-11-10,0.015451269638357561,0.8866653013881374
Industrials,2025-11-11,-0.0038169138143173396,0.8794640625362757
Industrials,2025-11-12,-0.0035445707635248054,0.8728021691691141
Industrials,2025-11-13,0.0051882271845609075,0.8825186922945021
Industrials,2025-11-14,-0.010667627914262704,0.8624366833434598
Industrials,2025-11-17,0.01003991298537765,0.8811353855850035
Industrials,2025-11-18,-0.02528903457398582,0.8335632877805963
Industrials,2025-11-19,0.0021385839569258215,0.8374845168118523
Industrials,2025-11-20,0.015972939561605077,0.866834545944273
Industrials,2025-11-21,-0.03342806217022851,0.8044298846809175
Industrials,2025-11-24,-0.0021703159141267534,0.8005137017862687
Industrials,2025-11-25,0.01529166180080442,0.8280465483816986
Industrials,2025-11-26,0.01438227178466208,0.8543380106755374
Industrials,2025-11-27,0.02273642980100735,0.8964990366826013
Industrials,2025-11-28,-0.007804080299630173,0.881698605912159
Industrials,2025-12-01,2.134006267803409e-4,0.88210016157407245
Industrials,2025-12-02,0.0024847052454735107,0.88677662571804206
Industrials,2025-12-03,0.008892698188473717,0.9035551607996197
Industrials,2025-12-04,0.016335609792313095,0.934650895124586
Industrials,2025-12-05,0.006099567182909654,0.9464514282348746
Industrials,2025-12-08,0.01704221678357872,0.9796232754335596
Industrials,2025-12-09,0.004550613716794497,0.9886317762648333
Industrials,2025-12-10,-0.021759770348172055,0.9453596055062332
Industrials,2025-12-11,0.010659703052482889,0.9660965612312249
Industrials,2025-12-12,0.005440006137057019,0.9767921385903693
Industrials,2025-12-15,-0.0017840766451498373,0.9732653899035946
Industrials,2025-12-16,-0.0035791621121271434,0.9662027531828798
Industrials,2025-12-17,0.0120477887198607,0.9898911485336355
Industrials,2025-12-18,0.0011455296981889799,0.9921706279404443
Industrials,2025-12-19,0.002353877038279508,0.9968599526378883
Industrials,2025-12-22,-6.908796610384761e-4,0.9954803627106688
Industrials,2025-12-23,0.004949921836713551,1.0053578345327834
Industrials,2025-12-24,0,1.0053578345327834
Industrials,2025-12-25,0,1.0053578345327834
Industrials,2025-12-26,0,1.0053578345327834
Industrials,2025-12-29,0.004108504358118337,1.013596855935548
Industrials,2025-12-30,0.0023031026586914495,1.0182343762079862
Industrials,2025-12-31,0,1.0182343762079862
Non-Energy Materials,2020-01-01,0,0
Non-Energy Materials,2020-01-02,0.0034876196558532493,0.0034876196558533135
Non-Energy Materials,2020-01-03,-0.01818004159550348,-0.014755827010062839
Non-Energy Materials,2020-01-06,-0.007930895641660916,-0.02256969572760059
Non-Energy Materials,2020-01-07,-0.009595976266035429,-0.031949093729102374
Non-Energy Materials,2020-01-08,0.007766348450394317,-0.024430873073282622
Non-Energy Materials,2020-01-09,-0.005912877807216289,-0.030199294113292918
Non-Energy Materials,2020-01-10,0.00671048071348926,-0.023691465180512017
Non-Energy Materials,2020-01-13,-0.003761558532395498,-0.027363906879912747
Non-Energy Materials,2020-01-14,0.0021198854552159953,-0.025302029772889312
Non-Energy Materials,2020-01-15,-0.008722923436325948,-0.0338042455407227
Non-Energy Materials,2020-01-16,1.7883287271206803e-4,-0.03363145797835054
Non-Energy Materials,2020-01-17,-7.498712593164662e-4,-0.034356109973920135
Non-Energy Materials,2020-01-20,-8.012296894534534e-4,-0.035129812528048365
Non-Energy Materials,2020-01-21,0.004758552391294333,-0.030538427190165196
Non-Energy Materials,2020-01-22,-4.6609853849636606e-4,-0.03099029181238011
Non-Energy Materials,2020-01-23,-0.027519634872691292,-0.05765708516979662
Non-Energy Materials,2020-01-24,-0.005389117576969626,-0.06273548193564082
Non-Energy Materials,2020-01-27,-0.022997343508739436,-0.08429007601611993
Non-Energy Materials,2020-01-28,0.004473722604771308,-0.08019344382977978
Non-Energy Materials,2020-01-29,0.0017210461036333824,-0.07861041434018656
Non-Energy Materials,2020-01-30,-0.005020506290084708,-0.08323625655061018
Non-Energy Materials,2020-01-31,-0.004596702398461399,-0.08745034664894646
Non-Energy Materials,2020-02-03,-4.217204878386695e-5,-0.08748883073744529
Non-Energy Materials,2020-02-04,0.010239186751815663,-0.0781454584622483
Non-Energy Materials,2020-02-05,0.028840333509503286,-0.05155886603704929
Non-Energy Materials,2020-02-06,0.03284510899521494,-0.020407213616491005
Non-Energy Materials,2020-02-07,-0.017903285580305652,-0.037945143023522254
Non-Energy Materials,2020-02-10,0.0073255806221237275,-0.030897532605835387
Non-Energy Materials,2020-02-11,0.026015079067139787,-0.005686255292415843
Non-Energy Materials,2020-02-12,0.005229668996500689,-4.863235289239709e-4
Non-Energy Materials,2020-02-13,-0.006688333461591834,-0.0071714042965841385
Non-Energy Materials,2020-02-14,-0.001323276921850802,-0.008485191464631892
Non-Energy Materials,2020-02-17,6.068072149612302e-4,-0.00788353312507184
Non-Energy Materials,2020-02-18,-0.005294393384296683,-0.013136187983746273
Non-Energy Materials,2020-02-19,0.021711747043546288,0.008290349469180613
Non-Energy Materials,2020-02-20,0.005441397557624979,0.013776858114159074
Non-Energy Materials,2020-02-21,-0.0017342840051400722,0.012018681124350561
Non-Energy Materials,2020-02-24,-0.045437143032028914,-0.03396455644098184
Non-Energy Materials,2020-02-25,0.001240907923783565,-0.03276579540441371
Non-Energy Materials,2020-02-26,-0.009983442074095215,-0.04242212205807727
Non-Energy Materials,2020-02-27,-0.06362938219252154,-0.10335221083274759
Non-Energy Materials,2020-02-28,-0.007761009496600414,-0.11031110283958045
Non-Energy Materials,2020-03-02,0.0016522242011920477,-0.10884113731216005
Non-Energy Materials,2020-03-03,0.03336192539375699,-0.07911036182118314
Non-Energy Materials,2020-03-04,0.001498916528187705,-0.07773002512187999
Non-Energy Materials,2020-03-05,-0.021417377625131594,-0.09748262944616537
Non-Energy Materials,2020-03-06,-0.037791630858466284,-0.1315902327574895
Non-Energy Materials,2020-03-09,-0.03915749026932139,-0.1655949797680717
Non-Energy Materials,2020-03-10,-0.0038009860298028253,-0.16876654159317062
Non-Energy Materials,2020-03-11,-0.04030806139923126,-0.20227195087172845
Non-Energy Materials,2020-03-12,-0.07736558545457115,-0.26398864842607006
Non-Energy Materials,2020-03-13,0.036408854650252155,-0.23719131810567928
Non-Energy Materials,2020-03-16,-0.029179726472463537,-0.25944986679417603
Non-Energy Materials,2020-03-17,0.03301374251527098,-0.2350015353768693
Non-Energy Materials,2020-03-18,-0.056696062354203054,-0.27837393602801197
Non-Energy Materials,2020-03-19,0.10022890964789294,-0.2060461424625989
Non-Energy Materials,2020-03-20,0.0034953279607071873,-0.2032710133448371
Non-Energy Materials,2020-03-23,-0.043983193526309,-0.23831369855291118
Non-Energy Materials,2020-03-24,0.053929366850049294,-0.19723643857751383
Non-Energy Materials,2020-03-25,0.002369982978315893,-0.1953339026013302
Non-Energy Materials,2020-03-26,5.817439964227794e-4,-0.19486579293004358
Non-Energy Materials,2020-03-27,-0.044329168942279853,-0.23055672321645626
Non-Energy Materials,2020-03-30,0.03470446470366181,-0.2038536061758518
Non-Energy Materials,2020-03-31,0.021297327869484184,-0.18689781539447148
Non-Energy Materials,2020-04-01,0.008038193547329344,-0.18036194266085603
Non-Energy Materials,2020-04-02,0.00393445087795883,-0.17713711698654955
Non-Energy Materials,2020-04-03,-0.024840156561106597,-0.1975771598289272
Non-Energy Materials,2020-04-06,0.03950589924366169,-0.16587672395431596
Non-Energy Materials,2020-04-07,0.025482924613299547,-0.14462082339264537
Non-Energy Materials,2020-04-08,-0.024314283019659738,-0.16541875478180013
Non-Energy Materials,2020-04-09,0,-0.16541875478180013
Non-Energy Materials,2020-04-10,0,-0.16541875478180013
Non-Energy Materials,2020-04-13,0,-0.16541875478180013
Non-Energy Materials,2020-04-14,0.029375940534864392,-0.1409021457507572
Non-Energy Materials,2020-04-15,-0.0344962948535825,-0.17053783863901917
Non-Energy Materials,2020-04-16,0.0014682632100152173,-0.16931996986339326
Non-Energy Materials,2020-04-17,0.029349871573545884,-0.1449396176601746
Non-Energy Materials,2020-04-20,-0.005634638146275756,-0.14975757350787577
Non-Energy Materials,2020-04-21,-0.018413222561583224,-0.16541327653817572
Non-Energy Materials,2020-04-22,0.005283939746057229,-0.1610033705785442
Non-Energy Materials,2020-04-23,0.004210999498242848,-0.15747035619302296
Non-Energy Materials,2020-04-24,-6.994426840046294e-4,-0.15805965738844086
Non-Energy Materials,2020-04-27,0.004322280627190958,-0.15442055495632034
Non-Energy Materials,2020-04-28,0.015211892715694769,-0.14155769115571915
Non-Energy Materials,2020-04-29,0.03913814707577049,-0.10795984981610762
Non-Energy Materials,2020-04-30,0.011030854156340475,-0.0981198850178292
Non-Energy Materials,2020-05-01,0,-0.0981198850178292
Non-Energy Materials,2020-05-04,-0.045058591162335404,-0.13875733239625077
Non-Energy Materials,2020-05-05,0.010224336043802231,-0.12995169794740946
Non-Energy Materials,2020-05-06,-0.003154665536502318,-0.13269640934098714
Non-Energy Materials,2020-05-07,0.004100788895842049,-0.12913978040708884
Non-Energy Materials,2020-05-08,0.015247487809720165,-0.11586134982487561
Non-Energy Materials,2020-05-11,-0.018931520430284017,-0.1325994387438697
Non-Energy Materials,2020-05-12,0.0029578379355877766,-0.13003380845843626
Non-Energy Materials,2020-05-13,-0.034381418827495853,-0.1599444804555883
Non-Energy Materials,2020-05-14,-0.033717624867427395,-0.1882691573313986
Non-Energy Materials,2020-05-15,0.02311364237451334,-0.1695071009295942
Non-Energy Materials,2020-05-18,0.035523890773580175,-0.14000476189478317
Non-Energy Materials,2020-05-19,0.0074247013848714695,-0.1336195540594406
Non-Energy Materials,2020-05-20,0.0014839144441933898,-0.13233391960154262
Non-Energy Materials,2020-05-21,0,-0.13233391960154262
Non-Energy Materials,2020-05-22,-0.007561191440307063,-0.1388945089416963
Non-Energy Materials,2020-05-25,0.01946749621215699,-0.12213094105625111
Non-Energy Materials,2020-05-26,0.016286684109072202,-0.10783336500410567
Non-Energy Materials,2020-05-27,0.023703883242852844,-0.08668555125499411
Non-Energy Materials,2020-05-28,0.003501683840640866,-0.0834874128084
Non-Energy Materials,2020-05-29,-0.027276832934382114,-0.10848697353148351
Non-Energy Materials,2020-06-01,0,-0.10848697353148351
Non-Energy Materials,2020-06-02,0.029811974437483867,-0.08190920997572027
Non-Energy Materials,2020-06-03,0.021347876645502813,-0.06230992104090971
Non-Energy Materials,2020-06-04,0.007193108786918427,-0.05556501429454286
Non-Energy Materials,2020-06-05,0.019616710434026154,-0.03703830665619534
Non-Energy Materials,2020-06-08,0.010709827443038434,-0.026725153086227138
Non-Energy Materials,2020-06-09,-0.020723161715317597,-0.046894485132272234
Non-Energy Materials,2020-06-10,0.010603943589971668,-0.03678780801732395
Non-Energy Materials,2020-06-11,-0.033582377261884684,-0.06913476323173318
Non-Energy Materials,2020-06-12,0.016100715887384914,-0.054147166525084
Non-Energy Materials,2020-06-15,-0.022460532979655386,-0.07539152528524784
Non-Energy Materials,2020-06-16,0.04709691213119402,-0.03184532119584982
Non-Energy Materials,2020-06-17,-0.011100128123090395,-0.04259196217354533
Non-Energy Materials,2020-06-18,0.004648141518837472,-0.03814179412245544
Non-Energy Materials,2020-06-19,0.013151988791491834,-0.025491445779749378
Non-Energy Materials,2020-06-22,-0.008371860982125947,-0.03364989592157386
Non-Energy Materials,2020-06-23,0.009340040818032903,-0.024624146504971134
Non-Energy Materials,2020-06-24,-0.01599096317451538,-0.04022134585952164
Non-Energy Materials,2020-06-25,-0.023761926167618148,-0.06302753537646366
Non-Energy Materials,2020-06-26,-0.022617471211442332,-0.08421948312100058
Non-Energy Materials,2020-06-29,0.011902438298166769,-0.07331946202418516
Non-Energy Materials,2020-06-30,-0.0035793856130103764,-0.0766364090096725
Non-Energy Materials,2020-07-01,8.732506344449563e-4,-0.07583008116801693
Non-Energy Materials,2020-07-02,0.013456958268405607,-0.06339356513737904
Non-Energy Materials,2020-07-03,-0.013881973912906803,-0.07639551123280264
Non-Energy Materials,2020-07-06,0.012487886548203877,-0.06486164316166598
Non-Energy Materials,2020-07-07,-0.0034927526916683086,-0.06812785017459533
Non-Energy Materials,2020-07-08,-0.005027319828283579,-0.07281266951083776
Non-Energy Materials,2020-07-09,-0.0023248030405670778,-0.07496819743593419
Non-Energy Materials,2020-07-10,0.009519095070720155,-0.0661627317638872
Non-Energy Materials,2020-07-13,0.028097607051171477,-0.03992413915124948
Non-Energy Materials,2020-07-14,-5.925384413043466e-5,-0.039981027336661645
Non-Energy Materials,2020-07-15,0.011724034474568795,-0.028725731804916554
Non-Energy Materials,2020-07-16,0.006391314497497688,-0.022518012493554895
Non-Energy Materials,2020-07-17,0.03590534678939716,0.012578817248253271
Non-Energy Materials,2020-07-20,0.014116468380114093,0.026872854104311505
Non-Energy Materials,2020-07-21,-0.010334425800343836,0.016260712787183218
Non-Energy Materials,2020-07-22,-0.013138246897617147,0.0029088286302370037
Non-Energy Materials,2020-07-23,2.7973870107068666e-4,0.0031893810432501724
Non-Energy Materials,2020-07-24,-0.009543043964622118,-0.006384099324887593
Non-Energy Materials,2020-07-27,-0.0014540432558036449,-0.007828859824123513
Non-Energy Materials,2020-07-28,0.00478023090157909,-0.00308605268019968
Non-Energy Materials,2020-07-29,-0.006620750521861624,-0.009686371217168421
Non-Energy Materials,2020-07-30,-0.028449420339553822,-0.037860219910400006
Non-Energy Materials,2020-07-31,0.019237061962019616,-0.019351477344692336
Non-Energy Materials,2020-08-03,0.01490451710402313,-0.0047353846657413046
Non-Energy Materials,2020-08-04,0.011826703205146167,0.007035314550400962
Non-Energy Materials,2020-08-05,0.018620341328439864,0.025786655837122252
Non-Energy Materials,2020-08-06,0.0015948225570120661,0.027422603534533296
Non-Energy Materials,2020-08-07,-0.007657339402975173,0.019555279948981097
Non-Energy Materials,2020-08-10,0.01150558513359146,0.031285860020836775
Non-Energy Materials,2020-08-11,0.010220778491876427,0.04182640435791396
Non-Energy Materials,2020-08-12,0.0028757435343827343,0.04482242990419527
Non-Energy Materials,2020-08-13,-0.0032197472774082936,0.04145836573013617
Non-Energy Materials,2020-08-14,-0.012390515331861533,0.02855415988206156
Non-Energy Materials,2020-08-17,-0.0012570065824040707,0.027261260532730702
Non-Energy Materials,2020-08-18,7.66032664806643e-4,0.02804817621358935
Non-Energy Materials,2020-08-19,-0.008286871469384853,0.01952887311297169
Non-Energy Materials,2020-08-20,-0.011062533657090695,0.008250300639783825
Non-Energy Materials,2020-08-21,-0.007676481916900515,5.104854392130598e-4
Non-Energy Materials,2020-08-24,0.017665760130006144,0.018185263682538144
Non-Energy Materials,2020-08-25,-0.007888246171876358,0.010153567674033415
Non-Energy Materials,2020-08-26,0.002632281545110375,0.012812576267949183
Non-Energy Materials,2020-08-27,-0.003736654129746621,0.0090280459721781
Non-Energy Materials,2020-08-28,-0.008794112215127148,1.5454010768833903e-4
Non-Energy Materials,2020-08-31,0.0022411601902923113,0.002396046647117789
Non-Energy Materials,2020-09-01,-0.007326829331071174,-0.004948338108806127
Non-Energy Materials,2020-09-02,0.0019424505201274386,-0.0030154994906118615
Non-Energy Materials,2020-09-03,-0.002337140766266298,-0.005345592610088046
Non-Energy Materials,2020-09-04,-0.0038059667402970247,-0.009131214202703797
Non-Energy Materials,2020-09-07,0.0026343726457185687,-0.0065208965779031125
Non-Energy Materials,2020-09-08,-0.018151694122062922,-0.02455422537988239
Non-Energy Materials,2020-09-09,0.02575073412666513,5.642194173391957e-4
Non-Energy Materials,2020-09-10,-5.725056933286364e-4,-8.609294818162638e-6
Non-Energy Materials,2020-09-11,0.010846094309789354,0.010837391637747773
Non-Energy Materials,2020-09-14,1.7166784592469048e-4,0.011010919915350303
Non-Energy Materials,2020-09-15,-0.0037346891111119376,0.007235108441527194
Non-Energy Materials,2020-09-16,-0.012384513472394757,-0.005239008328835948
Non-Energy Materials,2020-09-17,-0.005147740924892262,-0.010359780196147916
Non-Energy Materials,2020-09-18,0.0017919814756275725,-0.008586363254723506
Non-Energy Materials,2020-09-21,-0.030810227830456383,-0.039132043277066764
Non-Energy Materials,2020-09-22,0.006543945162654662,-0.03284417605972001
Non-Energy Materials,2020-09-23,-0.0046954771238564945,-0.03738543410623618
Non-Energy Materials,2020-09-24,-0.006724423567821194,-0.043858462179860225
Non-Energy Materials,2020-09-25,-0.004105423411678247,-0.04778382803410508
Non-Energy Materials,2020-09-28,0.021804908703822304,-0.027020841338085577
Non-Energy Materials,2020-09-29,-2.9530382598394266e-4,-0.02730816580624107
Non-Energy Materials,2020-09-30,0.0024976645717367384,-0.0248787078727577
Non-Energy Materials,2020-10-01,-0.009313945393639703,-0.03396093433980629
Non-Energy Materials,2020-10-02,-0.002965815539679784,-0.03682602801267898
Non-Energy Materials,2020-10-05,0.019867183356012057,-0.01769047410746849
Non-Energy Materials,2020-10-06,-7.726690946766923e-4,-0.018449474319532144
Non-Energy Materials,2020-10-07,-0.007712557495350763,-0.026019739183434476
Non-Energy Materials,2020-10-08,0.007476459113972339,-0.018737815585623263
Non-Energy Materials,2020-10-09,-0.01312213681297911,-0.03161407221891144
Non-Energy Materials,2020-10-12,9.502278637294369e-4,-0.030693884927490367
Non-Energy Materials,2020-10-13,0.006534730006456298,-0.024359731171884502
Non-Energy Materials,2020-10-14,-0.003610282868648909,-0.02788206852039876
Non-Energy Materials,2020-10-15,-0.011357528317863002,-0.038922925455480706
Non-Energy Materials,2020-10-16,0.013728424946129364,-0.025728850970150652
Non-Energy Materials,2020-10-19,-0.004229663725899783,-0.029849690308393018
Non-Energy Materials,2020-10-20,-0.006460173392747209,-0.03611702952602813
Non-Energy Materials,2020-10-21,-0.006678577553681065,-0.042554396697011
Non-Energy Materials,2020-10-22,-0.0033438789570417416,-0.04575597890240801
Non-Energy Materials,2020-10-23,0.04034908996027398,-0.007253101051087563
Non-Energy Materials,2020-10-26,-0.022992320408197767,-0.030078655835965695
Non-Energy Materials,2020-10-27,-0.014269655704755904,-0.04391909947788053
Non-Energy Materials,2020-10-28,-0.018713138351109923,-0.06181037364420461
Non-Energy Materials,2020-10-29,0.014761178148427128,-0.04796158943256046
Non-Energy Materials,2020-10-30,-0.0047844593104691725,-0.05251657846992419
Non-Energy Materials,2020-11-02,0.024324725031566852,-0.029469304769236926
Non-Energy Materials,2020-11-03,0.014258553787398322,-0.015630940648968084
Non-Energy Materials,2020-11-04,0.003665033032372605,-0.012023195530400987
Non-Energy Materials,2020-11-05,0.010505849582171137,-0.0016436598319693463
Non-Energy Materials,2020-11-06,0.015847659865456366,0.014177951871535477
Non-Energy Materials,2020-11-09,0.03601656810130625,0.05070516114196
Non-Energy Materials,2020-11-10,3.9902593479002903e-4,0.0511244197510734
Non-Energy Materials,2020-11-11,0.010924112510698001,0.06260702117517636
Non-Energy Materials,2020-11-12,0.0043225224384661025,0.06720016386747774
Non-Energy Materials,2020-11-13,0.020812642282527983,0.08941141912190664
Non-Energy Materials,2020-11-16,0.03255278867877617,0.12487479883282782
Non-Energy Materials,2020-11-17,0.0015515353327668442,0.12662008182815598
Non-Energy Materials,2020-11-18,0.017857699433929015,0.14673892462567184
Non-Energy Materials,2020-11-19,-0.0050648411491392275,0.14093087413290806
Non-Energy Materials,2020-11-20,0.014252461218977653,0.1571919471700216
Non-Energy Materials,2020-11-23,0.013261680950003516,0.1725382575713037
Non-Energy Materials,2020-11-24,0.025956718554101286,0.20297350311699813
Non-Energy Materials,2020-11-25,-0.015484896209212718,0.18434558327879835
Non-Energy Materials,2020-11-26,-0.012110704814455153,0.1700023235214052
Non-Energy Materials,2020-11-27,0.004732995368683125,0.17553993909998056
Non-Energy Materials,2020-11-30,-0.01200194154186432,0.16143117747077596
Non-Energy Materials,2020-12-01,0.01481779879190533,0.1786410309691835
Non-Energy Materials,2020-12-02,4.739788942604183e-4,0.1791996819417725
Non-Energy Materials,2020-12-03,0.005951665110651944,0.1862178835472772
Non-Energy Materials,2020-12-04,-9.250568440403268e-4,0.18512056457557868
Non-Energy Materials,2020-12-07,0.010253451930856155,0.19727214131672355
Non-Energy Materials,2020-12-08,-0.013785695305429902,0.18076691237885134
Non-Energy Materials,2020-12-09,0.008881078023453256,0.19125339545519981
Non-Energy Materials,2020-12-10,0.012758802387600894,0.2064523621213714
Non-Energy Materials,2020-12-11,-0.007772252786500312,0.1970755093880936
Non-Energy Materials,2020-12-14,-0.011848326240460142,0.18289216821839838
Non-Energy Materials,2020-12-15,0.012065063815290716,0.19716383771456125
Non-Energy Materials,2020-12-16,-0.0027164939204631904,0.19391174942761125
Non-Energy Materials,2020-12-17,0.008515546841354069,0.20407856085430498
Non-Energy Materials,2020-12-18,0.001590417916222368,0.20599354897002686
Non-Energy Materials,2020-12-21,-0.023211379159770493,0.1780007754406463
Non-Energy Materials,2020-12-22,0.011949218729615246,0.19207696437004307
Non-Energy Materials,2020-12-23,0.006739106408147369,0.2001104978796342
Non-Energy Materials,2020-12-24,0,0.2001104978796342
Non-Energy Materials,2020-12-25,0,0.2001104978796342
Non-Energy Materials,2020-12-28,0.016045827067815065,0.21936726339088009
Non-Energy Materials,2020-12-29,-0.011072729625471003,0.20586553936920238
Non-Energy Materials,2020-12-30,0.0033642283320789255,0.20992234638142593
Non-Energy Materials,2020-12-31,0,0.20992234638142593
Non-Energy Materials,2021-01-01,0,0.20992234638142593
Non-Energy Materials,2021-01-04,-1.1770090629328994e-4,0.20977993742471246
Non-Energy Materials,2021-01-05,-0.003935482308280684,0.20501886988406448
Non-Energy Materials,2021-01-06,0.03577228150903489,0.2481251441212564
Non-Energy Materials,2021-01-07,0.02945133487666955,0.28488409570876305
Non-Energy Materials,2021-01-08,-0.004689814178242157,0.2788582280593104
Non-Energy Materials,2021-01-11,-0.00978625088631858,0.2663430005914891
Non-Energy Materials,2021-01-12,-0.0012265322542494952,0.26478979005632053
Non-Energy Materials,2021-01-13,-1.5176939753259346e-4,0.2645978336718784
Non-Energy Materials,2021-01-14,0.01900213944061226,0.28862789804360767
Non-Energy Materials,2021-01-15,-0.022490833409109567,0.2596455826623778
Non-Energy Materials,2021-01-18,0.006453472445357895,0.26777467072100625
Non-Energy Materials,2021-01-19,0.012960794897214297,0.2842060382041047
Non-Energy Materials,2021-01-20,0.007997123127911142,0.29447599201323005
Non-Energy Materials,2021-01-21,-0.006630932623248474,0.2858924089277777
Non-Energy Materials,2021-01-22,-0.014167804149719191,0.2676741371204783
Non-Energy Materials,2021-01-25,-0.019079529084151937,0.24348751155206094
Non-Energy Materials,2021-01-26,-6.001399022462334e-4,0.24274124507843364
Non-Energy Materials,2021-01-27,-0.011959991300544912,0.2278780705984671
Non-Energy Materials,2021-01-28,0.01534126090421189,0.24671526843807845
Non-Energy Materials,2021-01-29,0.01532642425189343,0.2658229555634737
Non-Energy Materials,2021-02-01,-0.00286580116380632,0.26219535866424715
Non-Energy Materials,2021-02-02,0.0029313023833252684,0.2658952349273216
Non-Energy Materials,2021-02-03,0.01995721630255334,0.2911589799471379
Non-Energy Materials,2021-02-04,0.012078270931460066,0.30675394792252697
Non-Energy Materials,2021-02-05,0.005557818948619614,0.31401664977547417
Non-Energy Materials,2021-02-08,0.024002682254870886,0.34555657389764494
Non-Energy Materials,2021-02-09,-0.011354361948247347,0.33027863753576736
Non-Energy Materials,2021-02-10,0.00974678690337729,0.3432445799379438
Non-Energy Materials,2021-02-11,0.01328450916894277,0.3610889248762621
Non-Energy Materials,2021-02-12,-0.01298879353975784,0.3434100218417935
Non-Energy Materials,2021-02-15,0.004397789148944294,0.34931805585843256
Non-Energy Materials,2021-02-16,0.004157111034107222,0.35492732083696166
Non-Energy Materials,2021-02-17,0.009471108582005524,0.3677599846133346
Non-Energy Materials,2021-02-18,-0.0072418771705118935,0.35785483480602354
Non-Energy Materials,2021-02-19,0.025987779295215507,0.3931424665679035
Non-Energy Materials,2021-02-22,0.014423359441400215,0.4132362611162914
Non-Energy Materials,2021-02-23,0.0012716419600071105,0.4150333916453306
Non-Energy Materials,2021-02-24,0.01754317553443165,0.4398575708220469
Non-Energy Materials,2021-02-25,0.004922324219098261,0.44694501661495645
Non-Energy Materials,2021-02-26,-0.010284263648349197,0.43206425257942316
Non-Energy Materials,2021-03-01,0.017628060771300042,0.4573087682522994
Non-Energy Materials,2021-03-02,0.007947750487981249,0.46889109472631607
Non-Energy Materials,2021-03-03,0.001336248846875488,0.4708538987578299
Non-Energy Materials,2021-03-04,-0.021144309284938816,0.43975370900953625
Non-Energy Materials,2021-03-05,0.011657356829192911,0.4565374317416142
Non-Energy Materials,2021-03-08,0.007427040127996708,0.4673551936950886
Non-Energy Materials,2021-03-09,0.004139136811467365,0.4734287775928099
Non-Energy Materials,2021-03-10,0.01818915832139625,0.5002292069037468
Non-Energy Materials,2021-03-11,0.020505299473180555,0.53099185606972
Non-Energy Materials,2021-03-12,-0.00528764107180361,0.522896520650969
Non-Energy Materials,2021-03-15,-0.0036356447203201832,0.5173598099560703
Non-Energy Materials,2021-03-16,8.316704615465876e-4,0.5186217532895487
Non-Energy Materials,2021-03-17,0.006205199799293527,0.5280451046882639
Non-Energy Materials,2021-03-18,0.024712768659868684,0.5658073298622699
Non-Energy Materials,2021-03-19,-0.009092829165947074,0.5515697113050444
Non-Energy Materials,2021-03-22,-0.0012506431704830184,0.5496292512420724
Non-Energy Materials,2021-03-23,-0.027113436060460936,0.5076134776211005
Non-Energy Materials,2021-03-24,0.002651978444681327,0.5116116360666625
Non-Energy Materials,2021-03-25,0.0041896219335125435,0.5179447173320801
Non-Energy Materials,2021-03-26,0.03403191118555926,0.5696032771369142
Non-Energy Materials,2021-03-29,0.00732170122163836,0.5810954433686153
Non-Energy Materials,2021-03-30,2.4329184154526148e-4,0.5814801109906913
Non-Energy Materials,2021-03-31,0.009319521490882705,0.5962187488724728
Non-Energy Materials,2021-04-01,0,0.5962187488724728
Non-Energy Materials,2021-04-02,0,0.5962187488724728
Non-Energy Materials,2021-04-05,0,0.5962187488724728
Non-Energy Materials,2021-04-06,-0.015280782278502549,0.5718272777020887
Non-Energy Materials,2021-04-07,-0.010505395300875922,0.5553146108051286
Non-Energy Materials,2021-04-08,-0.003215248045133318,0.5503138885431702
Non-Energy Materials,2021-04-09,-0.0030837659388284577,0.545533083379188
Non-Energy Materials,2021-04-12,-0.0068535838323678325,0.5349406428265511
Non-Energy Materials,2021-04-13,0.012835761474654789,0.554642774795626
Non-Energy Materials,2021-04-14,0.006502046514769774,0.564751134431198
Non-Energy Materials,2021-04-15,0.016434627335200108,0.5904672361979062
Non-Energy Materials,2021-04-16,0.011868850436162554,0.6093442539479561
Non-Energy Materials,2021-04-19,-0.010633949952937042,0.5922305676944266
Non-Energy Materials,2021-04-20,-0.012903550541277993,0.5716851400908138
Non-Energy Materials,2021-04-21,-0.005678933248756471,0.5627596450921757
Non-Energy Materials,2021-04-22,0.006933974975297945,0.5735957813636501
Non-Energy Materials,2021-04-23,-0.003077759079718261,0.5687526326597518
Non-Energy Materials,2021-04-26,0.009784512434449333,0.5841021123005863
Non-Energy Materials,2021-04-27,-0.01383253348847698,0.5621899667830212
Non-Energy Materials,2021-04-28,0.007937288826437659,0.5745895197511413
Non-Energy Materials,2021-04-29,-0.006659201049579835,0.5641040115685569
Non-Energy Materials,2021-04-30,-0.00970333715254799,0.5489269830026544
Non-Energy Materials,2021-05-03,0.009196509942419717,0.5631717054019203
Non-Energy Materials,2021-05-04,-0.011513954963531277,0.5451734167856563
Non-Energy Materials,2021-05-05,0.0194639664393746,0.5752486203129861
Non-Energy Materials,2021-05-06,-0.0030672463954630963,0.5704169446603728
Non-Energy Materials,2021-05-07,0.017838906292720728,0.5984314653766698
Non-Energy Materials,2021-05-10,0.020402914010594228,0.6310441251165781
Non-Energy Materials,2021-05-11,-0.014902948031510876,0.6067367592828647
Non-Energy Materials,2021-05-12,0.002715519443992972,0.6110998841940756
Non-Energy Materials,2021-05-13,0,0.6110998841940756
Non-Energy Materials,2021-05-14,-0.0054197907724001975,0.6023680599083054
Non-Energy Materials,2021-05-17,0,0.6023680599083054
Non-Energy Materials,2021-05-18,0.006135443877832184,0.612199299211504
Non-Energy Materials,2021-05-19,-0.036041592363290645,0.55409306926094
Non-Energy Materials,2021-05-20,0.001308218403744156,0.5561261624152782
Non-Energy Materials,2021-05-21,0.017820853193813983,0.5838576583067341
Non-Energy Materials,2021-05-24,0,0.5838576583067341
Non-Energy Materials,2021-05-25,-0.01775098251691723,0.5557426287048459
Non-Energy Materials,2021-05-26,-0.0010888872927038245,0.5540486003257314
Non-Energy Materials,2021-05-27,0.03396606672274394,0.606833518774782
Non-Energy Materials,2021-05-28,0.012812382327640759,0.6274208841541928
Non-Energy Materials,2021-05-31,0.002583134358770577,0.6316247309562322
Non-Energy Materials,2021-06-01,0.01637727944942796,0.6583463051317
Non-Energy Materials,2021-06-02,-0.0014872911208607955,0.6558798613967656
Non-Energy Materials,2021-06-03,-0.016305536037319428,0.628879852643289
Non-Energy Materials,2021-06-04,0.016205566533452096,0.6552767734702996
Non-Energy Materials,2021-06-07,0.00201096307977184,0.6586054739485521
Non-Energy Materials,2021-06-08,-0.006629690049962326,0.6476094337411025
Non-Energy Materials,2021-06-09,-0.0028231555949624863,0.6429579759499233
Non-Energy Materials,2021-06-10,-0.0037406680050920166,0.6368122156155767
Non-Energy Materials,2021-06-11,0.0143263356267317,0.6602617367744199
Non-Energy Materials,2021-06-14,0.003112876487914703,0.6654299264986094
Non-Energy Materials,2021-06-15,-0.023081308961442854,0.6269896238114618
Non-Energy Materials,2021-06-16,-3.121910554242463e-4,0.62648169220364
Non-Energy Materials,2021-06-17,-0.012953397231130245,0.6054132287553653
Non-Energy Materials,2021-06-18,-0.012129905263676048,0.5859397183815105
Non-Energy Materials,2021-06-21,0.015832487692144823,0.6110490894532692
Non-Energy Materials,2021-06-22,0.008320403319703226,0.6244536676453611
Non-Energy Materials,2021-06-23,0.01881567804495576,0.6550188648547239
Non-Energy Materials,2021-06-24,0.0036793084825160684,0.6611081898029079
Non-Energy Materials,2021-06-25,0.009974811739733597,0.6776774312755214
Non-Energy Materials,2021-06-28,-0.013676039455839461,0.654733448531226
Non-Energy Materials,2021-06-29,0.0037763324029034943,0.6609822720710825
Non-Energy Materials,2021-06-30,-0.0027870400040294185,0.6563530480328368
Non-Energy Materials,2021-07-01,0.0017101276808727283,0.6591856232295754
Non-Energy Materials,2021-07-02,0.007756548949427596,0.6720551777323422
Non-Energy Materials,2021-07-05,0.012599990943017288,0.6931230578279948
Non-Energy Materials,2021-07-06,-0.010555379598814715,0.6752515012451143
Non-Energy Materials,2021-07-07,0.005865339297837679,0.6850774197091287
Non-Energy Materials,2021-07-08,-0.02222317531154582,0.6476296487974056
Non-Energy Materials,2021-07-09,0.033838587687119705,0.7033831091441347
Non-Energy Materials,2021-07-12,-0.0014572503300322587,0.7009008535461629
Non-Energy Materials,2021-07-13,0.009474793725043047,0.7170165382802625
Non-Energy Materials,2021-07-14,0.013475127101494568,0.7401535543689572
Non-Energy Materials,2021-07-15,0.014344616452593873,0.7651153896749976
Non-Energy Materials,2021-07-16,-0.03758097718273652,0.6987806284907243
Non-Energy Materials,2021-07-19,-0.02231826360274979,0.6608667946208235
Non-Energy Materials,2021-07-20,0.029483019847581168,0.7098341632908176
Non-Energy Materials,2021-07-21,0.002196265295836419,0.7135894127252889
Non-Energy Materials,2021-07-22,0.001195073078058968,0.7156372772992836
Non-Energy Materials,2021-07-23,0.0023252470987755115,0.7196265579008752
Non-Energy Materials,2021-07-26,0.012196189185064396,0.7405994487286953
Non-Energy Materials,2021-07-27,0.0025486115295340842,0.7450355605520258
Non-Energy Materials,2021-07-28,1.2621271814133608e-5,0.7450575851201608
Non-Energy Materials,2021-07-29,0.011437431323308826,0.7650165614051918
Non-Energy Materials,2021-07-30,-0.006986512581051765,0.7526852509931696
Non-Energy Materials,2021-08-02,1.7488737524021068e-4,0.7529917735163383
Non-Energy Materials,2021-08-03,-0.002923765323619589,0.7478664369563408
Non-Energy Materials,2021-08-04,0.007401448164737495,0.7608031797883577
Non-Energy Materials,2021-08-05,-0.021000962033944855,0.723824619060373
Non-Energy Materials,2021-08-06,-0.009709627640583144,0.7070869238916266
Non-Energy Materials,2021-08-09,0.002615252454607977,0.7115513871595633
Non-Energy Materials,2021-08-10,0.015365041271030005,0.7378494448607587
Non-Energy Materials,2021-08-11,0.0071718218827746035,0.7503129915383786
Non-Energy Materials,2021-08-12,0.007455435560461028,0.7633623372574307
Non-Energy Materials,2021-08-13,0.005134781073489479,0.7724168168124843
Non-Energy Materials,2021-08-16,-0.006516038860400123,0.7608676799573075
Non-Energy Materials,2021-08-17,-0.005132527911124098,0.7518299774421304
Non-Energy Materials,2021-08-18,-0.003830445314858751,0.7451196885126081
Non-Energy Materials,2021-08-19,-0.024795560518180004,0.7018484676646262
Non-Energy Materials,2021-08-20,-0.009648437902199169,0.6854282884054113
Non-Energy Materials,2021-08-23,0.02753671740960545,0.7318394508973862
Non-Energy Materials,2021-08-24,0.002807689586117035,0.7367019184884975
Non-Energy Materials,2021-08-25,-0.002935518946815732,0.7316037971018032
Non-Energy Materials,2021-08-26,-0.004712798775255466,0.7234430968475942
Non-Energy Materials,2021-08-27,0.014251962420024017,0.7480055430969157
Non-Energy Materials,2021-08-30,5.582633908999061e-4,0.7489813905987168
Non-Energy Materials,2021-08-31,-0.01208139738440536,0.7278512514009636
Non-Energy Materials,2021-09-01,0.0016141829093879853,0.7306403193609399
Non-Energy Materials,2021-09-02,0.015899712119613777,0.7581570022213755
Non-Energy Materials,2021-09-03,0.002012101602586062,0.7616945927431429
Non-Energy Materials,2021-09-06,0.01786172490843066,0.7931614969313909
Non-Energy Materials,2021-09-07,-0.014713758775826952,0.7667773512194416
Non-Energy Materials,2021-09-08,-0.007843811422705464,0.7529190828505692
Non-Energy Materials,2021-09-09,0.0032105744758220613,0.7585469601161505
Non-Energy Materials,2021-09-10,0.009666147430479893,0.7755453342960557
Non-Energy Materials,2021-09-13,-0.007971727904288337,0.7613911700093188
Non-Energy Materials,2021-09-14,0.004686123046887912,0.7696452657656845
Non-Energy Materials,2021-09-15,0.00982274078419811,0.7870280324912842
Non-Energy Materials,2021-09-16,0.0026712615103577707,0.7918016516924085
Non-Energy Materials,2021-09-17,-0.023750728639831156,0.7492450568866607
Non-Energy Materials,2021-09-20,-0.027140356322702088,0.7017699227470315
Non-Energy Materials,2021-09-21,0.011633533152470683,0.7215675195611866
Non-Energy Materials,2021-09-22,0.015019511641968956,0.7474246229636712
Non-Energy Materials,2021-09-23,0.020156557801848957,0.7826466883808127
Non-Energy Materials,2021-09-24,0.003365257715202106,0.7886457539023657
Non-Energy Materials,2021-09-27,0.0012683963733335136,0.790914465689794
Non-Energy Materials,2021-09-28,-0.009226359234981484,0.7743908454702149
Non-Energy Materials,2021-09-29,0.010562377126513128,0.7931326307499038
Non-Energy Materials,2021-09-30,0.007037899865115062,0.8057525186499919
Non-Energy Materials,2021-10-01,-0.007827256918558834,0.7916184297551838
Non-Energy Materials,2021-10-04,0.011012452817816204,0.8113485431803926
Non-Energy Materials,2021-10-05,-0.0014472697750332797,0.8087270331817971
Non-Energy Materials,2021-10-06,-0.03670531642554222,0.742337135101427
Non-Energy Materials,2021-10-07,0.021115815545478988,0.779128004664267
Non-Energy Materials,2021-10-08,-0.007185225377345438,0.7663445689756072
Non-Energy Materials,2021-10-11,0.03334685597813804,0.8252466069250031
Non-Energy Materials,2021-10-12,-0.004313551166642903,0.8173733122942908
Non-Energy Materials,2021-10-13,7.199265844581942e-4,0.8186816876556964
Non-Energy Materials,2021-10-14,0.022067911706857346,0.8588161945617607
Non-Energy Materials,2021-10-15,-0.00585643105678101,0.8479301656710816
Non-Energy Materials,2021-10-18,0.012514774625127187,0.8710565952174294
Non-Energy Materials,2021-10-19,-0.005266067816099843,0.8612034842992535
Non-Energy Materials,2021-10-20,-0.013835377902415378,0.8354530307406811
Non-Energy Materials,2021-10-21,-0.025640617719652346,0.7883908812370821
Non-Energy Materials,2021-10-22,0.008338538680996243,0.8033034477770182
Non-Energy Materials,2021-10-25,-3.6614496468604914e-4,0.8026431772998139
Non-Energy Materials,2021-10-26,-0.010246450884030181,0.7841724825221792
Non-Energy Materials,2021-10-27,-0.007678651657155392,0.7704724435326091
Non-Energy Materials,2021-10-28,0.01049509403640232,0.7890537183163429
Non-Energy Materials,2021-10-29,-0.007565896178665297,0.7755179236255063
Non-Energy Materials,2021-11-01,0.014089700339339307,0.8005344391165155
Non-Energy Materials,2021-11-02,0.0012891617617230967,0.8028556192660898
Non-Energy Materials,2021-11-03,0.017853736751113458,0.8350433288927324
Non-Energy Materials,2021-11-04,-0.008645686203117033,0.8191781201020027
Non-Energy Materials,2021-11-05,-0.0050490917279360226,0.8099929229041534
Non-Energy Materials,2021-11-08,0.010753977474230476,0.8294575460255813
Non-Energy Materials,2021-11-09,-0.012804752585596354,0.8060317947828715
Non-Energy Materials,2021-11-10,0.012382108440310445,0.8283942763125214
Non-Energy Materials,2021-11-11,0.016774638575018496,0.8590649294702966
Non-Energy Materials,2021-11-12,0.003242711774224076,0.8650933412061366
Non-Energy Materials,2021-11-15,-0.02739519285079001,0.8139987494390701
Non-Energy Materials,2021-11-16,-0.008794004159096586,0.7980464368919069
Non-Energy Materials,2021-11-17,0.0035863651013455728,0.8044948878837748
Non-Energy Materials,2021-11-18,-0.005844760144277249,0.7939480480825196
Non-Energy Materials,2021-11-19,0.015607269806594295,0.8219466792879566
Non-Energy Materials,2021-11-22,-0.00208301380026927,0.818151539211645
Non-Energy Materials,2021-11-23,0.007312687139946771,0.8314471125909122
Non-Energy Materials,2021-11-24,-0.0075465344770969285,0.8176260338127652
Non-Energy Materials,2021-11-25,0.00830143041688579,0.8327149298563821
Non-Energy Materials,2021-11-26,-0.03105308952760962,0.775803469060965
Non-Energy Materials,2021-11-29,0.010787132533747017,0.7949592964356131
Non-Energy Materials,2021-11-30,-0.013123871011291373,0.7714024821586738
Non-Energy Materials,2021-12-01,0.01701490050083624,0.8015427191395379
Non-Energy Materials,2021-12-02,-0.01794225864722312,0.7692189737087147
Non-Energy Materials,2021-12-03,0.0036414225844394995,0.7756614476363966
Non-Energy Materials,2021-12-06,-0.004980318808765363,0.7668180875307333
Non-Energy Materials,2021-12-07,0.03358435429665719,0.8261555321601077
Non-Energy Materials,2021-12-08,-0.0015565390948652886,0.823313049680996
Non-Energy Materials,2021-12-09,-3.7188616205548506e-4,0.8226349847887244
Non-Energy Materials,2021-12-10,0.004756105330565595,0.8313036287555533
Non-Energy Materials,2021-12-13,-0.0013535647264474456,0.8288248407602548
Non-Energy Materials,2021-12-14,-0.011571719774326718,0.8076621921866494
Non-Energy Materials,2021-12-15,-0.0012330601758239355,0.8054332359261214
Non-Energy Materials,2021-12-16,0.02237289851034263,0.84582601048069606
Non-Energy Materials,2021-12-17,-0.004755249485584107,0.8370486472938798
Non-Energy Materials,2021-12-20,-0.005487451920549469,0.8269679311661444
Non-Energy Materials,2021-12-21,0.014334345737832828,0.853156321143413
Non-Energy Materials,2021-12-22,-0.0069167334373302775,0.8403385328523605
Non-Energy Materials,2021-12-23,0.02749750134360581,0.8909432441321579
Non-Energy Materials,2021-12-24,0,0.8909432441321579
Non-Energy Materials,2021-12-27,0.003217360216601556,0.89702708969768
Non-Energy Materials,2021-12-28,-0.0015374368732735478,0.89411053030038
Non-Energy Materials,2021-12-29,-0.005607359363454371,0.8834895718828826
Non-Energy Materials,2021-12-30,0.001567881684393054,0.8864426606853832
Non-Energy Materials,2021-12-31,0,0.8864426606853832
Non-Energy Materials,2022-01-03,0.015703983054544565,0.9160673242621564
Non-Energy Materials,2022-01-04,0.007306505311237167,0.9300670803435658
Non-Energy Materials,2022-01-05,0.008434264317554766,0.9463457762497947
Non-Energy Materials,2022-01-06,-0.031683893010682175,0.884677964913303
Non-Energy Materials,2022-01-07,0.015075145150144027,0.913089758795649
Non-Energy Materials,2022-01-10,-0.01753845913213392,0.8795371122449076
Non-Energy Materials,2022-01-11,0.01001501763741629,0.898360709574219
Non-Energy Materials,2022-01-12,0.03786197226233974,0.9702363901040334
Non-Energy Materials,2022-01-13,-9.49854745718083e-4,0.9683649517187067
Non-Energy Materials,2022-01-14,-0.0027251937772498408,0.963000775800926
Non-Energy Materials,2022-01-17,0.012156143459009902,0.9868632948417098
Non-Energy Materials,2022-01-18,0.003790303821641886,0.9943941103812282
Non-Energy Materials,2022-01-19,-0.018170318961394444,0.9581553332608748
Non-Energy Materials,2022-01-20,-0.0025378692068970267,0.9531857911382708
Non-Energy Materials,2022-01-21,-0.026219350701108604,0.9019745278959941
Non-Energy Materials,2022-01-24,-0.04142469557735224,0.8231858120820243
Non-Energy Materials,2022-01-25,0.016193395427150797,0.8527093808742394
Non-Energy Materials,2022-01-26,0.027675770395288776,0.9039845403085125
Non-Energy Materials,2022-01-27,0.012337284824488315,0.927474539883721
Non-Energy Materials,2022-01-28,-0.01776127072804529,0.8932401427594316
Non-Energy Materials,2022-01-31,-0.016127999402664142,0.8627059668679076
Non-Energy Materials,2022-02-01,0.02695862381100883,0.912921956299221
Non-Energy Materials,2022-02-02,0.0021057119571086134,0.9169500189356159
Non-Energy Materials,2022-02-03,-0.00319680326559305,0.910821906855104
Non-Energy Materials,2022-02-04,0.008529310291210512,0.9271198998099137
Non-Energy Materials,2022-02-07,0.009387880219298036,0.9452114705975547
Non-Energy Materials,2022-02-08,-0.0053671990850838345,0.9347711333722688
Non-Energy Materials,2022-02-09,0.020751622920428,0.9749207743693393
Non-Energy Materials,2022-02-10,-0.015469813911682426,0.9443691174995299
Non-Energy Materials,2022-02-11,0.020772567878144986,0.9847586569729576
Non-Energy Materials,2022-02-14,-0.010853749348292542,0.9632165839933196
Non-Energy Materials,2022-02-15,-0.0092192396260373,0.9451172198676747
Non-Energy Materials,2022-02-16,0.018728426757286504,0.9815462052543031
Non-Energy Materials,2022-02-17,-0.010528034812315026,0.960684417823175
Non-Energy Materials,2022-02-18,0.0011077579853147016,0.9628563816437008
Non-Energy Materials,2022-02-21,-0.01547673248396658,0.9324777785205547
Non-Energy Materials,2022-02-22,0.004644790916914308,0.9414537337533657
Non-Energy Materials,2022-02-23,0.0027373084589246595,0.9467680914813796
Non-Energy Materials,2022-02-24,0.014053195793877354,0.9741264046362406
Non-Energy Materials,2022-02-25,0.01293463990380317,0.9996610188048001
Non-Energy Materials,2022-02-28,0.020027826201623862,1.0397098821515844
Non-Energy Materials,2022-03-01,0.019824179221487565,1.0801454564151967
Non-Energy Materials,2022-03-02,0.004695278766301027,1.0899123192075209
Non-Energy Materials,2022-03-03,0.00875607463940281,1.1082117474643094
Non-Energy Materials,2022-03-04,-0.033363542609862615,1.0378743349971709
Non-Energy Materials,2022-03-07,-0.02488471383531359,0.9871624153384364
Non-Energy Materials,2022-03-08,-0.0398792983356208,0.907915772535822
Non-Energy Materials,2022-03-09,7.118236725156526e-4,0.909273872147879
Non-Energy Materials,2022-03-10,0.03744079835628102,0.9807586102018837
Non-Energy Materials,2022-03-11,-0.0072554587523977285,0.9663872978071073
Non-Energy Materials,2022-03-14,-0.002624055836784619,0.9612273877409174
Non-Energy Materials,2022-03-15,-0.022258359673660837,0.9175736831427457
Non-Energy Materials,2022-03-16,0.032351132729883,0.9796093638854275
Non-Energy Materials,2022-03-17,0.025013066269951967,1.0291254640929113
Non-Energy Materials,2022-03-18,-0.00447731673878832,1.0200404266874261
Non-Energy Materials,2022-03-21,0.052723604932411815,1.1265442400915946
Non-Energy Materials,2022-03-22,0.0016454693744405648,1.1300434035120581
Non-Energy Materials,2022-03-23,0.005478521171792307,1.1417128913950356
Non-Energy Materials,2022-03-24,-0.004570842017122782,1.1319234601224335
Non-Energy Materials,2022-03-25,-0.009151244038081829,1.1124137082683414
Non-Energy Materials,2022-03-28,-0.007012180497316271,1.0976010820609585
Non-Energy Materials,2022-03-29,-0.01943019084654246,1.0568442927166002
Non-Energy Materials,2022-03-30,0.030759212103523517,1.1201112025801923
Non-Energy Materials,2022-03-31,-0.03019144995760703,1.05610197130293
Non-Energy Materials,2022-04-01,0.023672836019063684,1.1047757361080581
Non-Energy Materials,2022-04-04,0.0050890630774711116,1.1154870725930426
Non-Energy Materials,2022-04-05,0.010244578506628734,1.1371593459879805
Non-Energy Materials,2022-04-06,-0.004106085543170877,1.128383986893967
Non-Energy Materials,2022-04-07,-0.007426764760988026,1.1125769797022516
Non-Energy Materials,2022-04-08,0.022407198425402168,1.1599139112753765
Non-Energy Materials,2022-04-11,-0.008173964091296514,1.1422588525243196
Non-Energy Materials,2022-04-12,0.0027396596337176857,1.148127912627555
Non-Energy Materials,2022-04-13,0.02807245678882811,1.2084311406316677
Non-Energy Materials,2022-04-14,0,1.2084311406316677
Non-Energy Materials,2022-04-15,0,1.2084311406316677
Non-Energy Materials,2022-04-18,0,1.2084311406316677
Non-Energy Materials,2022-04-19,-0.0053078601188876655,1.1967090970549994
Non-Energy Materials,2022-04-20,-0.009344919207096545,1.1761810280215266
Non-Energy Materials,2022-04-21,0.012540935737574942,1.2034723744472742
Non-Energy Materials,2022-04-22,-0.04588514676453947,1.1023657211541527
Non-Energy Materials,2022-04-25,-0.05055797389328832,0.9960743699098968
Non-Energy Materials,2022-04-26,0.010694127474489537,1.0174206436702748
Non-Energy Materials,2022-04-27,0.022272716002902683,1.062354080725136
Non-Energy Materials,2022-04-28,-0.002559803073773507,1.0570748604100864
Non-Energy Materials,2022-04-29,0.010764978173112411,1.0792192263828593
Non-Energy Materials,2022-05-02,-0.018275324837723456,1.0412208196118726
Non-Energy Materials,2022-05-03,0.007958775590741016,1.0574664380463124
Non-Energy Materials,2022-05-04,-0.0059329421288849,1.0452596087372603
Non-Energy Materials,2022-05-05,0.003378778913152415,1.0521700887751844
Non-Energy Materials,2022-05-06,-0.03698396070013441,0.9762727108619316
Non-Energy Materials,2022-05-09,-0.02886356959514491,0.9192304259329824
Non-Energy Materials,2022-05-10,0.012740038603255862,0.943681495647912
Non-Energy Materials,2022-05-11,0.020562277381670716,0.983648013703045
Non-Energy Materials,2022-05-12,-0.027612553540279028,0.9288744267196014
Non-Energy Materials,2022-05-13,0.04790959324505025,1.0212860159245167
Non-Energy Materials,2022-05-16,0.012292281597754813,1.046132232821865
Non-Energy Materials,2022-05-17,0,1.046132232821865
Non-Energy Materials,2022-05-18,0.03060115833578192,1.108746249254394
Non-Energy Materials,2022-05-19,-0.004332891811587957,1.0996092798982828
Non-Energy Materials,2022-05-20,0.005286209202046669,1.110708253794384
Non-Energy Materials,2022-05-23,0.017731412034715312,1.1481340915274867
Non-Energy Materials,2022-05-24,-0.009852224005356193,1.1269701932642153
Non-Energy Materials,2022-05-25,-6.523785364571185e-4,1.1255826035624459
Non-Energy Materials,2022-05-26,0,1.1255826035624459
Non-Energy Materials,2022-05-27,0.008909971303729645,1.1445214835638944
Non-Energy Materials,2022-05-30,-0.0012863804277536165,1.1417628131005406
Non-Energy Materials,2022-05-31,0.009472016648977847,1.1620496261243907
Non-Energy Materials,2022-06-01,-0.017336197449965896,1.1245679069092729
Non-Energy Materials,2022-06-02,0.01733091672096903,1.1613886163719611
Non-Energy Materials,2022-06-03,-0.004541854961384255,1.1515719027612126
Non-Energy Materials,2022-06-06,0,1.1515719027612126
Non-Energy Materials,2022-06-07,0.00061409610651878355,1.1528931746895936
Non-Energy Materials,2022-06-08,-0.008655470027713877,1.134258872343198
Non-Energy Materials,2022-06-09,-0.017632033907410208,1.0966275475388518
Non-Energy Materials,2022-06-10,-0.041065821017838594,1.0105278159305513
Non-Energy Materials,2022-06-13,-0.036291358422354106,0.9375630303445031
Non-Energy Materials,2022-06-14,0.014143446926499915,0.9649668502309285
Non-Energy Materials,2022-06-15,-0.00500628303581181,0.9551296700226848
Non-Energy Materials,2022-06-16,-0.04531408370464524,0.8665347605018414
Non-Energy Materials,2022-06-17,-0.0032792655608737376,0.860413897343554
Non-Energy Materials,2022-06-20,0.01786698296265456,0.8936538807508769
Non-Energy Materials,2022-06-21,0.005757649986667245,0.9045568769921344
Non-Energy Materials,2022-06-22,-0.03857446602089798,0.8310896124557339
Non-Energy Materials,2022-06-23,-0.01309887317943068,0.8071044018420033
Non-Energy Materials,2022-06-24,2.8855976055270564e-4,0.8076258594554924
Non-Energy Materials,2022-06-27,0.0152197890465032,0.8351375437114088
Non-Energy Materials,2022-06-28,0.022340190894717844,0.8761348667559854
Non-Energy Materials,2022-06-29,-0.024590872295978287,0.8299990738375567
Non-Energy Materials,2022-06-30,-0.07028066635997654,0.7013855194901133
Non-Energy Materials,2022-07-01,-0.006857704625779202,0.6897179201428723
Non-Energy Materials,2022-07-04,0.013342214034168465,0.7122624982907881
Non-Energy Materials,2022-07-05,-0.03737296186901874,0.6482701772324158
Non-Energy Materials,2022-07-06,0.005428293503808562,0.6572174715280079
Non-Energy Materials,2022-07-07,0.03178500171168548,0.7098921316971607
Non-Energy Materials,2022-07-08,-0.013030544696241353,0.6876113058493294
Non-Energy Materials,2022-07-11,-0.009008901912056414,0.6724077811292555
Non-Energy Materials,2022-07-12,0.0010436996231412527,0.6741532725001587
Non-Energy Materials,2022-07-13,-0.016321149614879862,0.6468291664614427
Non-Energy Materials,2022-07-14,-0.013528968274677694,0.6245492669145722
Non-Energy Materials,2022-07-15,0.0355089112178661,0.6822352426024911
Non-Energy Materials,2022-07-18,0.01207355910080275,0.7025458092255057
Non-Energy Materials,2022-07-19,0.019741764707139623,0.7361570679943623
Non-Energy Materials,2022-07-20,0.0036923401104666303,0.7425675503745881
Non-Energy Materials,2022-07-21,-0.003184952998859426,0.7370175546293074
Non-Energy Materials,2022-07-22,0.02868153801397015,0.7868378896533414
Non-Energy Materials,2022-07-25,0.0014410584058511312,0.7894128274141197
Non-Energy Materials,2022-07-26,-0.007014846358748746,0.7768603713574354
Non-Energy Materials,2022-07-27,0.011553653465567849,0.7973896003447993
Non-Energy Materials,2022-07-28,0.015446672363178766,0.8251532886103103
Non-Energy Materials,2022-07-29,0.031038268073359302,0.8818028856571705
Non-Energy Materials,2022-08-01,-0.003652392276076383,0.8749298033324981
Non-Energy Materials,2022-08-02,-0.0027208478561549783,0.8698284045966598
Non-Energy Materials,2022-08-03,-0.00337681859382164,0.8635143332727617
Non-Energy Materials,2022-08-04,-0.0018702988437030187,0.8600290045700176
Non-Energy Materials,2022-08-05,0.014196875200894668,0.8864356042179427
Non-Energy Materials,2022-08-08,0.007015782932663051,0.8996704269335831
Non-Energy Materials,2022-08-09,-6.77377995575151e-4,0.8983836319875336
Non-Energy Materials,2022-08-10,-9.527563736501654e-4,0.896574934882524
Non-Energy Materials,2022-08-11,0.016516440981889712,0.9278996028622426
Non-Energy Materials,2022-08-12,-0.0014838769547555028,0.925038837070473
Non-Energy Materials,2022-08-15,-0.015362689643758977,0.8954650628643765
Non-Energy Materials,2022-08-16,0.016051103160765755,0.9258893681260401
Non-Energy Materials,2022-08-17,-0.007460205160019197,0.91152183832432
Non-Energy Materials,2022-08-18,0.024322915487785274,0.9580156224509384
Non-Energy Materials,2022-08-19,-0.010687278858820199,0.9370897634838791
Non-Energy Materials,2022-08-22,-0.022436198914311263,0.8936288322354786
Non-Energy Materials,2022-08-23,0.02745733321903449,0.9456228300753391
Non-Energy Materials,2022-08-24,-0.0023383466328166683,0.9410732894819012
Non-Energy Materials,2022-08-25,0.015537558335348286,0.9712328289504129
Non-Energy Materials,2022-08-26,0.001045776221813034,0.9732942973705863
Non-Energy Materials,2022-08-29,-0.003142837935446884,0.967092553195009
Non-Energy Materials,2022-08-30,-0.023774654046967828,0.9203256082644309
Non-Energy Materials,2022-08-31,0.006553916728974684,0.9329112623935139
Non-Energy Materials,2022-09-01,-0.036242205782711555,0.8628582946621273
Non-Energy Materials,2022-09-02,0.009695954098991813,0.8809204831800974
Non-Energy Materials,2022-09-05,-0.01957065007092609,0.8441096465925426
Non-Energy Materials,2022-09-06,-0.019562277251122417,0.8080346624044301
Non-Energy Materials,2022-09-07,-0.005771125192395846,0.7976002680155028
Non-Energy Materials,2022-09-08,0.010870871820287023,0.817141750113213
Non-Energy Materials,2022-09-09,0.04591067255484417,0.9005679499883972
Non-Energy Materials,2022-09-12,0.015560246871002149,0.9301412564853311
Non-Energy Materials,2022-09-13,-2.232913521203186e-4,0.9297102726343871
Non-Energy Materials,2022-09-14,-0.03263526682812856,0.8667336629859832
Non-Energy Materials,2022-09-15,0.005027177659437574,0.8761180647526663
Non-Energy Materials,2022-09-16,-0.02408944229386812,0.8309234268953234
Non-Energy Materials,2022-09-19,-0.00399028986136526,0.8236175117080469
Non-Energy Materials,2022-09-20,-0.021105326900163222,0.7851294679825864
Non-Energy Materials,2022-09-21,-3.053864033923573e-4,0.7845843137147694
Non-Energy Materials,2022-09-22,-0.006956472078505427,0.7721699027646738
Non-Energy Materials,2022-09-23,-0.04606119288767985,0.6905416430436893
Non-Energy Materials,2022-09-26,0.014015332852692623,0.7142351468722845
Non-Energy Materials,2022-09-27,0.003007968768474579,0.7193915126558976
Non-Energy Materials,2022-09-28,-0.021903470751977672,0.6817308709472405
Non-Energy Materials,2022-09-29,0.0026396166442999676,0.6861699957454259
Non-Energy Materials,2022-09-30,0.01612332319956493,0.7133566595562386
Non-Energy Materials,2022-10-03,0.02345772405582527,0.7535481072853194
Non-Energy Materials,2022-10-04,0.02093911071014051,0.7902658452393241
Non-Energy Materials,2022-10-05,-0.013295624385246223,0.7664631430112865
Non-Energy Materials,2022-10-06,0.001741616064356057,0.7695396435982478
Non-Energy Materials,2022-10-07,0.009470974204403107,0.7862989079164353
Non-Energy Materials,2022-10-10,0.014350275217936925,0.8119327888665364
Non-Energy Materials,2022-10-11,-0.032342716294979125,0.7533299607306558
Non-Energy Materials,2022-10-12,-0.016124930336416196,0.7250576372571227
Non-Energy Materials,2022-10-13,0.0374566875318403,0.7896725821502775
Non-Energy Materials,2022-10-14,-0.004361235678723894,0.7818673982317697
Non-Energy Materials,2022-10-17,0.007192616130779104,0.794683686423201
Non-Energy Materials,2022-10-18,0.014639011662341906,0.8209560818389647
Non-Energy Materials,2022-10-19,-0.005903183023009028,0.8102066448110079
Non-Energy Materials,2022-10-20,0.03146476239498652,0.8671643667758118
Non-Energy Materials,2022-10-21,0.010337153678221384,0.8864655317776722
Non-Energy Materials,2022-10-24,0.01818707717864144,0.9207748259989594
Non-Energy Materials,2022-10-25,0.007007453757244405,0.9342345667702263
Non-Energy Materials,2022-10-26,0.017437845600475153,0.9679634505006676
Non-Energy Materials,2022-10-27,0.005632093688687985,0.9790472050298009
Non-Energy Materials,2022-10-28,-0.013317696342684591,0.9526908553053755
Non-Energy Materials,2022-10-31,0.004568257198748465,0.9616112493620546
Non-Energy Materials,2022-11-01,0.008640102608431018,0.9785597718343955
Non-Energy Materials,2022-11-02,-0.01412654906211685,0.9506095501452461
Non-Energy Materials,2022-11-03,-0.004137960029451864,0.9425380057936779
Non-Energy Materials,2022-11-04,0.03365166097401804,1.0079076361937918
Non-Energy Materials,2022-11-07,-0.0030262806936399286,1.0018311440797665
Non-Energy Materials,2022-11-08,0.0029439798096054957,1.0077244945501769
Non-Energy Materials,2022-11-09,0.0030213409054080215,1.0137905146923512
Non-Energy Materials,2022-11-10,0.006806621322687046,1.0274976241490807
Non-Energy Materials,2022-11-11,0.03121845074376218,1.0907929588616736
Non-Energy Materials,2022-11-14,-0.005286305156110508,1.0797403892628838
Non-Energy Materials,2022-11-15,2.0279929796392278e-4,1.0801621591537733
Non-Energy Materials,2022-11-16,-0.023032121414110183,1.032251611743106
Non-Energy Materials,2022-11-17,-0.01079652923446438,1.0103103478051345
Non-Energy Materials,2022-11-18,0.012182141857135844,1.0348002336389648
Non-Energy Materials,2022-11-21,-0.008788958252630402,1.0169164593330695
Non-Energy Materials,2022-11-22,0.02414210019547015,1.0656090585801814
Non-Energy Materials,2022-11-23,0.006395397966022887,1.0788194505520239
Non-Energy Materials,2022-11-24,0.010676437675594131,1.1010138368546554
Non-Energy Materials,2022-11-25,-0.008265803191395358,1.083647269976816
Non-Energy Materials,2022-11-28,-0.010446581541334397,1.0618802788676245
Non-Energy Materials,2022-11-29,0.007200767151507013,1.0767273986500348
Non-Energy Materials,2022-11-30,-0.01312466175114746,1.049471053993413
Non-Energy Materials,2022-12-01,0.005586877961357817,1.0609211986574096
Non-Energy Materials,2022-12-02,-0.004070332299010931,1.052532564536798
Non-Energy Materials,2022-12-05,0.015124772054090048,1.0835766517090142
Non-Energy Materials,2022-12-06,6.630915279754081e-4,1.08495825373465
Non-Energy Materials,2022-12-07,-0.019030142363433485,1.045281201344264
Non-Energy Materials,2022-12-08,0.005132782852668737,1.0557791856234098
Non-Energy Materials,2022-12-09,0.008773182938493641,1.0738149125000311
Non-Energy Materials,2022-12-12,-0.011317283002075075,1.0503449622413448
Non-Energy Materials,2022-12-13,0.006349442957432513,1.063363510622155
Non-Energy Materials,2022-12-14,-0.029012255876618657,1.003500680485507
Non-Energy Materials,2022-12-15,-0.010715807040908796,0.9820315537870947
Non-Energy Materials,2022-12-16,-0.0047529384328930035,0.9726110798398935
Non-Energy Materials,2022-12-19,0.0064467912615427,0.9853280917118274
Non-Energy Materials,2022-12-20,0.008148612687510767,1.001505761388822
Non-Energy Materials,2022-12-21,0.012488579582126558,1.0265017253740112
Non-Energy Materials,2022-12-22,-0.007863831149927973,1.0105656579806324
Non-Energy Materials,2022-12-23,0.012218986687411965,1.0351327329896653
Non-Energy Materials,2022-12-26,0,1.0351327329896653
Non-Energy Materials,2022-12-27,-0.0035893716352594332,1.0278278852838847
Non-Energy Materials,2022-12-28,-0.0029283138285329394,1.021889768845523
Non-Energy Materials,2022-12-29,0.008400284474222785,1.038874218079346
Non-Energy Materials,2022-12-30,-0.003159856341069098,1.0324316684527055
Non-Energy Materials,2023-01-02,0.00769605121923439,1.0480733666727113
Non-Energy Materials,2023-01-03,-0.012921189463548257,1.021609822666686
Non-Energy Materials,2023-01-04,-0.02674368817105204,0.9675445199657526
Non-Energy Materials,2023-01-05,0.031337948268145906,1.0292033283477133
Non-Energy Materials,2023-01-06,0.017179610635748164,1.0640642514294916
Non-Energy Materials,2023-01-09,0.026424251953261674,1.1186056052569846
Non-Energy Materials,2023-01-10,-0.006759085096055979,1.1042857696860717
Non-Energy Materials,2023-01-11,-0.0017395823938790112,1.1006251912094358
Non-Energy Materials,2023-01-12,0.005818791134113848,1.1128482904481412
Non-Energy Materials,2023-01-13,0.002192693719542969,1.1174811196249541
Non-Energy Materials,2023-01-16,0.009649902386992922,1.1379146057356353
Non-Energy Materials,2023-01-17,0.018355526516844214,1.1771571539719643
Non-Energy Materials,2023-01-18,0.017877793147437156,1.2160799192201384
Non-Energy Materials,2023-01-19,-0.026910592378656735,1.1564438958354786
Non-Energy Materials,2023-01-20,-0.0014341511333645527,1.153351229378229
Non-Energy Materials,2023-01-23,0.010552665173230837,1.1760748239022223
Non-Energy Materials,2023-01-24,-0.009316004563479488,1.1558025009122765
Non-Energy Materials,2023-01-25,0.0026198778715536206,1.1614504401798564
Non-Energy Materials,2023-01-26,-0.001035982737298342,1.1592112148363043
Non-Energy Materials,2023-01-27,0.01051585052208307,1.181917157217128
Non-Energy Materials,2023-01-30,-0.009569050182199614,1.1610382824463148
Non-Energy Materials,2023-01-31,-0.004087612065021297,1.1522047962900146
Non-Energy Materials,2023-02-01,0.015640359107782057,1.1858660521774813
Non-Energy Materials,2023-02-02,0.004884621651193208,1.1965431808225557
Non-Energy Materials,2023-02-03,0.01056117697700201,1.2197412620928496
Non-Energy Materials,2023-02-06,-0.005740248332315587,1.206999396014949
Non-Energy Materials,2023-02-07,0.008988632531509907,1.2268373025829917
Non-Energy Materials,2023-02-08,0.016595854629843705,1.2637935707409724
Non-Energy Materials,2023-02-09,-0.011294610040015812,1.2382249051483578
Non-Energy Materials,2023-02-10,-0.012094943848377728,1.2111537006005482
Non-Energy Materials,2023-02-13,-0.0016402794877783133,1.2075267905411278
Non-Energy Materials,2023-02-14,-0.011949848128494504,1.1811471806545781
Non-Energy Materials,2023-02-15,-0.004944480537330668,1.1703625408707783
Non-Energy Materials,2023-02-16,0.014292025640996917,1.2013814179551625
Non-Energy Materials,2023-02-17,-0.0020806086148745786,1.1968012048123402
Non-Energy Materials,2023-02-20,0.025886371348712665,1.2536684165794116
Non-Energy Materials,2023-02-21,-0.00390153465438292,1.2448756511526389
Non-Energy Materials,2023-02-22,-0.011231535311467852,1.2196622510068638
Non-Energy Materials,2023-02-23,0.005013196828054444,1.2307898547629637
Non-Energy Materials,2023-02-24,-0.02328247523442848,1.1788515452162307
Non-Energy Materials,2023-02-27,0.01132564141653267,1.2035284365172076
Non-Energy Materials,2023-02-28,0.010604183818374286,1.226895057107051
Non-Energy Materials,2023-03-01,0.02179664201988273,1.2754338914826597
Non-Energy Materials,2023-03-02,0.00127375253354719,1.2783322311668548
Non-Energy Materials,2023-03-03,0.01857948175435313,1.3206624632861743
Non-Energy Materials,2023-03-06,-0.0153046289242923,1.285145585427045
Non-Energy Materials,2023-03-07,-0.008878299137937515,1.2648573793458868
Non-Energy Materials,2023-03-08,0.00436143514627497,1.2747354079214661
Non-Energy Materials,2023-03-09,-0.009582073867443917,1.2529387252138724
Non-Energy Materials,2023-03-10,-0.024729194485706492,1.1972253653136788
Non-Energy Materials,2023-03-13,-0.01950398861579756,1.154370706802259
Non-Energy Materials,2023-03-14,0.010627959341473247,1.177267271080615
Non-Energy Materials,2023-03-15,-0.03827105378699292,1.0939409582404291
Non-Energy Materials,2023-03-16,-0.00447155104349462,1.084577794363593
Non-Energy Materials,2023-03-17,-0.012211128521511894,1.0591227470035296
Non-Energy Materials,2023-03-20,0.015556792258264571,1.0911560918129308
Non-Energy Materials,2023-03-21,0.013139868724447352,1.118633608341681
Non-Energy Materials,2023-03-22,-0.002613031517585442,1.1130975519488686
Non-Energy Materials,2023-03-23,-0.004689760394845645,1.1031876307392934
Non-Energy Materials,2023-03-24,-0.026101862742484168,1.048290515880046
Non-Energy Materials,2023-03-27,0.020962278400564943,1.09122735191916
Non-Energy Materials,2023-03-28,0.0125502806262657,1.117472842039068
Non-Energy Materials,2023-03-29,0.010594251180430388,1.1399058811953697
Non-Energy Materials,2023-03-30,0.02159233515083196,1.1861114461733768
Non-Energy Materials,2023-03-31,-0.001337522682724114,1.1831874725271567
Non-Energy Materials,2023-04-03,0.003480875474092894,1.1907868762556237
Non-Energy Materials,2023-04-04,-0.009797501691161102,1.1693226381305357
Non-Energy Materials,2023-04-05,-0.012642890081133555,1.1418961304661366
Non-Energy Materials,2023-04-06,0,1.1418961304661366
Non-Energy Materials,2023-04-07,0,1.1418961304661366
Non-Energy Materials,2023-04-10,0,1.1418961304661366
Non-Energy Materials,2023-04-11,0.029322091941902755,1.2047010057336704
Non-Energy Materials,2023-04-12,0.0012783552540052217,1.2075193968478608
Non-Energy Materials,2023-04-13,0.002740981005031853,1.2135701655828601
Non-Energy Materials,2023-04-14,0.006759553464563194,1.2285329114646797
Non-Energy Materials,2023-04-17,-2.6098401948834206e-4,1.2279512999878834
Non-Energy Materials,2023-04-18,0.0094644060873302,1.249037535833764
Non-Energy Materials,2023-04-19,-0.006890231875489588,1.2335411457151895
Non-Energy Materials,2023-04-20,0.006216318664308299,1.2474255492267994
Non-Energy Materials,2023-04-21,-0.012925769046647224,1.2183758456279596
Non-Energy Materials,2023-04-24,0.0069806449767537936,1.2338615398312944
Non-Energy Materials,2023-04-25,-0.028920039209409564,1.169258176510981
Non-Energy Materials,2023-04-26,0.00715804592558912,1.1847858261629063
Non-Energy Materials,2023-04-27,0.011831425225753553,1.2106349562994394
Non-Energy Materials,2023-04-28,-0.027849410927321724,1.1490700749911542
Non-Energy Materials,2023-05-01,0,1.1490700749911542
Non-Energy Materials,2023-05-02,-0.009532535633463695,1.1285839879224908
Non-Energy Materials,2023-05-03,0.004387624352853784,1.1379234148649942
Non-Energy Materials,2023-05-04,-0.01677148862558697,1.1020672566302099
Non-Energy Materials,2023-05-05,-0.006490056095167947,1.0884247222188637
Non-Energy Materials,2023-05-08,0.011653844111452724,1.1127628983701063
Non-Energy Materials,2023-05-09,-0.01625093700415484,1.078428521603978
Non-Energy Materials,2023-05-10,0.005440279757181069,1.0897357542168082
Non-Energy Materials,2023-05-11,-0.011711320597954284,1.0652621888341671
Non-Energy Materials,2023-05-12,0.00942863880881127,1.0847348000581793
Non-Energy Materials,2023-05-15,0.004892772394153621,1.0949349329370355
Non-Energy Materials,2023-05-16,-0.0018438125624900459,1.0910722655900869
Non-Energy Materials,2023-05-17,0,1.0910722655900869
Non-Energy Materials,2023-05-18,0,1.0910722655900869
Non-Energy Materials,2023-05-19,0.005871806500542,1.103350637312282
Non-Energy Materials,2023-05-22,4.5018389209035113e-4,1.104297531888618
Non-Energy Materials,2023-05-23,-0.004181791082197674,1.0954977992354755
Non-Energy Materials,2023-05-24,-0.011943855556051416,1.0704694762033835
Non-Energy Materials,2023-05-25,0.003600684646889233,1.0779245838582017
Non-Energy Materials,2023-05-26,0.011179217365534231,1.1011541544503403
Non-Energy Materials,2023-05-29,0,1.1011541544503403
Non-Energy Materials,2023-05-30,-0.0016346659040666206,1.0977194693948724
Non-Energy Materials,2023-05-31,-0.025056741280972045,1.045157455370187
Non-Energy Materials,2023-06-01,-0.004735368478782918,1.0354728812218794
Non-Energy Materials,2023-06-02,0.0345411966239863,1.105780550234956
Non-Energy Materials,2023-06-05,-0.010733916465959566,1.0831772777130917
Non-Energy Materials,2023-06-06,-0.008810187946140805,1.0648240943713096
Non-Energy Materials,2023-06-07,0.011596850185106962,1.0887695500523327
Non-Energy Materials,2023-06-08,0.004956415255164502,1.0991223593147348
Non-Energy Materials,2023-06-09,0.0012402607320365852,1.1017258183487328
Non-Energy Materials,2023-06-12,0.0030433895248025335,1.1081221886883026
Non-Energy Materials,2023-06-13,0.020025554298273244,1.150338504045275
Non-Energy Materials,2023-06-14,-0.0026616387282140676,1.144615079804138
Non-Energy Materials,2023-06-15,-0.007860229375579415,1.1277579133545506
Non-Energy Materials,2023-06-16,0.0072165072696088245,1.1431128938042416
Non-Energy Materials,2023-06-19,-0.029858337301697804,1.079123106145417
Non-Energy Materials,2023-06-20,-0.01428242499426644,1.0494281863280488
Non-Energy Materials,2023-06-21,-0.010953419473676215,1.0269799397220218
Non-Energy Materials,2023-06-22,-0.009278269447772118,1.0081730736760521
Non-Energy Materials,2023-06-23,-0.016315122803912625,0.9754094833675166
Non-Energy Materials,2023-06-26,0.0099795252597442,0.9951231322051208
Non-Energy Materials,2023-06-27,-0.012095906115428398,0.9709903101092483
Non-Energy Materials,2023-06-28,0.008414211783519551,0.9875746400017722
Non-Energy Materials,2023-06-29,0.007835984935108798,1.0031492449382307
Non-Energy Materials,2023-06-30,-4.139830911785064e-4,1.0023199750217193
Non-Energy Materials,2023-07-03,0.011883412432746526,1.026114369107229
Non-Energy Materials,2023-07-04,0.006616134092795842,1.039519413460583
Non-Energy Materials,2023-07-05,-0.009762395741776921,1.019608817823344
Non-Energy Materials,2023-07-06,-0.014577962556408208,0.9901670360985235
Non-Energy Materials,2023-07-07,0.003460137711470304,0.9970532881122529
Non-Energy Materials,2023-07-10,0.011957064809219275,1.0209321837056757
Non-Energy Materials,2023-07-11,0.0034470832632808937,1.0278985052123533
Non-Energy Materials,2023-07-12,0.02166163387353857,1.0718261001649592
Non-Energy Materials,2023-07-13,6.642211495826601e-4,1.0732022508789463
Non-Energy Materials,2023-07-14,-0.01265489311512545,1.0469660979880357
Non-Energy Materials,2023-07-17,-0.014856117793267062,1.016556128517501
Non-Energy Materials,2023-07-18,0.0103844170996195,1.0374968884608209
Non-Energy Materials,2023-07-19,-0.017960780089798567,1.0009018549135273
Non-Energy Materials,2023-07-20,0.024805444187768096,1.0505351142007862
Non-Energy Materials,2023-07-21,-0.008848204402945458,1.0323915603749207
Non-Energy Materials,2023-07-24,0.0023946445697061816,1.0372584157884894
Non-Energy Materials,2023-07-25,0.03545989972486906,1.1094993949259946
Non-Energy Materials,2023-07-26,-0.019376033704187393,1.0686256635509457
Non-Energy Materials,2023-07-27,0.008106847370729075,1.0853956960725264
Non-Energy Materials,2023-07-28,0.00605888047734151,1.0980308593429924
Non-Energy Materials,2023-07-31,0.0095350475395478,1.1180356833262661
Non-Energy Materials,2023-08-01,-0.003663426079706676,1.110276416166219
Non-Energy Materials,2023-08-02,-0.012071223419985072,1.084802798068751
Non-Energy Materials,2023-08-03,-0.0016768113017272255,1.081306977175077
Non-Energy Materials,2023-08-04,0.0019862996942759184,1.085441076587534
Non-Energy Materials,2023-08-07,-0.008311407546453568,1.0681081258859
Non-Energy Materials,2023-08-08,-0.011640875065311748,1.0440335375709062
Non-Energy Materials,2023-08-09,0.009627180615125273,1.063711817620475
Non-Energy Materials,2023-08-10,2.8319846927977153e-4,1.0642962576482597
Non-Energy Materials,2023-08-11,-0.007142558352396266,1.0495519011713736
Non-Energy Materials,2023-08-14,-0.013074375657624997,1.0227552896856595
Non-Energy Materials,2023-08-15,-0.012424435097808752,0.9976236978702107
Non-Energy Materials,2023-08-16,0.002703121878022445,1.0030235181919798
Non-Energy Materials,2023-08-17,-0.004146218481595525,0.9947185450617815
Non-Energy Materials,2023-08-18,-0.027471199582911332,0.9399212337986549
Non-Energy Materials,2023-08-21,-0.0019560695322465935,0.936126612978263
Non-Energy Materials,2023-08-22,0.0032677193246454976,0.9424533313264527
Non-Energy Materials,2023-08-23,-0.011768333863360516,0.9195938920094062
Non-Energy Materials,2023-08-24,-0.013188298698975746,0.8942777143808567
Non-Energy Materials,2023-08-25,0.005901983313387296,0.905457709842054
Non-Energy Materials,2023-08-28,0.003035285795115216,0.9112413185619304
Non-Energy Materials,2023-08-29,0.012407533015250822,0.9349551083220993
Non-Energy Materials,2023-08-30,0.0012845639615097961,0.937440681921389
Non-Energy Materials,2023-08-31,2.6514514255448015e-4,0.9379543849071876
Non-Energy Materials,2023-09-01,0.01900216255094108,0.9747797091455033
Non-Energy Materials,2023-09-04,0.024693967857911333,1.0235448558095976
Non-Energy Materials,2023-09-05,9.261370489446231e-4,1.0254189356707641
Non-Energy Materials,2023-09-06,-0.004110878223627015,1.0170926850743935
Non-Energy Materials,2023-09-07,-0.016005222535345177,0.9848086677753607
Non-Energy Materials,2023-09-08,-0.010829650542030078,0.9633138835105612
Non-Energy Materials,2023-09-11,0.02079193078270881,1.0041349698812443
Non-Energy Materials,2023-09-12,0.0019934839610590673,1.0081301807995002
Non-Energy Materials,2023-09-13,-0.002513959819141879,1.003081822213364
Non-Energy Materials,2023-09-14,0.015753354648633505,1.0346370805489222
Non-Energy Materials,2023-09-15,0.0015498806193832673,1.0377905251275434
Non-Energy Materials,2023-09-18,-0.01147091300789333,1.014415207285496
Non-Energy Materials,2023-09-19,-0.0041177072866120604,1.0061204351081945
Non-Energy Materials,2023-09-20,0.022615325693601227,1.0514895021287551
Non-Energy Materials,2023-09-21,-0.01727490929266409,1.0160502070646285
Non-Energy Materials,2023-09-22,0.00621287081747233,1.0285756665626589
Non-Energy Materials,2023-09-25,-0.0037786041690458343,1.0209104820917605
Non-Energy Materials,2023-09-26,0.003795084771563048,1.028580008687039
Non-Energy Materials,2023-09-27,0.013218642572129508,1.0553950827508403
Non-Energy Materials,2023-09-28,0.003435599348322619,1.0624565967576847
Non-Energy Materials,2023-09-29,0.01635580502188893,1.0961897347203617
Non-Energy Materials,2023-10-02,-0.01564615624248522,1.0633924226170333
Non-Energy Materials,2023-10-03,-0.024441755290037198,1.0129594899561107
Non-Energy Materials,2023-10-04,-0.014748222747458172,0.9832719150166283
Non-Energy Materials,2023-10-05,0.00716367156632356,0.9974794236425208
Non-Energy Materials,2023-10-06,-0.01892154975885013,0.9596840173357895
Non-Energy Materials,2023-10-09,0.0012608865798004062,0.9621549566138976
Non-Energy Materials,2023-10-10,0.019371793837041747,1.0001654179097517
Non-Energy Materials,2023-10-11,-0.004057562301776744,0.9920496221127233
Non-Energy Materials,2023-10-12,0.0013212345244773237,0.9946815868479306
Non-Energy Materials,2023-10-13,-0.006704807627238807,0.9813076305305197
Non-Energy Materials,2023-10-16,0.003138958553177877,0.98752687306385
Non-Energy Materials,2023-10-17,-0.009074754699267936,0.9694905542325927
Non-Energy Materials,2023-10-18,-0.01625868687370883,0.9374692240105977
Non-Energy Materials,2023-10-19,-0.012333802116788998,0.9135728619942822
Non-Energy Materials,2023-10-20,-0.03444368314189711,0.847662364666818
Non-Energy Materials,2023-10-23,-0.013131195804077877,0.8234003483765526
Non-Energy Materials,2023-10-24,0.030167026640670384,0.8784069152626357
Non-Energy Materials,2023-10-25,-0.00689747779398047,0.8654506452765525
Non-Energy Materials,2023-10-26,0.0035390211648658426,0.8720525145921987
Non-Energy Materials,2023-10-27,0.0032624563509732274,0.8781600042077857
Non-Energy Materials,2023-10-30,0.01932030441741254,0.9144466272336891
Non-Energy Materials,2023-10-31,0.011299604839249041,0.9360791176072629
Non-Energy Materials,2023-11-01,-0.00730701012088699,0.9219321679000687
Non-Energy Materials,2023-11-02,0.009802038990822982,0.940771021947542
Non-Energy Materials,2023-11-03,0.001022296955919548,0.9427550662554156
Non-Energy Materials,2023-11-06,0.004473652722238467,0.9514462777462118
Non-Energy Materials,2023-11-07,-0.02398018177871596,0.904650241274459
Non-Energy Materials,2023-11-08,0.016593435815319465,0.9362549328036793
Non-Energy Materials,2023-11-09,0.003320805988294158,0.9426848597793978
Non-Energy Materials,2023-11-10,-0.022058232679336782,0.899832665119759
Non-Energy Materials,2023-11-13,-0.003605654797269558,0.8929825243567606
Non-Energy Materials,2023-11-14,0.028416147101149983,0.9467737942287884
Non-Energy Materials,2023-11-15,0.023875170197849162,0.9932533499027134
Non-Energy Materials,2023-11-16,-0.016547339969260284,0.9602703090770064
Non-Energy Materials,2023-11-17,0.01605830672795603,0.9917489309698702
Non-Energy Materials,2023-11-20,-0.001801676300932323,0.9881604441235343
Non-Energy Materials,2023-11-21,-0.01375220907388012,0.9608188460235292
Non-Energy Materials,2023-11-22,-0.009551353057356061,0.942090372943641
Non-Energy Materials,2023-11-23,0.02113770311772492,0.9831417026747153
Non-Energy Materials,2023-11-24,4.921441712679888e-5,0.9832393018376924
Non-Energy Materials,2023-11-27,6.227973765537806e-5,0.9833628174611186
Non-Energy Materials,2023-11-28,-0.012368639742422475,0.9588313172934257
Non-Energy Materials,2023-11-29,-0.009003023763216777,0.9411959123956999
Non-Energy Materials,2023-11-30,3.383618057211487e-4,0.9418527389498765
Non-Energy Materials,2023-12-01,0.010933548964769044,0.9630840809535559
Non-Energy Materials,2023-12-04,-0.014703982670845328,0.9342189266458025
Non-Energy Materials,2023-12-05,-0.010858310729469477,0.9132165765214615
Non-Energy Materials,2023-12-06,0.007741229461538078,0.9280272250499322
Non-Energy Materials,2023-12-07,-0.008639424870105784,0.9113701786915946
Non-Energy Materials,2023-12-08,0.0070974468261495284,0.9249360268999463
Non-Energy Materials,2023-12-11,-0.004288181842087471,0.916681551182214
Non-Energy Materials,2023-12-12,0.006140304953017723,0.9284505604042959
Non-Energy Materials,2023-12-13,0.004638956948523172,0.9373965595313669
Non-Energy Materials,2023-12-14,0.02689618059927893,0.9895051272889441
Non-Energy Materials,2023-12-15,0.004603202786945255,0.9986632228355221
Non-Energy Materials,2023-12-18,0.010257778242456966,1.0191650669567234
Non-Energy Materials,2023-12-19,-0.0010283671085250907,1.017088624015182
Non-Energy Materials,2023-12-20,-0.0038939139084627717,1.0092342545675272
Non-Energy Materials,2023-12-21,-0.0152194017840311,0.9786549111690259
Non-Energy Materials,2023-12-22,0.02025976056385025,1.0187419859077966
Non-Energy Materials,2023-12-25,0,1.0187419859077966
Non-Energy Materials,2023-12-26,0,1.0187419859077966
Non-Energy Materials,2023-12-27,0.008509642649245381,1.0359207588089001
Non-Energy Materials,2023-12-28,0.003828799751305892,1.043715891703906
Non-Energy Materials,2023-12-29,-0.0026608131884685786,1.0382779455057776
Non-Energy Materials,2024-01-01,0,1.0382779455057776
Non-Energy Materials,2024-01-02,-7.75832761666719e-5,1.0381198092250266
Non-Energy Materials,2024-01-03,-0.022465661977159258,0.992332098522025
Non-Energy Materials,2024-01-04,0.00456177958099909,1.0014206784076318
Non-Energy Materials,2024-01-05,-0.008749639123943971,0.9839089697363659
Non-Energy Materials,2024-01-08,-0.005041613869201915,0.9739068667593089
Non-Energy Materials,2024-01-09,0.011100636454459542,0.9958184892821653
Non-Energy Materials,2024-01-10,-0.0032325577707295267,0.9893668907156705
Non-Energy Materials,2024-01-11,-0.006600764162072142,0.9762355490382217
Non-Energy Materials,2024-01-12,-0.020323722076885525,0.9360710869811077
Non-Energy Materials,2024-01-15,-0.013696536806840603,0.9095536180776111
Non-Energy Materials,2024-01-16,-0.002118412985294503,0.9055083948969596
Non-Energy Materials,2024-01-17,-0.021256413094347195,0.8650041213002833
Non-Energy Materials,2024-01-18,-0.0019060163427178551,0.8614493929658489
Non-Energy Materials,2024-01-19,-0.009066512635604486,0.8445725385239855
Non-Energy Materials,2024-01-22,-0.006946814544342599,0.8317586351852722
Non-Energy Materials,2024-01-23,0.04390406325257589,0.9121802821678981
Non-Energy Materials,2024-01-24,-0.00336466413330261,0.9057464377560793
Non-Energy Materials,2024-01-25,-0.003288088097792592,0.899480175576683
Non-Energy Materials,2024-01-26,0.0191098981381066,0.9357790482473063
Non-Energy Materials,2024-01-29,7.030596539913246e-6,0.9357926579287847
Non-Energy Materials,2024-01-30,-0.016831440132147397,0.9032104796986058
Non-Energy Materials,2024-01-31,0.010354967652747168,0.9229181626522545
Non-Energy Materials,2024-02-01,0.005594392574625806,0.9336757217430094
Non-Energy Materials,2024-02-02,-0.00899730299043319,0.9162778553892428
Non-Energy Materials,2024-02-05,-0.01734348314672712,0.8830429226998533
Non-Energy Materials,2024-02-06,0.010620180411581633,0.9030411782616774
Non-Energy Materials,2024-02-07,-0.016855101690751988,0.8709652256803884
Non-Energy Materials,2024-02-08,-0.005630913464415197,0.860429982399652
Non-Energy Materials,2024-02-09,0.004040970760403571,0.8679479255603073
Non-Energy Materials,2024-02-12,0.012889183069827599,0.892024248337759
Non-Energy Materials,2024-02-13,-0.018206608045506247,0.8575769044356798
Non-Energy Materials,2024-02-14,-0.008101250175673041,0.8425282092122939
Non-Energy Materials,2024-02-15,-0.01093493480237644,0.822380283373018
Non-Energy Materials,2024-02-16,0.025576467392501075,0.8689903332674449
Non-Energy Materials,2024-02-19,-0.013982266182260464,0.8428576129356276
Non-Energy Materials,2024-02-20,-0.008901408000802264,0.8264535854355031
Non-Energy Materials,2024-02-21,-0.003449681450989988,0.8201529023807319
Non-Energy Materials,2024-02-22,0.0018316902677554603,0.8234868587378497
Non-Energy Materials,2024-02-23,-0.007179692063446815,0.8103947846103701
Non-Energy Materials,2024-02-26,-0.0028058721508141945,0.8053150483022526
Non-Energy Materials,2024-02-27,-0.004980145908696667,0.7963243159505415
Non-Energy Materials,2024-02-28,-0.019972341304798486,0.7604475136182687
Non-Energy Materials,2024-02-29,3.7859644054411365e-4,0.761114012780689
Non-Energy Materials,2024-03-01,0.01866419478929654,0.7939837877613876
Non-Energy Materials,2024-03-04,-0.007083770082378132,0.781275619077372
Non-Energy Materials,2024-03-05,-0.013090432789485547,0.7579579503062903
Non-Energy Materials,2024-03-06,-0.003806189407574848,0.7512668293768727
Non-Energy Materials,2024-03-07,0.018471921928174956,0.7836160935245249
Non-Energy Materials,2024-03-08,0.001446848056610467,0.7861967150031801
Non-Energy Materials,2024-03-11,-0.008523758332294254,0.7709716058705551
Non-Energy Materials,2024-03-12,0.018560447761850583,0.8038416318490362
Non-Energy Materials,2024-03-13,0.010984549688987167,0.8236560198851457
Non-Energy Materials,2024-03-14,-0.00436010061778647,0.8157046961462144
Non-Energy Materials,2024-03-15,0.0077768051460194,0.8298250777708558
Non-Energy Materials,2024-03-18,0.006275183296051508,0.8413075655335798
Non-Energy Materials,2024-03-19,8.729142210195006e-4,0.8429148690928048
Non-Energy Materials,2024-03-20,0.006749741686426458,0.8553540684092555
Non-Energy Materials,2024-03-21,0.015520544502156952,0.8841501737952593
Non-Energy Materials,2024-03-22,0.0054038403532047675,0.8943318205359121
Non-Energy Materials,2024-03-25,-0.01044915336664847,0.8745376568158099
Non-Energy Materials,2024-03-26,0.0035231784782608837,0.8811419875449928
Non-Energy Materials,2024-03-27,-0.002396986703905018,0.8766329152126899
Non-Energy Materials,2024-03-28,0,0.8766329152126899
Non-Energy Materials,2024-03-29,0,0.8766329152126899
Non-Energy Materials,2024-04-01,0,0.8766329152126899
Non-Energy Materials,2024-04-02,0.03260345592870057,0.9378176337581758
Non-Energy Materials,2024-04-03,0.0326442606242395,1.0010762576368246
Non-Energy Materials,2024-04-04,0.021901271029537348,1.044902371106101
Non-Energy Materials,2024-04-05,-0.00754548228784326,1.0294725964845513
Non-Energy Materials,2024-04-08,0.004367081983708918,1.0383354696970901
Non-Energy Materials,2024-04-09,-0.009092558278799165,1.0198017856471258
Non-Energy Materials,2024-04-10,-1.2609876639284385e-4,1.0195470911335978
Non-Energy Materials,2024-04-11,-0.005526961931293381,1.008385131242448
Non-Energy Materials,2024-04-12,0.03216467562619257,1.0729841875213295
Non-Energy Materials,2024-04-15,-0.0020409431452010304,1.068753344653698
Non-Energy Materials,2024-04-16,-0.02269269663728841,1.0218077525860956
Non-Energy Materials,2024-04-17,0.009687325205352442,1.0413936617881001
Non-Energy Materials,2024-04-18,0.007207269688503028,1.0561065364490076
Non-Energy Materials,2024-04-19,-0.0036016459710523445,1.0487011686259513
Non-Energy Materials,2024-04-22,-0.0064577495002285205,1.0354711696781398
Non-Energy Materials,2024-04-23,-0.012227558675973256,1.0105823265176483
Non-Energy Materials,2024-04-24,-0.008099175614598336,0.9942982671675742
Non-Energy Materials,2024-04-25,0.006011005102638318,1.006286004227701
Non-Energy Materials,2024-04-26,-0.003459413764291629,0.9993454308095702
Non-Energy Materials,2024-04-29,-6.397551694240918e-4,0.9980663392347455
Non-Energy Materials,2024-04-30,-0.008534946624057956,0.98101294967805
Non-Energy Materials,2024-05-01,0,0.98101294967805
Non-Energy Materials,2024-05-02,-0.015246875455417063,0.9508086919587404
Non-Energy Materials,2024-05-03,0.01646502679275284,0.9829288093393762
Non-Energy Materials,2024-05-06,0.009722957265308415,1.0022087414127316
Non-Energy Materials,2024-05-07,3.589627471636628e-4,1.0029274597629443
Non-Energy Materials,2024-05-08,-0.014561309505500922,0.9737622131042694
Non-Energy Materials,2024-05-09,0,0.9737622131042694
Non-Energy Materials,2024-05-10,0.011783142488513577,0.9970193344997209
Non-Energy Materials,2024-05-13,4.795061389478594e-4,0.9979769175302109
Non-Energy Materials,2024-05-14,0.004943199035132108,1.0078533151011624
Non-Energy Materials,2024-05-15,-0.0037155986133430015,1.000392938107776
Non-Energy Materials,2024-05-16,0.006360759266563791,1.013116956025614
Non-Energy Materials,2024-05-17,0,1.013116956025614
Non-Energy Materials,2024-05-20,0,1.013116956025614
Non-Energy Materials,2024-05-21,0.03826294525598791,1.090144739907923
Non-Energy Materials,2024-05-22,-0.0171997885840413,1.054194692271461
Non-Energy Materials,2024-05-23,-0.006434493797209951,1.0409769892657788
Non-Energy Materials,2024-05-24,0.004494655564307921,1.0501504778472066
Non-Energy Materials,2024-05-27,0.0055528901424635865,1.0615347382262112
Non-Energy Materials,2024-05-28,0.014274120568427758,1.0909613336356543
Non-Energy Materials,2024-05-29,-0.016601866354770865,1.0562474730216418
Non-Energy Materials,2024-05-30,0.004110095871906192,1.0646988472721257
Non-Energy Materials,2024-05-31,0.00852536596922729,1.0823011605613622
Non-Energy Materials,2024-06-03,-2.957968364167308e-4,1.0816852224656013
Non-Energy Materials,2024-06-04,-0.01244095104262361,1.0557870785267536
Non-Energy Materials,2024-06-05,-0.031212796532382382,0.9916202147307971
Non-Energy Materials,2024-06-06,0.011063838501561549,1.013655179143024
Non-Energy Materials,2024-06-07,-0.0031035994636267167,1.0074056000091063
Non-Energy Materials,2024-06-10,0.006857218686275597,1.0211708192004232
Non-Energy Materials,2024-06-11,-0.021422053172666336,0.9778731904404703
Non-Energy Materials,2024-06-12,0.002067328359669287,0.9819621037788975
Non-Energy Materials,2024-06-13,-0.010598635158754815,0.9609560105424668
Non-Energy Materials,2024-06-14,-0.021155868649017164,0.9194702827569294
Non-Energy Materials,2024-06-17,-0.010443801898284696,0.8994237153741718
Non-Energy Materials,2024-06-18,0.006862255377550559,0.9124580459792453
Non-Energy Materials,2024-06-19,-0.003511742546843335,0.905741985690127
Non-Energy Materials,2024-06-20,0.010379780980017399,0.925523170106014
Non-Energy Materials,2024-06-21,6.048686295015597e-4,0.9266878586669896
Non-Energy Materials,2024-06-24,0.016923889557622813,0.9592949111990825
Non-Energy Materials,2024-06-25,-0.015099016257211858,0.929711485482215
Non-Energy Materials,2024-06-26,0.01037331391573215,0.9497289884879156
Non-Energy Materials,2024-06-27,9.941087102347287e-4,0.9516672310579688
Non-Energy Materials,2024-06-28,0.004865219633743889,0.9611625207890466
Non-Energy Materials,2024-07-01,0.0016757997267448578,0.9644490364054874
Non-Energy Materials,2024-07-02,-0.008483904254921017,0.9477828388669514
Non-Energy Materials,2024-07-03,0.006032228234886931,0.9595323095029928
Non-Energy Materials,2024-07-04,0.002613157068866997,0.964652875209244
Non-Energy Materials,2024-07-05,-0.00654372971221996,0.9517967178155389
Non-Energy Materials,2024-07-08,-0.010047348930357395,0.9321863351505197
Non-Energy Materials,2024-07-09,-0.002494057693773931,0.9273673509555327
Non-Energy Materials,2024-07-10,0.0020875059508021613,0.931390741770034
Non-Energy Materials,2024-07-11,0.004109476265455938,0.9393277461826592
Non-Energy Materials,2024-07-12,0.024793887838298476,0.9874112208032122
Non-Energy Materials,2024-07-15,-0.020556668894740993,0.9465566663794678
Non-Energy Materials,2024-07-16,-0.008022557468937963,0.9309403036568942
Non-Energy Materials,2024-07-17,0.005712761275343403,0.9419713046486251
Non-Energy Materials,2024-07-18,-5.142621457207604e-4,0.9409726223185682
Non-Energy Materials,2024-07-19,-0.0044241655347797195,0.9323854381389554
Non-Energy Materials,2024-07-22,0.012435465048314026,0.9564155497148032
Non-Energy Materials,2024-07-23,-0.02790484944204585,0.9018220683539344
Non-Energy Materials,2024-07-24,-0.0012716344558903036,0.8994036458828429
Non-Energy Materials,2024-07-25,-0.008898206821511321,0.8825023594042447
Non-Energy Materials,2024-07-26,0.007305596042789787,0.8962551611916507
Non-Energy Materials,2024-07-29,-0.009415837111982952,0.8784003314711131
Non-Energy Materials,2024-07-30,-0.009862328078430162,0.8598749311395131
Non-Energy Materials,2024-07-31,0.015961662887315375,0.889561627802931
Non-Energy Materials,2024-08-01,-0.01362082769123364,0.8638242344586604
Non-Energy Materials,2024-08-02,-0.02679386143745042,0.8138851861768128
Non-Energy Materials,2024-08-05,-0.031429533343134974,0.7568756212372503
Non-Energy Materials,2024-08-06,-2.9286859583627026e-5,0.7568241678676253
Non-Energy Materials,2024-08-07,0.021206633059502978,0.7940804933456604
Non-Energy Materials,2024-08-08,-0.008896349000262751,0.7781197271422939
Non-Energy Materials,2024-08-09,0.011839271085151109,0.7991713686137865
Non-Energy Materials,2024-08-12,0.0029237755904620764,0.8044317419443978
Non-Energy Materials,2024-08-13,-0.0017886372182127875,0.8012042681730316
Non-Energy Materials,2024-08-14,0.0017601249267201143,0.8043746127035574
Non-Energy Materials,2024-08-15,0.003938102213909125,0.8114804243605667
Non-Energy Materials,2024-08-16,0.004368423568926352,0.8193937381409921
Non-Energy Materials,2024-08-19,0.013807945589401384,0.8445158278829403
Non-Energy Materials,2024-08-20,-0.001980996955567133,0.8408618476434091
Non-Energy Materials,2024-08-21,2.661583154169885e-4,0.8413518083316933
Non-Energy Materials,2024-08-22,-0.0028918787027679515,0.8360268422528756
Non-Energy Materials,2024-08-23,0.009018789893389742,0.8525855825817783
Non-Energy Materials,2024-08-26,0.010312115965119606,0.8716896599446702
Non-Energy Materials,2024-08-27,-0.002356804784499366,0.8672784527990145
Non-Energy Materials,2024-08-28,-0.015965085034271922,0.8374671935174145
Non-Energy Materials,2024-08-29,0.005648390585768535,0.8478459259149367
Non-Energy Materials,2024-08-30,0.0083972273039895,0.8633627081775952
Non-Energy Materials,2024-09-02,-0.0024286882989890345,0.8588371809714719
Non-Energy Materials,2024-09-03,-0.03107950399161292,0.8010654433857103
Non-Energy Materials,2024-09-04,-0.007768814569243811,0.7870732999289738
Non-Energy Materials,2024-09-05,-0.00205072824795253,0.7834084982316478
Non-Energy Materials,2024-09-06,-0.014923510543874655,0.7567937827042521
Non-Energy Materials,2024-09-09,0.004590573838066765,0.7648584742820126
Non-Energy Materials,2024-09-10,-0.009896263546513047,0.7473929696982209
Non-Energy Materials,2024-09-11,0.026153079624035628,0.7930926771692186
Non-Energy Materials,2024-09-12,0.008871232140412464,0.8089996185576604
Non-Energy Materials,2024-09-13,0.016884406775746146,0.8395435039745576
Non-Energy Materials,2024-09-16,0.03168581205635853,0.8978309337109907
Non-Energy Materials,2024-09-17,9.628310042717546e-4,0.8996582241748337
Non-Energy Materials,2024-09-18,-0.008492375733615786,0.8835256127696876
Non-Energy Materials,2024-09-19,0.038373180154363466,0.9558024804338565
Non-Energy Materials,2024-09-20,-0.015254183028764766,0.9259683114292061
Non-Energy Materials,2024-09-23,0.003793054899533872,0.93327361496922
Non-Energy Materials,2024-09-24,0.02938320202512043,0.9900793841676951
Non-Energy Materials,2024-09-25,-0.004676640774824906,0.9807724977745582
Non-Energy Materials,2024-09-26,0.025557713173559832,1.031396513134756
Non-Energy Materials,2024-09-27,0.01689600757751317,1.0657190040136144
Non-Energy Materials,2024-09-30,0.007205739650892507,1.0806040373484374
Non-Energy Materials,2024-10-01,0.002559180975671456,1.0859286796187249
Non-Energy Materials,2024-10-02,0.00738153760644528,1.1013260406116934
Non-Energy Materials,2024-10-03,-0.008745427552834036,1.0829490459586402
Non-Energy Materials,2024-10-04,0.017221947351945193,1.1188214847649243
Non-Energy Materials,2024-10-07,0.0017326829425849068,1.122492730609959
Non-Energy Materials,2024-10-08,-0.030784883713983722,1.057152038714356
Non-Energy Materials,2024-10-09,0.011481332159591181,1.0807708845736155
Non-Energy Materials,2024-10-10,0.013192638660802513,1.108221742989714
Non-Energy Materials,2024-10-11,0.019386985161477254,1.149093806638159
Non-Energy Materials,2024-10-14,-0.006277863717899101,1.135602088603104
Non-Energy Materials,2024-10-15,-0.01328719852855918,1.1072259196738288
Non-Energy Materials,2024-10-16,0.005781901057055378,1.1194096914462452
Non-Energy Materials,2024-10-17,-0.0031612338611910996,1.1127097417639091
Non-Energy Materials,2024-10-18,-0.0027925287492621465,1.1068099390711872
Non-Energy Materials,2024-10-21,-0.006593875547577446,1.0929178965305524
Non-Energy Materials,2024-10-22,-0.012604364756676558,1.0665379959569052
Non-Energy Materials,2024-10-23,-0.0011798624643522928,1.0640997653443178
Non-Energy Materials,2024-10-24,-0.005935172904420757,1.051848976345025
Non-Energy Materials,2024-10-25,0.018328573365191097,1.0894564408422567
Non-Energy Materials,2024-10-28,-0.005465245475018565,1.078037048483695
Non-Energy Materials,2024-10-29,0.0026234502528388313,1.0834886753039483
Non-Energy Materials,2024-10-30,-0.004982367336484247,1.0731079693821788
Non-Energy Materials,2024-10-31,-0.013638049333291304,1.0448348206225053
Non-Energy Materials,2024-11-01,0.009530228951380478,1.064322564630793
Non-Energy Materials,2024-11-04,0.0019987192485705096,1.068448565875979
Non-Energy Materials,2024-11-05,0.005473770256833617,1.079770778113661
Non-Energy Materials,2024-11-06,-0.015165712407661486,1.048229572618931
Non-Energy Materials,2024-11-07,0.0140455429291439,1.0769980690098921
Non-Energy Materials,2024-11-08,-0.031773710974875594,1.0110041326697972
Non-Energy Materials,2024-11-11,-0.009719902376677024,0.991457368821153
Non-Energy Materials,2024-11-12,-0.024765228665325604,0.9421384717050494
Non-Energy Materials,2024-11-13,-0.01456076294068561,0.9138594538205667
Non-Energy Materials,2024-11-14,0.018624151027510055,0.9495034613339488
Non-Energy Materials,2024-11-15,0.044301752969533745,1.0358698820912164
Non-Energy Materials,2024-11-18,-0.004722288799747409,1.0262559165492737
Non-Energy Materials,2024-11-19,0.0028966364076770243,1.0321252432084216
Non-Energy Materials,2024-11-20,0.006342253292312058,1.0450134962225506
Non-Energy Materials,2024-11-21,-0.004304546639555252,1.0362106402495406
Non-Energy Materials,2024-11-22,0.0016981464814264783,1.0396684241837235
Non-Energy Materials,2024-11-25,0.008991836006418143,1.058008788161453
Non-Energy Materials,2024-11-26,-0.015457535379183296,1.0261970445077773
Non-Energy Materials,2024-11-27,-0.018630980896261768,0.9884470060794905
Non-Energy Materials,2024-11-28,7.991322179687926e-4,0.9900360381457722
Non-Energy Materials,2024-11-29,-0.004058215442015565,0.9819600431656017
Non-Energy Materials,2024-12-02,7.126753574391528e-4,0.9833725372477948
Non-Energy Materials,2024-12-03,0.014013751224982274,1.0111670265712474
Non-Energy Materials,2024-12-04,0.013251474346537213,1.0378179548304578
Non-Energy Materials,2024-12-05,5.171192753799853e-4,1.038871749774616
Non-Energy Materials,2024-12-06,-0.0207014233753393,0.9966642024745127
Non-Energy Materials,2024-12-09,0.008501291700381296,1.0136384272874577
Non-Energy Materials,2024-12-10,-0.0074047049466793415,0.9987280288640985
Non-Energy Materials,2024-12-11,0.0016457604704316682,1.002017456445147
Non-Energy Materials,2024-12-12,-0.008846649304156892,0.9843063101071765
Non-Energy Materials,2024-12-13,-0.004530340649828125,0.9753167265687874
Non-Energy Materials,2024-12-16,-0.00970661842361348,0.9561430808382028
Non-Energy Materials,2024-12-17,-0.012022527130738446,0.9326252975772191
Non-Energy Materials,2024-12-18,-0.025927769813892974,0.8825166337251305
Non-Energy Materials,2024-12-19,-0.013525949675937652,0.8570538084732489
Non-Energy Materials,2024-12-20,0.0015910898428313025,0.8600085479255017
Non-Energy Materials,2024-12-23,0.0038753653990776377,0.867216760694121
Non-Energy Materials,2024-12-24,0,0.867216760694121
Non-Energy Materials,2024-12-25,0,0.867216760694121
Non-Energy Materials,2024-12-26,0,0.867216760694121
Non-Energy Materials,2024-12-27,0.00478428440496292,0.8761500567229952
Non-Energy Materials,2024-12-30,3.691523552859758e-4,0.8768426419353044
Non-Energy Materials,2024-12-31,0,0.8768426419353044
Non-Energy Materials,2025-01-01,0,0.8768426419353044
Non-Energy Materials,2025-01-02,0.012115751725945942,0.8995820014136613
Non-Energy Materials,2025-01-03,-0.010453085610909145,0.879725508127942
Non-Energy Materials,2025-01-06,0.009458391200760636,0.8975046873338646
Non-Energy Materials,2025-01-07,-0.003795532018804591,0.8903026475372573
Non-Energy Materials,2025-01-08,-0.006370265341463489,0.878260918096774
Non-Energy Materials,2025-01-09,0.022694257891631188,0.9208866557598341
Non-Energy Materials,2025-01-10,0.001433520686901677,0.9236402865180591
Non-Energy Materials,2025-01-13,0.01103011659054733,0.9448582631566271
Non-Energy Materials,2025-01-14,0.009659819161855203,0.9636452422741597
Non-Energy Materials,2025-01-15,0.02190412482505355,1.0066571727730556
Non-Energy Materials,2025-01-16,-0.004465165230783723,0.9976971169350863
Non-Energy Materials,2025-01-17,0.014932611657706386,1.0275279521919978
Non-Energy Materials,2025-01-20,0.008218869898572798,1.0441919406467837
Non-Energy Materials,2025-01-21,-0.015200602326180276,1.013118991878629
Non-Energy Materials,2025-01-22,-0.005791458565564016,1.0014600966496139
Non-Energy Materials,2025-01-23,0.004607665522034937,1.0106821553306746
Non-Energy Materials,2025-01-24,-0.0012371167635597117,1.0081947067301247
Non-Energy Materials,2025-01-27,-0.003804251236310635,1.000555029534294
Non-Energy Materials,2025-01-28,0.0099271099268545809,1.0204147592272026
Non-Energy Materials,2025-01-29,0.00927855470084256,1.039161288089082
Non-Energy Materials,2025-01-30,0.019842296383283907,1.0796229307406642
Non-Energy Materials,2025-01-31,-0.011861267885201358,1.0549559660589418
Non-Energy Materials,2025-02-03,-0.017142929296113687,1.019728001226166
Non-Energy Materials,2025-02-04,0.00826773573326452,1.0364265785933786
Non-Energy Materials,2025-02-05,-0.00565573519214536,1.024909089126608
Non-Energy Materials,2025-02-06,0.018832581495824965,1.0630433545692215
Non-Energy Materials,2025-02-07,-0.028599597175511225,1.0040411456729266
Non-Energy Materials,2025-02-10,-0.0022616723639430772,0.9995086611975534
Non-Energy Materials,2025-02-11,-0.003059810456958508,0.9933905436872421
Non-Energy Materials,2025-02-12,-0.004390821484687661,0.9846379216606471
Non-Energy Materials,2025-02-13,0.014501800231271135,1.0134187443319749
Non-Energy Materials,2025-02-14,-0.00613206374342128,1.001072332249532
Non-Energy Materials,2025-02-17,0.019324284526972987,1.0397416233569756
Non-Energy Materials,2025-02-18,-0.009984345764148158,1.0193761377198545
Non-Energy Materials,2025-02-19,-0.007611176117365649,1.0040063102884633
Non-Energy Materials,2025-02-20,0.009764327731772255,1.0235740846786592
Non-Energy Materials,2025-02-21,-0.007901121306757155,1.0075855803624032
Non-Energy Materials,2025-02-24,0.004597216116422362,1.0168148851475425
Non-Energy Materials,2025-02-25,0.002183629015135101,1.021218860648907
Non-Energy Materials,2025-02-26,0.009831461679467761,1.041090396423194
Non-Energy Materials,2025-02-27,-0.009919393481973432,1.0208440176487952
Non-Energy Materials,2025-02-28,-0.016338002205705637,0.9878274636310622
Non-Energy Materials,2025-03-03,0.005483863263584216,0.9987284376332126
Non-Energy Materials,2025-03-04,-0.038730086147583574,0.9213175130580531
Non-Energy Materials,2025-03-05,0.03577250155925144,0.9900478467897393
Non-Energy Materials,2025-03-06,0.04793206388942546,1.0854349473250786
Non-Energy Materials,2025-03-07,-0.007691075906495593,1.0693957088471424
Non-Energy Materials,2025-03-10,-0.022291459924189145,1.0232658573360878
Non-Energy Materials,2025-03-11,-0.0014110333255790877,1.0204109617848798
Non-Energy Materials,2025-03-12,-0.013921854223435727,0.9922830949034793
Non-Energy Materials,2025-03-13,0.008715885003101323,1.0096476052522805
Non-Energy Materials,2025-03-14,0.0028339420679454677,1.0153428301425511
Non-Energy Materials,2025-03-17,0.0153637729106379,1.0463060997219435
Non-Energy Materials,2025-03-18,0.013979942659499943,1.0749133416598413
Non-Energy Materials,2025-03-19,0.001494434483019789,1.078014163706896
Non-Energy Materials,2025-03-20,-0.014379535618472763,1.048133285024182
Non-Energy Materials,2025-03-21,-0.022312185567240163,1.0024349551022813
Non-Energy Materials,2025-03-24,0.002150671765499058,1.006741535422468
Non-Energy Materials,2025-03-25,-0.011355866158781942,0.983953247130942
Non-Energy Materials,2025-03-26,-0.005781129672795701,0.9724837561445141
Non-Energy Materials,2025-03-27,-0.025893204161893824,0.9214098315406452
Non-Energy Materials,2025-03-28,-0.018901301146565793,0.8850926856887231
Non-Energy Materials,2025-03-31,-0.009805550474016897,0.8666083142110024
Non-Energy Materials,2025-04-01,-0.0030663564488748484,0.8608846277691979
Non-Energy Materials,2025-04-02,-0.02193373020041046,0.8200684864096173
Non-Energy Materials,2025-04-03,-0.02222322017625858,0.7796207037002667
Non-Energy Materials,2025-04-04,-0.03885118510423563,0.7104803303254774
Non-Energy Materials,2025-04-07,0.012355102314474198,0.7316134898135442
Non-Energy Materials,2025-04-08,-0.004535414872368101,0.7237599042386507
Non-Energy Materials,2025-04-09,-0.025966891203886965,0.6789992183436631
Non-Energy Materials,2025-04-10,0.032444263997397735,0.7334731122350291
Non-Energy Materials,2025-04-11,-0.005340108536485686,0.7242161776706144
Non-Energy Materials,2025-04-14,0.014921932308199956,0.7499448147585184
Non-Energy Materials,2025-04-15,-9.077532524650108e-4,0.7483562966612871
Non-Energy Materials,2025-04-16,-0.00980808273519744,0.7312082734530299
Non-Energy Materials,2025-04-17,0,0.7312082734530299
Non-Energy Materials,2025-04-18,0,0.7312082734530299
Non-Energy Materials,2025-04-21,0,0.7312082734530299
Non-Energy Materials,2025-04-22,0.0027915634592666602,0.7360410512095812
Non-Energy Materials,2025-04-23,0.044132409429934336,0.812656725668736
Non-Energy Materials,2025-04-24,-0.0035210474103168146,0.8062742753990269
Non-Energy Materials,2025-04-25,0.02455979023720142,0.85063599271368
Non-Energy Materials,2025-04-28,0.010202724524551062,0.8695175219425566
Non-Energy Materials,2025-04-29,-0.0074048710913889645,0.855673985689479
Non-Energy Materials,2025-04-30,-0.019157670585573234,0.8201235947574221
Non-Energy Materials,2025-05-01,0,0.8201235947574221
Non-Energy Materials,2025-05-02,0.01725773436427286,0.851534804265891
Non-Energy Materials,2025-05-05,0.001110911016192704,0.8535916946768143
Non-Energy Materials,2025-05-06,-0.0013691711283392468,0.8510538104447334
Non-Energy Materials,2025-05-07,8.623678898769139e-4,0.8526500998132951
Non-Energy Materials,2025-05-08,0.007312549858179613,0.8661976960379414
Non-Energy Materials,2025-05-09,0.009731870761795162,0.8843592908317428
Non-Energy Materials,2025-05-12,0.0355121016287685,0.9512768494728736
Non-Energy Materials,2025-05-13,0.0014912414876901568,0.9541866744647771
Non-Energy Materials,2025-05-14,0.0038405721861190993,0.9616918694532108
Non-Energy Materials,2025-05-15,0.003777456993258066,0.9691020761240943
Non-Energy Materials,2025-05-16,0.001496730500713691,0.9720492912604479
Non-Energy Materials,2025-05-19,-0.007019146181215295,0.9582071890085289
Non-Energy Materials,2025-05-20,0.009339929260526245,0.9764967056313225
Non-Energy Materials,2025-05-21,0.0025947614489014678,0.9816252430869754
Non-Energy Materials,2025-05-22,-0.011361872456401897,0.9591102698186349
Non-Energy Materials,2025-05-23,0.003064576601770689,0.9651141133118097
Non-Energy Materials,2025-05-26,0.010816986056327938,0.9863707252745968
Non-Energy Materials,2025-05-27,0.0011258401520446264,0.988607061193957
Non-Energy Materials,2025-05-28,-0.006931667793706737,0.974822697673541
Non-Energy Materials,2025-05-29,0,0.974822697673541
Non-Energy Materials,2025-05-30,-0.006734652729417658,0.9615229526025382
Non-Energy Materials,2025-06-02,0.0017235396239395268,0.9649037151346154
Non-Energy Materials,2025-06-03,-0.011788734784320722,0.9417399863601668
Non-Energy Materials,2025-06-04,9.225506336493617e-4,0.9435313398149658
Non-Energy Materials,2025-06-05,0.0023798152572317016,0.9481565853503653
Non-Energy Materials,2025-06-06,-0.003819319279032531,0.9407159533453624
Non-Energy Materials,2025-06-09,0,0.9407159533453624
Non-Energy Materials,2025-06-10,0.013495302341538276,0.9669065018948046
Non-Energy Materials,2025-06-11,0.01917069206582959,1.0046134607649084
Non-Energy Materials,2025-06-12,-0.005116454871077672,0.9943569464589497
Non-Energy Materials,2025-06-13,0.002235528888183132,0.9988153890261076
Non-Energy Materials,2025-06-16,0.019609231240902403,1.0380106221973948
Non-Energy Materials,2025-06-17,-0.0030057591746851346,1.0318848530716194
Non-Energy Materials,2025-06-18,-0.009435680401683317,1.0127126369850141
Non-Energy Materials,2025-06-19,-0.0016209501080261808,1.0094501302186676
Non-Energy Materials,2025-06-20,-4.865051207004642e-4,1.008472522440524
Non-Energy Materials,2025-06-23,-0.007699013570776736,0.9930092652337223
Non-Energy Materials,2025-06-24,-6.496203017766041e-4,0.9917145659533975
Non-Energy Materials,2025-06-25,0.0034534435087270315,0.9985928396924264
Non-Energy Materials,2025-06-26,0.0019318249619460514,1.0024537712289106
Non-Energy Materials,2025-06-27,0.009309301655460204,1.0210952174363945
Non-Energy Materials,2025-06-30,0.005325255568786856,1.031858065998096
Non-Energy Materials,2025-07-01,0.004168392958059275,1.0403276488521787
Non-Energy Materials,2025-07-02,0.02134894449727225,1.0838864905837737
Non-Energy Materials,2025-07-03,-0.0029833922167704177,1.0776694398471331
Non-Energy Materials,2025-07-04,-0.0051888594505610655,1.0668887051390405
Non-Energy Materials,2025-07-07,0.004086915841287702,1.075335905330252
Non-Energy Materials,2025-07-08,0.015071293280776596,1.10661390141561
Non-Energy Materials,2025-07-09,0.004924461508888777,1.1169878404872216
Non-Energy Materials,2025-07-10,0.009313645648606594,1.1367047150759286
Non-Energy Materials,2025-07-11,-0.004796188764235321,1.126456675928993
Non-Energy Materials,2025-07-14,-0.003244196876218297,1.1195580318235305
Non-Energy Materials,2025-07-15,0.0023352696887651574,1.1245077714488265
Non-Energy Materials,2025-07-16,-0.011305979362978709,1.1004881304283383
Non-Energy Materials,2025-07-17,0.004806568731764565,1.1105842709974976
Non-Energy Materials,2025-07-18,-1.519475404834157e-4,1.1102635729085368
Non-Energy Materials,2025-07-21,0.008639052602468722,1.128494250919967
Non-Energy Materials,2025-07-22,0.019852023022670896,1.1707491677928528
Non-Energy Materials,2025-07-23,3.009683211953128e-4,1.1714024945256196
Non-Energy Materials,2025-07-24,3.5925149355070025e-4,1.1721825741148777
Non-Energy Materials,2025-07-25,7.03285052413627e-4,1.1737102376503659
Non-Energy Materials,2025-07-28,-0.004672539103618873,1.163553491565008
Non-Energy Materials,2025-07-29,0.005583232625551466,1.1756331140062395
Non-Energy Materials,2025-07-30,-0.010030420285968154,1.1538105994846872
Non-Energy Materials,2025-07-31,-0.010571949957816101,1.1310406216083213
Non-Energy Materials,2025-08-01,-0.0011365332543102524,1.1286186230755773
Non-Energy Materials,2025-08-04,0.0032573518805740728,1.1355522829504774
Non-Energy Materials,2025-08-05,0.009401318799973829,1.1556292907765067
Non-Energy Materials,2025-08-06,-0.011127660417925995,1.131642180041811
Non-Energy Materials,2025-08-07,0.004529334000382825,1.1412970994445248
Non-Energy Materials,2025-08-08,0.009931182766364705,1.1625627122961948
Non-Energy Materials,2025-08-11,-0.0031260792430562708,1.1558023698894782
Non-Energy Materials,2025-08-12,0.015071562866550795,1.1882936808351263
Non-Energy Materials,2025-08-13,0.0063685757472009275,1.2022299948986461
Non-Energy Materials,2025-08-14,-0.0036931915914252297,1.1940967375991018
Non-Energy Materials,2025-08-15,0.00849252790806761,1.2127301653761626
Non-Energy Materials,2025-08-18,-0.011855196980703822,1.1864978134004827
Non-Energy Materials,2025-08-19,0.005108363116842097,1.1976672381855136
Non-Energy Materials,2025-08-20,0.00414064561926077,1.2067669994078996
Non-Energy Materials,2025-08-21,-0.006494927494403856,1.1924342077497019
Non-Energy Materials,2025-08-22,0.007232077506557824,1.2082900618681762
Non-Energy Materials,2025-08-25,0.006153001766295042,1.2218776745193427
Non-Energy Materials,2025-08-26,0.003968695733527239,1.2306956309666273
Non-Energy Materials,2025-08-27,-0.016594956785163897,1.193677333369882
Non-Energy Materials,2025-08-28,-0.004204869048721258,1.1844532074479135
Non-Energy Materials,2025-08-29,-0.0016838737409868416,1.1807748640534776
Non-Energy Materials,2025-09-01,-0.003963633240639021,1.1721310723119651
Non-Energy Materials,2025-09-02,-0.007960056779395111,1.1548407856440734
Non-Energy Materials,2025-09-03,0.005520182047793252,1.1667358990648387
Non-Energy Materials,2025-09-04,-0.00021582498070689459,1.1662682633312258
Non-Energy Materials,2025-09-05,0.01187147697108574,1.1919850671325563
Non-Energy Materials,2025-09-08,-0.006703937854014909,1.177290135465571
Non-Energy Materials,2025-09-09,0.014298289149054942,1.2084216593838426
Non-Energy Materials,2025-09-10,-0.00840234388780326,1.1898657411524263
Non-Energy Materials,2025-09-11,0.003633406674703271,1.1978224139530336
Non-Energy Materials,2025-09-12,0.00739596661049298,1.2140774351424235
Non-Energy Materials,2025-09-15,0.007062680331418713,1.2297147562958415
Non-Energy Materials,2025-09-16,-0.006186318100108352,1.2159210315408897
Non-Energy Materials,2025-09-17,-0.013286561003127587,1.1864790615772085
Non-Energy Materials,2025-09-18,6.154529028860001e-4,1.1878247364627552
Non-Energy Materials,2025-09-19,-0.004875040136373678,1.1771590030611483
Non-Energy Materials,2025-09-22,-0.001333251324569239,1.1742563029365192
Non-Energy Materials,2025-09-23,0.0152933410516068,1.2075079461109328
Non-Energy Materials,2025-09-24,0.005308799281783962,1.219227162709779
Non-Energy Materials,2025-09-25,-0.0047079639472274604,1.2087791212370336
Non-Energy Materials,2025-09-26,-0.01137087157960911,1.1836633775017251
Non-Energy Materials,2025-09-29,0.016879367303292467,1.2205222337173254
Non-Energy Materials,2025-09-30,-0.00805659598461829,1.2026323832054024
Non-Energy Materials,2025-10-01,0.013646894783365986,1.2326914755854412
Non-Energy Materials,2025-10-02,-0.0031094921222638936,1.2257489390306624
Non-Energy Materials,2025-10-03,0.006003293194247904,1.2391107624884499
Non-Energy Materials,2025-10-06,0.00443036345808234,1.2490308369891774
Non-Energy Materials,2025-10-07,-0.009430253606038077,1.2278219058285695
Non-Energy Materials,2025-10-08,0.00879626927069861,1.2474184271993987
Non-Energy Materials,2025-10-09,0.009248993845808053,1.2682047864015211
Non-Energy Materials,2025-10-10,-0.014285892421315607,1.2358014568334759
Non-Energy Materials,2025-10-13,0.0124031365419936,1.2635324075833698
Non-Energy Materials,2025-10-14,-0.013234268470797476,1.2335762120090612
Non-Energy Materials,2025-10-15,0.0159510101587126,1.2692040088570766
Non-Energy Materials,2025-10-16,0.003480888025797425,1.2771028539195988
Non-Energy Materials,2025-10-17,-0.005772331799482608,1.2639586607052262
Non-Energy Materials,2025-10-20,0.0029809557193995785,1.2707074212233396
Non-Energy Materials,2025-10-21,-0.0075668710314198955,1.2535252710168545
Non-Energy Materials,2025-10-22,0.0019468224427007458,1.2579124845896636
Non-Energy Materials,2025-10-23,0.0058473137281985004,1.2711152072578757
Non-Energy Materials,2025-10-24,-0.015242640527554358,1.2364974145569816
Non-Energy Materials,2025-10-27,-0.0063488713408096165,1.2222981802179063
Non-Energy Materials,2025-10-28,-0.0015357654887695905,1.218885251366972
Non-Energy Materials,2025-10-29,0.004885538941604954,1.2297257016694783
Non-Energy Materials,2025-10-30,-0.014080061771097474,1.1983310260573683
Non-Energy Materials,2025-10-31,0.013103417482777128,1.2271366752571398
Non-Energy Materials,2025-11-03,0.0018025283536743204,1.2311511522617988
Non-Energy Materials,2025-11-04,-0.013361754857349263,1.2013390575155842
Non-Energy Materials,2025-11-05,0.0077669185342339716,1.218436678641535
Non-Energy Materials,2025-11-06,-0.0083376729422831,1.1999400791718573
Non-Energy Materials,2025-11-07,0.004914941004144449,1.21075265487364
Non-Energy Materials,2025-11-10,0.015131662520262885,1.2442050179629631
Non-Energy Materials,2025-11-11,0.015072748365810776,1.278031355480009
Non-Energy Materials,2025-11-12,0.024261068983131243,1.3332988313410454
Non-Energy Materials,2025-11-13,0.003539474590412955,1.341557483266417
Non-Energy Materials,2025-11-14,-0.017670728977970354,1.3001804555932779
Non-Energy Materials,2025-11-17,-0.006578056519304006,1.2850497385517867
Non-Energy Materials,2025-11-18,-0.024407126677735032,1.229278240118028
Non-Energy Materials,2025-11-19,0.009558026075448202,1.2505857396665054
Non-Energy Materials,2025-11-20,-0.001505587094482977,1.247197286821836
Non-Energy Materials,2025-11-21,-7.534033205077377e-4,1.2455042409241086
Non-Energy Materials,2025-11-24,0.007700371695874048,1.2627954582238856
Non-Energy Materials,2025-11-25,0.003047552696997924,1.2696914466253508
Non-Energy Materials,2025-11-26,-9.865926331067802e-4,1.2674521857646845
Non-Energy Materials,2025-11-27,0.00994714441138615,1.290006860102399
Non-Energy Materials,2025-11-28,0.0026050194654216275,1.2959723725489152
Non-Energy Materials,2025-12-01,0.00575093158129192,1.3091763525759808
Non-Energy Materials,2025-12-02,-8.755408742478374e-4,1.3071545742934538
Non-Energy Materials,2025-12-03,0.00843177955671058,1.3266079930671526
Non-Energy Materials,2025-12-04,0.012102275955486231,1.3547652450394918
Non-Energy Materials,2025-12-05,0.004584634987039467,1.3655609841681646
Non-Energy Materials,2025-12-08,0.005713898852291106,1.3790775603606273
Non-Energy Materials,2025-12-09,-0.012306161658568142,1.3498002473045578
Non-Energy Materials,2025-12-10,0.006304974671387787,1.3646156783466337
Non-Energy Materials,2025-12-11,0.017417174053843135,1.4058006011868431
Non-Energy Materials,2025-12-12,0.0015619058461292788,1.4095582352104583
Non-Energy Materials,2025-12-15,-0.004416222116851811,1.3989170908402797
Non-Energy Materials,2025-12-16,0.009494443592093043,1.4216934738413705
Non-Energy Materials,2025-12-17,0.01903281654866356,1.4677851214660889
Non-Energy Materials,2025-12-18,-0.0058263237522116085,1.4534070063975366
Non-Energy Materials,2025-12-19,0.008481031759330628,1.4742144291373585
Non-Energy Materials,2025-12-22,0.001014233038616069,1.4767238591560101
Non-Energy Materials,2025-12-23,0.0069768023463317105,1.4940034719877855
Non-Energy Materials,2025-12-24,0,1.4940034719877855
Non-Energy Materials,2025-12-25,0,1.4940034719877855
Non-Energy Materials,2025-12-26,0,1.4940034719877855
Non-Energy Materials,2025-12-29,-0.006313887896417064,1.4782566136523796
Non-Energy Materials,2025-12-30,0.009242218289279123,1.5011612022526046
Non-Energy Materials,2025-12-31,0,1.5011612022526046
Technology,2020-01-01,0,0
Technology,2020-01-02,0.014171126140330031,0.014171126140330115
Technology,2020-01-03,0.004751057715052858,0.018989511693563
Technology,2020-01-06,-0.01448201980276305,0.004232485406408859
Technology,2020-01-07,0.01369663729620467,0.01798709352008654
Technology,2020-01-08,-0.002515868681020055,0.015425971673816763
Technology,2020-01-09,0.004349719855446212,0.01984279018454238
Technology,2020-01-10,-0.0014926944951325013,0.018320476465733204
Technology,2020-01-13,-0.0013681902256875028,0.016927220343215588
Technology,2020-01-14,-0.007378490869794809,0.009423832132667176
Technology,2020-01-15,0.011079561897231227,0.0206078059613215
Technology,2020-01-16,-9.48720346887274e-4,0.019639534569614092
Technology,2020-01-17,0.012797257077729147,0.03268812382011732
Technology,2020-01-20,0.0027297074330738407,0.035507060267756296
Technology,2020-01-21,1.539256840206351e-4,0.03566645140031621
Technology,2020-01-22,0.01244581959163921,0.0485561692115577
Technology,2020-01-23,-0.005233482572063093,0.043068568774159655
Technology,2020-01-24,0.02344899687172875,0.06752748038034362
Technology,2020-01-27,-0.023892813983381864,0.0420212448694679
Technology,2020-01-28,-0.00526842788175172,0.03653143108961987
Technology,2020-01-29,0.0030208066680644688,0.0396625921483138
Technology,2020-01-30,-0.013762282349535254,0.02535446200691882
Technology,2020-01-31,0.003568655297202846,0.029013598639270333
Technology,2020-02-03,0.003938186620784908,0.03306604622603726
Technology,2020-02-04,0.013972317432636229,0.04750037295278586
Technology,2020-02-05,0.016173949765837543,0.06444259136462027
Technology,2020-02-06,-0.01418588955141889,0.0493425263296956
Technology,2020-02-07,0.024318576549976455,0.07486104288339002
Technology,2020-02-10,-0.018000392955808603,0.0555131217385989
Technology,2020-02-11,0.01670778562107197,0.07314840869683592
Technology,2020-02-12,-0.01569434632002274,0.05630604591796651
Technology,2020-02-13,-0.012244416186220712,0.04337219507172563
Technology,2020-02-14,-0.007901397770998044,0.03512809633526448
Technology,2020-02-17,-0.007340396094505064,0.02752984609961273
Technology,2020-02-18,-0.014443092692430779,0.012689137288156793
Technology,2020-02-19,-0.006194254481487049,0.006416283061156269
Technology,2020-02-20,0.01548823185251823,0.022003891793357155
Technology,2020-02-21,-0.005860559603907409,0.016014377070076913
Technology,2020-02-24,-0.0350131220757142,-0.019559458344958425
Technology,2020-02-25,-0.0194350927006669,-0.03861441115951625
Technology,2020-02-26,-0.01997033171845338,-0.05781360027800131
Technology,2020-02-27,-0.036240753865602354,-0.09195914568584429
Technology,2020-02-28,-0.020257593112706442,-0.11035386784225487
Technology,2020-03-02,-0.0057539535089797655,-0.11547285032613419
Technology,2020-03-03,0.03712109232808131,-0.082638236336396
Technology,2020-03-04,0.010495122146492767,-0.07301041257422436
Technology,2020-03-05,-0.005664183249887778,-0.07826105146814188
Technology,2020-03-06,-0.030270500065427364,-0.10616255036998234
Technology,2020-03-09,-0.06049006662375613,-0.1602308372489104
Technology,2020-03-10,-0.002065909297783334,-0.16196572417022959
Technology,2020-03-11,-0.03850376436832948,-0.1942331984593627
Technology,2020-03-12,-0.0647361600448665,-0.24639544708273764
Technology,2020-03-13,0.005669515480240098,-0.24212287440399372
Technology,2020-03-16,-0.08364529599695701,-0.3055157309037946
Technology,2020-03-17,-0.025822098814354162,-0.32344877232541136
Technology,2020-03-18,-0.023755691361384713,-0.3395207144802148
Technology,2020-03-19,0.02993934299028285,-0.319746398613061
Technology,2020-03-20,0.010817520125552413,-0.31238774158957827
Technology,2020-03-23,-0.03583281248880841,-0.337026822710205
Technology,2020-03-24,0.07020205851034479,-0.29048474092731746
Technology,2020-03-25,0.014671252347792152,-0.2800752635168531
Technology,2020-03-26,0.0038121732025641316,-0.27733078572856895
Technology,2020-03-27,-0.0016790009476857993,-0.278544148024194
Technology,2020-03-30,0.02614721406945715,-0.25968008742091997
Technology,2020-03-31,0.03882938397890028,-0.23093392126816104
Technology,2020-04-01,-0.028194904193738286,-0.2526176656766592
Technology,2020-04-02,-0.007896863886175045,-0.2585196422417424
Technology,2020-04-03,0.005052387776653484,-0.2547733959455759
Technology,2020-04-06,0.053631518630635255,-0.21480576144618602
Technology,2020-04-07,0.033891699874363045,-0.1881941939700411
Technology,2020-04-08,-0.013976639007159898,-0.19954051066483836
Technology,2020-04-09,0,-0.19954051066483836
Technology,2020-04-10,0,-0.19954051066483836
Technology,2020-04-13,0,-0.19954051066483836
Technology,2020-04-14,0.056075085900624495,-0.15465467604039917
Technology,2020-04-15,-0.026937118420643207,-0.17742584313823595
Technology,2020-04-16,0.006517995333193102,-0.1720643086226057
Technology,2020-04-17,0.03527205108736256,-0.1428613186192914
Technology,2020-04-20,-0.011090121571706996,-0.15236709079961608
Technology,2020-04-21,-0.019831459763212416,-0.16917688873239822
Technology,2020-04-22,0.002908729084229942,-0.16676024938480372
Technology,2020-04-23,0.021401450218347075,-0.14892771034206465
Technology,2020-04-24,-0.012871158234061611,-0.15988199645087708
Technology,2020-04-27,0.010257091018181029,-0.15126482962246124
Technology,2020-04-28,-0.013462659789094852,-0.16269106247229348
Technology,2020-04-29,0.005346823559146971,-0.158214119318836
Technology,2020-04-30,0.01527631242241604,-0.14535473521277198
Technology,2020-05-01,0,-0.14535473521277198
Technology,2020-05-04,-0.03498391719196892,-0.17525357438459677
Technology,2020-05-05,0.014962061930930888,-0.16291366728722512
Technology,2020-05-06,0.02304315991880393,-0.14362455305667954
Technology,2020-05-07,0.0623646757831051,-0.09021697595944767
Technology,2020-05-08,-0.01329537840445795,-0.10231288553001883
Technology,2020-05-11,-0.014005695148057513,-0.11488561759362481
Technology,2020-05-12,0.015086212171875854,-0.10153259422426342
Technology,2020-05-13,-0.01008642619071364,-0.11059491939738231
Technology,2020-05-14,-0.01179126354968212,-0.121082129105194
Technology,2020-05-15,0.008310310985494269,-0.11377804826734972
Technology,2020-05-18,0.01816666142705771,-0.09767835412099635
Technology,2020-05-19,0.028739211336167605,-0.0717463416468812
Technology,2020-05-20,0.019519427821772253,-0.05362736136236135
Technology,2020-05-21,0,-0.05362736136236135
Technology,2020-05-22,-0.003768658742419752,-0.05719391688054998
Technology,2020-05-25,0.022639759609160797,-0.03584901380067118
Technology,2020-05-26,0.0174379322393306,-0.019036214234843474
Technology,2020-05-27,-0.006998189834971044,-0.025901185028859963
Technology,2020-05-28,5.1543395023058234e-5,-0.02585097666884839
Technology,2020-05-29,0.008145239040313997,-0.017916300012927766
Technology,2020-06-01,0,-0.017916300012927766
Technology,2020-06-02,0.02447625629515758,0.006121432331252397
Technology,2020-06-03,0.00889021292208434,0.015066066090149599
Technology,2020-06-04,0.01118265824601372,0.026417203004361234
Technology,2020-06-05,0.016233034373506067,0.04307906874228906
Technology,2020-06-08,-0.013034857551607904,0.029482681666169297
Technology,2020-06-09,-0.01505610093260356,0.013982686502636232
Technology,2020-06-10,-0.002545400458736751,0.01140169450726125
Technology,2020-06-11,-0.03484991502143496,-0.023845568598852118
Technology,2020-06-12,0.03186825007701041,0.007262764934821586
Technology,2020-06-15,0.011607800456342502,0.018954870117288802
Technology,2020-06-16,0.013071193287706426,0.032273826176041576
Technology,2020-06-17,0.008439559147662916,0.040985762188638475
Technology,2020-06-18,-0.01655248170876504,0.023754864400926223
Technology,2020-06-19,-0.006066428038101231,0.017544329187382024
Technology,2020-06-22,-0.011155303609079794,0.006193313259599487
Technology,2020-06-23,0.004391322228823039,0.010611832322609205
Technology,2020-06-24,-0.008260468093607684,0.0022637055266860884
Technology,2020-06-25,-0.006359583564360664,-0.004110274262136726
Technology,2020-06-26,-0.01107865627681692,-0.01514339422319999
Technology,2020-06-29,0.0022939176424002544,-0.012884214279974215
Technology,2020-06-30,3.249761641844019e-4,-0.012563425178325094
Technology,2020-07-01,0.011841952605366917,-8.702480584809047e-4
Technology,2020-07-02,0.013904432683417416,0.01302208431938956
Technology,2020-07-03,0.009326835513019768,0.022470374670892967
Technology,2020-07-06,2.151886029115222e-4,0.022690398642337017
Technology,2020-07-07,0.0013973968019433782,0.024119502934778048
Technology,2020-07-08,0.030458839563709657,0.05531299456873451
Technology,2020-07-09,-0.02293043627639099,0.031114207195128696
Technology,2020-07-10,-0.004096483901454096,0.026890264444793255
Technology,2020-07-13,0.025792066368522142,0.05337588629854251
Technology,2020-07-14,-0.010628674419769866,0.04217989696143887
Technology,2020-07-15,0.035133177107390515,0.07879498785914718
Technology,2020-07-16,0.027163296214364956,0.10809861566893741
Technology,2020-07-17,0.0315090818801318,0.1430137856813105
Technology,2020-07-20,5.703235310583701e-4,0.14366567333960867
Technology,2020-07-21,0.08640268483230899,0.2424814580667014
Technology,2020-07-22,0.007005841207696926,0.25118608586542446
Technology,2020-07-23,-0.014947995059303667,0.2324833624356386
Technology,2020-07-24,-0.01691187239144978,0.21163976108554206
Technology,2020-07-27,0.018935168255731705,0.23458236382703146
Technology,2020-07-28,0.01231447699171988,0.24978559994076255
Technology,2020-07-29,0.004377374521701091,0.2552563795835321
Technology,2020-07-30,-0.015657383314483228,0.23560234929044244
Technology,2020-07-31,0.00892324908639809,0.2466279368248998
Technology,2020-08-03,0.021141661453346065,0.2729837226235352
Technology,2020-08-04,0.0010737882184058592,0.27435063754711053
Technology,2020-08-05,0.0010236304779009278,0.27565510169923635
Technology,2020-08-06,0.027629263199586092,0.31090051225597937
Technology,2020-08-07,0.010556417918453628,0.32473892591286835
Technology,2020-08-10,-0.020268713694915473,0.29788817190303063
Technology,2020-08-11,0.009741533152249071,0.3105315925575358
Technology,2020-08-12,0.0010382939243260023,0.31189230954772573
Technology,2020-08-13,0.017080399791028544,0.33429995467757667
Technology,2020-08-14,-0.0040124762388194105,0.32894610781397504
Technology,2020-08-17,0.010697939263578902,0.3431630925599385
Technology,2020-08-18,0.004451967042576128,0.34914281038082007
Technology,2020-08-19,0.0035401830304325095,0.3539190228637603
Technology,2020-08-20,-0.006684145677384698,0.34486923087955645
Technology,2020-08-21,0.007726788310667941,0.35526075073209373
Technology,2020-08-24,0.009153052044369038,0.3676655229172352
Technology,2020-08-25,-9.113056428063366e-4,0.3664191616087291
Technology,2020-08-26,0.016529122358100792,0.3890048711234131
Technology,2020-08-27,0.009176911708119484,0.40175164618786074
Technology,2020-08-28,0.001168785488597912,0.40338999317054336
Technology,2020-08-31,-0.018262498792752747,0.37776058511450494
Technology,2020-09-01,0.0011948062677238928,0.37940674209702263
Technology,2020-09-02,-9.432565694988459e-5,0.3792766286498732
Technology,2020-09-03,-0.010546036814464924,0.3647307265468005
Technology,2020-09-04,-0.00825315873614694,0.3534673872285128
Technology,2020-09-07,0.02032446550765572,0.3809758884559755
Technology,2020-09-08,-0.00796492512968539,0.3699765188985229
Technology,2020-09-09,-0.0042065771890435425,0.36421360692459914
Technology,2020-09-10,0.010996283478090977,0.3792148864710112
Technology,2020-09-11,0.006089018764653029,0.3876129517952218
Technology,2020-09-14,0.017193869367630173,0.4114713876212206
Technology,2020-09-15,0.01596965702841273,0.43401210158694914
Technology,2020-09-16,0.01581587184082066,0.456692253203834
Technology,2020-09-17,-0.008214633289516054,0.4447260605280856
Technology,2020-09-18,0.01924620579737547,0.4725315556098406
Technology,2020-09-21,-0.033421141364120104,0.42331787032667645
Technology,2020-09-22,0.019923045791298527,0.45167469743276834
Technology,2020-09-23,0.015310631161031547,0.4739007532909636
Technology,2020-09-24,-1.5570619382345571e-4,0.4736712578145952
Technology,2020-09-25,6.37308869796505e-4,0.4746104415783643
Technology,2020-09-28,0.016492820562456174,0.49893092699084063
Technology,2020-09-29,0.0020710657139428033,0.5020353114412999
Technology,2020-09-30,0.0025592666245020925,0.5058794202826951
Technology,2020-10-01,0.005740430303630996,0.5145238161405001
Technology,2020-10-02,-0.0030723067596626244,0.5098707343825017
Technology,2020-10-05,0.019347097859773833,0.5390823512362086
Technology,2020-10-06,0.004716291973353998,0.5463411129756748
Technology,2020-10-07,-0.00596033376480977,0.5371244038280925
Technology,2020-10-08,-0.010357437043376359,0.5212037345876057
Technology,2020-10-09,-0.0068217387982766695,0.5108264800512861
Technology,2020-10-12,0.020455403454503057,0.5417310452504818
Technology,2020-10-13,-2.1802176411726232e-4,0.541394914328202
Technology,2020-10-14,0.024385822926986937,0.5789830977695676
Technology,2020-10-15,-0.010970683981689275,0.5616605731915087
Technology,2020-10-16,0.01235466533582949,0.5809543669414496
Technology,2020-10-19,0.010062015691226446,0.5968619545887277
Technology,2020-10-20,-6.575294065007671e-4,0.5958119708954632
Technology,2020-10-21,-0.03400917355391669,0.5415397246178617
Technology,2020-10-22,-7.78506087781033e-4,0.5403396265576903
Technology,2020-10-23,-0.002890202870310011,0.5358877325477609
Technology,2020-10-26,-0.0450266494528448,0.4667318540154082
Technology,2020-10-27,0.012733317580501346,0.4854082165180238
Technology,2020-10-28,-0.028942545853102835,0.44241672110087515
Technology,2020-10-29,-9.377283314478641e-4,0.44106412607574486
Technology,2020-10-30,0.014349851009657391,0.4617431815802937
Technology,2020-11-02,-0.004903441625396284,0.4545756092180939
Technology,2020-11-03,0.010736608810040295,0.4701928185188946
Technology,2020-11-04,0.03071824473330842,0.5153545613233106
Technology,2020-11-05,0.03360121514016179,0.5662723159519605
Technology,2020-11-06,-0.008011699766814588,0.55372381240348
Technology,2020-11-09,-0.03208692210984926,0.5038695974546716
Technology,2020-11-10,-0.04257480074877209,0.43984264899090286
Technology,2020-11-11,0.0021570397667903317,0.44294844684269696
Technology,2020-11-12,0.0152899924148765,0.4650111176499796
Technology,2020-11-13,-0.012094029161426737,0.4472932304713064
Technology,2020-11-16,-0.011114312262307592,0.43120756157272444
Technology,2020-11-17,-0.006583858454643779,0.42178469356811354
Technology,2020-11-18,0.0028845719193674626,0.4258859337705667
Technology,2020-11-19,-0.0038415307158733906,0.42040834915865544
Technology,2020-11-20,0.020162382467920653,0.4490471655550199
Technology,2020-11-23,0.009817266798322791,0.46327284818262693
Technology,2020-11-24,-0.013729050016962865,0.44318350206146384
Technology,2020-11-25,0.032710402583402166,0.49039061541561857
Technology,2020-11-26,0.028855660223542304,0.533396820614408
Technology,2020-11-27,0.009206632858216287,0.547514242167761
Technology,2020-11-30,-0.03507238493857047,0.49323922696853306
Technology,2020-12-01,-0.004559324677300503,0.4864310645119023
Technology,2020-12-02,-0.010323569005394814,0.4710857908456514
Technology,2020-12-03,-1.289186325158977e-4,0.4708961404771821
Technology,2020-12-04,-0.0017030400660871371,0.4683911454168965
Technology,2020-12-07,-0.009299552806091784,0.45473576442009445
Technology,2020-12-08,0.023954403728119328,0.48958309223874785
Technology,2020-12-09,-0.010767749506255963,0.47354363463276683
Technology,2020-12-10,-0.00848630180091899,0.4610386986324502
Technology,2020-12-11,-0.0019377888510402207,0.4582075141313018
Technology,2020-12-14,-0.015717043319165316,0.43528880346336773
Technology,2020-12-15,0.00983294313801867,0.44940191665445783
Technology,2020-12-16,0.0030631111089251483,0.4538415957666595
Technology,2020-12-17,0.013565913393368843,0.47356428494250724
Technology,2020-12-18,0.027581376631576556,0.514207216476346
Technology,2020-12-21,-0.011579352875121473,0.49667367679071095
Technology,2020-12-22,0.008838419891897455,0.5099019071873372
Technology,2020-12-23,0.00425369337048459,0.516324566920022
Technology,2020-12-24,0,0.516324566920022
Technology,2020-12-25,0,0.516324566920022
Technology,2020-12-28,0.0030316765473558673,0.5209215725477332
Technology,2020-12-29,0.013202709310607946,0.5410018579543137
Technology,2020-12-30,0.007463157731371831,0.5525025978845637
Technology,2020-12-31,0,0.5525025978845637
Technology,2021-01-01,0,0.5525025978845637
Technology,2021-01-04,0.004195714692282656,0.5590164558443149
Technology,2021-01-05,0.01044942195926047,0.5753072766328631
Technology,2021-01-06,-0.007666596583298939,0.5632300312481835
Technology,2021-01-07,0.0014496487599726694,0.5654961657245345
Technology,2021-01-08,0.012566097119726545,0.5851683425835885
Technology,2021-01-11,-0.0015215876575299168,0.5827563699984062
Technology,2021-01-12,-0.00760666232601706,0.5707168767474757
Technology,2021-01-13,-0.0012289986551474595,0.5687864678183356
Technology,2021-01-14,-0.006089381937967927,0.5592335278366742
Technology,2021-01-15,-0.0038658504691146916,0.5532057641716275
Technology,2021-01-18,0.017450709871066467,0.5803103073322546
Technology,2021-01-19,0.013733692950915059,0.6020138038603222
Technology,2021-01-20,0.019105509512574677,0.6326210938292516
Technology,2021-01-21,-0.01003646505455205,0.6162353492737098
Technology,2021-01-22,-0.016871457440941946,0.5889671033638924
Technology,2021-01-25,-0.010039644336707747,0.5730144387833902
Technology,2021-01-26,-0.01667817400998982,0.5467794302531344
Technology,2021-01-27,-0.04070843374857934,0.4838124622930091
Technology,2021-01-28,0.01164578426519479,0.501092622118881
Technology,2021-01-29,0.011457339045084405,0.5182911492285718
Technology,2021-02-01,0.02255157766170117,0.5525310099934735
Technology,2021-02-02,0.020038584124839307,0.5836415332436495
Technology,2021-02-03,0.014832195400421945,0.6071304139089433
Technology,2021-02-04,0.018756285647597928,0.6372742110251619
Technology,2021-02-05,0.008823522897287038,0.65172073751528
Technology,2021-02-08,0.022754576189461143,0.6893049428807845
Technology,2021-02-09,0.011480900697933056,0.7086996851785261
Technology,2021-02-10,-0.02602197975153566,0.6642359365693553
Technology,2021-02-11,0.015111828480335177,0.6893855845936012
Technology,2021-02-12,0.030740589083943132,0.7413182926539301
Technology,2021-02-15,-0.003864653602166846,0.7345887006417062
Technology,2021-02-16,-0.009980175323879095,0.7172772012944824
Technology,2021-02-17,-0.010052925330160205,0.7000135418186824
Technology,2021-02-18,-0.020235860823162543,0.6656123043889479
Technology,2021-02-19,0.025096963608624897,0.7074141157782754
Technology,2021-02-22,-0.00847195434790062,0.6929489813364407
Technology,2021-02-23,-0.023988473241276266,0.6523377199988056
Technology,2021-02-24,-0.004674524655169269,0.644613826588005
Technology,2021-02-25,0.03687199106565647,0.705254012908413
Technology,2021-02-26,-0.02249144726457191,0.666900382204384
Technology,2021-03-01,0.015610604388485634,0.6929217046259921
Technology,2021-03-02,0.030176448730970296,0.7440080696511853
Technology,2021-03-03,-0.017698260032067873,0.7131421613364739
Technology,2021-03-04,-0.005125148072091708,0.7043620540910811
Technology,2021-03-05,-0.006120810441691098,0.6939299770339784
Technology,2021-03-08,-0.008349129700104475,0.6797871359528267
Technology,2021-03-09,0.03759370292141564,0.7429365545130528
Technology,2021-03-10,-0.00685590166980696,0.7309871528785992
Technology,2021-03-11,-0.004891501679406488,0.7225200263132627
Technology,2021-03-12,-0.01301540692728147,0.7001007272304041
Technology,2021-03-15,0.005930248912486736,0.7101827477191802
Technology,2021-03-16,8.665621391219542e-4,0.7116647273393333
Technology,2021-03-17,-0.029331539289303987,0.6614589661392638
Technology,2021-03-18,0.012732506149243789,0.6826135026423481
Technology,2021-03-19,-0.0010304939538382993,0.6808795796012286
Technology,2021-03-22,0.010530108712061238,0.6985794243063135
Technology,2021-03-23,0.007231653410656817,0.7108629619933697
Technology,2021-03-24,-0.005674607915794562,0.7011544854864025
Technology,2021-03-25,-0.027003665214347737,0.6552170792824419
Technology,2021-03-26,0.021735858697446084,0.6911946438313243
Technology,2021-03-29,-0.024537343873226466,0.6496972192990764
Technology,2021-03-30,-0.016006391378845467,0.6232915199503821
Technology,2021-03-31,0.005013256469356972,0.6314294966644258
Technology,2021-04-01,0,0.6314294966644258
Technology,2021-04-02,0,0.6314294966644258
Technology,2021-04-05,0,0.6314294966644258
Technology,2021-04-06,0.04493724348033799,0.7047414411770403
Technology,2021-04-07,-0.01618977351714503,0.6771420633390925
Technology,2021-04-08,-0.0033608948733850116,0.671505365176478
Technology,2021-04-09,0.009637782700889632,0.6876149706694199
Technology,2021-04-12,-0.02612122039120942,0.6435324080850595
Technology,2021-04-13,0.042544432470505836,0.713455561633922
Technology,2021-04-14,0.0015845608718474988,0.7161706362725364
Technology,2021-04-15,0.009607935438053238,0.7326594929465258
Technology,2021-04-16,0.02704015171930097,0.7795108685136869
Technology,2021-04-19,-0.017352086923210157,0.7486326412424404
Technology,2021-04-20,-0.011603777204105938,0.7283418976616356
Technology,2021-04-21,-0.028234418504334387,0.6795431692044815
Technology,2021-04-22,0.02565281487297029,0.7226281791952458
Technology,2021-04-23,0.039046809784266605,0.7898913140373003
Technology,2021-04-26,0.0019290700199593085,0.793344139710195
Technology,2021-04-27,0.00999942184374319,0.8112765442741618
Technology,2021-04-28,6.831243594557253e-5,0.8114002769870723
Technology,2021-04-29,0.009699788989405041,0.8289704774491968
Technology,2021-04-30,-0.004981361400238274,0.8198597145106559
Technology,2021-05-03,0.006162624259631384,0.8310748261364249
Technology,2021-05-04,-0.039278274271534616,0.7591533669037358
Technology,2021-05-05,-0.004491655725252944,0.7512518556116847
Technology,2021-05-06,-0.017123907032803528,0.7212635816451656
Technology,2021-05-07,0.02325583427518808,0.7612930022438222
Technology,2021-05-10,-0.0390994010091298,0.6924275008545169
Technology,2021-05-11,-0.054733200669565225,0.5997955268315558
Technology,2021-05-12,-0.016788389888685782,0.5729375357849322
Technology,2021-05-13,0,0.5729375357849322
Technology,2021-05-14,0.010943297808683418,0.5901506596734833
Technology,2021-05-17,0,0.5901506596734833
Technology,2021-05-18,-0.0014390024895438538,0.5878624289154635
Technology,2021-05-19,-0.024810303856365446,0.5484670795719644
Technology,2021-05-20,0.05262667669598076,0.6299577559429679
Technology,2021-05-21,0.007543784186940423,0.6422538054876312
Technology,2021-05-24,0,0.6422538054876312
Technology,2021-05-25,0.029448873774268233,0.690616330510748
Technology,2021-05-26,-5.93047725005241e-4,0.689613714342082
Technology,2021-05-27,0.0013099326573945784,0.6918269945248805
Technology,2021-05-28,0.021583188685839683,0.7283420157715081
Technology,2021-05-31,-5.439569435510168e-4,0.7274018721311981
Technology,2021-06-01,-0.001161536383968297,0.7253954320069829
Technology,2021-06-02,0.002597072359984769,0.7298764087934924
Technology,2021-06-03,-0.010451803217049187,0.711796080978967
Technology,2021-06-04,0.014165845921286318,0.7360451205107768
Technology,2021-06-07,-4.684537886458085e-4,0.7352318635968134
Technology,2021-06-08,0.008276174758437565,0.7495929457463502
Technology,2021-06-09,-0.0013536225897485593,0.7472246572121231
Technology,2021-06-10,-0.0012289728061133415,0.7450773656222387
Technology,2021-06-11,-0.014180668241244008,0.7203310024450458
Technology,2021-06-14,-0.0039188622142068245,0.7135892622836355
Technology,2021-06-15,0.011780450324791102,0.7337761154650633
Technology,2021-06-16,-0.01160139136344529,0.7136619002129592
Technology,2021-06-17,-0.018511084207429137,0.6819401604750541
Technology,2021-06-18,-0.0085298100179478,0.6675935304446452
Technology,2021-06-21,-0.013368785391364917,0.6452998304161022
Technology,2021-06-22,0.01152966948585452,0.6642695936659322
Technology,2021-06-23,0.013028337484249019,0.685952259596986
Technology,2021-06-24,-0.00986024769835114,0.6693283527097649
Technology,2021-06-25,0.00577179538326054,0.678963374389081
Technology,2021-06-28,0.01955496840060882,0.7117954501210393
Technology,2021-06-29,-0.005409629137301504,0.7025352715769644
Technology,2021-06-30,-0.00836357034753422,0.6882959980639722
Technology,2021-07-01,0.01630077035994417,0.7158165234280258
Technology,2021-07-02,0.003309696162232902,0.7214953547907115
Technology,2021-07-05,-0.0011512988493993415,0.7195133991694946
Technology,2021-07-06,0.025346761575166184,0.7630974953235474
Technology,2021-07-07,-0.043914165815234676,0.6856725395654841
Technology,2021-07-08,-0.015934657685997222,0.6588119246768225
Technology,2021-07-09,0.0029142523498102814,0.6636461212262053
Technology,2021-07-12,0.016507942624560252,0.6911094959429795
Technology,2021-07-13,0.014042042514578966,0.714856127381819
Technology,2021-07-14,0.017933424880466137,0.7456093709230278
Technology,2021-07-15,-0.013503951581916912,0.7220367464971429
Technology,2021-07-16,-3.89314367854741e-4,0.7213663328497577
Technology,2021-07-19,-0.03748037101540806,0.6568488840411166
Technology,2021-07-20,0.010924954683671325,0.6749498830169574
Technology,2021-07-21,0.03600811061923961,0.7352616636863143
Technology,2021-07-22,0.007545446740870995,0.7483549881511347
Technology,2021-07-23,0.0036134330766566186,0.7546725518950577
Technology,2021-07-26,-0.006543872401398376,0.7431901986092202
Technology,2021-07-27,-0.009059471936270198,0.7273978159253387
Technology,2021-07-28,0.0046943262436585035,0.7355067848258754
Technology,2021-07-29,0.002329796787263113,0.7395501629574359
Technology,2021-07-30,-5.868900009681706e-4,0.7385292383606139
Technology,2021-08-02,0.0021029630532417927,0.742185301115867
Technology,2021-08-03,-0.0066839666390623,0.7305405926841437
Technology,2021-08-04,0.00652308908911566,0.7418290631425535
Technology,2021-08-05,0.026717794834008036,0.7883668946875086
Technology,2021-08-06,-0.003008270034784532,0.7829870041470195
Technology,2021-08-09,-0.0032138237109049605,0.7772567982368563
Technology,2021-08-10,0.006461162466157985,0.7887399431543485
Technology,2021-08-11,-0.006250781027726269,0.777558921454143
Technology,2021-08-12,-0.0076957573578394405,0.7638792593053692
Technology,2021-08-13,-0.013901735193992374,0.7393582769283304
Technology,2021-08-16,-0.01985745076263793,0.7048190555856395
Technology,2021-08-17,-0.007886641555982699,0.6913737587764266
Technology,2021-08-18,0.01652638057721101,0.7193260452122734
Technology,2021-08-19,0.032095088174895585,0.7745079662347558
Technology,2021-08-20,0.028284469757409333,0.8246989831400049
Technology,2021-08-23,0.037408651299740386,0.8929585111272804
Technology,2021-08-24,-0.008944324955047503,0.876027275077335
Technology,2021-08-25,0.021886041883450415,0.9170860865941728
Technology,2021-08-26,0.00831214298083137,0.9330211802525059
Technology,2021-08-27,-0.013954595476496827,0.9060466516345818
Technology,2021-08-30,0.01868917253422792,0.9416690863652679
Technology,2021-08-31,-0.014698011865271936,0.9131304110954395
Technology,2021-09-01,0.01968242127069011,0.9507854497923884
Technology,2021-09-02,0.027267184626305493,1.0039778768181877
Technology,2021-09-03,-0.006682493170919174,0.9905863083416773
Technology,2021-09-06,0.015211081184981823,1.0208652782835754
Technology,2021-09-07,-0.006296410956997094,1.0081410800027757
Technology,2021-09-08,-0.008205167274003833,0.9916639465315544
Technology,2021-09-09,0.0205581808558032,1.032608934148333
Technology,2021-09-10,-0.001167484783257059,1.0302358941474026
Technology,2021-09-13,-0.03594764787737866,0.9572536891165768
Technology,2021-09-14,-0.016016983355892543,0.9259043893547374
Technology,2021-09-15,-0.0021495101359282343,0.9217646383489906
Technology,2021-09-16,4.165435652027014e-4,0.9225651370429289
Technology,2021-09-17,0.021896271778375647,0.9646621457952509
Technology,2021-09-20,-0.06703529629302563,0.8329604367361747
Technology,2021-09-21,0.0022915953585059042,0.8371608403653243
Technology,2021-09-22,0.009430952290962805,0.8544870166016347
Technology,2021-09-23,0.029700848110280502,0.9095668538042072
Technology,2021-09-24,-0.019716187355849315,0.8719174759460837
Technology,2021-09-27,-0.019175584270886184,0.836022364637935
Technology,2021-09-28,-0.04392376061770702,0.7553773578048222
Technology,2021-09-29,0.019893344846796807,0.7902976849198924
Technology,2021-09-30,0.019921558758852757,0.8259632054458623
Technology,2021-10-01,0.0017609194242004201,0.8291785795222069
Technology,2021-10-04,-0.008944605734703267,0.8128172983100164
Technology,2021-10-05,0.019561210990634598,0.8482781999697309
Technology,2021-10-06,-0.012215230369904146,0.8257010559694289
Technology,2021-10-07,0.005865092917842233,0.8364089623028925
Technology,2021-10-08,-0.0023323481637071257,0.83212581723185
Technology,2021-10-11,-0.018673841027782398,0.7979129909779665
Technology,2021-10-12,0.01443141850222181,0.8238594257813512
Technology,2021-10-13,0.021927424624576038,0.863851965865994
Technology,2021-10-14,0.009581312142031489,0.8817101133374949
Technology,2021-10-15,-0.013530479277020486,0.8562496736436223
Technology,2021-10-18,0.0037470017311363193,0.8632050443841861
Technology,2021-10-19,5.478849969447558e-4,0.8642258664742359
Technology,2021-10-20,-1.3019030841417267e-4,0.8639831623337257
Technology,2021-10-21,-0.027384391015395478,0.8129391185702657
Technology,2021-10-22,0.01280469527364947,0.8361532515332368
Technology,2021-10-25,-0.033648862378720584,0.7743687834661546
Technology,2021-10-26,0.006311726075530499,0.7855681131843655
Technology,2021-10-27,-0.004341402258286514,0.7778162437454623
Technology,2021-10-28,0.013181840232005682,0.8012511334323795
Technology,2021-10-29,-0.02357321421837087,0.7587898546028946
Technology,2021-11-01,6.207303166015422e-4,0.7598815887861778
Technology,2021-11-02,-0.011860230541887977,0.7390089874167496
Technology,2021-11-03,0.01653616829180151,0.7677655326936281
Technology,2021-11-04,0.022132873421098914,0.8068912634669176
Technology,2021-11-05,-0.01641460333260019,0.7772318601119674
Technology,2021-11-08,-9.477467131924657e-4,0.7755474944579654
Technology,2021-11-09,0.01985786816349004,0.8108060825209269
Technology,2021-11-10,0.005752664481475596,0.8212230423546849
Technology,2021-11-11,0.016700138877510862,0.8516377200889309
Technology,2021-11-12,0.01246996456169514,0.874727576839538
Technology,2021-11-15,0.002670126202337329,0.8797333360647017
Technology,2021-11-16,-9.286909260181849e-4,0.8779876447721644
Technology,2021-11-17,0.0027220348295031753,0.8830995925506109
Technology,2021-11-18,-0.01806907632787309,0.8490737222798272
Technology,2021-11-19,0.02367615569386806,0.8928526796179646
Technology,2021-11-22,0.00695539504442571,0.9060182177656071
Technology,2021-11-23,-0.0424510842054369,0.8251056779061425
Technology,2021-11-24,-0.021113176602519265,0.7865718994102497
Technology,2021-11-25,0.005788927550332063,0.7969142346993947
Technology,2021-11-26,-0.008085196568115006,0.7823858298958062
Technology,2021-11-29,0.0034110461725227596,0.7884656302588309
Technology,2021-11-30,-3.05054402403019e-4,0.7879200509447739
Technology,2021-12-01,-0.009898831192963682,0.7702217321739568
Technology,2021-12-02,-0.02994778266166246,0.7172075164758596
Technology,2021-12-03,-0.007941251546157276,0.7035707396305726
Technology,2021-12-06,-0.03249175954049828,0.6482187287982673
Technology,2021-12-07,0.031805710557071286,0.7006414966211687
Technology,2021-12-08,-0.002706609946895652,0.6960385234303104
Technology,2021-12-09,-0.035640179082847084,0.6355914067238466
Technology,2021-12-10,-0.010119278169702147,0.6190404023072336
Technology,2021-12-13,-0.02518559548515588,0.5782639056605996
Technology,2021-12-14,-0.023882556112718667,0.5405709293729817
Technology,2021-12-15,-1.4204248946919421e-5,0.5405490467199805
Technology,2021-12-16,0.025568435537706526,0.5799384757137156
Technology,2021-12-17,-0.0075693724973170135,0.5679793328681952
Technology,2021-12-20,0.006640515349909498,0.5783915236964472
Technology,2021-12-21,-5.174306931838258e-4,0.5775748154762255
Technology,2021-12-22,0.021571751902166807,0.6116058680027852
Technology,2021-12-23,0.01900360185087274,0.6422321842588403
Technology,2021-12-24,0,0.6422321842588403
Technology,2021-12-27,0.008787071150051411,0.6566625953068272
Technology,2021-12-28,-0.007116592946878013,0.64487280196571
Technology,2021-12-29,-0.008584757244361012,0.6307519682629825
Technology,2021-12-30,0.009334332037952642,0.6459739486062939
Technology,2021-12-31,0,0.6459739486062939
Technology,2022-01-03,0.013609498551164233,0.6683748286751054
Technology,2022-01-04,-0.026451215377435333,0.6242442867515285
Technology,2022-01-05,-0.0019210513987185695,0.621124029992604
Technology,2022-01-06,-0.03586301119298142,0.562985640759768
Technology,2022-01-07,6.085669607629284e-4,0.5639368221808814
Technology,2022-01-10,-0.0527535387772302,0.4814336203868239
Technology,2022-01-11,0.016554798126031698,0.505958454909444
Technology,2022-01-12,0.006054250889617199,0.5150759052248062
Technology,2022-01-13,-3.610540373011754e-4,0.5145288809524071
Technology,2022-01-14,-0.022414230596363008,0.48058188136988833
Technology,2022-01-17,0.012177112698072097,0.498611093798053
Technology,2022-01-18,-0.031738416424032384,0.4510475508454157
Technology,2022-01-19,0.02836638127596607,0.49220851892225337
Technology,2022-01-20,-0.019834707220343157,0.4626109998377286
Technology,2022-01-21,-0.027307419250255947,0.42267086806512366
Technology,2022-01-24,-0.06393177175924733,0.33171699883945394
Technology,2022-01-25,-0.022514829038384573,0.301733618283073
Technology,2022-01-26,0.04174885380159564,0.35607950480139516
Technology,2022-01-27,-8.605698450548332e-4,0.35491250367206617
Technology,2022-01-28,-0.02215794042938379,0.3248904331286733
Technology,2022-01-31,0.04077915023733433,0.37891833914923434
Technology,2022-02-01,0.019159768256821256,0.40533809497241435
Technology,2022-02-02,0.026372171323469626,0.4423999119804254
Technology,2022-02-03,-0.038724306527165464,0.3865439756541391
Technology,2022-02-04,-0.022173501836717943,0.3557994402632818
Technology,2022-02-07,4.418061991906492e-4,0.3563984408608494
Technology,2022-02-08,-0.03726935524999827,0.3058463455078626
Technology,2022-02-09,0.03457722793514547,0.35099889224476466
Technology,2022-02-10,-0.012862675101177029,0.3336214324317701
Technology,2022-02-11,-0.0536618180577801,0.2620568817666604
Technology,2022-02-14,-0.02707196257301008,0.22789052509846375
Technology,2022-02-15,0.05026651577508123,0.2896123035483984
Technology,2022-02-16,-0.028612437734151185,0.25271335181192445
Technology,2022-02-17,-0.01144791190010943,0.2383723997242908
Technology,2022-02-18,-0.010590012590354459,0.22525802041966303
Technology,2022-02-21,-0.006377030680685081,0.2174445124316915
Technology,2022-02-22,0.018930108990520486,0.24049086974193457
Technology,2022-02-23,-0.0038596574399157937,0.2357029999273874
Technology,2022-02-24,-0.021742139115178298,0.20883617339792293
Technology,2022-02-25,0.045137241056819606,0.26339970315478833
Technology,2022-02-28,0.02576880460984814,0.2959560032495243
Technology,2022-03-01,-0.005106624540339093,0.2893380425201306
Technology,2022-03-02,0.004989980631753818,0.29577181438008915
Technology,2022-03-03,-0.015424839759578077,0.2757847417782986
Technology,2022-03-04,-0.03542396972127654,0.2305913817146774
Technology,2022-03-07,-0.02803967627782301,0.1960859977411189
Technology,2022-03-08,-0.012804865267187666,0.1807702776920741
Technology,2022-03-09,0.0710102760406358,0.26461710105156633
Technology,2022-03-10,-0.02536859116514201,0.23253554683454225
Technology,2022-03-11,0.01486486252097756,0.2508570182904555
Technology,2022-03-14,3.611270789971361e-4,0.2513087366317137
Technology,2022-03-15,-0.022218957043401946,0.22350596156446012
Technology,2022-03-16,0.06051308296236692,0.2975440793215609
Technology,2022-03-17,-0.007417912966243909,0.2879190102712885
Technology,2022-03-18,-0.001032304277311559,0.2865894859681546
Technology,2022-03-21,-0.0020249173979574203,0.2839842485339885
Technology,2022-03-22,-0.007329652501078234,0.27457309017537646
Technology,2022-03-23,-0.01683979076132259,0.2531095460268107
Technology,2022-03-24,-0.02315017555303762,0.22409984004910277
Technology,2022-03-25,0.010544212895329651,0.23700700936771946
Technology,2022-03-28,-0.015872898067597837,0.2173721231991217
Technology,2022-03-29,0.03518285224215173,0.260202746733351
Technology,2022-03-30,-0.026649009329856522,0.22661959197814308
Technology,2022-03-31,-0.021185845425893197,0.20063261890612205
Technology,2022-04-01,-0.04347905663483262,0.1484302452710753
Technology,2022-04-04,-4.7905590864860616e-4,0.1478800829764073
Technology,2022-04-05,-0.03160851178846072,0.1115973018419083
Technology,2022-04-06,-0.03692224758639332,0.07055463104693471
Technology,2022-04-07,-0.010781234942343827,0.05901273005100349
Technology,2022-04-08,0.01405793587906262,0.0739002631051715
Technology,2022-04-11,-0.013261541476164474,0.059658690224738464
Technology,2022-04-12,0.005611103480732788,0.06560454478984723
Technology,2022-04-13,-0.0033573636075941767,0.0620269228710828
Technology,2022-04-14,0,0.0620269228710828
Technology,2022-04-15,0,0.0620269228710828
Technology,2022-04-18,0,0.0620269228710828
Technology,2022-04-19,-0.011060461906350079,0.05028041454714893
Technology,2022-04-20,0.01165223189337433,0.06251852549052139
Technology,2022-04-21,0.001679335096213224,0.06430285014075454
Technology,2022-04-22,-0.008454240315652981,0.055304978077030054
Technology,2022-04-25,-0.01699125619033743,0.03737402083558483
Technology,2022-04-26,-0.011191185295721948,0.025764575947445634
Technology,2022-04-27,-0.025274233853901845,-1.608378240984809e-4
Technology,2022-04-28,0.0260095857615827,0.025844564612304666
Technology,2022-04-29,0.03476341888422353,0.06150642892202618
Technology,2022-05-02,-0.04806316447988214,0.01048707083229461
Technology,2022-05-03,0.01322709780433713,0.023852882148211574
Technology,2022-05-04,-0.010553448498226523,0.013047703486699591
Technology,2022-05-05,0.00292721664981579,0.01601311359140345
Technology,2022-05-06,-0.016655134982110884,-9.087219590561135e-4
Technology,2022-05-09,-0.06638697368663458,-0.0672353683449064
Technology,2022-05-10,0.026909204133413186,-0.042135414463271625
Technology,2022-05-11,0.008504175317875307,-0.033989566097083146
Technology,2022-05-12,0.001211015192005915,-0.032819712785990496
Technology,2022-05-13,0.05323816416802319,0.01867119012478491
Technology,2022-05-16,-0.010508473851478987,0.007966510560103446
Technology,2022-05-17,0,0.007966510560103446
Technology,2022-05-18,-0.005385461624051397,0.0025381455991531077
Technology,2022-05-19,0.010356014800508295,0.012920445473052045
Technology,2022-05-20,0.009934353087749623,0.022983154828181807
Technology,2022-05-23,-0.01591570659604262,0.006701655083242608
Technology,2022-05-24,-0.03851284952472826,-0.032069294275273275
Technology,2022-05-25,0.014574179370135984,-0.017962498552178796
Technology,2022-05-26,0,-0.017962498552178796
Technology,2022-05-27,0.060518443213491604,0.04146888221271028
Technology,2022-05-30,0.0290654796347211,0.07173967479885968
Technology,2022-05-31,-0.0053469553122723334,0.06600913065132086
Technology,2022-06-01,-0.007223409193713393,0.05830891049639164
Technology,2022-06-02,-0.023196125042855082,0.033760244674549744
Technology,2022-06-03,-0.006457059070775878,0.027085193709666333
Technology,2022-06-06,0,0.027085193709666333
Technology,2022-06-07,-0.022627992489615462,0.0038443176602087625
Technology,2022-06-08,0.02611373239265935,0.030058439535479264
Technology,2022-06-09,-0.03613845607650258,-0.007166282137904378
Technology,2022-06-10,-0.02621203470662014,-0.033190474008408244
Technology,2022-06-13,-0.057894651894439896,-0.08916357496391991
Technology,2022-06-14,-0.040528480798866645,-0.12607839152690303
Technology,2022-06-15,2.4634988473414037e-4,-0.12586310103938902
Technology,2022-06-16,-0.04042460229825186,-0.16119973753409889
Technology,2022-06-17,0.03807557473293298,-0.12926193545457476
Technology,2022-06-20,0.02072769703880615,-0.11121354065252076
Technology,2022-06-21,0.00346045211691638,-0.10813793766778512
Technology,2022-06-22,-6.790859867764057e-4,-0.1087435886964524
Technology,2022-06-23,0.002314589501702235,-0.10668069596352436
Technology,2022-06-24,0.039120568499625766,-0.07173353693792739
Technology,2022-06-27,0.011195737992483318,-0.0613409088302751
Technology,2022-06-28,0.0032056906890002737,-0.058331858121566826
Technology,2022-06-29,-0.024114236902824104,-0.08103946677866547
Technology,2022-06-30,-0.013000781877319128,-0.09298667222494095
Technology,2022-07-01,0.007757195968933843,-0.08595079209495504
Technology,2022-07-04,-0.012357821225288817,-0.09724644879736244
Technology,2022-07-05,-0.00867019455328117,-0.10507349771995489
Technology,2022-07-06,0.015392943999169935,-0.091297944186985
Technology,2022-07-07,0.04257505805244633,-0.05260990140836852
Technology,2022-07-08,-0.005630658634494999,-0.057944331647238556
Technology,2022-07-11,-0.008144031099329287,-0.06561646230760287
Technology,2022-07-12,-0.007709343423909182,-0.07281994588932073
Technology,2022-07-13,-0.035425196301945856,-0.10566548131344022
Technology,2022-07-14,-0.014860376789581803,-0.11895562923705194
Technology,2022-07-15,0.006450280746764178,-0.11327264569527473
Technology,2022-07-18,0.03320888839286405,-0.08382541595126947
Technology,2022-07-19,0.010367799514164092,-0.07432670154387966
Technology,2022-07-20,0.03614538625744087,-0.04086788262298391
Technology,2022-07-21,0.01602116574898308,-0.02550146799531361
Technology,2022-07-22,0.017224662334181372,-0.008716059836377466
Technology,2022-07-25,-0.01998717134618521,-0.028529021801149357
Technology,2022-07-26,-0.02329208786350038,-0.051156609182197665
Technology,2022-07-27,0.02487664368393239,-0.027552570236968887
Technology,2022-07-28,5.858936831881953e-4,-0.026982819430638183
Technology,2022-07-29,0.044752161824449105,0.016561802892171018
Technology,2022-08-01,-0.005291684482783584,0.011182478574015997
Technology,2022-08-02,-0.020464356419984592,-0.009510720073166001
Technology,2022-08-03,0.026101905867343567,0.01634293787409713
Technology,2022-08-04,0.04189733744760409,0.058925000904697544
Technology,2022-08-05,-0.023569651045513392,0.033966508150004016
Technology,2022-08-08,-0.01237695728768136,0.02116914884173826
Technology,2022-08-09,-0.0285312269793114,-0.007966059928135705
Technology,2022-08-10,0.026598848499376073,0.018420900550074837
Technology,2022-08-11,0.04821674491174884,0.0675258413246913
Technology,2022-08-12,3.5044158767672255e-4,0.06789994677541111
Technology,2022-08-15,-0.016391839756570725,0.05039510197181807
Technology,2022-08-16,-0.02803848902059757,0.020943610437891724
Technology,2022-08-17,-0.04108114423267876,-0.020997921275939024
Technology,2022-08-18,0.006040905047228293,-0.015083862677327864
Technology,2022-08-19,-0.003345333586107604,-0.018378735711012673
Technology,2022-08-22,-0.02792280076569217,-0.04578835070112097
Technology,2022-08-23,-6.710102621482297e-4,-0.046428636510061905
Technology,2022-08-24,-0.004183005301422836,-0.050417430578825306
Technology,2022-08-25,0.010454630964889883,-0.04048989524483493
Technology,2022-08-26,-0.037980317839034126,-0.07693239399320106
Technology,2022-08-29,-0.01649247635504079,-0.09215606465937232
Technology,2022-08-30,0.017228033380255685,-0.0765156990372613
Technology,2022-08-31,0.019591807064769814,-0.058422972785455496
Technology,2022-09-01,-0.04785845469647383,-0.1034853942856433
Technology,2022-09-02,0.009904088370060085,-0.09460623440559879
Technology,2022-09-05,-0.01826220293698386,-0.11114071909076373
Technology,2022-09-06,-0.016218421823142634,-0.12555661384996497
Technology,2022-09-07,0.005142979816506732,-0.12105936916431748
Technology,2022-09-08,0.01270319190904157,-0.10989401765415763
Technology,2022-09-09,0.03197601321436356,-0.08143197700048288
Technology,2022-09-12,0.002727836484200052,-0.07892627363412519
Technology,2022-09-13,-0.03540760783847951,-0.11153929092761516
Technology,2022-09-14,-0.02220677289809484,-0.13126913612286584
Technology,2022-09-15,-0.001619549840077454,-0.13267608905452843
Technology,2022-09-16,-0.022074230478624893,-0.15182159696436115
Technology,2022-09-19,-0.008122072325253561,-0.1587105632985346
Technology,2022-09-20,-0.010067963290352467,-0.16718063446380627
Technology,2022-09-21,0.009295429594603385,-0.15943922068644234
Technology,2022-09-22,-0.021661425402349187,-0.1776469653036835
Technology,2022-09-23,-0.012942960811891018,-0.18829064840529763
Technology,2022-09-26,0.004151172818032569,-0.18492110260881478
Technology,2022-09-27,0.007293570771070732,-0.178976266986686
Technology,2022-09-28,5.146210133894779e-4,-0.17855375092118586
Technology,2022-09-29,-0.0100400553444612,-0.18680111672443722
Technology,2022-09-30,0.03323430432535603,-0.15977501756061752
Technology,2022-10-03,0.024288319850957345,-0.13936736444036468
Technology,2022-10-04,0.03859675193854733,-0.1061497400954513
Technology,2022-10-05,-8.547057016814899e-5,-0.10622613798681035
Technology,2022-10-06,0.006312940451658398,-0.10058379681867224
Technology,2022-10-07,-0.031544351124242295,-0.12895529733865696
Technology,2022-10-10,0.0016570465406668528,-0.12751193572734565
Technology,2022-10-11,-0.01861173546787799,-0.1437504527784692
Technology,2022-10-12,0.0038206228295097687,-0.14047904621059737
Technology,2022-10-13,-0.009502318495986541,-0.1486464880674785
Technology,2022-10-14,0.011082757613945702,-0.13921114345094898
Technology,2022-10-17,0.016877934405240127,-0.12468280559335243
Technology,2022-10-18,0.02924444023118295,-0.09908464421820051
Technology,2022-10-19,-0.0069240461715335015,-0.10532262373827728
Technology,2022-10-20,-0.016263916918122862,-0.1198735822543221
Technology,2022-10-21,0.016764228615796878,-0.10511894177643111
Technology,2022-10-24,-0.009730415832495539,-0.11382650659357019
Technology,2022-10-25,0.02947661240832593,-0.08770511400189662
Technology,2022-10-26,-0.0040672822658460546,-0.09141567481293877
Technology,2022-10-27,2.901603058053353e-4,-0.09115203970729258
Technology,2022-10-28,-0.01525076423685653,-0.10501266567686462
Technology,2022-10-31,0.008665452501573061,-0.09725719544177802
Technology,2022-11-01,0.028847839127545117,-0.0712150162423335
Technology,2022-11-02,-0.005953087452496623,-0.07674415447520866
Technology,2022-11-03,-0.03655294808330961,-0.11049187746428846
Technology,2022-11-04,0.005932714266877663,-0.10521467993521716
Technology,2022-11-07,0.005845165518568768,-0.09998451163585309
Technology,2022-11-08,0.02797292115974279,-0.07480844933729536
Technology,2022-11-09,0.0037020676133881756,-0.07138332766140665
Technology,2022-11-10,0.06690648512503011,-0.009252850086729603
Technology,2022-11-11,0.0465736979693675,0.036889908437342855
Technology,2022-11-14,0.013967119448125013,0.05137227364304264
Technology,2022-11-15,0.022268569205663478,0.07478482987957835
Technology,2022-11-16,-0.023670105062483807,0.04934456003676502
Technology,2022-11-17,-0.014064944477575595,0.03458558706200199
Technology,2022-11-18,1.779582431259803e-4,0.034769700095439005
Technology,2022-11-21,-0.007387135231655935,0.02712571638721406
Technology,2022-11-22,7.649757865367113e-4,0.02791144268997936
Technology,2022-11-23,0.02059805297267682,0.049084417037728256
Technology,2022-11-24,0.021363695501134535,0.0714967370783075
Technology,2022-11-25,-0.012883977380870465,0.05769159735411411
Technology,2022-11-28,-0.005657578726511504,0.051707623873713304
Technology,2022-11-29,-0.013510701118217047,0.03749831650380542
Technology,2022-11-30,0.002962556371423685,0.04057196375170524
Technology,2022-12-01,0.02617805009194486,0.06781210874307075
Technology,2022-12-02,-0.004501336013329122,0.06300552764251655
Technology,2022-12-05,-0.007458078917187481,0.055077548527952214
Technology,2022-12-06,-0.020969625726134162,0.03295296722327379
Technology,2022-12-07,-0.007746455605183404,0.02495124292043638
Technology,2022-12-08,0.005266311725022141,0.030348955668604294
Technology,2022-12-09,0.02829076048086285,0.059498311185131936
Technology,2022-12-12,-0.007234826909551942,0.051833024292744945
Technology,2022-12-13,0.03882369569760978,0.09266906955258314
Technology,2022-12-14,-0.011901374679253588,0.07966480555540656
Technology,2022-12-15,-0.02397320074078241,0.05378178443906889
Technology,2022-12-16,-0.02574068554089086,0.02665671889710408
Technology,2022-12-19,0.005516517473042353,0.03232028862571612
Technology,2022-12-20,-0.0148543838827826,0.016985806768484712
Technology,2022-12-21,0.019245913399673117,0.03655862753424777
Technology,2022-12-22,-0.028988222598056067,0.006510635303349499
Technology,2022-12-23,0.0011472816882172607,0.007665386524228879
Technology,2022-12-26,0,0.007665386524228879
Technology,2022-12-27,-0.01080256375117287,-0.0032199830535493135
Technology,2022-12-28,-4.230665805547701e-4,-0.0036416873668841943
Technology,2022-12-29,0.016314212226514743,0.012613113599064585
Technology,2022-12-30,-0.009524579853472064,0.0029683991379172436
Technology,2023-01-02,0.0026407825774082956,0.005617020612051604
Technology,2023-01-03,0.014857359953000998,0.020557834662149332
Technology,2023-01-04,0.008147616774523235,0.028872948795213738
Technology,2023-01-05,0.005890400752842689,0.034933422787376545
Technology,2023-01-06,-0.008115209333477797,0.026534721415244267
Technology,2023-01-09,0.02113401006367249,0.04822951654834351
Technology,2023-01-10,-0.016303079736976894,0.031140147157403097
Technology,2023-01-11,-0.006825332806772823,0.024102272482629195
Technology,2023-01-12,0.0031863451284510833,0.02736541576958973
Technology,2023-01-13,-0.014038968412830978,0.012942265149165522
Technology,2023-01-16,2.85741650520723e-4,0.013231704943891254
Technology,2023-01-17,0.004466319991615141,0.0177571219638204
Technology,2023-01-18,0.00607384071148286,0.02393881660560604
Technology,2023-01-19,-0.02045714080849881,0.002991956055017342
Technology,2023-01-20,0.0027162636802459212,0.005716346676828632
Technology,2023-01-23,0.02648133460494102,0.03234905777083652
Technology,2023-01-24,0.012998574126124261,0.045768123522305304
Technology,2023-01-25,-0.010699873310103468,0.03457853708887204
Technology,2023-01-26,0.015794726831712635,0.05091942246814374
Technology,2023-01-27,-1.5461149785659734e-4,0.05075693824210936
Technology,2023-01-30,-0.0160799690145931,0.03386079923330754
Technology,2023-01-31,0.00176877384894199,0.03568946517843785
Technology,2023-02-01,0.02136750699603025,0.05781956707135283
Technology,2023-02-02,0.03722127695276134,0.09719296214336559
Technology,2023-02-03,0.001768781320079688,0.09913365655932793
Technology,2023-02-06,-0.00945040097092353,0.08874640278420487
Technology,2023-02-07,-0.06972945887234593,0.012828705268848939
Technology,2023-02-08,0.018343546080044102,0.03140757529513949
Technology,2023-02-09,0.002159472472115895,0.03363487156152112
Technology,2023-02-10,-0.009297834953655517,0.02402430512339926
Technology,2023-02-13,0.008330053357563143,0.03255448222451873
Technology,2023-02-14,0.019119056406598146,0.05229594961305506
Technology,2023-02-15,0.01541508079196847,0.0685171766934014
Technology,2023-02-16,0.00602002872119061,0.07494968078618136
Technology,2023-02-17,-0.005078917992098266,0.06949009951183616
Technology,2023-02-20,-0.01909498502258592,0.04906820207985363
Technology,2023-02-21,-0.0030568021922734324,0.04586140809989159
Technology,2023-02-22,-0.014084213898914543,0.031131272319592673
Technology,2023-02-23,0.0231432473224396,0.054994998376786786
Technology,2023-02-24,-0.0274846900702588,0.02599878782072773
Technology,2023-02-27,0.00449904002334675,0.030614797431038232
Technology,2023-02-28,0.005710565258072934,0.03650019048770381
Technology,2023-03-01,0.022297959625218647,0.05961202988672998
Technology,2023-03-02,0.010753030398097004,0.0710060702542914
Technology,2023-03-03,0.01184231169347963,0.0836892579638513
Technology,2023-03-06,0.0013723876045545823,0.08517649966866991
Technology,2023-03-07,-0.016591312111867717,0.06717199766620285
Technology,2023-03-08,0.013077835858574633,0.08112829788454867
Technology,2023-03-09,-5.982584055534614e-4,0.08048150379285746
Technology,2023-03-10,-0.019178185703965164,0.05975982886341846
Technology,2023-03-13,-0.031210225567228998,0.026684485557503246
Technology,2023-03-14,0.03867372822347465,0.06639020232321191
Technology,2023-03-15,-0.036586974961509505,0.0273742106916135
Technology,2023-03-16,0.016451349156106642,0.0442759025456807
Technology,2023-03-17,0.005535938448075664,0.05005694966498253
Technology,2023-03-20,0.0025460412579333767,0.05273043798200927
Technology,2023-03-21,-5.18548370986902e-4,0.05218454632830527
Technology,2023-03-22,-0.008979791132950067,0.04273614886895927
Technology,2023-03-23,0.02966925650254474,0.07367335513422812
Technology,2023-03-24,-0.03978735264718412,0.03095473472561716
Technology,2023-03-27,0.028210988180952364,0.06003898656205853
Technology,2023-03-28,-0.058489207950790115,-0.001961854158914478
Technology,2023-03-29,0.006542214688426217,0.004567525658416782
Technology,2023-03-30,0.015046557847589579,0.019682809045046046
Technology,2023-03-31,0.005186776199222384,0.0249716755697571
Technology,2023-04-03,-0.008121813017070989,0.016647047272985382
Technology,2023-04-04,0.004365768977270047,0.02108549341280308
Technology,2023-04-05,-0.01428146743724218,0.006502894187987662
Technology,2023-04-06,0,0.006502894187987662
Technology,2023-04-07,0,0.006502894187987662
Technology,2023-04-10,0,0.006502894187987662
Technology,2023-04-11,-0.013947164790303387,-0.00753496753916949
Technology,2023-04-12,0.00736058625587878,-2.29843061797963e-4
Technology,2023-04-13,0.014552157731246605,0.014318969956959915
Technology,2023-04-14,0.004495816370423066,0.01887916178692306
Technology,2023-04-17,0.0013102779903950256,0.0202141767274846
Technology,2023-04-18,0.010195139687854569,0.03061540277075081
Technology,2023-04-19,-0.014784757942426492,0.015378003509048943
Technology,2023-04-20,-0.0588820092834225,-0.04440949351975387
Technology,2023-04-21,-0.022805013868601134,-0.0662017482727395
Technology,2023-04-24,-0.005753152642848854,-0.07157403215255176
Technology,2023-04-25,-0.01876693130808535,-0.08899773851578752
Technology,2023-04-26,0.01503882567257821,-0.07529733431800201
Technology,2023-04-27,0.014515604418295231,-0.061874716218419
Technology,2023-04-28,0.04338127779718154,-0.02117764267413036
Technology,2023-05-01,0,-0.02117764267413036
Technology,2023-05-02,-0.001083931902986014,-0.022238619454591935
Technology,2023-05-03,0.008694528635482946,-0.013737445132770532
Technology,2023-05-04,-0.009897826227995135,-0.02349930051602489
Technology,2023-05-05,0.012652026596026811,-0.011144587695114838
Technology,2023-05-08,-0.008339251496443326,-0.01939090167194446
Technology,2023-05-09,-0.01070569234885287,-0.029889000993130632
Technology,2023-05-10,0.010593039433075099,-0.019612576926191005
Technology,2023-05-11,0.0028437347399223735,-0.01682461515261302
Technology,2023-05-12,0.005411498577561433,-0.01150416295601786
Technology,2023-05-15,0.00769913916014268,-0.003893595947394579
Technology,2023-05-16,-3.908156801624721e-4,-0.004282889949208668
Technology,2023-05-17,0,-0.004282889949208668
Technology,2023-05-18,0,-0.004282889949208668
Technology,2023-05-19,0.03023505616812162,0.025822672800736912
Technology,2023-05-22,0.0021155383016321573,0.027992839955729654
Technology,2023-05-23,0.010196810182644326,0.038475087813875763
Technology,2023-05-24,-0.014912056286321569,0.02298928885245255
Technology,2023-05-25,0.01639448096243182,0.03976066727331573
Technology,2023-05-26,0.012078658900841551,0.052319581711821384
Technology,2023-05-29,0,0.052319581711821384
Technology,2023-05-30,0.012105250481572617,0.06505817383510681
Technology,2023-05-31,0.009120487496710976,0.07477202359283974
Technology,2023-06-01,0.004757511550547812,0.0798852639092884
Technology,2023-06-02,0.019797358230016993,0.10126413932621703
Technology,2023-06-05,-0.008742186170704581,0.0916366831971065
Technology,2023-06-06,0.0010628356925491383,0.09279691362730436
Technology,2023-06-07,0.016677670133640056,0.1110222200758404
Technology,2023-06-08,-0.015913254325180568,0.09334224092684673
Technology,2023-06-09,0.0014288371685965665,0.09490444895867989
Technology,2023-06-12,0.009383580927753094,0.10517857346364057
Technology,2023-06-13,-0.013235103750896727,0.09055142038058128
Technology,2023-06-14,2.6376897000762137e-4,0.0908390740054752
Technology,2023-06-15,-3.921414726180579e-4,0.0904113107646054
Technology,2023-06-16,0.0043920477978155615,0.09520044936076255
Technology,2023-06-19,-0.004381458608325754,0.09040187392406862
Technology,2023-06-20,0.023437027454034157,0.11595765257915724
Technology,2023-06-21,-0.02024976971649821,0.0933597671010653
Technology,2023-06-22,-0.03104381883379183,0.05941770457102313
Technology,2023-06-23,-0.007185194635520955,0.051805582163363395
Technology,2023-06-26,-0.01146106034318609,0.039750774916889275
Technology,2023-06-27,-0.01813354170577484,0.020896410876322102
Technology,2023-06-28,0.042998117305107664,0.06479303450754559
Technology,2023-06-29,0.003991755518082054,0.06904342797865626
Technology,2023-06-30,0.001986318953961352,0.07116688920225811
Technology,2023-07-03,5.965107554172988e-4,0.0718058517725142
Technology,2023-07-04,0.0012135293045042073,0.07310651958237924
Technology,2023-07-05,-0.01573985457895189,0.056215979016427386
Technology,2023-07-06,-0.01547819203147281,0.039867665266500873
Technology,2023-07-07,0.003061671081007007,0.04305139802532154
Technology,2023-07-10,-0.0031455059377389107,0.03977047365946618
Technology,2023-07-11,0.016879461620353118,0.05732123946357759
Technology,2023-07-12,0.030355875014522873,0.08941715085893431
Technology,2023-07-13,-5.989120461358187e-4,0.08876468580401808
Technology,2023-07-14,0.01303750625133111,0.10295946220141627
Technology,2023-07-17,-0.018330996494240095,0.08274111616651325
Technology,2023-07-18,0.015552782515586968,0.09958075326693505
Technology,2023-07-19,0.010604449776385548,0.11124120214003441
Technology,2023-07-20,-0.005829976061506784,0.10476269253299786
Technology,2023-07-21,0.002679212604705732,0.107722586664041
Technology,2023-07-24,0.003996086649119543,0.11214914210353721
Technology,2023-07-25,0.021687566917567413,0.13626895104522285
Technology,2023-07-26,-0.008566433417310334,0.12653517873193687
Technology,2023-07-27,0.013717268308970621,0.1419881640380971
Technology,2023-07-28,0.011921990427017257,0.1556029359975264
Technology,2023-07-31,0.001040766353986535,0.15680564865188074
Technology,2023-08-01,-0.011495829461500934,0.1435072081948776
Technology,2023-08-02,-0.011356098317002851,0.13052142791241517
Technology,2023-08-03,-0.0030729294874315264,0.12704741528040997
Technology,2023-08-04,0.005354582804570803,0.13308228399020638
Technology,2023-08-07,-0.004858771841638998,0.12757689569449493
Technology,2023-08-08,-0.003905990234611419,0.12317259135113878
Technology,2023-08-09,0.008750886490325235,0.133001347207097
Technology,2023-08-10,0.012882958405827904,0.14759775643691286
Technology,2023-08-11,-0.002580766717248019,0.14463607434231185
Technology,2023-08-14,0.0016085958210929972,0.1464773311481713
Technology,2023-08-15,-0.00923731444099221,0.13588695954088603
Technology,2023-08-16,-0.001630372134284151,0.13403504109435382
Technology,2023-08-17,-0.0188161300313597,0.11269689030100416
Technology,2023-08-18,-0.016271734322444605,0.09459138212061591
Technology,2023-08-21,-0.005065065662207259,0.08904720489688889
Technology,2023-08-22,0.0022015087239786475,0.09144475181929379
Technology,2023-08-23,0.002569743284723835,0.09424948464092853
Technology,2023-08-24,-0.015986241167689957,0.07675654848183822
Technology,2023-08-25,0.0012613092155633711,0.07811467143935658
Technology,2023-08-28,0.01722831753419039,0.09668877333718306
Technology,2023-08-29,-0.00409887955388443,0.09219357814717655
Technology,2023-08-30,0.007635279929632143,0.10053278185367698
Technology,2023-08-31,0.0014305318004656275,0.1021071289955735
Technology,2023-09-01,-0.007120530160372519,0.09425954194359898
Technology,2023-09-04,-0.011873113209385965,0.08126727452165183
Technology,2023-09-05,-0.014748804846624662,0.06531987450269017
Technology,2023-09-06,0.0011835762290868534,0.06658076178252537
Technology,2023-09-07,-0.024443732029365547,0.040509547453836836
Technology,2023-09-08,0.007264868391170499,0.0480687123758452
Technology,2023-09-11,-0.010279177345277135,0.03729542821129761
Technology,2023-09-12,-0.0029798656702137694,0.03420442717490113
Technology,2023-09-13,-0.010791589040307584,0.02304371801316285
Technology,2023-09-14,0.010652745529289518,0.033941942406495285
Technology,2023-09-15,0.011998780628486014,0.04634798495602155
Technology,2023-09-18,-0.03222207035991352,0.012632486563814771
Technology,2023-09-19,-0.002239953147126775,0.010364237238653429
Technology,2023-09-20,0.012497200163759988,0.022990961349729444
Technology,2023-09-21,0.00784568916471266,0.031017030450790184
Technology,2023-09-22,0.042908565047129935,0.07525649176658655
Technology,2023-09-25,-0.02062741689404387,0.05307672784289008
Technology,2023-09-26,-0.010032124128314994,0.04251213139253052
Technology,2023-09-27,0.003244120963524405,0.045894166852709306
Technology,2023-09-28,-1.0898506260935267e-4,0.04578018001145212
Technology,2023-09-29,0.010669606103991577,0.05693824260353564
Technology,2023-10-02,-0.019361203791567385,0.03647464589338756
Technology,2023-10-03,-0.014525789307659876,0.021419033564408885
Technology,2023-10-04,0.007677401400786734,0.02926087748348638
Technology,2023-10-05,-0.004093518884301576,0.025047578644635138
Technology,2023-10-06,0.004499350743318872,0.02965962722954707
Technology,2023-10-09,0.0071426186946386494,0.037014093332111475
Technology,2023-10-10,0.020988990439396844,0.058779972222579024
Technology,2023-10-11,-0.004041450770860179,0.05450096508766866
Technology,2023-10-12,0.00524673270008219,0.06003364978346237
Technology,2023-10-13,0.006853197603161252,0.06729826985142862
Technology,2023-10-16,-0.0012865851925856265,0.06592509970136562
Technology,2023-10-17,-0.05504402721674125,0.00725228950239587
Technology,2023-10-18,-0.006998892858117275,2.0263864707525947e-4
Technology,2023-10-19,-0.010667837100177938,-0.010467360169179818
Technology,2023-10-20,-0.016531433632184393,-0.02682575333142312
Technology,2023-10-23,-0.03094427144611864,-0.056939921384707604
Technology,2023-10-24,0.014449379217680504,-0.04331328868373974
Technology,2023-10-25,-0.023305067094818433,-0.06560893667968626
Technology,2023-10-26,7.12307130343557e-4,-0.06494336326275385
Technology,2023-10-27,-0.0012457343905013696,-0.06610819547220392
Technology,2023-10-30,0.004881959779178471,-0.06154897324439479
Technology,2023-10-31,0.009992132443628177,-0.052171846293194046
Technology,2023-11-01,-0.01412951607463813,-0.06556419942698899
Technology,2023-11-02,0.025813723028371593,-0.04144293248320241
Technology,2023-11-03,0.013296154102679026,-0.028697809997286994
Technology,2023-11-06,0.006563893596579052,-0.02232228577198503
Technology,2023-11-07,0.006829535950138034,-0.015645200675015958
Technology,2023-11-08,0.003530650877996087,-0.012169787538519716
Technology,2023-11-09,0.03083819672807481,0.01829311488730334
Technology,2023-11-10,-0.009038440435538482,0.009089333222475515
Technology,2023-11-13,0.0012414449936550779,0.010342062123355422
Technology,2023-11-14,0.020569456255747288,0.031124248973543267
Technology,2023-11-15,0.023216404247456315,0.05506324636706772
Technology,2023-11-16,-0.012063764668265295,0.04233521165275955
Technology,2023-11-17,0.018559979695570175,0.061680932017012635
Technology,2023-11-20,-0.00812333566434706,0.053056541437801474
Technology,2023-11-21,-0.02054552631460558,0.031420940554923504
Technology,2023-11-22,0.025539511963584297,0.05776292800571747
Technology,2023-11-23,0.017688459335238268,0.07647312454406907
Technology,2023-11-24,0.009237615903018186,0.08641716979852898
Technology,2023-11-27,0.00884606713183598,0.0960276890157461
Technology,2023-11-28,-0.008766617003758123,0.0864192340406309
Technology,2023-11-29,4.202362482541007e-4,0.08687578678357522
Technology,2023-11-30,-0.002769830831799084,0.0838653247190062
Technology,2023-12-01,0.005463267851161122,0.08978677130253176
Technology,2023-12-04,-0.020366419817656873,0.06759171640645567
Technology,2023-12-05,0.03415454998960116,0.10405483105294411
Technology,2023-12-06,0.014842939528697764,0.12044225014662957
Technology,2023-12-07,-0.004318766945368156,0.1156033211925025
Technology,2023-12-08,0.021158998204948078,0.13920836986304863
Technology,2023-12-11,0.06014578857905261,0.20772695562431887
Technology,2023-12-12,-0.015265926761941722,0.1892898843713351
Technology,2023-12-13,0.009684840882114056,0.2008079676641792
Technology,2023-12-14,0.01896544439000063,0.2235818243979839
Technology,2023-12-15,0.017489656732404647,0.24498185049071397
Technology,2023-12-18,-0.015700159334655253,0.22543543706925573
Technology,2023-12-19,-0.002601378626624776,0.2222476155149551
Technology,2023-12-20,-0.013013297855799983,0.20634214324071776
Technology,2023-12-21,0.00196080979220017,0.2087075507279279
Technology,2023-12-22,-0.003118735146599745,0.2049379120075121
Technology,2023-12-25,0,0.2049379120075121
Technology,2023-12-26,0,0.2049379120075121
Technology,2023-12-27,-8.075448247996493e-4,0.2039648706324657
Technology,2023-12-28,0.011481701974637923,0.21778843646500112
Technology,2023-12-29,0.003937854258641782,0.22258390984565923
Technology,2024-01-01,0,0.22258390984565923
Technology,2024-01-02,-0.02851483518981253,0.18772213115069358
Technology,2024-01-03,-0.01335500108818004,0.17186010079672065
Technology,2024-01-04,7.071554764976686e-4,0.17268878808468835
Technology,2024-01-05,-0.005974933175724686,0.16568205093996058
Technology,2024-01-08,0.014945325999417572,0.18310354920292804
Technology,2024-01-09,-0.008840375803515745,0.17264446921350096
Technology,2024-01-10,0.00491569431261329,0.17840883096153104
Technology,2024-01-11,-0.006632155969465926,0.17059343979879826
Technology,2024-01-12,0.011182854406814203,0.18368401580563987
Technology,2024-01-15,-0.006736078418259456,0.17571062745273291
Technology,2024-01-16,0.0020347450971622896,0.1781028988876241
Technology,2024-01-17,-0.002513101941965125,0.17514220620459486
Technology,2024-01-18,0.02882656631202816,0.20901752093781467
Technology,2024-01-19,0.015465356110903473,0.22771540744343977
Technology,2024-01-22,0.02210156728813966,0.25484984213173667
Technology,2024-01-23,0.004523477462250418,0.2605261271111281
Technology,2024-01-24,-1.4621914746767157e-4,0.2603418140554612
Technology,2024-01-25,-4.5407370934030496e-4,0.25976952597291647
Technology,2024-01-26,-0.00344314891325077,0.25543195189861634
Technology,2024-01-29,-0.0044265945018037295,0.2498746637229532
Technology,2024-01-30,0.0041483501561162895,0.25505958147933416
Technology,2024-01-31,-0.008015925899694172,0.24499911687449472
Technology,2024-02-01,-0.013000692265437135,0.22881326648526845
Technology,2024-02-02,-0.013005464947361694,0.21283197862114123
Technology,2024-02-05,-0.011384026333785258,0.19902506743806136
Technology,2024-02-06,-0.03956228380407952,0.15158889743187132
Technology,2024-02-07,0.03843258491751309,0.19584743552248685
Technology,2024-02-08,0.008130702542620128,0.20557051530707526
Technology,2024-02-09,0.010970431927832614,0.2187961445794535
Technology,2024-02-12,0.003981786470748967,0.22364913057854108
Technology,2024-02-13,0.00214698367150574,0.22627628528154542
Technology,2024-02-14,0.0020577868104296694,0.22879970044734055
Technology,2024-02-15,0.009239632840130092,0.2401533585135356
Technology,2024-02-16,-0.0055868342659369016,0.23322482723517557
Technology,2024-02-19,0.00786221550944402,0.24292070659849552
Technology,2024-02-20,-0.021003150135513807,0.2168154563912683
Technology,2024-02-21,-0.021055469686778853,0.19119483543481808
Technology,2024-02-22,0.01138339858090151,0.20475468103408412
Technology,2024-02-23,-0.009164679367849642,0.1937134906654907
Technology,2024-02-26,0.01359088109434599,0.2099371087778421
Technology,2024-02-27,-0.014418319777543652,0.19249184863276647
Technology,2024-02-28,-0.01786442477243202,0.17118866771112806
Technology,2024-02-29,0.010395328726634916,0.18336355891289502
Technology,2024-03-01,1.3621326771108523e-4,0.1835247487301448
Technology,2024-03-04,-0.014555432728869291,0.16629803386705122
Technology,2024-03-05,-0.0111268679276023,0.1533207896799904
Technology,2024-03-06,-6.894102582632768e-4,0.15252567849651655
Technology,2024-03-07,0.01823238775052964,0.17353897355930736
Technology,2024-03-08,8.442107426758029e-4,0.17452968776773492
Technology,2024-03-11,-0.017447008178510026,0.15403765869934838
Technology,2024-03-12,0.033008876548347395,0.19213114530749897
Technology,2024-03-13,0.009324696409340773,0.2032474063176113
Technology,2024-03-14,-2.8245879398050344e-4,0.20290753850636256
Technology,2024-03-15,-0.008666446279561379,0.19248260494461777
Technology,2024-03-18,0.0013020002639107101,0.19403521761096476
Technology,2024-03-19,-0.01768853756509754,0.17291448081020366
Technology,2024-03-20,-0.004676827410939326,0.16742896221566284
Technology,2024-03-21,0.002397652265302871,0.1702280509114995
Technology,2024-03-22,0.03138443618516636,0.20695499849742283
Technology,2024-03-25,-0.02211062682099222,0.18026846693591514
Technology,2024-03-26,0.02197104826312756,0.20620020238641157
Technology,2024-03-27,0.02107854536229214,0.2316251480684195
Technology,2024-03-28,0,0.2316251480684195
Technology,2024-03-29,0,0.2316251480684195
Technology,2024-04-01,0,0.2316251480684195
Technology,2024-04-02,-0.018631493947448327,0.2086781315766577
Technology,2024-04-03,-0.006971640494487941,0.20025166216975587
Technology,2024-04-04,0.002678177655559323,0.2034661493524268
Technology,2024-04-05,0.0052101709956987995,0.20973641377808816
Technology,2024-04-08,0.005547598973221166,0.21644754626503193
Technology,2024-04-09,0.007491432462382488,0.22556048090190717
Technology,2024-04-10,-0.005809703822002058,0.2184403374919166
Technology,2024-04-11,-0.008624456315865447,0.20793195202772918
Technology,2024-04-12,0.011013805987967824,0.22123588019402995
Technology,2024-04-15,-0.018811928524994644,0.1982620781036608
Technology,2024-04-16,-0.01228954400059482,0.1835359835705619
Technology,2024-04-17,8.400097286437507e-4,0.18453016531096122
Technology,2024-04-18,0.006092463952701975,0.19174687264400636
Technology,2024-04-19,2.0981997068420468e-4,0.19199692493788745
Technology,2024-04-22,0.0017293696434324138,0.19405832823493974
Technology,2024-04-23,0.0099348503983832,0.20592111909289734
Technology,2024-04-24,0.09003872145927991,0.314500714836766
Technology,2024-04-25,-0.009717143942634347,0.30172752217800136
Technology,2024-04-26,-0.005917339461001883,0.29402475854354515
Technology,2024-04-29,0.007570876487345031,0.3038216601620447
Technology,2024-04-30,0.01220272179002579,0.3197318331448118
Technology,2024-05-01,0,0.3197318331448118
Technology,2024-05-02,0.0034375732251022573,0.3242685079587455
Technology,2024-05-03,0.023367830263564954,0.35521378967610984
Technology,2024-05-06,0.003205359099125605,0.35955773652810863
Technology,2024-05-07,0.01673159750379401,0.3823053093588662
Technology,2024-05-08,0.007609395145672516,0.3928238166697391
Technology,2024-05-09,0,0.3928238166697391
Technology,2024-05-10,0.011055284005260043,0.40822187953231315
Technology,2024-05-13,-0.010591094041287361,0.3933072691751882
Technology,2024-05-14,0.016090764283461345,0.41572664801791936
Technology,2024-05-15,0.004321169816409413,0.4218442432776208
Technology,2024-05-16,2.8838654037432115e-4,0.4222542840198906
Technology,2024-05-17,0,0.4222542840198906
Technology,2024-05-20,0,0.4222542840198906
Technology,2024-05-21,-0.005246460347704833,0.414792483314427
Technology,2024-05-22,0.0055992985414680405,0.4227143288027295
Technology,2024-05-23,-9.038406227493098e-4,0.42142842179779016
Technology,2024-05-24,0.014180239804365518,0.44158461768362356
Technology,2024-05-27,0.005148187658400092,0.4490061658209219
Technology,2024-05-28,0.018877885928134296,0.4763603389284523
Technology,2024-05-29,0.008026049628049285,0.48820968027757594
Technology,2024-05-30,0.01590359406635336,0.5118775629183281
Technology,2024-05-31,0.006976792364843952,0.5224256187558756
Technology,2024-06-03,0.0047765707359138715,0.5296975924140308
Technology,2024-06-04,-0.010521019843484757,0.513603613689712
Technology,2024-06-05,0.005551604977359444,0.5220065430452208
Technology,2024-06-06,0.007698853897708292,0.533724249051482
Technology,2024-06-07,0.012760750533846704,0.5532957215813394
Technology,2024-06-10,-0.003753162079351727,0.5474659509810811
Technology,2024-06-11,-0.005691282763432671,0.5386588846872635
Technology,2024-06-12,0.0020604468545577666,0.5418292095464547
Technology,2024-06-13,0.002352131611991336,0.5454557947705208
Technology,2024-06-14,-0.026176462515591536,0.5050012290892063
Technology,2024-06-17,0.0063805314743019355,0.5146039368002733
Technology,2024-06-18,0.02087479976588979,0.5462209907056073
Technology,2024-06-19,0.012155207451800602,0.5650156276139626
Technology,2024-06-20,0.004088854312545342,0.5714147485121326
Technology,2024-06-21,-0.008680739284974854,0.5577737067717345
Technology,2024-06-24,0.012385819032641937,0.5770680099976171
Technology,2024-06-25,-0.01246298486902884,0.5574130352515874
Technology,2024-06-26,2.329856437075908e-5,0.5574493207394409
Technology,2024-06-27,0.011687031283191889,0.5756512796729085
Technology,2024-06-28,0.007623941057907681,0.5876639521569518
Technology,2024-07-01,-0.004478163302092641,0.5805541337103473
Technology,2024-07-02,-0.0017469461730456465,0.5777929907151704
Technology,2024-07-03,0.016631962826170202,0.6040347850841372
Technology,2024-07-04,0.0038784038635298504,0.6102558797918436
Technology,2024-07-05,0.018025485556707743,0.6392815238956351
Technology,2024-07-08,0.004399394581469344,0.6464933701493643
Technology,2024-07-09,0.006630241069126921,0.657410018112174
Technology,2024-07-10,-3.7766197587142534e-4,0.6567840773699047
Technology,2024-07-11,0.0020851055923170334,0.6602386471148904
Technology,2024-07-12,-0.003096058404255461,0.6550984512984208
Technology,2024-07-15,-0.004765120563296518,0.6472117076338584
Technology,2024-07-16,-0.0013855464333248873,0.6449294193274153
Technology,2024-07-17,-0.015350414816072416,0.6196790703975783
Technology,2024-07-18,0.0072427434741871,0.6314099904149777
Technology,2024-07-19,-0.02756915735773494,0.5864333916742464
Technology,2024-07-22,0.014685444107052623,0.6097308705772404
Technology,2024-07-23,-0.0027112183936185354,0.6053665386321558
Technology,2024-07-24,-0.015494721146747607,0.580491831777731
Technology,2024-07-25,-0.029223395799445374,0.5343044934198999
Technology,2024-07-26,-6.108630134009233e-5,0.5342107684332675
Technology,2024-07-29,0.016875184428497468,0.560100858102766
Technology,2024-07-30,0.008984504080108974,0.5741175906277716
Technology,2024-07-31,0.001910256714210014,0.5771245593242242
Technology,2024-08-01,0.009824917086417933,0.5926196773545382
Technology,2024-08-02,-0.0520610004490356,0.5097063036166407
Technology,2024-08-05,-0.026000974761442273,0.47045246811911423
Technology,2024-08-06,0.014960129182552637,0.4924506269989797
Technology,2024-08-07,0.024996219475833626,0.5297562504282916
Technology,2024-08-08,7.915092139284762e-4,0.5309670665955704
Technology,2024-08-09,0.0014233978546582659,0.533146241833715
Technology,2024-08-12,0.003561892899093737,0.5386071445457745
Technology,2024-08-13,0.006357845025988788,0.5483893703266756
Technology,2024-08-14,0.0026507433833702423,0.5524937532049499
Technology,2024-08-15,0.004751843516991999,0.5598709605812873
Technology,2024-08-16,0.005967844014409603,0.5691800271566436
Technology,2024-08-19,-8.953447453154225e-4,0.5677750700648752
Technology,2024-08-20,-0.002177115271593173,0.5643618430174138
Technology,2024-08-21,-0.012500196196369854,0.5448070130575813
Technology,2024-08-22,3.583424841956839e-4,0.5453605830402435
Technology,2024-08-23,0.007453072528766692,0.5568782675487396
Technology,2024-08-26,0.003296289657237084,0.5620101892796376
Technology,2024-08-27,-0.004402636638972917,0.555133225989866
Technology,2024-08-28,0.004895595760398347,0.5627465296178769
Technology,2024-08-29,0.016790129247143872,0.5889852458306866
Technology,2024-08-30,0.02906832819398727,0.6351743904518965
Technology,2024-09-02,-0.008104926647458054,0.6219214219614819
Technology,2024-09-03,-0.032634651484082296,0.5689905816212018
Technology,2024-09-04,0.00864823373950151,0.5825595789061384
Technology,2024-09-05,0.0020723388180535715,0.5858391785533879
Technology,2024-09-06,-0.005515254020613203,0.5770928726478255
Technology,2024-09-09,0.024907802649938637,0.6163747906803625
Technology,2024-09-10,0.0012403985627898225,0.618379739647652
Technology,2024-09-11,-0.019375931830316682,0.5870221241366733
Technology,2024-09-12,0.00532059233385918,0.59546602188402
Technology,2024-09-13,0.002197259569828133,0.5989716748689402
Technology,2024-09-16,0.004711758365330036,0.6065056430339297
Technology,2024-09-17,0.005308447293225988,0.6150336935662453
Technology,2024-09-18,2.869384421985895e-4,0.6154971088183754
Technology,2024-09-19,0.023259847379659394,0.653073325011772
Technology,2024-09-20,0.011106704432395727,0.6714335218377556
Technology,2024-09-23,-0.0036730196726828183,0.6652943136304639
Technology,2024-09-24,-0.011335956077452662,0.6464166104351172
Technology,2024-09-25,-7.594557973693933e-4,0.6451662297954373
Technology,2024-09-26,-0.04911900405254306,0.5643573030870079
Technology,2024-09-27,-0.008949301660755216,0.5503573976764768
Technology,2024-09-30,0.008707044759850686,0.5638564289318115
Technology,2024-10-01,-0.02472530176432928,0.5251896068103863
Technology,2024-10-02,-0.013077118141370282,0.5052445221341368
Technology,2024-10-03,-0.00873975350051934,0.4920890560526774
Technology,2024-10-04,-0.00118117407687474,0.4903266391392793
Technology,2024-10-07,8.026923464614817e-4,0.49152291292624395
Technology,2024-10-08,0.00337414756616778,0.49655553133277763
Technology,2024-10-09,0.026997168348650555,0.5369582929552725
Technology,2024-10-10,-0.009046392943015501,0.523054364300173
Technology,2024-10-11,-0.00813049707770368,0.5106711752420467
Technology,2024-10-14,0.003497739830457222,0.5159551099824145
Technology,2024-10-15,0.025042825233877998,0.5539189088641081
Technology,2024-10-16,-0.0018605295276852046,0.5510277968505379
Technology,2024-10-17,0.003890159025662368,0.5570615416335094
Technology,2024-10-18,-0.005931552529107681,0.5478257493082568
Technology,2024-10-21,-0.007527680061598287,0.5361742122763606
Technology,2024-10-22,-0.0012601282507344557,0.5342384357534213
Technology,2024-10-23,0.02501623987993586,0.5726193124952466
Technology,2024-10-24,-0.013245863918176802,0.5517886110868377
Technology,2024-10-25,0.03476137398188747,0.6057309153376611
Technology,2024-10-28,0.016417744489092903,0.6320933952239121
Technology,2024-10-29,0.00437550472448475,0.6392346275855145
Technology,2024-10-30,0.008478316834563602,0.6531325781243726
Technology,2024-10-31,-0.012746640797799216,0.6320606909598814
Technology,2024-11-01,0.0013585767855949212,0.6342779707273014
Technology,2024-11-04,4.22605625498315e-5,0.6343470362337071
Technology,2024-11-05,0.0017426804564440585,0.6371951808727987
Technology,2024-11-06,0.0031062998515651204,0.6422808000201272
Technology,2024-11-07,-0.004839256066203436,0.6343333826962205
Technology,2024-11-08,-0.002239744588707104,0.6306728933461831
Technology,2024-11-11,-0.007938921226194431,0.6177271097002173
Technology,2024-11-12,0.008556976825335311,0.6315699630876386
Technology,2024-11-13,-0.015196403728276589,0.6067759672176296
Technology,2024-11-14,0.012111230940831932,0.626236002026781
Technology,2024-11-15,-0.011805070978395688,0.6070381705952324
Technology,2024-11-18,-0.008120458189910834,0.5939882843213231
Technology,2024-11-19,-4.4319703560494287e-4,0.5932818334389229
Technology,2024-11-20,-0.022435298380578096,0.5575360801013662
Technology,2024-11-21,0.00910430477126705,0.5717163632668536
Technology,2024-11-22,0.014144906930662874,0.5939481449466635
Technology,2024-11-25,-0.0057526013908231,0.5847787966311433
Technology,2024-11-26,0.013409872714653047,0.6060304785748478
Technology,2024-11-27,0.00491022598262565,0.6139164511596349
Technology,2024-11-28,0.00998942609822306,0.6300385502772003
Technology,2024-11-29,0.00822513284189331,0.6434458338906375
Technology,2024-12-02,0.001265133808209276,0.6455250127770533
Technology,2024-12-03,0.018258892799177574,0.6755704775837148
Technology,2024-12-04,0.006768257673122563,0.6869111703254784
Technology,2024-12-05,-0.0077319769943724765,0.6738680119649718
Technology,2024-12-06,-0.00841965245563705,0.6597746250476186
Technology,2024-12-09,0.0015106332768260022,0.662281935828247
Technology,2024-12-10,-0.005103621283969864,0.6537982783605953
Technology,2024-12-11,0.004017843234269407,0.660442980584153
Technology,2024-12-12,0.013243009885496057,0.6824322433903314
Technology,2024-12-13,-0.008023186040731408,0.6689337765006858
Technology,2024-12-16,-0.002506339394415543,0.6647508620299714
Technology,2024-12-17,0.005154287329223131,0.6733314663044456
Technology,2024-12-18,0.0037341488962589196,0.6795799351524219
Technology,2024-12-19,-0.038461753869858194,0.6149803450818372
Technology,2024-12-20,-0.010644445867582827,0.5977897742214033
Technology,2024-12-23,0.003907724197739189,0.6040334959850284
Technology,2024-12-24,0,0.6040334959850284
Technology,2024-12-25,0,0.6040334959850284
Technology,2024-12-26,0,0.6040334959850284
Technology,2024-12-27,0.013347832656885762,0.625443866665476
Technology,2024-12-30,-0.0016954205624235513,0.622688055710866
Technology,2024-12-31,0,0.622688055710866
Technology,2025-01-01,0,0.622688055710866
Technology,2025-01-02,0.0050123384144936485,0.6308215173872456
Technology,2025-01-03,0.0038290960969168657,0.63706608969424106
Technology,2025-01-06,0.007678781250798903,0.6496367620901038
Technology,2025-01-07,0.001260094186635234,0.6517154597840733
Technology,2025-01-08,-0.011056410027964831,0.633453416411172
Technology,2025-01-09,0.010369743877902122,0.65039190997584
Technology,2025-01-10,-0.00606115818777538,0.6403886235376515
Technology,2025-01-13,-0.020983409391364692,0.6059676774890237
Technology,2025-01-14,-0.002739249392939015,0.6015685315033823
Technology,2025-01-15,8.135562809448444e-4,0.6028714976415506
Technology,2025-01-16,-0.010276374987086934,0.5863997890756723
Technology,2025-01-17,0.011610864943044757,0.6048192627723048
Technology,2025-01-20,0.007678619875179405,0.6171420598594992
Technology,2025-01-21,0.006631619263340485,0.6278663302952214
Technology,2025-01-22,0.015880104103736286,0.6537170170872766
Technology,2025-01-23,-4.2671709961765805e-4,0.6530113477581567
Technology,2025-01-24,-0.0024110221252964885,0.6490259008253456
Technology,2025-01-27,-0.01802150391792397,0.6193079740928635
Technology,2025-01-28,0.005822471204002282,0.6287363481424304
Technology,2025-01-29,0.009165190303282887,0.6436640267270295
Technology,2025-01-30,0.008249682758346259,0.6572237335088336
Technology,2025-01-31,-0.015336541566734349,0.6318076528344967
Technology,2025-02-03,0.0017409467164544322,0.6346485430095841
Technology,2025-02-04,0.012647291622681333,0.6553224198336176
Technology,2025-02-05,0.031928344977371355,0.7081741251028424
Technology,2025-02-06,0.003817137891892705,0.714694461281723
Technology,2025-02-07,-0.0313974530814798,0.6608574223845569
Technology,2025-02-10,-0.007331097689536545,0.6486815143726639
Technology,2025-02-11,-0.0029152106251156707,0.6438752605045328
Technology,2025-02-12,0.011154595810651787,0.662212024598591
Technology,2025-02-13,0.0020303900395342604,0.6655869633369298
Technology,2025-02-14,-7.695261044257642e-4,0.6643052506894509
Technology,2025-02-17,-0.0012963288832390407,0.6621477637224558
Technology,2025-02-18,-0.0028022608579982124,0.6574899921039672
Technology,2025-02-19,-0.0024377413933083947,0.6534494601412209
Technology,2025-02-20,-0.005285792789327044,0.6447096689072898
Technology,2025-02-21,0.010365500601637857,0.6617579079698679
Technology,2025-02-24,-0.004032858813093557,0.6550562729454836
Technology,2025-02-25,-0.016718175042832812,0.6273867524686425
Technology,2025-02-26,0.0038345300278574547,0.6336270158379211
Technology,2025-02-27,-0.007457835300624982,0.6214436946111503
Technology,2025-02-28,-0.0036377662691409298,0.6155452614315828
Technology,2025-03-03,0.009870942418948127,0.6314922156823783
Technology,2025-03-04,-0.03863080803237204,0.5684663530920429
Technology,2025-03-05,0.004380971550165217,0.5753377595623306
Technology,2025-03-06,-0.007144260238356232,0.5640831366447083
Technology,2025-03-07,-0.004206273116937511,0.5575041757943844
Technology,2025-03-10,-0.015705038706135228,0.5330435124285662
Technology,2025-03-11,-0.014207346008887083,0.5112630328008141
Technology,2025-03-12,0.005849504126857512,0.5201031721479497
Technology,2025-03-13,0.007938104149280303,0.5321699094461114
Technology,2025-03-14,0.02493756483841004,0.5703784959063847
Technology,2025-03-17,-0.0020189724963243743,0.5672079449143306
Technology,2025-03-18,0.007362903197807505,0.5787471453035695
Technology,2025-03-19,0.003748640445221275,0.5846653007052325
Technology,2025-03-20,-0.001717913538674966,0.5819429827308824
Technology,2025-03-21,0.008798866035452189,0.595862287111655
Technology,2025-03-24,0.006089770019681035,0.6055807214232471
Technology,2025-03-25,7.162687344198698e-4,0.6067307486945899
Technology,2025-03-26,-0.052820211819159545,0.5218628902121849
Technology,2025-03-27,0.002343488764136819,0.525429358795954
Technology,2025-03-28,0.004177194104152547,0.5318013733198179
Technology,2025-03-31,-0.006186273018063788,0.5223252318150164
Technology,2025-04-01,0.007461232651475025,0.533683654540799
Technology,2025-04-02,0.00553936611975307,0.5421792898151816
Technology,2025-04-03,0.013829381386785633,0.563506675380838
Technology,2025-04-04,-0.03887922407339796,0.5027187490084528
Technology,2025-04-07,-0.009533262195633252,0.48839293716786125
Technology,2025-04-08,0.0067503875369992325,0.4984401663010769
Technology,2025-04-09,-0.019986288779302006,0.46849190841887833
Technology,2025-04-10,0.038844157872492645,0.5255342399439793
Technology,2025-04-11,-0.003484716732095635,0.5202181852526617
Technology,2025-04-14,0.018519437430805002,0.5483717708156204
Technology,2025-04-15,0.019310293256722726,0.5782712837805011
Technology,2025-04-16,0.009510454437178566,0.5932813609144025
Technology,2025-04-17,0,0.5932813609144025
Technology,2025-04-18,0,0.5932813609144025
Technology,2025-04-21,0,0.5932813609144025
Technology,2025-04-22,-0.016398206753572994,0.5671544037415142
Technology,2025-04-23,0.014305356340017927,0.589573105926865
Technology,2025-04-24,0.0023240250030382996,0.5932673135691962
Technology,2025-04-25,0.018145344188714302,0.6221776973585373
Technology,2025-04-28,4.195070693980311e-4,0.622858212370399
Technology,2025-04-29,-0.02007489063858451,0.5902795112351347
Technology,2025-04-30,0.00831450540685399,0.6035018988297083
Technology,2025-05-01,0,0.6035018988297083
Technology,2025-05-02,0.03617339151000511,0.661506000803112
Technology,2025-05-05,-7.740366751358932e-4,0.6602199342225321
Technology,2025-05-06,-0.013192151527047571,0.6383180612820434
Technology,2025-05-07,0.07527017062200614,0.7616345412878569
Technology,2025-05-08,-0.014168506407703084,0.736674811001589
Technology,2025-05-09,-2.2557054933119256e-4,0.7362830683104618
Technology,2025-05-12,0.011221098116635764,0.755766070978227
Technology,2025-05-13,0.016269359408521006,0.7843312602242587
Technology,2025-05-14,0.005881112466549739,0.7948251130432178
Technology,2025-05-15,-0.002372574869588925,0.7905667560847043
Technology,2025-05-16,0.009912884278265035,0.8083164371302802
Technology,2025-05-19,-0.011712352205560998,0.7871367981195052
Technology,2025-05-20,-0.0010498443138031825,0.7852605827140111
Technology,2025-05-21,0.009810821188856254,0.8027754550665316
Technology,2025-05-22,3.6679576575035256e-4,0.8034367054700486
Technology,2025-05-23,-0.008263126673526935,0.7885346795250616
Technology,2025-05-26,-0.001875207359776136,0.7851808061308014
Technology,2025-05-27,0.004753103835507871,0.793665955867497
Technology,2025-05-28,-0.007105729923402504,0.7809206500123009
Technology,2025-05-29,0,0.7809206500123009
Technology,2025-05-30,0.007885329324685907,0.7949637958387814
Technology,2025-06-02,-0.004783570780440221,0.786377459473059
Technology,2025-06-03,0.015017566517020275,0.8132045017952012
Technology,2025-06-04,0.01921580518771184,0.84804668626718
Technology,2025-06-05,-1.6617661247312604e-4,0.847739584129164
Technology,2025-06-06,0.00797619791852937,0.8624775207540794
Technology,2025-06-09,0,0.8624775207540794
Technology,2025-06-10,-0.0059381471432664494,0.8514178551848155
Technology,2025-06-11,0.010710059390887849,0.8712466503711949
Technology,2025-06-12,0.008904274434774383,0.8879087440812525
Technology,2025-06-13,-0.0029531084412778292,0.8823335448327438
Technology,2025-06-16,0.001857396371260346,0.8858297843284177
Technology,2025-06-17,-0.0033343229410861255,0.8795418188155479
Technology,2025-06-18,-0.005903891565820415,0.868445207723836
Technology,2025-06-19,-0.0038501700241528576,0.8612513759932856
Technology,2025-06-20,-0.005812576933754543,0.8504327091772681
Technology,2025-06-23,0.004961667602720569,0.8596139412014074
Technology,2025-06-24,-0.003908876039174994,0.8523449408245296
Technology,2025-06-25,0.004368966769315249,0.860437774316301
Technology,2025-06-26,8.244915202564284e-4,0.8619716894851897
Technology,2025-06-27,0.0056836532865299876,0.872554490997558
Technology,2025-06-30,0.012600000360903321,0.8961486782599384
Technology,2025-07-01,-0.0022841283294914765,0.891817631346997
Technology,2025-07-02,-0.0016030937302382725,0.8887848703634305
Technology,2025-07-03,0.007995492758125571,0.9038866361160784
Technology,2025-07-04,0.004251617856783858,0.9119812345354821
Technology,2025-07-07,0.005629841245295665,0.9227453853499012
Technology,2025-07-08,-0.0196729649060884,0.8849192828605694
Technology,2025-07-09,0.004201833378199077,0.8928393996185038
Technology,2025-07-10,0.003564111283635092,0.8995856898807932
Technology,2025-07-11,-0.0030153824010546153,0.8938577126222316
Technology,2025-07-14,0.003100843697419315,0.8997302693742253
Technology,2025-07-15,0.010529344070993082,0.9197331830225468
Technology,2025-07-16,-0.00891026649051363,0.9026278487711339
Technology,2025-07-17,0.00931207179582622,0.920345255899629
Technology,2025-07-18,0.03789513913205974,0.9931170065535362
Technology,2025-07-21,0.011634742532734029,1.0163064097624002
Technology,2025-07-22,1.675060830750359e-4,1.0166441533513786
Technology,2025-07-23,-0.011368991283204526,0.9937169435506013
Technology,2025-07-24,0.006717538324947606,1.0071098135279999
Technology,2025-07-25,0.0024526614279967015,1.0120325743493939
Technology,2025-07-28,0.0014949450704262958,1.0150404525279542
Technology,2025-07-29,0.0021759295818457943,1.019425038657226
Technology,2025-07-30,-0.012438068845095109,0.9943072909988984
Technology,2025-07-31,0.01776709561368295,1.0297403393211404
Technology,2025-08-01,-0.009672172166380194,1.0101083413061795
Technology,2025-08-04,-5.419308118683212e-4,1.0090190016608322
Technology,2025-08-05,0.0038989286880629376,1.0168520234812708
Technology,2025-08-06,-0.016390174256304204,0.9837954673672331
Technology,2025-08-07,0.015990348082528034,1.0155170474149768
Technology,2025-08-08,-0.006512620642235281,1.0023907494872049
Technology,2025-08-11,-0.0033424906794020668,0.9956977770705231
Technology,2025-08-12,9.212733000794831e-4,0.997536360147566
Technology,2025-08-13,0.027825008439663488,1.0531178262272065
Technology,2025-08-14,0.011060241090439266,1.075825804372358
Technology,2025-08-15,0.0034075621137697595,1.0828993097381225
Technology,2025-08-18,-0.00426275691504704,1.0740204163021896
Technology,2025-08-19,-0.005016123590683755,1.0636168735644165
Technology,2025-08-20,-0.008390162066848854,1.0463027935513272
Technology,2025-08-21,8.40785869854027e-4,1.0480232960255882
Technology,2025-08-22,0.0018249840306592653,1.0517609058352528
Technology,2025-08-25,-0.010202862630165952,1.030827071163071
Technology,2025-08-26,-0.004301719886542096,1.022091021964921
Technology,2025-08-27,-0.010018239828010374,1.0018332291528096
Technology,2025-08-28,1.0526534547774135e-4,1.0020439528192653
Technology,2025-08-29,-0.0021332960231142577,0.9977730004166161
Technology,2025-09-01,-0.006029632357341652,0.9857271636906804
Technology,2025-09-02,-0.027313406470583605,0.931490190529118
Technology,2025-09-03,-0.007075568936864627,0.9178237985351512
Technology,2025-09-04,0.008766014081651109,0.9346354689592358
Technology,2025-09-05,0.0027621663844944687,0.9399792540178458
Technology,2025-09-08,0.019724889661906542,0.9782451307497355
Technology,2025-09-09,0.003923705247226667,0.986007181549559
Technology,2025-09-10,0.005034947991530151,0.9960066244194663
Technology,2025-09-11,-0.005159289472084202,0.9857086484558886
Technology,2025-09-12,-0.006730948860108165,0.9723429450920575
Technology,2025-09-15,0.008887658529001292,0.9898724556901204
Technology,2025-09-16,-0.0034474855345996915,0.9830123991834301
Technology,2025-09-17,-0.008270147279980404,0.9666125945841559
Technology,2025-09-18,0.0014127708363295165,0.9693909675041428
Technology,2025-09-19,-0.019785013123796966,0.9304265413661861
Technology,2025-09-22,-0.006268188294765653,0.9183262643156898
Technology,2025-09-23,-0.00182346114076443,0.9148282709174023
Technology,2025-09-24,-0.008989285088853593,0.8976153336939292
Technology,2025-09-25,-0.014978500250356153,0.8691919019431149
Technology,2025-09-26,-0.003978407587298509,0.8617554946983075
Technology,2025-09-29,-0.002360084154074701,0.8573615950565086
Technology,2025-09-30,0.009176464993495734,0.8744056087138081
Technology,2025-10-01,0.00594597852607758,0.8855507842123798
Technology,2025-10-02,0.009224740665742638,0.9029445012088266
Technology,2025-10-03,0.004145381445463753,0.9108329320358848
Technology,2025-10-06,-0.0033091789950801956,0.9045096438340843
Technology,2025-10-07,0.0026555155128603104,0.9095670987376776
Technology,2025-10-08,-0.013886057045332162,0.8830507410727166
Technology,2025-10-09,0.012639751981517091,0.9068520354084879
Technology,2025-10-10,0.005239459720828969,0.9168429098415913
Technology,2025-10-13,-0.01956452833320567,0.8793407824216912
Technology,2025-10-14,-0.006287765182292987,0.8675239288843166
Technology,2025-10-15,0.011687834962898356,0.8893512403543802
Technology,2025-10-16,0.0063817373100559386,0.90140858365675
Technology,2025-10-17,-0.017261958342353962,0.8685865478938728
Technology,2025-10-20,-0.008818827084089036,0.8521078062363421
Technology,2025-10-21,0.006321679023700883,0.863816237304659
Technology,2025-10-22,0.011351134513796709,0.8849726661233024
Technology,2025-10-23,0.011995150678567101,0.9075831972784318
Technology,2025-10-24,0.00815634712622715,0.923142108007593
Technology,2025-10-27,0.02041285443965081,0.9623989279251155
Technology,2025-10-28,0.011584251789817677,0.9851318512182683
Technology,2025-10-29,-0.01048998910325791,0.9643078397304585
Technology,2025-10-30,-0.011537293858832131,0.9416450429542804
Technology,2025-10-31,-0.0016893715967225996,0.9383648829677962
Technology,2025-11-03,0.009189329638226381,0.9561771568365494
Technology,2025-11-04,-0.0143690035060554,0.9280688404114996
Technology,2025-11-05,-0.018253952704470108,0.8928739629876656
Technology,2025-11-06,-0.007953064869071866,0.8778198135710475
Technology,2025-11-07,-0.023144845337464644,0.8343579644143189
Technology,2025-11-10,0.009256007298303226,0.8513367951206385
Technology,2025-11-11,-0.02384494608462273,0.8071917690565087
Technology,2025-11-12,-0.00664089480233877,0.795190398630552
Technology,2025-11-13,0.002122583017227696,0.7990008392833756
Technology,2025-11-14,-0.0016137793863552523,0.7960976488129043
Technology,2025-11-17,-0.0049753587199894075,0.7871614187139304
Technology,2025-11-18,-0.021877970467908462,0.7480619539739215
Technology,2025-11-19,0.0025086272950492565,0.7524471899050975
Technology,2025-11-20,0.00389765317748962,0.7592776212632142
Technology,2025-11-21,-0.015119730375036868,0.7326778179748781
Technology,2025-11-24,0.01215040059363252,0.7537305475629741
Technology,2025-11-25,-0.015808045481497206,0.7260074953048077
Technology,2025-11-26,0.007598114147732133,0.7391218972739748
Technology,2025-11-27,0.005635951019134539,0.7489235031033155
Technology,2025-11-28,-0.0018260285331787311,0.7457299188843018
Technology,2025-12-01,-0.006062601025674907,0.7351462548875225
Technology,2025-12-02,-0.00833164548418108,0.7206896314285951
Technology,2025-12-03,0.004688999908687505,0.7287579449532433
Technology,2025-12-04,0.0087649071226135,0.7439103477782385
Technology,2025-12-05,0.012603920377348482,0.7658904549468695
Technology,2025-12-08,0.010051856918707303,0.7836409331341065
Technology,2025-12-09,0.0012759136899989174,0.7859167050187348
Technology,2025-12-10,-0.0071965400707515465,0.7730642838880428
Technology,2025-12-11,0.00750258567387273,0.7863668505831964
Technology,2025-12-12,0.009804225515915557,0.8038807940404702
Technology,2025-12-15,-0.01876186690511812,0.770036622669984
Technology,2025-12-16,-0.0060123469623048955,0.7593945483585056
Technology,2025-12-17,-0.004548402461771196,0.7513921138635249
Technology,2025-12-18,-0.0065806774400158155,0.7398667672912018
Technology,2025-12-19,0.007147796375655032,0.7523029806645682
Technology,2025-12-22,-0.00307934877486333,0.7469070286278694
Technology,2025-12-23,0.0023126803304362575,0.7509470661520781
Technology,2025-12-24,0,0.7509470661520781
Technology,2025-12-25,0,0.7509470661520781
Technology,2025-12-26,0,0.7509470661520781
Technology,2025-12-29,0.02280815556876201,0.7908829392295422
Technology,2025-12-30,0.003004200780792343,0.7962631111538834
Technology,2025-12-31,0,0.7962631111538834
