Date,firm,ISIN,ticker_region,l2_name,l1_name,Return,RF,MKT,SMB,HML,mcap,size,bm,exret,exmkt
2021-01-04,Golden Ocean Group Ltd,BMG396372051,GOGL-US,Industrial Services,Industrials,0.0309994678020222,0,-0.00808924385887928,0.00334713558954932,-0.00325820843423792,424.586154258835,6.0511149398322335,1.8179967130619428,0.0309994678020222,-0.00808924385887928
2021-01-05,Golden Ocean Group Ltd,BMG396372051,GOGL-US,Industrial Services,Industrials,0.00630172285634067,-4e-7,-0.00149280500264857,0.01353240080882074,0.0104433265232531,424.586154258835,6.0511149398322335,1.8179967130619428,0.00630212285634067,-0.00149240500264857
2021-01-06,Golden Ocean Group Ltd,BMG396372051,GOGL-US,Industrial Services,Industrials,-0.0154217381669554,-4e-7,0.01451074978180989,-0.01394170594780057,-5.351575046518321e-4,424.586154258835,6.0511149398322335,1.8179967130619428,-0.0154213381669554,0.01451114978180988
2021-01-07,Golden Ocean Group Ltd,BMG396372051,GOGL-US,Industrial Services,Industrials,0.0234949400643538,-4e-7,0.01578102699730636,0.01166666635837293,0.00113116813548157,424.586154258835,6.0511149398322335,1.8179967130619428,0.0234953400643538,0.01578142699730636
2021-01-08,Golden Ocean Group Ltd,BMG396372051,GOGL-US,Industrial Services,Industrials,0.076042205399065907,0,0.010059709500479,-0.00861716511770881,8.300441119148457e-4,424.586154258835,6.0511149398322335,1.8179967130619428,0.076042205399065907,0.010059709500479
2021-01-11,Golden Ocean Group Ltd,BMG396372051,GOGL-US,Industrial Services,Industrials,0.00444303155536385,0,-0.0110507440960016,-0.00621613700134136,-0.00397372922748968,424.586154258835,6.0511149398322335,1.8179967130619428,0.00444303155536385,-0.0110507440960016
2021-01-12,Golden Ocean Group Ltd,BMG396372051,GOGL-US,Industrial Services,Industrials,-0.00221168917289616,0,0.00744203622655971,0.00971892747294431,0.01044759824357042,424.586154258835,6.0511149398322335,1.8179967130619428,-0.00221168917289616,0.00744203622655971
2021-01-13,Golden Ocean Group Ltd,BMG396372051,GOGL-US,Industrial Services,Industrials,-0.0164073090880255,0,-0.00871620471057851,0.00298186063378738,-0.00103814456686901,424.586154258835,6.0511149398322335,1.8179967130619428,-0.0164073090880255,-0.00871620471057851
2021-01-14,Golden Ocean Group Ltd,BMG396372051,GOGL-US,Industrial Services,Industrials,-0.00451097222008934,0,0.01054314608427041,-0.00948895601224056,-0.001120342331276,424.586154258835,6.0511149398322335,1.8179967130619428,-0.00451097222008934,0.01054314608427041
2021-01-15,Golden Ocean Group Ltd,BMG396372051,GOGL-US,Industrial Services,Industrials,0,0,-0.01109132653369559,0.00220298840683422,-0.00142044704635416,424.586154258835,6.0511149398322335,1.8179967130619428,0,-0.01109132653369559
2021-01-18,Golden Ocean Group Ltd,BMG396372051,GOGL-US,Industrial Services,Industrials,-0.00588505250654647,0,0.00622153409630378,-0.00689240895615193,-0.00836934792176636,424.586154258835,6.0511149398322335,1.8179967130619428,-0.00588505250654647,0.00622153409630378
2021-01-19,Golden Ocean Group Ltd,BMG396372051,GOGL-US,Industrial Services,Industrials,0.0432780525652217,0,0.01010462713087413,0.00235343749794739,-0.01285297127539717,424.586154258835,6.0511149398322335,1.8179967130619428,0.0432780525652217,0.01010462713087413
2021-01-20,Golden Ocean Group Ltd,BMG396372051,GOGL-US,Industrial Services,Industrials,0.0152864489404345,0,-0.00333295716319686,0.00250479812902872,-0.00376009618181318,424.586154258835,6.0511149398322335,1.8179967130619428,0.0152864489404345,-0.00333295716319686
2021-01-21,Golden Ocean Group Ltd,BMG396372051,GOGL-US,Industrial Services,Industrials,-0.00645321965118928,0,4.7084490816538414e-4,0.00386827513493522,0.00455737861612142,424.586154258835,6.0511149398322335,1.8179967130619428,-0.00645321965118928,4.7084490816538414e-4
2021-01-22,Golden Ocean Group Ltd,BMG396372051,GOGL-US,Industrial Services,Industrials,-0.0303044824535534,0,-0.00751487874538875,-0.01176742377152621,-0.02714097121040292,424.586154258835,6.0511149398322335,1.8179967130619428,-0.0303044824535534,-0.00751487874538875
2021-01-25,Golden Ocean Group Ltd,BMG396372051,GOGL-US,Industrial Services,Industrials,-0.0379458600542084,0,-0.0101489611347012,-0.02430029212292914,-0.01792949907190218,424.586154258835,6.0511149398322335,1.8179967130619428,-0.0379458600542084,-0.0101489611347012
2021-01-26,Golden Ocean Group Ltd,BMG396372051,GOGL-US,Industrial Services,Industrials,-0.0176309976805479,0,-0.0053948021974416,0.01486332533409729,0.00438852043433536,424.586154258835,6.0511149398322335,1.8179967130619428,-0.0176309976805479,-0.0053948021974416
2021-01-27,Golden Ocean Group Ltd,BMG396372051,GOGL-US,Industrial Services,Industrials,-0.0340124288558615,0,-0.01360321604490949,-0.01178209782914383,-0.00340451469156916,424.586154258835,6.0511149398322335,1.8179967130619428,-0.0340124288558615,-0.01360321604490949
2021-01-28,Golden Ocean Group Ltd,BMG396372051,GOGL-US,Industrial Services,Industrials,-0.00537976923621419,0,0.00328153554262027,-0.01386843622734883,-0.00602494599396329,424.586154258835,6.0511149398322335,1.8179967130619428,-0.00537976923621419,0.00328153554262027
2021-01-29,Golden Ocean Group Ltd,BMG396372051,GOGL-US,Industrial Services,Industrials,-0.00147362339712054,0,8.772932305462827e-4,0.00109719836749359,0.01192483143118093,424.586154258835,6.0511149398322335,1.8179967130619428,-0.00147362339712054,8.772932305462827e-4
2021-02-01,Golden Ocean Group Ltd,BMG396372051,GOGL-US,Industrial Services,Industrials,0.010833700186571,0,0.00363249676373188,0.00650211668421339,-0.01015657915416759,424.586154258835,6.0511149398322335,1.8179967130619428,0.010833700186571,0.00363249676373188
2021-02-02,Golden Ocean Group Ltd,BMG396372051,GOGL-US,Industrial Services,Industrials,0.0189963458994025,0,0.01352122814152554,0.01263958921699945,0.01141972686731294,424.586154258835,6.0511149398322335,1.8179967130619428,0.0189963458994025,0.01352122814152554
2021-02-03,Golden Ocean Group Ltd,BMG396372051,GOGL-US,Industrial Services,Industrials,0.00669165862772148,0,0.00761850945725851,-0.00282944450470508,-0.00563814242243684,424.586154258835,6.0511149398322335,1.8179967130619428,0.00669165862772148,0.00761850945725851
2021-02-04,Golden Ocean Group Ltd,BMG396372051,GOGL-US,Industrial Services,Industrials,0.0280159952774308,0,0.00500088712423479,0.01160375989958502,0.00413620160911429,424.586154258835,6.0511149398322335,1.8179967130619428,0.0280159952774308,0.00500088712423479
2021-02-05,Golden Ocean Group Ltd,BMG396372051,GOGL-US,Industrial Services,Industrials,0.00507763950726048,0,-3.956062537618337e-4,0.01155848272233991,0.00140364436319803,424.586154258835,6.0511149398322335,1.8179967130619428,0.00507763950726048,-3.956062537618337e-4
2021-02-08,Golden Ocean Group Ltd,BMG396372051,GOGL-US,Industrial Services,Industrials,0.00138137221524359,0,0.003725096257961,0.04045769506133392,0.00723323950059839,424.586154258835,6.0511149398322335,1.8179967130619428,0.00138137221524359,0.003725096257961
2021-02-09,Golden Ocean Group Ltd,BMG396372051,GOGL-US,Industrial Services,Industrials,0.0174367711882952,0,-0.00961711201716807,0.02157190052930643,-0.00127582520022069,424.586154258835,6.0511149398322335,1.8179967130619428,0.0174367711882952,-0.00961711201716807
2021-02-10,Golden Ocean Group Ltd,BMG396372051,GOGL-US,Industrial Services,Industrials,0.0369875325513331,0,-0.00159073621531714,0.00915795594516302,0.00605534942140963,424.586154258835,6.0511149398322335,1.8179967130619428,0.0369875325513331,-0.00159073621531714
2021-02-11,Golden Ocean Group Ltd,BMG396372051,GOGL-US,Industrial Services,Industrials,0.00435204527608635,0,0.00471313310507863,-0.00813147799880625,-0.01407892525028283,424.586154258835,6.0511149398322335,1.8179967130619428,0.00435204527608635,0.00471313310507863
2021-02-12,Golden Ocean Group Ltd,BMG396372051,GOGL-US,Industrial Services,Industrials,0.0554352916880252,0,-0.00537155770366661,-0.00146386990634611,-0.00714551012071022,424.586154258835,6.0511149398322335,1.8179967130619428,0.0554352916880252,-0.00537155770366661
2021-02-15,Golden Ocean Group Ltd,BMG396372051,GOGL-US,Industrial Services,Industrials,0.0504690857632035,0,0.00409339444341099,0.02230964698065815,0.01234130821594995,424.586154258835,6.0511149398322335,1.8179967130619428,0.0504690857632035,0.00409339444341099
2021-02-16,Golden Ocean Group Ltd,BMG396372051,GOGL-US,Industrial Services,Industrials,0.089845296185791,0,0.00472252113256912,0.00669077232123965,0.01245993429582544,424.586154258835,6.0511149398322335,1.8179967130619428,0.089845296185791,0.00472252113256912
2021-02-17,Golden Ocean Group Ltd,BMG396372051,GOGL-US,Industrial Services,Industrials,0.0215046543567832,0,-0.00237072928643991,0.00816509122243327,-4.2576749599678864e-4,424.586154258835,6.0511149398322335,1.8179967130619428,0.0215046543567832,-0.00237072928643991
2021-02-18,Golden Ocean Group Ltd,BMG396372051,GOGL-US,Industrial Services,Industrials,-0.0964905466453139,0,-0.01530258038676632,-0.01705343739307931,-0.00750397551863537,424.586154258835,6.0511149398322335,1.8179967130619428,-0.0964905466453139,-0.01530258038676632
2021-02-19,Golden Ocean Group Ltd,BMG396372051,GOGL-US,Industrial Services,Industrials,0.0388358504105475,0,0.01249004634992496,0.00859191979393077,-0.00242507643612931,424.586154258835,6.0511149398322335,1.8179967130619428,0.0388358504105475,0.01249004634992496
2021-02-22,Golden Ocean Group Ltd,BMG396372051,GOGL-US,Industrial Services,Industrials,-9.3587356157187e-4,0,0.00843535036225506,0.00521910906525113,0.00605031973299471,424.586154258835,6.0511149398322335,1.8179967130619428,-9.3587356157187e-4,0.00843535036225506
2021-02-23,Golden Ocean Group Ltd,BMG396372051,GOGL-US,Industrial Services,Industrials,-0.0224501435394503,0,0.00384752107950948,-0.02084327029670402,0.00450699371248133,424.586154258835,6.0511149398322335,1.8179967130619428,-0.0224501435394503,0.00384752107950948
2021-02-24,Golden Ocean Group Ltd,BMG396372051,GOGL-US,Industrial Services,Industrials,0,0,0.00792823911832848,0.00730795183116099,0.00454469498037706,424.586154258835,6.0511149398322335,1.8179967130619428,0,0.00792823911832848
2021-02-25,Golden Ocean Group Ltd,BMG396372051,GOGL-US,Industrial Services,Industrials,0.0124411271002756,0,0.01246684030676656,-0.00248793784755195,0.01359536066560032,424.586154258835,6.0511149398322335,1.8179967130619428,0.0124411271002756,0.01246684030676656
2021-02-26,Golden Ocean Group Ltd,BMG396372051,GOGL-US,Industrial Services,Industrials,-0.0207937621932768,0,-0.01697201404684374,0.00154738820559289,0.001747004290716,424.586154258835,6.0511149398322335,1.8179967130619428,-0.0207937621932768,-0.01697201404684374
2021-03-01,Golden Ocean Group Ltd,BMG396372051,GOGL-US,Industrial Services,Industrials,0.0366777024161387,0,0.02012449904468997,-0.00832648683077737,-0.00581408444081071,424.586154258835,6.0511149398322335,1.8179967130619428,0.0366777024161387,0.02012449904468997
2021-03-02,Golden Ocean Group Ltd,BMG396372051,GOGL-US,Industrial Services,Industrials,0.0242072314069244,0,0.00400220773901422,0.01087024664908801,0.00997947573636256,424.586154258835,6.0511149398322335,1.8179967130619428,0.0242072314069244,0.00400220773901422
2021-03-03,Golden Ocean Group Ltd,BMG396372051,GOGL-US,Industrial Services,Industrials,0.0136367014293144,0,-0.00497440008735981,0.00788717673549265,0.0043697399421365,424.586154258835,6.0511149398322335,1.8179967130619428,0.0136367014293144,-0.00497440008735981
2021-03-04,Golden Ocean Group Ltd,BMG396372051,GOGL-US,Industrial Services,Industrials,-0.0152463984164029,0,-0.00399695752653087,-0.0017910962188108,0.01305811166464351,424.586154258835,6.0511149398322335,1.8179967130619428,-0.0152463984164029,-0.00399695752653087
2021-03-05,Golden Ocean Group Ltd,BMG396372051,GOGL-US,Industrial Services,Industrials,0.0154824500178368,0,0.01057717920954711,-0.00894539246773284,0.0309280827363732,424.586154258835,6.0511149398322335,1.8179967130619428,0.0154824500178368,0.01057717920954711
2021-03-08,Golden Ocean Group Ltd,BMG396372051,GOGL-US,Industrial Services,Industrials,0.0170426080475081,0,0.00831214421741463,-0.03186002732644254,-6.350237384073684e-4,424.586154258835,6.0511149398322335,1.8179967130619428,0.0170426080475081,0.00831214421741463
2021-03-09,Golden Ocean Group Ltd,BMG396372051,GOGL-US,Industrial Services,Industrials,-0.0061753795785966,0,0.00958164009196293,0.02292039496222918,-0.02530114268652775,424.586154258835,6.0511149398322335,1.8179967130619428,-0.0061753795785966,0.00958164009196293
2021-03-10,Golden Ocean Group Ltd,BMG396372051,GOGL-US,Industrial Services,Industrials,0.00709927193928905,0,0.00530655893058407,0.03265486714111344,0.02464247749612743,424.586154258835,6.0511149398322335,1.8179967130619428,0.00709927193928905,0.00530655893058407
2021-03-11,Golden Ocean Group Ltd,BMG396372051,GOGL-US,Industrial Services,Industrials,0.0211446817194234,0,1.4195604924791713e-4,0.00635228224709883,0.00435562919763448,424.586154258835,6.0511149398322335,1.8179967130619428,0.0211446817194234,1.4195604924791713e-4
2021-03-12,Golden Ocean Group Ltd,BMG396372051,GOGL-US,Industrial Services,Industrials,0.0336522919764659,0,-0.00187017732788326,0.01407929134930141,0.02622306297454013,424.586154258835,6.0511149398322335,1.8179967130619428,0.0336522919764659,-0.00187017732788326
2021-03-15,Golden Ocean Group Ltd,BMG396372051,GOGL-US,Industrial Services,Industrials,0.0250394484327243,0,0.00185832950467126,0.01607427152769735,0.00539401327427523,424.586154258835,6.0511149398322335,1.8179967130619428,0.0250394484327243,0.00185832950467126
2021-03-16,Golden Ocean Group Ltd,BMG396372051,GOGL-US,Industrial Services,Industrials,-8.1268791674526e-4,0,-9.115393238824612e-4,1.7306367425810334e-4,-0.00890236392542829,424.586154258835,6.0511149398322335,1.8179967130619428,-8.1268791674526e-4,-9.115393238824612e-4
2021-03-17,Golden Ocean Group Ltd,BMG396372051,GOGL-US,Industrial Services,Industrials,0.0211887108280893,0,-0.00440957155336758,-0.0049090052164546,0.01129405006119318,424.586154258835,6.0511149398322335,1.8179967130619428,0.0211887108280893,-0.00440957155336758
2021-03-18,Golden Ocean Group Ltd,BMG396372051,GOGL-US,Industrial Services,Industrials,0.052673212421712,0,1.9360139822082869e-4,0.0043197524572869,-0.00100668584145328,424.586154258835,6.0511149398322335,1.8179967130619428,0.052673212421712,1.9360139822082869e-4
2021-03-19,Golden Ocean Group Ltd,BMG396372051,GOGL-US,Industrial Services,Industrials,-0.00758168516897395,0,-0.00572063593652068,0.01587788955908198,0.00233117186541633,424.586154258835,6.0511149398322335,1.8179967130619428,-0.00758168516897395,-0.00572063593652068
2021-03-22,Golden Ocean Group Ltd,BMG396372051,GOGL-US,Industrial Services,Industrials,0,0,0.00306610386429699,-0.00282305037705648,-0.01663397051141794,424.586154258835,6.0511149398322335,1.8179967130619428,0,0.00306610386429699
2021-03-23,Golden Ocean Group Ltd,BMG396372051,GOGL-US,Industrial Services,Industrials,-0.0588218457351171,0,-0.01232842961852829,-0.00464874522655915,-0.01862312678590249,424.586154258835,6.0511149398322335,1.8179967130619428,-0.0588218457351171,-0.01232842961852829
2021-03-24,Golden Ocean Group Ltd,BMG396372051,GOGL-US,Industrial Services,Industrials,-0.0137984611854346,0,0.0018893734537578,0.01085692199426246,0.0247259135298174,424.586154258835,6.0511149398322335,1.8179967130619428,-0.0137984611854346,0.0018893734537578
2021-03-25,Golden Ocean Group Ltd,BMG396372051,GOGL-US,Industrial Services,Industrials,-0.0172854595812915,0,-0.00861549343030309,-0.01615378496710636,1.9293019139845005e-4,424.586154258835,6.0511149398322335,1.8179967130619428,-0.0172854595812915,-0.00861549343030309
2021-03-26,Golden Ocean Group Ltd,BMG396372051,GOGL-US,Industrial Services,Industrials,0.0293139352446157,0,0.01577143828835091,0.00200645826921385,0.00921195543118776,424.586154258835,6.0511149398322335,1.8179967130619428,0.0293139352446157,0.01577143828835091
2021-03-29,Golden Ocean Group Ltd,BMG396372051,GOGL-US,Industrial Services,Industrials,-0.0162737718457097,0,0.00864271857970063,-0.00100548639455128,7.787722076133784e-4,424.586154258835,6.0511149398322335,1.8179967130619428,-0.0162737718457097,0.00864271857970063
2021-03-30,Golden Ocean Group Ltd,BMG396372051,GOGL-US,Industrial Services,Industrials,-0.0306039655842727,0,0.00166162500083169,-0.00698746952315841,-0.00843332415494349,424.586154258835,6.0511149398322335,1.8179967130619428,-0.0306039655842727,0.00166162500083169
2021-03-31,Golden Ocean Group Ltd,BMG396372051,GOGL-US,Industrial Services,Industrials,0.0102385706106816,0,0.00448430967720878,-0.00490856546638785,-0.01093972079278391,424.586154258835,6.0511149398322335,1.8179967130619428,0.0102385706106816,0.00448430967720878
2021-04-06,Golden Ocean Group Ltd,BMG396372051,GOGL-US,Industrial Services,Industrials,0.00253442036281615,0,0.01154959061065495,-1.583391799763606e-4,-0.00664529512112247,424.586154258835,6.0511149398322335,1.8179967130619428,0.00253442036281615,0.01154959061065495
2021-04-07,Golden Ocean Group Ltd,BMG396372051,GOGL-US,Industrial Services,Industrials,0.00926842565890462,0,-0.00619392892611337,0.00799746124057804,0.00477991779264004,424.586154258835,6.0511149398322335,1.8179967130619428,0.00926842565890462,-0.00619392892611337
2021-04-08,Golden Ocean Group Ltd,BMG396372051,GOGL-US,Industrial Services,Industrials,-0.0150259435638639,0,-0.0013486490266574,0.00478140939875745,-0.00936573322695589,424.586154258835,6.0511149398322335,1.8179967130619428,-0.0150259435638639,-0.0013486490266574
2021-04-09,Golden Ocean Group Ltd,BMG396372051,GOGL-US,Industrial Services,Industrials,0.0313560789747143,0,5.866008285179352e-4,-0.00140155049999187,-0.00579753576695412,424.586154258835,6.0511149398322335,1.8179967130619428,0.0313560789747143,5.866008285179352e-4
2021-04-12,Golden Ocean Group Ltd,BMG396372051,GOGL-US,Industrial Services,Industrials,-0.02875990405902,0,-0.00670104881014229,-6.624012408553486e-4,0.02028403508659855,424.586154258835,6.0511149398322335,1.8179967130619428,-0.02875990405902,-0.00670104881014229
2021-04-13,Golden Ocean Group Ltd,BMG396372051,GOGL-US,Industrial Services,Industrials,-0.0109991441588119,0,0.00658298851450412,0.00115420192994717,-0.01261421278465846,424.586154258835,6.0511149398322335,1.8179967130619428,-0.0109991441588119,0.00658298851450412
2021-04-14,Golden Ocean Group Ltd,BMG396372051,GOGL-US,Industrial Services,Industrials,0.0265202062876957,0,-0.00173800982941683,0.00736444241732725,0.01735933621113316,424.586154258835,6.0511149398322335,1.8179967130619428,0.0265202062876957,-0.00173800982941683
2021-04-15,Golden Ocean Group Ltd,BMG396372051,GOGL-US,Industrial Services,Industrials,0.00833352255954933,0,0.00553944433614726,0.00767620450790528,0.00894105072148988,424.586154258835,6.0511149398322335,1.8179967130619428,0.00833352255954933,0.00553944433614726
2021-04-16,Golden Ocean Group Ltd,BMG396372051,GOGL-US,Industrial Services,Industrials,0.055369769850921,0,0.01158378619039871,-0.00536986425680522,-5.213156393032038e-4,424.586154258835,6.0511149398322335,1.8179967130619428,0.055369769850921,0.01158378619039871
2021-04-19,Golden Ocean Group Ltd,BMG396372051,GOGL-US,Industrial Services,Industrials,0.0336740300545719,0,-0.00739762328216739,0.01400760249649389,0.01022434124012179,424.586154258835,6.0511149398322335,1.8179967130619428,0.0336740300545719,-0.00739762328216739
2021-04-20,Golden Ocean Group Ltd,BMG396372051,GOGL-US,Industrial Services,Industrials,-0.00909060413941165,0,-0.01360228341844775,-3.0811445714532676e-4,-0.00594022508511668,424.586154258835,6.0511149398322335,1.8179967130619428,-0.00909060413941165,-0.01360228341844775
2021-04-21,Golden Ocean Group Ltd,BMG396372051,GOGL-US,Industrial Services,Industrials,0.0695718972970159,0,-0.00582255172316484,0.00180540051915827,0.00631528327941921,424.586154258835,6.0511149398322335,1.8179967130619428,0.0695718972970159,-0.00582255172316484
2021-04-22,Golden Ocean Group Ltd,BMG396372051,GOGL-US,Industrial Services,Industrials,-0.0307374305212339,0,0.01243890893228946,0.00167115109130384,-0.03469662516332034,424.586154258835,6.0511149398322335,1.8179967130619428,-0.0307374305212339,0.01243890893228946
2021-04-23,Golden Ocean Group Ltd,BMG396372051,GOGL-US,Industrial Services,Industrials,0.0059003496503498,0,0.00246514014433944,-0.00777837729805477,-0.00532547931845351,424.586154258835,6.0511149398322335,1.8179967130619428,0.0059003496503498,0.00246514014433944
2021-04-26,Golden Ocean Group Ltd,BMG396372051,GOGL-US,Industrial Services,Industrials,0.0117314794699108,0,0.01074572371395003,0.00650376882678663,0.0034312838586795,424.586154258835,6.0511149398322335,1.8179967130619428,0.0117314794699108,0.01074572371395003
2021-04-27,Golden Ocean Group Ltd,BMG396372051,GOGL-US,Industrial Services,Industrials,0.028983682949163,0,-0.00188359518616572,0.00930115100910856,6.034677796153058e-4,424.586154258835,6.0511149398322335,1.8179967130619428,0.028983682949163,-0.00188359518616572
2021-04-28,Golden Ocean Group Ltd,BMG396372051,GOGL-US,Industrial Services,Industrials,-0.00140800475891201,0,0.00803613961119577,-0.00626750050737935,-0.00664915844616102,424.586154258835,6.0511149398322335,1.8179967130619428,-0.00140800475891201,0.00803613961119577
2021-04-29,Golden Ocean Group Ltd,BMG396372051,GOGL-US,Industrial Services,Industrials,0.00140999003158648,0,-0.00251753470196949,0.00309395532204183,0.01677344219596846,424.586154258835,6.0511149398322335,1.8179967130619428,0.00140999003158648,-0.00251753470196949
2021-04-30,Golden Ocean Group Ltd,BMG396372051,GOGL-US,Industrial Services,Industrials,0.0126768401206998,0,-0.01429655695055646,0.0134045679918973,0.00368088506234984,424.586154258835,6.0511149398322335,1.8179967130619428,0.0126768401206998,-0.01429655695055646
2021-05-03,Golden Ocean Group Ltd,BMG396372051,GOGL-US,Industrial Services,Industrials,0.0472871026346144,0,0.00764734322582594,0.00332563426346053,-0.00899129853199624,424.586154258835,6.0511149398322335,1.8179967130619428,0.0472871026346144,0.00764734322582594
2021-05-04,Golden Ocean Group Ltd,BMG396372051,GOGL-US,Industrial Services,Industrials,0.0106253293558083,0,-0.00802662647815048,0.00688448391378178,0.02399407577040056,424.586154258835,6.0511149398322335,1.8179967130619428,0.0106253293558083,-0.00802662647815048
2021-05-05,Golden Ocean Group Ltd,BMG396372051,GOGL-US,Industrial Services,Industrials,0.0164261305273146,0,0.00514784934356923,0.02417345288607971,0.01266317664424006,424.586154258835,6.0511149398322335,1.8179967130619428,0.0164261305273146,0.00514784934356923
2021-05-06,Golden Ocean Group Ltd,BMG396372051,GOGL-US,Industrial Services,Industrials,-0.062702971670384,0,-0.01010250952598448,-0.02381689820513647,0.00994809159730291,424.586154258835,6.0511149398322335,1.8179967130619428,-0.062702971670384,-0.01010250952598448
2021-05-07,Golden Ocean Group Ltd,BMG396372051,GOGL-US,Industrial Services,Industrials,0.0420685443142046,0,0.01869970422070827,0.00174820559835269,-0.00114498354264444,424.586154258835,6.0511149398322335,1.8179967130619428,0.0420685443142046,0.01869970422070827
2021-05-10,Golden Ocean Group Ltd,BMG396372051,GOGL-US,Industrial Services,Industrials,0.0496371886686549,0,-0.00389227841393321,0.0122197495906369,0.02125345839155426,424.586154258835,6.0511149398322335,1.8179967130619428,0.0496371886686549,-0.00389227841393321
2021-05-11,Golden Ocean Group Ltd,BMG396372051,GOGL-US,Industrial Services,Industrials,-0.0258526455043498,0,-0.01609351764007096,-0.00766143184403349,0.01367473110917757,424.586154258835,6.0511149398322335,1.8179967130619428,-0.0258526455043498,-0.01609351764007096
2021-05-12,Golden Ocean Group Ltd,BMG396372051,GOGL-US,Industrial Services,Industrials,-0.0485426619429852,0,-0.00621783130999837,-0.00728901445890078,0.00546115702761468,424.586154258835,6.0511149398322335,1.8179967130619428,-0.0485426619429852,-0.00621783130999837
2021-05-14,Golden Ocean Group Ltd,BMG396372051,GOGL-US,Industrial Services,Industrials,-0.0115644303979313,0,0.00523255357101717,0.00497725196490062,-0.00579723724401299,424.586154258835,6.0511149398322335,1.8179967130619428,-0.0115644303979313,0.00523255357101717
2021-05-18,Golden Ocean Group Ltd,BMG396372051,GOGL-US,Industrial Services,Industrials,0.0674463361861828,0,0.00760419262129088,0.01064766638286307,0.01039809799686841,424.586154258835,6.0511149398322335,1.8179967130619428,0.0674463361861828,0.00760419262129088
2021-05-19,Golden Ocean Group Ltd,BMG396372051,GOGL-US,Industrial Services,Industrials,-0.00709324209476836,0,-0.01587389397740308,0.00195450658975239,-0.00930143197268785,424.586154258835,6.0511149398322335,1.8179967130619428,-0.00709324209476836,-0.01587389397740308
2021-05-20,Golden Ocean Group Ltd,BMG396372051,GOGL-US,Industrial Services,Industrials,0.0668851864385038,0,0.01575819511312163,0.0047431123414014,-6.051969389517763e-4,424.586154258835,6.0511149398322335,1.8179967130619428,0.0668851864385038,0.01575819511312163
2021-05-21,Golden Ocean Group Ltd,BMG396372051,GOGL-US,Industrial Services,Industrials,0.0602540767122606,0,0.01790631362244723,-0.00256301119850912,-3.715937794113652e-4,424.586154258835,6.0511149398322335,1.8179967130619428,0.0602540767122606,0.01790631362244723
2021-05-25,Golden Ocean Group Ltd,BMG396372051,GOGL-US,Industrial Services,Industrials,-0.0447756232903631,0,-0.00701733337924529,0.0034215154774036,0.00319275104328275,424.586154258835,6.0511149398322335,1.8179967130619428,-0.0447756232903631,-0.00701733337924529
2021-05-26,Golden Ocean Group Ltd,BMG396372051,GOGL-US,Industrial Services,Industrials,-0.0300487780914114,0,-4.38468688902506e-4,-0.00125007058964682,-0.01294911830726884,424.586154258835,6.0511149398322335,1.8179967130619428,-0.0300487780914114,-4.38468688902506e-4
2021-05-27,Golden Ocean Group Ltd,BMG396372051,GOGL-US,Industrial Services,Industrials,6.2043772514619e-4,0,0.00711231294719636,-0.00727753936565732,-6.592182442782934e-4,424.586154258835,6.0511149398322335,1.8179967130619428,6.2043772514619e-4,0.00711231294719636
2021-05-28,Golden Ocean Group Ltd,BMG396372051,GOGL-US,Industrial Services,Industrials,0.0179562293183846,0,0.01228480845451238,0.00693816431563675,0.00466444785813013,424.586154258835,6.0511149398322335,1.8179967130619428,0.0179562293183846,0.01228480845451238
2021-05-31,Golden Ocean Group Ltd,BMG396372051,GOGL-US,Industrial Services,Industrials,0.0121657374546014,0,-0.00579180772734711,0.01074537661841301,-0.00338834870556791,424.586154258835,6.0511149398322335,1.8179967130619428,0.0121657374546014,-0.00579180772734711
2021-06-01,Golden Ocean Group Ltd,BMG396372051,GOGL-US,Industrial Services,Industrials,0.0534860062349167,0,0.01250836902381878,0.00168829396603452,0.02571932877804368,424.586154258835,6.0511149398322335,1.8179967130619428,0.0534860062349167,0.01250836902381878
2021-06-02,Golden Ocean Group Ltd,BMG396372051,GOGL-US,Industrial Services,Industrials,-0.0260380943868778,0,0.00121998493828497,7.084933908688283e-4,0.00278032643331236,424.586154258835,6.0511149398322335,1.8179967130619428,-0.0260380943868778,0.00121998493828497
2021-06-03,Golden Ocean Group Ltd,BMG396372051,GOGL-US,Industrial Services,Industrials,-0.0216091990711557,0,0.00171279210180196,-0.00865262717398187,0.00442282763631608,424.586154258835,6.0511149398322335,1.8179967130619428,-0.0216091990711557,0.00171279210180196
2021-06-04,Golden Ocean Group Ltd,BMG396372051,GOGL-US,Industrial Services,Industrials,0.0220864699981242,-4e-7,0.00800025101952866,-0.0074210967510763,-0.00311447443137201,424.586154258835,6.0511149398322335,1.8179967130619428,0.0220868699981242,0.00800065101952866
2021-06-07,Golden Ocean Group Ltd,BMG396372051,GOGL-US,Industrial Services,Industrials,0.00360086819824912,0,-0.00283165428143832,0.00307049489467402,9.19047178713184e-4,424.586154258835,6.0511149398322335,1.8179967130619428,0.00360086819824912,-0.00283165428143832
2021-06-08,Golden Ocean Group Ltd,BMG396372051,GOGL-US,Industrial Services,Industrials,0.00956918777195348,0,-8.499319388609767e-4,-0.00384283616810448,-0.01692714010097076,424.586154258835,6.0511149398322335,1.8179967130619428,0.00956918777195348,-8.499319388609767e-4
2021-06-09,Golden Ocean Group Ltd,BMG396372051,GOGL-US,Industrial Services,Industrials,0.0296207620986559,0,-5.785158138624064e-4,0.0019798894976289,0.00280485162459848,424.586154258835,6.0511149398322335,1.8179967130619428,0.0296207620986559,-5.785158138624064e-4
2021-06-10,Golden Ocean Group Ltd,BMG396372051,GOGL-US,Industrial Services,Industrials,0.0466065312632067,0,-0.00370782801487953,0.00907912393742786,0.01639075900401471,424.586154258835,6.0511149398322335,1.8179967130619428,0.0466065312632067,-0.00370782801487953
2021-06-11,Golden Ocean Group Ltd,BMG396372051,GOGL-US,Industrial Services,Industrials,0.0054978686394922,0,0.0024369880738032,0.0108613798944154,-0.00148481628275561,424.586154258835,6.0511149398322335,1.8179967130619428,0.0054978686394922,0.0024369880738032
2021-06-14,Golden Ocean Group Ltd,BMG396372051,GOGL-US,Industrial Services,Industrials,-0.00820261960487867,0,0.01101569155603877,-0.00248193302484024,0.00635345982375265,424.586154258835,6.0511149398322335,1.8179967130619428,-0.00820261960487867,0.01101569155603877
2021-06-15,Golden Ocean Group Ltd,BMG396372051,GOGL-US,Industrial Services,Industrials,-0.00220411214405325,0,-0.00845643211253762,-0.00146139963579336,-0.00315446669095867,424.586154258835,6.0511149398322335,1.8179967130619428,-0.00220411214405325,-0.00845643211253762
2021-06-16,Golden Ocean Group Ltd,BMG396372051,GOGL-US,Industrial Services,Industrials,0.0226516952965048,0,5.919765097736843e-4,-0.00687384555989983,9.084540307095212e-4,424.586154258835,6.0511149398322335,1.8179967130619428,0.0226516952965048,5.919765097736843e-4
2021-06-17,Golden Ocean Group Ltd,BMG396372051,GOGL-US,Industrial Services,Industrials,-0.0183685232102362,0,-0.0087091990135768,0.00361279603841047,0.00508909678608338,424.586154258835,6.0511149398322335,1.8179967130619428,-0.0183685232102362,-0.0087091990135768
2021-06-18,Golden Ocean Group Ltd,BMG396372051,GOGL-US,Industrial Services,Industrials,-0.0335722817408419,0,-0.01140462326981899,6.270269224375727e-4,-0.01600050682620485,424.586154258835,6.0511149398322335,1.8179967130619428,-0.0335722817408419,-0.01140462326981899
2021-06-21,Golden Ocean Group Ltd,BMG396372051,GOGL-US,Industrial Services,Industrials,0.0216410805777263,0,0.00857333985280854,-0.00927165440516247,0.00948864146623832,424.586154258835,6.0511149398322335,1.8179967130619428,0.0216410805777263,0.00857333985280854
2021-06-22,Golden Ocean Group Ltd,BMG396372051,GOGL-US,Industrial Services,Industrials,-0.0100336988519417,0,0.00722797934366244,-0.00976396929627898,-0.00643604759187386,424.586154258835,6.0511149398322335,1.8179967130619428,-0.0100336988519417,0.00722797934366244
2021-06-23,Golden Ocean Group Ltd,BMG396372051,GOGL-US,Industrial Services,Industrials,0.00450441177846606,0,0.00492954241721388,0.01315631398530452,0.01003760000191583,424.586154258835,6.0511149398322335,1.8179967130619428,0.00450441177846606,0.00492954241721388
2021-06-24,Golden Ocean Group Ltd,BMG396372051,GOGL-US,Industrial Services,Industrials,0.00280193452713617,0,-2.117111804925422e-4,-0.00248537547743336,-0.00151427047521851,424.586154258835,6.0511149398322335,1.8179967130619428,0.00280193452713617,-2.117111804925422e-4
2021-06-25,Golden Ocean Group Ltd,BMG396372051,GOGL-US,Industrial Services,Industrials,0.0737855672554601,0,0.00648661689212803,0.00109142308927284,0.00559357179817499,424.586154258835,6.0511149398322335,1.8179967130619428,0.0737855672554601,0.00648661689212803
2021-06-28,Golden Ocean Group Ltd,BMG396372051,GOGL-US,Industrial Services,Industrials,-0.0255072293263067,0,-0.00773896862880191,0.00507106452098924,-0.02279803984536289,424.586154258835,6.0511149398322335,1.8179967130619428,-0.0255072293263067,-0.00773896862880191
2021-06-29,Golden Ocean Group Ltd,BMG396372051,GOGL-US,Industrial Services,Industrials,-0.00641100754549495,0,0.00254094819749706,0.00647987830543167,-0.01713930939320232,424.586154258835,6.0511149398322335,1.8179967130619428,-0.00641100754549495,0.00254094819749706
2021-06-30,Golden Ocean Group Ltd,BMG396372051,GOGL-US,Industrial Services,Industrials,0.022580627869037,-4e-7,-0.00959192136686519,0.00612527537985105,0.00814816836579382,424.586154258835,6.0511149398322335,1.8179967130619428,0.022581027869037,-0.00959152136686519
2021-07-01,Golden Ocean Group Ltd,BMG396372051,GOGL-US,Industrial Services,Industrials,-0.0278659248334721,0,0.00857533259880597,-0.01488568103963649,-0.0077522164928799,424.586154258835,6.0511149398322335,1.8179967130619428,-0.0278659248334721,0.00857533259880597
2021-07-02,Golden Ocean Group Ltd,BMG396372051,GOGL-US,Industrial Services,Industrials,-0.0216328827007041,0,-0.02015956632253222,-0.01015670772757477,-0.00768916425153488,424.586154258835,6.0511149398322335,1.8179967130619428,-0.0216328827007041,-0.02015956632253222
2021-07-05,Golden Ocean Group Ltd,BMG396372051,GOGL-US,Industrial Services,Industrials,-0.0160299397017054,0,0.00510659885085274,-0.00145759773742656,-0.00489934480067091,424.586154258835,6.0511149398322335,1.8179967130619428,-0.0160299397017054,0.00510659885085274
2021-07-06,Golden Ocean Group Ltd,BMG396372051,GOGL-US,Industrial Services,Industrials,0.00505443743009759,0,-4.014611323492355e-4,-0.00471825913539025,-0.01235428894535263,424.586154258835,6.0511149398322335,1.8179967130619428,0.00505443743009759,-4.014611323492355e-4
2021-07-07,Golden Ocean Group Ltd,BMG396372051,GOGL-US,Industrial Services,Industrials,0.0229194688226859,0,-0.00242805014021587,-0.00225729565997239,-0.01375493216800655,424.586154258835,6.0511149398322335,1.8179967130619428,0.0229194688226859,-0.00242805014021587
2021-07-08,Golden Ocean Group Ltd,BMG396372051,GOGL-US,Industrial Services,Industrials,-0.0338804205494604,0,-0.01570424035517368,-0.00873025547061547,3.3728976100108263e-4,424.586154258835,6.0511149398322335,1.8179967130619428,-0.0338804205494604,-0.01570424035517368
2021-07-09,Golden Ocean Group Ltd,BMG396372051,GOGL-US,Industrial Services,Industrials,0.010181254911102,0,0.01074055142152819,0.00324308899077319,0.01800916619926504,424.586154258835,6.0511149398322335,1.8179967130619428,0.010181254911102,0.01074055142152819
2021-07-12,Golden Ocean Group Ltd,BMG396372051,GOGL-US,Industrial Services,Industrials,0.00727798516489453,0,0.00986967552022361,-0.00575027234094607,-0.00410884246522086,424.586154258835,6.0511149398322335,1.8179967130619428,0.00727798516489453,0.00986967552022361
2021-07-13,Golden Ocean Group Ltd,BMG396372051,GOGL-US,Industrial Services,Industrials,-0.0272370377897041,0,2.9592687902293854e-5,-0.00978129479484568,-0.01466769276055435,424.586154258835,6.0511149398322335,1.8179967130619428,-0.0272370377897041,2.9592687902293854e-5
2021-07-14,Golden Ocean Group Ltd,BMG396372051,GOGL-US,Industrial Services,Industrials,0.0360009268016606,0,0.00197268515616161,-2.1163791677613911e-4,0.00485806280526246,424.586154258835,6.0511149398322335,1.8179967130619428,0.0360009268016606,0.00197268515616161
2021-07-15,Golden Ocean Group Ltd,BMG396372051,GOGL-US,Industrial Services,Industrials,-0.0170999710356409,0,-0.00886782854481219,0.0103429955050609,0.01729413611496107,424.586154258835,6.0511149398322335,1.8179967130619428,-0.0170999710356409,-0.00886782854481219
2021-07-16,Golden Ocean Group Ltd,BMG396372051,GOGL-US,Industrial Services,Industrials,-0.0179569912527742,0,-0.01270782187590101,0.00121694313727681,-0.00996512048918565,424.586154258835,6.0511149398322335,1.8179967130619428,-0.0179569912527742,-0.01270782187590101
2021-07-19,Golden Ocean Group Ltd,BMG396372051,GOGL-US,Industrial Services,Industrials,-0.0554276771843462,0,-0.02461640502912069,-0.0085665082134632,-0.01625673562404805,424.586154258835,6.0511149398322335,1.8179967130619428,-0.0554276771843462,-0.02461640502912069
2021-07-20,Golden Ocean Group Ltd,BMG396372051,GOGL-US,Industrial Services,Industrials,0.0102843631435769,0,0.01624676454133571,-0.00681676450863489,3.4326802511391863e-4,424.586154258835,6.0511149398322335,1.8179967130619428,0.0102843631435769,0.01624676454133571
2021-07-21,Golden Ocean Group Ltd,BMG396372051,GOGL-US,Industrial Services,Industrials,0.0239515833718098,0,0.01216453992554389,0.00679678906247672,0.01575135392593702,424.586154258835,6.0511149398322335,1.8179967130619428,0.0239515833718098,0.01216453992554389
2021-07-22,Golden Ocean Group Ltd,BMG396372051,GOGL-US,Industrial Services,Industrials,-0.0146198205272231,0,3.657805271661346e-4,-0.00368071119986844,-0.0112476390112883,424.586154258835,6.0511149398322335,1.8179967130619428,-0.0146198205272231,3.657805271661346e-4
2021-07-23,Golden Ocean Group Ltd,BMG396372051,GOGL-US,Industrial Services,Industrials,0.00474767498052198,0,-0.00355493008906522,0.00297436635241167,8.033979773868286e-4,424.586154258835,6.0511149398322335,1.8179967130619428,0.00474767498052198,-0.00355493008906522
2021-07-26,Golden Ocean Group Ltd,BMG396372051,GOGL-US,Industrial Services,Industrials,0.0253989069321858,0,0.00410119728880818,0.00824900134931389,0.0207384620374564,424.586154258835,6.0511149398322335,1.8179967130619428,0.0253989069321858,0.00410119728880818
2021-07-27,Golden Ocean Group Ltd,BMG396372051,GOGL-US,Industrial Services,Industrials,-0.0345624413684834,0,-0.00203315897558892,-0.00125319347030385,-0.00638854872195148,424.586154258835,6.0511149398322335,1.8179967130619428,-0.0345624413684834,-0.00203315897558892
2021-07-28,Golden Ocean Group Ltd,BMG396372051,GOGL-US,Industrial Services,Industrials,0.00537006446853616,0,-0.00155918835918017,0.00146250078506778,-0.01447188999094985,424.586154258835,6.0511149398322335,1.8179967130619428,0.00537006446853616,-0.00155918835918017
2021-07-29,Golden Ocean Group Ltd,BMG396372051,GOGL-US,Industrial Services,Industrials,0.0195844058502717,0,0.00484989068262759,0.01080658739299601,0.01339358287847045,424.586154258835,6.0511149398322335,1.8179967130619428,0.0195844058502717,0.00484989068262759
2021-07-30,Golden Ocean Group Ltd,BMG396372051,GOGL-US,Industrial Services,Industrials,0.013969441725316,0,-0.00409807048218482,0.00699118168616557,-0.00528381226517093,424.586154258835,6.0511149398322335,1.8179967130619428,0.013969441725316,-0.00409807048218482
2021-08-02,Golden Ocean Group Ltd,BMG396372051,GOGL-US,Industrial Services,Industrials,0.0126284258826448,0,0.00786283993613825,0.00496676457923958,0.00127222255364396,424.586154258835,6.0511149398322335,1.8179967130619428,0.0126284258826448,0.00786283993613825
2021-08-03,Golden Ocean Group Ltd,BMG396372051,GOGL-US,Industrial Services,Industrials,-0.0368475791044439,0,-0.0016939143116257,-0.00912850097500697,-0.01183592330531546,424.586154258835,6.0511149398322335,1.8179967130619428,-0.0368475791044439,-0.0016939143116257
2021-08-04,Golden Ocean Group Ltd,BMG396372051,GOGL-US,Industrial Services,Industrials,0.0182454122383346,0,0.00354818271013573,0.00471431486698295,0.00599633034758988,424.586154258835,6.0511149398322335,1.8179967130619428,0.0182454122383346,0.00354818271013573
2021-08-05,Golden Ocean Group Ltd,BMG396372051,GOGL-US,Industrial Services,Industrials,0.00867203049234999,0,-0.00188206933293338,0.01441399904788256,0.00734051572723134,424.586154258835,6.0511149398322335,1.8179967130619428,0.00867203049234999,-0.00188206933293338
2021-08-06,Golden Ocean Group Ltd,BMG396372051,GOGL-US,Industrial Services,Industrials,-0.0194843039932348,0,-1.1103824047944234e-4,0.00399222448005977,0.01429280633906144,424.586154258835,6.0511149398322335,1.8179967130619428,-0.0194843039932348,-1.1103824047944234e-4
2021-08-09,Golden Ocean Group Ltd,BMG396372051,GOGL-US,Industrial Services,Industrials,-0.0157806405494865,0,0.00161192690040199,4.743002895662488e-4,-0.01189830388764493,424.586154258835,6.0511149398322335,1.8179967130619428,-0.0157806405494865,0.00161192690040199
2021-08-10,Golden Ocean Group Ltd,BMG396372051,GOGL-US,Industrial Services,Industrials,0.00118811724862056,0,0.00716879460642662,-0.0030622626616192,0.00257281706027212,424.586154258835,6.0511149398322335,1.8179967130619428,0.00118811724862056,0.00716879460642662
2021-08-11,Golden Ocean Group Ltd,BMG396372051,GOGL-US,Industrial Services,Industrials,0.0593117097653,0,-8.066673126603112e-6,0.01409020943428347,0.02241716691860123,424.586154258835,6.0511149398322335,1.8179967130619428,0.0593117097653,-8.066673126603112e-6
2021-08-12,Golden Ocean Group Ltd,BMG396372051,GOGL-US,Industrial Services,Industrials,0.00447918954024562,0,0.0042848971412081,-0.00276190122311533,0.00531500952294449,424.586154258835,6.0511149398322335,1.8179967130619428,0.00447918954024562,0.0042848971412081
2021-08-13,Golden Ocean Group Ltd,BMG396372051,GOGL-US,Industrial Services,Industrials,0.00780316461676112,0,4.7304937137655e-4,0.0022988843964042,0.00268412550083406,424.586154258835,6.0511149398322335,1.8179967130619428,0.00780316461676112,4.7304937137655e-4
2021-08-16,Golden Ocean Group Ltd,BMG396372051,GOGL-US,Industrial Services,Industrials,-0.0265481357296876,0,-0.00828234353178625,-8.529595091885354e-4,0.00724035748747914,424.586154258835,6.0511149398322335,1.8179967130619428,-0.0265481357296876,-0.00828234353178625
2021-08-17,Golden Ocean Group Ltd,BMG396372051,GOGL-US,Industrial Services,Industrials,0.043181865391624,0,6.630855054038269e-4,-6.146780363222343e-4,0.00182853587176178,424.586154258835,6.0511149398322335,1.8179967130619428,0.043181865391624,6.630855054038269e-4
2021-08-18,Golden Ocean Group Ltd,BMG396372051,GOGL-US,Industrial Services,Industrials,0.0228757933304129,0,0.00337726298316606,0.00200109951056718,0.0135806735822779,424.586154258835,6.0511149398322335,1.8179967130619428,0.0228757933304129,0.00337726298316606
2021-08-19,Golden Ocean Group Ltd,BMG396372051,GOGL-US,Industrial Services,Industrials,-0.0425993929794445,0,-0.01670530439844119,-8.281840675605952e-5,0.01041080110946753,424.586154258835,6.0511149398322335,1.8179967130619428,-0.0425993929794445,-0.01670530439844119
2021-08-20,Golden Ocean Group Ltd,BMG396372051,GOGL-US,Industrial Services,Industrials,-0.00444929979444852,0,-0.00111466515593959,0.00398512539385461,-0.0192018817690315,424.586154258835,6.0511149398322335,1.8179967130619428,-0.00444929979444852,-0.00111466515593959
2021-08-23,Golden Ocean Group Ltd,BMG396372051,GOGL-US,Industrial Services,Industrials,0.0206711389457774,0,0.01137556721498588,0.00414950100119339,0.01386331700255707,424.586154258835,6.0511149398322335,1.8179967130619428,0.0206711389457774,0.01137556721498588
2021-08-24,Golden Ocean Group Ltd,BMG396372051,GOGL-US,Industrial Services,Industrials,0.0153262629386404,0,0.00216118741466354,-0.00334227015497965,-0.00747310160609131,424.586154258835,6.0511149398322335,1.8179967130619428,0.0153262629386404,0.00216118741466354
2021-08-25,Golden Ocean Group Ltd,BMG396372051,GOGL-US,Industrial Services,Industrials,0.0237182760443262,0,0.00435464036853554,-9.921356841539118e-4,-0.0046805724009441,424.586154258835,6.0511149398322335,1.8179967130619428,0.0237182760443262,0.00435464036853554
2021-08-26,Golden Ocean Group Ltd,BMG396372051,GOGL-US,Industrial Services,Industrials,0.0242241057942885,0,0.00129000855346748,0.01394887531481202,0.00461523003946576,424.586154258835,6.0511149398322335,1.8179967130619428,0.0242241057942885,0.00129000855346748
2021-08-27,Golden Ocean Group Ltd,BMG396372051,GOGL-US,Industrial Services,Industrials,0.068380113941225,0,0.00381919908311776,-0.01117001470732591,-0.00647643586326652,424.586154258835,6.0511149398322335,1.8179967130619428,0.068380113941225,0.00381919908311776
2021-08-30,Golden Ocean Group Ltd,BMG396372051,GOGL-US,Industrial Services,Industrials,-0.00673671011194266,0,-0.00572687979361288,0.01053873427716717,-0.00180766399196575,424.586154258835,6.0511149398322335,1.8179967130619428,-0.00673671011194266,-0.00572687979361288
2021-08-31,Golden Ocean Group Ltd,BMG396372051,GOGL-US,Industrial Services,Industrials,-0.0397298633375146,0,-0.01212090234203297,0.0013262994015769,-0.00992780944263356,424.586154258835,6.0511149398322335,1.8179967130619428,-0.0397298633375146,-0.01212090234203297
2021-09-01,Golden Ocean Group Ltd,BMG396372051,GOGL-US,Industrial Services,Industrials,-0.0247222250170203,0,0.00882508889809732,-0.01246063682796917,4.457454467671207e-5,424.586154258835,6.0511149398322335,1.8179967130619428,-0.0247222250170203,0.00882508889809732
2021-09-02,Golden Ocean Group Ltd,BMG396372051,GOGL-US,Industrial Services,Industrials,0.0491469266836657,0,0.01454036051357195,-0.00390163657310011,0.01136051399133614,424.586154258835,6.0511149398322335,1.8179967130619428,0.0491469266836657,0.01454036051357195
2021-09-03,Golden Ocean Group Ltd,BMG396372051,GOGL-US,Industrial Services,Industrials,-0.0221899188281625,0,-0.00418899634522437,0.00300394352167604,0.00414859675876387,424.586154258835,6.0511149398322335,1.8179967130619428,-0.0221899188281625,-0.00418899634522437
2021-09-06,Golden Ocean Group Ltd,BMG396372051,GOGL-US,Industrial Services,Industrials,-0.00151178167325072,0,0.0093892299178155,-0.00663393289474311,-0.00360170246856799,424.586154258835,6.0511149398322335,1.8179967130619428,-0.00151178167325072,0.0093892299178155
2021-09-07,Golden Ocean Group Ltd,BMG396372051,GOGL-US,Industrial Services,Industrials,0.0464645108225834,0,-0.00883968242546251,0.00962069112290341,0.01336937323844698,424.586154258835,6.0511149398322335,1.8179967130619428,0.0464645108225834,-0.00883968242546251
2021-09-08,Golden Ocean Group Ltd,BMG396372051,GOGL-US,Industrial Services,Industrials,-0.0212358804413033,0,-0.00419601625719322,-0.00334674251216098,-0.0043236920692207,424.586154258835,6.0511149398322335,1.8179967130619428,-0.0212358804413033,-0.00419601625719322
2021-09-09,Golden Ocean Group Ltd,BMG396372051,GOGL-US,Industrial Services,Industrials,0.00729448513324593,0,-0.008498926094366,0.00523947593286751,0.00551831836729634,424.586154258835,6.0511149398322335,1.8179967130619428,0.00729448513324593,-0.008498926094366
2021-09-10,Golden Ocean Group Ltd,BMG396372051,GOGL-US,Industrial Services,Industrials,0.0132923769763666,0,-0.0032522341468479,-0.00284436039590298,0.00141710066238317,424.586154258835,6.0511149398322335,1.8179967130619428,0.0132923769763666,-0.0032522341468479
2021-09-13,Golden Ocean Group Ltd,BMG396372051,GOGL-US,Industrial Services,Industrials,0.0110997289694417,0,-6.91461935557797e-4,0.00471241003769904,0.01459150642537478,424.586154258835,6.0511149398322335,1.8179967130619428,0.0110997289694417,-6.91461935557797e-4
2021-09-14,Golden Ocean Group Ltd,BMG396372051,GOGL-US,Industrial Services,Industrials,-0.0294400218509466,0,-0.00159592428052489,0.0044372690820369,2.1016096172625463e-4,424.586154258835,6.0511149398322335,1.8179967130619428,-0.0294400218509466,-0.00159592428052489
2021-09-15,Golden Ocean Group Ltd,BMG396372051,GOGL-US,Industrial Services,Industrials,-0.00668377013720955,0,3.846811289439433e-4,0.00848566009925177,0.02323934801007456,424.586154258835,6.0511149398322335,1.8179967130619428,-0.00668377013720955,3.846811289439433e-4
2021-09-16,Golden Ocean Group Ltd,BMG396372051,GOGL-US,Industrial Services,Industrials,0.0476184201206726,0,-0.00218695917720582,0.00601897500813035,0.00101984729275371,424.586154258835,6.0511149398322335,1.8179967130619428,0.0476184201206726,-0.00218695917720582
2021-09-17,Golden Ocean Group Ltd,BMG396372051,GOGL-US,Industrial Services,Industrials,-0.0212450825935604,0,-0.00651827443154936,0.01540754980486765,-0.00708599777379308,424.586154258835,6.0511149398322335,1.8179967130619428,-0.0212450825935604,-0.00651827443154936
2021-09-20,Golden Ocean Group Ltd,BMG396372051,GOGL-US,Industrial Services,Industrials,-0.1317522739175,0,-0.01649888140661534,-0.03291113928554295,-0.01248503263812495,424.586154258835,6.0511149398322335,1.8179967130619428,-0.1317522739175,-0.01649888140661534
2021-09-21,Golden Ocean Group Ltd,BMG396372051,GOGL-US,Industrial Services,Industrials,-0.0255810123982615,0,0.00486205348443536,-0.00997051897869062,-0.00647251098089282,424.586154258835,6.0511149398322335,1.8179967130619428,-0.0255810123982615,0.00486205348443536
2021-09-22,Golden Ocean Group Ltd,BMG396372051,GOGL-US,Industrial Services,Industrials,0.0417656407539688,0,0.01818531377376226,-0.00589237337131745,0.00455335814685847,424.586154258835,6.0511149398322335,1.8179967130619428,0.0417656407539688,0.01818531377376226
2021-09-23,Golden Ocean Group Ltd,BMG396372051,GOGL-US,Industrial Services,Industrials,0.00630093192551162,0,0.01563936666016899,-0.00536962850370043,-0.00372885168036781,424.586154258835,6.0511149398322335,1.8179967130619428,0.00630093192551162,0.01563936666016899
2021-09-24,Golden Ocean Group Ltd,BMG396372051,GOGL-US,Industrial Services,Industrials,0.0153666143820208,1e-5,-0.00134931222962317,0.00832209799092404,0.01207001528009437,424.586154258835,6.0511149398322335,1.8179967130619428,0.0153566143820208,-0.00135931222962317
2021-09-27,Golden Ocean Group Ltd,BMG396372051,GOGL-US,Industrial Services,Industrials,0.00336431259922576,1e-5,0.00525480317846326,0.00221359159662711,0.0180807219530217,424.586154258835,6.0511149398322335,1.8179967130619428,0.00335431259922576,0.00524480317846326
2021-09-28,Golden Ocean Group Ltd,BMG396372051,GOGL-US,Industrial Services,Industrials,0.0206693263357016,1e-5,-0.00745190346749729,0.00757408926002991,0.02679966979734756,424.586154258835,6.0511149398322335,1.8179967130619428,0.0206593263357016,-0.00746190346749729
2021-09-29,Golden Ocean Group Ltd,BMG396372051,GOGL-US,Industrial Services,Industrials,0.00985190784912771,1e-5,0.00130856458337516,-3.248656184993439e-4,0.00151129861304601,424.586154258835,6.0511149398322335,1.8179967130619428,0.00984190784912771,0.00129856458337516
2021-09-30,Golden Ocean Group Ltd,BMG396372051,GOGL-US,Industrial Services,Industrials,0,1e-5,0.00448489358104101,-0.00224467855557998,0.01446292323871224,424.586154258835,6.0511149398322335,1.8179967130619428,-1e-5,0.00447489358104101
2021-10-01,Golden Ocean Group Ltd,BMG396372051,GOGL-US,Industrial Services,Industrials,0.0357735468937039,1e-5,-0.00433222334053369,0.00104282730018202,-0.00455169814006262,424.586154258835,6.0511149398322335,1.8179967130619428,0.03576354689370389,-0.00434222334053369
2021-10-04,Golden Ocean Group Ltd,BMG396372051,GOGL-US,Industrial Services,Industrials,-0.0507595362515778,1e-5,0.00302718776538885,-0.00957292836128717,0.00230835577163726,424.586154258835,6.0511149398322335,1.8179967130619428,-0.0507695362515778,0.00301718776538885
2021-10-05,Golden Ocean Group Ltd,BMG396372051,GOGL-US,Industrial Services,Industrials,0.0479599731236087,1e-5,0.00287416899392092,0.00302721619955398,0.00318185153951212,424.586154258835,6.0511149398322335,1.8179967130619428,0.0479499731236087,0.00286416899392092
2021-10-06,Golden Ocean Group Ltd,BMG396372051,GOGL-US,Industrial Services,Industrials,-0.0152539109909517,1e-5,-0.01504877317981169,0.00494027377316571,-0.00426327055766751,424.586154258835,6.0511149398322335,1.8179967130619428,-0.0152639109909517,-0.01505877317981168
2021-10-07,Golden Ocean Group Ltd,BMG396372051,GOGL-US,Industrial Services,Industrials,-0.00587682301361858,1e-5,0.00509759861774225,-0.00534705739687146,-0.00475949125304998,424.586154258835,6.0511149398322335,1.8179967130619428,-0.00588682301361858,0.00508759861774225
2021-10-08,Golden Ocean Group Ltd,BMG396372051,GOGL-US,Industrial Services,Industrials,-0.057496246490169003,1e-5,0.00363154699554609,-0.00282054644066744,-4.216973683752744e-4,424.586154258835,6.0511149398322335,1.8179967130619428,-0.057506246490169,0.00362154699554609
2021-10-11,Golden Ocean Group Ltd,BMG396372051,GOGL-US,Industrial Services,Industrials,0.0085528237563115,1e-5,0.00646704084144379,-0.00675466880155088,0.00443762503451669,424.586154258835,6.0511149398322335,1.8179967130619428,0.0085428237563115,0.00645704084144379
2021-10-12,Golden Ocean Group Ltd,BMG396372051,GOGL-US,Industrial Services,Industrials,-0.0305265373454919,1e-5,0.00321339213293816,-0.00889927721835124,-0.00296187591424438,424.586154258835,6.0511149398322335,1.8179967130619428,-0.03053653734549189,0.00320339213293816
2021-10-13,Golden Ocean Group Ltd,BMG396372051,GOGL-US,Industrial Services,Industrials,-0.0379007177477416,1e-5,0.00903516459244713,-0.01701356608005805,-0.02498514371184349,424.586154258835,6.0511149398322335,1.8179967130619428,-0.0379107177477416,0.00902516459244713
2021-10-14,Golden Ocean Group Ltd,BMG396372051,GOGL-US,Industrial Services,Industrials,-0.0199987270556605,1e-5,0.01306749945210079,-0.01320622995590419,-0.00363157303321221,424.586154258835,6.0511149398322335,1.8179967130619428,-0.0200087270556605,0.01305749945210079
2021-10-15,Golden Ocean Group Ltd,BMG396372051,GOGL-US,Industrial Services,Industrials,0.0173150119854995,1e-5,-0.00304379972874617,0.00583519464666243,0.00853566533049717,424.586154258835,6.0511149398322335,1.8179967130619428,0.0173050119854995,-0.00305379972874617
2021-10-18,Golden Ocean Group Ltd,BMG396372051,GOGL-US,Industrial Services,Industrials,0.0145904912248118,1e-5,0.00152680880139095,0.00344610069733109,0.00729931681525164,424.586154258835,6.0511149398322335,1.8179967130619428,0.0145804912248118,0.00151680880139095
2021-10-19,Golden Ocean Group Ltd,BMG396372051,GOGL-US,Industrial Services,Industrials,0.0317549298889892,1e-5,0.00379035768103743,0.01125007574776335,-0.00838442041737666,424.586154258835,6.0511149398322335,1.8179967130619428,0.0317449298889892,0.00378035768103743
2021-10-20,Golden Ocean Group Ltd,BMG396372051,GOGL-US,Industrial Services,Industrials,-0.0470386688054879,1e-5,0.00990826940030502,-0.02579475480928327,-0.01103364291593807,424.586154258835,6.0511149398322335,1.8179967130619428,-0.0470486688054879,0.00989826940030502
2021-10-21,Golden Ocean Group Ltd,BMG396372051,GOGL-US,Industrial Services,Industrials,-0.0426564272624138,1e-5,0.00521822518188525,-0.01583062628274859,-0.01150795787696944,424.586154258835,6.0511149398322335,1.8179967130619428,-0.0426664272624138,0.00520822518188525
2021-10-22,Golden Ocean Group Ltd,BMG396372051,GOGL-US,Industrial Services,Industrials,-0.0120953937839684,1e-5,0.00322163233336294,-0.00196791423322222,-0.01158778516895982,424.586154258835,6.0511149398322335,1.8179967130619428,-0.0121053937839684,0.00321163233336294
2021-10-25,Golden Ocean Group Ltd,BMG396372051,GOGL-US,Industrial Services,Industrials,0.00966601597742822,1e-5,-0.00431073034270567,0.00669110044342336,0.00878597841885329,424.586154258835,6.0511149398322335,1.8179967130619428,0.00965601597742822,-0.00432073034270566
2021-10-26,Golden Ocean Group Ltd,BMG396372051,GOGL-US,Industrial Services,Industrials,-0.0255258914464198,1e-5,0.00195634972115746,-0.00611232495078074,-0.01277639115641738,424.586154258835,6.0511149398322335,1.8179967130619428,-0.0255358914464198,0.00194634972115746
2021-10-27,Golden Ocean Group Ltd,BMG396372051,GOGL-US,Industrial Services,Industrials,-0.00851337861297574,1e-5,0.00214520351759702,-0.02048731124195335,-0.006276791352068,424.586154258835,6.0511149398322335,1.8179967130619428,-0.00852337861297574,0.00213520351759702
2021-10-28,Golden Ocean Group Ltd,BMG396372051,GOGL-US,Industrial Services,Industrials,0.0125486602150717,1e-5,-0.00564240371926281,-0.00113484762768079,-0.02323074054638798,424.586154258835,6.0511149398322335,1.8179967130619428,0.0125386602150717,-0.0056524037192628
2021-10-29,Golden Ocean Group Ltd,BMG396372051,GOGL-US,Industrial Services,Industrials,-0.00587065461535574,1e-5,-0.0051904145737336,0.00825860893375596,0.01716661857366715,424.586154258835,6.0511149398322335,1.8179967130619428,-0.00588065461535573,-0.00520041457373359
2021-11-01,Golden Ocean Group Ltd,BMG396372051,GOGL-US,Industrial Services,Industrials,0.0131240994800474,1e-5,0.01723574512111734,-0.0020364214714446,-0.00117689315085535,424.586154258835,6.0511149398322335,1.8179967130619428,0.0131140994800474,0.01722574512111734
2021-11-02,Golden Ocean Group Ltd,BMG396372051,GOGL-US,Industrial Services,Industrials,-0.0660627608594836,1e-5,-0.00352909340181106,-0.00611738247063049,-0.00176151113156888,424.586154258835,6.0511149398322335,1.8179967130619428,-0.06607276085948359,-0.00353909340181106
2021-11-03,Golden Ocean Group Ltd,BMG396372051,GOGL-US,Industrial Services,Industrials,0.00277408120973788,1e-5,0.00536681408921816,-0.00403741890485352,0.00870883155772109,424.586154258835,6.0511149398322335,1.8179967130619428,0.00276408120973788,0.00535681408921816
2021-11-04,Golden Ocean Group Ltd,BMG396372051,GOGL-US,Industrial Services,Industrials,0.0152141379462123,1e-5,0.00693783725549209,0.00612981538953812,-0.00374748797715462,424.586154258835,6.0511149398322335,1.8179967130619428,0.0152041379462123,0.00692783725549209
2021-11-05,Golden Ocean Group Ltd,BMG396372051,GOGL-US,Industrial Services,Industrials,0.00204425386901597,1e-5,0.00802964284752371,-0.00492141999928072,0.01245972771491239,424.586154258835,6.0511149398322335,1.8179967130619428,0.00203425386901597,0.00801964284752371
2021-11-08,Golden Ocean Group Ltd,BMG396372051,GOGL-US,Industrial Services,Industrials,0.0278710442284893,1e-5,0.00197271100788817,0.00777519906976808,0.0034379353291998,424.586154258835,6.0511149398322335,1.8179967130619428,0.0278610442284893,0.00196271100788817
2021-11-09,Golden Ocean Group Ltd,BMG396372051,GOGL-US,Industrial Services,Industrials,0.00198476592180064,1e-5,-0.00921603387986788,0.03598821304516299,0.00411619103946916,424.586154258835,6.0511149398322335,1.8179967130619428,0.00197476592180064,-0.00922603387986788
2021-11-10,Golden Ocean Group Ltd,BMG396372051,GOGL-US,Industrial Services,Industrials,-0.0237637114493491,1e-5,0.00540225278306955,-0.0085443166430224,0.00281896113323355,424.586154258835,6.0511149398322335,1.8179967130619428,-0.0237737114493491,0.00539225278306955
2021-11-11,Golden Ocean Group Ltd,BMG396372051,GOGL-US,Industrial Services,Industrials,0.0669372069654803,1e-5,0.00190961668933253,0.00512985509718532,0.00426237692950388,424.586154258835,6.0511149398322335,1.8179967130619428,0.06692720696548031,0.00189961668933252
2021-11-12,Golden Ocean Group Ltd,BMG396372051,GOGL-US,Industrial Services,Industrials,-0.00633649149554916,1e-5,5.764754645022748e-4,-0.00165059069207185,-0.00535069016819279,424.586154258835,6.0511149398322335,1.8179967130619428,-0.00634649149554916,5.664754645022747e-4
2021-11-15,Golden Ocean Group Ltd,BMG396372051,GOGL-US,Industrial Services,Industrials,-0.0618611938723321,1e-5,-8.277672891995377e-4,0.00263960394916537,-0.00823514826121262,424.586154258835,6.0511149398322335,1.8179967130619428,-0.0618711938723321,-8.377672891995377e-4
2021-11-16,Golden Ocean Group Ltd,BMG396372051,GOGL-US,Industrial Services,Industrials,-0.06390242213934,1e-5,0.00216834356964097,-0.01880939350313828,-0.00135716830884368,424.586154258835,6.0511149398322335,1.8179967130619428,-0.06391242213934,0.00215834356964097
2021-11-17,Golden Ocean Group Ltd,BMG396372051,GOGL-US,Industrial Services,Industrials,-0.00435869821445889,1e-5,-7.1377470370503e-4,0.00263669386077002,0.00210748726669183,424.586154258835,6.0511149398322335,1.8179967130619428,-0.00436869821445889,-7.237747037050301e-4
2021-11-18,Golden Ocean Group Ltd,BMG396372051,GOGL-US,Industrial Services,Industrials,0.0182353323491453,1e-5,-0.01119068163498159,-0.00916207589454048,-0.01632315343546946,424.586154258835,6.0511149398322335,1.8179967130619428,0.0182253323491453,-0.01120068163498159
2021-11-19,Golden Ocean Group Ltd,BMG396372051,GOGL-US,Industrial Services,Industrials,0.0293707313959533,1e-5,0.00113798610600236,0.00829627263915793,-4.389102621064258e-4,424.586154258835,6.0511149398322335,1.8179967130619428,0.0293607313959533,0.00112798610600236
2021-11-22,Golden Ocean Group Ltd,BMG396372051,GOGL-US,Industrial Services,Industrials,0.00626284458932758,1e-5,0.00201403217839248,-0.00191174129576499,0.00273169354779053,424.586154258835,6.0511149398322335,1.8179967130619428,0.00625284458932758,0.00200403217839248
2021-11-23,Golden Ocean Group Ltd,BMG396372051,GOGL-US,Industrial Services,Industrials,-0.00484176240151413,1e-5,-0.00641038213705756,0.00712317009323264,0.01220859266298078,424.586154258835,6.0511149398322335,1.8179967130619428,-0.00485176240151413,-0.00642038213705755
2021-11-24,Golden Ocean Group Ltd,BMG396372051,GOGL-US,Industrial Services,Industrials,0.084782608695652,1e-5,-0.00555249444146614,0.00930433622770314,0.02103383850766857,424.586154258835,6.0511149398322335,1.8179967130619428,0.08477260869565201,-0.00556249444146614
2021-11-25,Golden Ocean Group Ltd,BMG396372051,GOGL-US,Industrial Services,Industrials,0.0422798802080255,1e-5,0.00475571260823176,0.00830346992422228,0.00255505274337351,424.586154258835,6.0511149398322335,1.8179967130619428,0.04226988020802549,0.00474571260823176
2021-11-26,Golden Ocean Group Ltd,BMG396372051,GOGL-US,Industrial Services,Industrials,-0.0387222839438559,1e-5,-0.03149181717778449,-5.823771067513146e-4,-0.01576503170910492,424.586154258835,6.0511149398322335,1.8179967130619428,-0.0387322839438559,-0.03150181717778449
2021-11-29,Golden Ocean Group Ltd,BMG396372051,GOGL-US,Industrial Services,Industrials,0.0831198533346627,1e-5,0.00913048611496099,0.00246476118661385,0.00963355937524747,424.586154258835,6.0511149398322335,1.8179967130619428,0.0831098533346627,0.00912048611496099
2021-11-30,Golden Ocean Group Ltd,BMG396372051,GOGL-US,Industrial Services,Industrials,0.00236141038381854,1e-5,-0.00816902158107474,0.00774177132336576,-0.01081468863261463,424.586154258835,6.0511149398322335,1.8179967130619428,0.00235141038381854,-0.00817902158107474
2021-12-01,Golden Ocean Group Ltd,BMG396372051,GOGL-US,Industrial Services,Industrials,-0.0259124456955654,1e-5,0.00684944524557154,-0.00201900143914015,0.01738517212799185,424.586154258835,6.0511149398322335,1.8179967130619428,-0.0259224456955654,0.00683944524557154
2021-12-02,Golden Ocean Group Ltd,BMG396372051,GOGL-US,Industrial Services,Industrials,0.0120925847539155,1e-5,-0.00898860029349679,0.0054845432742812,0.01287564038651913,424.586154258835,6.0511149398322335,1.8179967130619428,0.0120825847539155,-0.00899860029349679
2021-12-03,Golden Ocean Group Ltd,BMG396372051,GOGL-US,Industrial Services,Industrials,-0.00955848106078605,1e-5,-0.00301528562684159,-0.00647066427285017,0.01239911535911009,424.586154258835,6.0511149398322335,1.8179967130619428,-0.00956848106078605,-0.00302528562684159
2021-12-06,Golden Ocean Group Ltd,BMG396372051,GOGL-US,Industrial Services,Industrials,0.0241248989917409,1e-5,-0.00143645146683415,-0.00741957578773411,0.00493139768441106,424.586154258835,6.0511149398322335,1.8179967130619428,0.0241148989917409,-0.00144645146683415
2021-12-07,Golden Ocean Group Ltd,BMG396372051,GOGL-US,Industrial Services,Industrials,0.0382801752735369,1e-5,0.02119173459424251,0.00650716781275249,-9.829528962611751e-4,424.586154258835,6.0511149398322335,1.8179967130619428,0.0382701752735369,0.02118173459424251
2021-12-08,Golden Ocean Group Ltd,BMG396372051,GOGL-US,Industrial Services,Industrials,-0.021043663164203,1e-5,-0.0024877872821277,0.00588184967674844,0.00730425047299896,424.586154258835,6.0511149398322335,1.8179967130619428,-0.021053663164203,-0.0024977872821277
2021-12-09,Golden Ocean Group Ltd,BMG396372051,GOGL-US,Industrial Services,Industrials,-0.0368943066344848,1e-5,-0.0064773689144368,0.00345135703059743,-0.00989549789082706,424.586154258835,6.0511149398322335,1.8179967130619428,-0.0369043066344848,-0.0064873689144368
2021-12-10,Golden Ocean Group Ltd,BMG396372051,GOGL-US,Industrial Services,Industrials,-0.00264203827509357,1e-5,-0.00187263818855096,0.00728375852321229,0.0123806100229657,424.586154258835,6.0511149398322335,1.8179967130619428,-0.00265203827509357,-0.00188263818855096
2021-12-13,Golden Ocean Group Ltd,BMG396372051,GOGL-US,Industrial Services,Industrials,-0.0331129641573759,1e-5,-0.00896297535849483,-0.00328506225166638,0.00925208141066788,424.586154258835,6.0511149398322335,1.8179967130619428,-0.0331229641573759,-0.00897297535849483
2021-12-14,Golden Ocean Group Ltd,BMG396372051,GOGL-US,Industrial Services,Industrials,-0.0239728883012305,1e-5,-0.01150089927368502,-4.777236424621228e-4,0.00240167837996578,424.586154258835,6.0511149398322335,1.8179967130619428,-0.0239828883012305,-0.01151089927368501
2021-12-15,Golden Ocean Group Ltd,BMG396372051,GOGL-US,Industrial Services,Industrials,-0.0238599403196378,1e-5,-0.00630760485919758,0.00574584895885909,-0.01408689223949784,424.586154258835,6.0511149398322335,1.8179967130619428,-0.02386994031963779,-0.00631760485919757
2021-12-16,Golden Ocean Group Ltd,BMG396372051,GOGL-US,Industrial Services,Industrials,0.043853891212343,1e-5,0.01928574379492342,0.01039416126919819,0.00859749022821576,424.586154258835,6.0511149398322335,1.8179967130619428,0.043843891212343,0.01927574379492342
2021-12-17,Golden Ocean Group Ltd,BMG396372051,GOGL-US,Industrial Services,Industrials,-0.0185952640467606,2e-5,-0.00491873604725772,0.0025191419970539,0.00500513219616745,424.586154258835,6.0511149398322335,1.8179967130619428,-0.0186152640467606,-0.00493873604725772
2021-12-20,Golden Ocean Group Ltd,BMG396372051,GOGL-US,Industrial Services,Industrials,0.0245617032702152,2e-5,-0.00814660673875576,0.02163629930256338,0.00293884230734075,424.586154258835,6.0511149398322335,1.8179967130619428,0.0245417032702152,-0.00816660673875576
2021-12-21,Golden Ocean Group Ltd,BMG396372051,GOGL-US,Industrial Services,Industrials,0.0212331296382327,2e-5,0.01891722569004032,-0.0126189117506043,0.00830206248815816,424.586154258835,6.0511149398322335,1.8179967130619428,0.0212131296382327,0.01889722569004032
2021-12-22,Golden Ocean Group Ltd,BMG396372051,GOGL-US,Industrial Services,Industrials,0.00268279453876352,2e-5,0.00200268817700429,0.00704986301311778,-0.00334998688165192,424.586154258835,6.0511149398322335,1.8179967130619428,0.00266279453876352,0.00198268817700429
2021-12-23,Golden Ocean Group Ltd,BMG396372051,GOGL-US,Industrial Services,Industrials,0.0193982189701203,2e-5,0.00853546046072757,0.01285653593675559,-0.00503651809456262,424.586154258835,6.0511149398322335,1.8179967130619428,0.0193782189701203,0.00851546046072757
2021-12-27,Golden Ocean Group Ltd,BMG396372051,GOGL-US,Industrial Services,Industrials,0.0118111584064637,2e-5,0.00612751918773092,0.01430402433949715,0.00810070922016589,424.586154258835,6.0511149398322335,1.8179967130619428,0.0117911584064637,0.00610751918773092
2021-12-28,Golden Ocean Group Ltd,BMG396372051,GOGL-US,Industrial Services,Industrials,0.0207506240789197,2e-5,0.00329070133069333,-0.00461509424827895,0.0042560246330244,424.586154258835,6.0511149398322335,1.8179967130619428,0.0207306240789197,0.00327070133069333
2021-12-29,Golden Ocean Group Ltd,BMG396372051,GOGL-US,Industrial Services,Industrials,-0.00762398646097862,2e-5,-0.00427683241235341,0.00535758159535547,0.01021401236317787,424.586154258835,6.0511149398322335,1.8179967130619428,-0.00764398646097862,-0.00429683241235341
2021-12-30,Golden Ocean Group Ltd,BMG396372051,GOGL-US,Industrial Services,Industrials,0.0185661822696208,2e-5,0.00241558672433439,0.00723900635539541,-0.00409495919955669,424.586154258835,6.0511149398322335,1.8179967130619428,0.0185461822696208,0.00239558672433439
2022-01-03,Golden Ocean Group Ltd,BMG396372051,GOGL-US,Industrial Services,Industrials,0.0861104633367826,2e-5,0.00731955653588948,0.01810776484060931,0.025981392742922,1123.71535054548,7.024395751535581,2.0625786358104903,0.0860904633367826,0.00729955653588948
2022-01-04,Golden Ocean Group Ltd,BMG396372051,GOGL-US,Industrial Services,Industrials,0.00636581548696391,2e-5,0.00298368491893473,0.00293981481792392,0.01339067472415709,1123.71535054548,7.024395751535581,2.0625786358104903,0.00634581548696391,0.00296368491893473
2022-01-05,Golden Ocean Group Ltd,BMG396372051,GOGL-US,Industrial Services,Industrials,-0.00517544853887331,2e-5,0.00585247466217146,0.00597851140097079,0.0164962191281036,1123.71535054548,7.024395751535581,2.0625786358104903,-0.00519544853887331,0.00583247466217146
2022-01-06,Golden Ocean Group Ltd,BMG396372051,GOGL-US,Industrial Services,Industrials,0.00289020730744927,2e-5,-0.0141416238715772,0.01528858093670529,0.03287805553336234,1123.71535054548,7.024395751535581,2.0625786358104903,0.00287020730744927,-0.0141616238715772
2022-01-07,Golden Ocean Group Ltd,BMG396372051,GOGL-US,Industrial Services,Industrials,0.0172912684941393,2e-5,0.00316975075512265,-0.01722373052193893,-0.00319821380369553,1123.71535054548,7.024395751535581,2.0625786358104903,0.017271268494139298,0.00314975075512265
2022-01-10,Golden Ocean Group Ltd,BMG396372051,GOGL-US,Industrial Services,Industrials,-0.0300286738115806,2e-5,-0.01426119620602394,0.0024086181697672,0.02663981220550305,1123.71535054548,7.024395751535581,2.0625786358104903,-0.0300486738115806,-0.01428119620602393
2022-01-11,Golden Ocean Group Ltd,BMG396372051,GOGL-US,Industrial Services,Industrials,0.00759354793924483,2e-5,0.00537795682111627,-0.00716733077031459,-0.01454737936879051,1123.71535054548,7.024395751535581,2.0625786358104903,0.00757354793924483,0.00535795682111627
2022-01-12,Golden Ocean Group Ltd,BMG396372051,GOGL-US,Industrial Services,Industrials,-0.00463773570955683,2e-5,0.01509038145169416,-0.0081429094069747,0.01481763920720503,1123.71535054548,7.024395751535581,2.0625786358104903,-0.00465773570955683,0.01507038145169416
2022-01-13,Golden Ocean Group Ltd,BMG396372051,GOGL-US,Industrial Services,Industrials,-0.0442637729211052,2e-5,-4.2814063269812214e-5,0.00596791976343255,0.00158761935982091,1123.71535054548,7.024395751535581,2.0625786358104903,-0.0442837729211052,-6.281406326981221e-5
2022-01-14,Golden Ocean Group Ltd,BMG396372051,GOGL-US,Industrial Services,Industrials,-0.0237662901977962,2e-5,0.00391585364971599,8.460530858848086e-4,0.01976445602724738,1123.71535054548,7.024395751535581,2.0625786358104903,-0.02378629019779619,0.00389585364971598
2022-01-17,Golden Ocean Group Ltd,BMG396372051,GOGL-US,Industrial Services,Industrials,0.009987642102254,2e-5,-9.459514379065712e-6,-0.00591767307605736,0.00140137335934371,1123.71535054548,7.024395751535581,2.0625786358104903,0.009967642102254,-2.9459514379065712e-5
2022-01-18,Golden Ocean Group Ltd,BMG396372051,GOGL-US,Industrial Services,Industrials,-0.0228680247150231,2e-5,-0.00310682135901428,-0.00752907978833683,0.00928999006393076,1123.71535054548,7.024395751535581,2.0625786358104903,-0.0228880247150231,-0.00312682135901428
2022-01-19,Golden Ocean Group Ltd,BMG396372051,GOGL-US,Industrial Services,Industrials,-0.0012650383728305401,2e-5,-0.0079426353111431,0.00484096715637587,-0.00604200145035894,1123.71535054548,7.024395751535581,2.0625786358104903,-0.00128503837283054,-0.0079626353111431
2022-01-20,Golden Ocean Group Ltd,BMG396372051,GOGL-US,Industrial Services,Industrials,-0.0132997275804592,2e-5,0.00149577076671583,-0.01446529187531677,-0.0051445312566038,1123.71535054548,7.024395751535581,2.0625786358104903,-0.0133197275804592,0.00147577076671582
2022-01-21,Golden Ocean Group Ltd,BMG396372051,GOGL-US,Industrial Services,Industrials,-0.0430025506834382,2e-5,-0.01762087071614177,0.00455088165761787,0.00208439031849079,1123.71535054548,7.024395751535581,2.0625786358104903,-0.0430225506834382,-0.01764087071614177
2022-01-24,Golden Ocean Group Ltd,BMG396372051,GOGL-US,Industrial Services,Industrials,-0.0489610003324331,2e-5,-0.03410025340959407,-0.01715304469634467,0.00920276925720338,1123.71535054548,7.024395751535581,2.0625786358104903,-0.0489810003324331,-0.03412025340959407
2022-01-25,Golden Ocean Group Ltd,BMG396372051,GOGL-US,Industrial Services,Industrials,0.0190411362131135,2e-5,0.00957592303328053,-0.01454727764814143,0.04003023719676025,1123.71535054548,7.024395751535581,2.0625786358104903,0.0190211362131135,0.00955592303328053
2022-01-26,Golden Ocean Group Ltd,BMG396372051,GOGL-US,Industrial Services,Industrials,0.0373706919896735,2e-5,0.02759723615645039,1.8411228446463257e-4,-0.00526892625849422,1123.71535054548,7.024395751535581,2.0625786358104903,0.0373506919896735,0.02757723615645039
2022-01-27,Golden Ocean Group Ltd,BMG396372051,GOGL-US,Industrial Services,Industrials,0.0426936917600151,2e-5,-0.00249949432987639,-0.01400686668570913,-0.01252813047417112,1123.71535054548,7.024395751535581,2.0625786358104903,0.0426736917600151,-0.00251949432987639
2022-01-28,Golden Ocean Group Ltd,BMG396372051,GOGL-US,Industrial Services,Industrials,0.039667821403933,2e-5,-0.01045251440575612,0.00147231097716751,-0.00101461261300794,1123.71535054548,7.024395751535581,2.0625786358104903,0.039647821403933,-0.01047251440575611
2022-01-31,Golden Ocean Group Ltd,BMG396372051,GOGL-US,Industrial Services,Industrials,-0.0129232382834658,2e-5,0.00526574845942082,0.0046787740267138,-0.0317482467897543,1123.71535054548,7.024395751535581,2.0625786358104903,-0.01294323828346579,0.00524574845942082
2022-02-01,Golden Ocean Group Ltd,BMG396372051,GOGL-US,Industrial Services,Industrials,0.0342897105568938,2e-5,0.01484540602830913,0.00874741752523978,-0.00265479452754088,1123.71535054548,7.024395751535581,2.0625786358104903,0.0342697105568938,0.01482540602830913
2022-02-02,Golden Ocean Group Ltd,BMG396372051,GOGL-US,Industrial Services,Industrials,0.0536474312830657,2e-5,0.00550164460359444,0.00497809143188517,-0.01633536848755518,1123.71535054548,7.024395751535581,2.0625786358104903,0.0536274312830657,0.00548164460359444
2022-02-03,Golden Ocean Group Ltd,BMG396372051,GOGL-US,Industrial Services,Industrials,-0.019451026692513,2e-5,-0.01010482178942951,-0.00221215825897069,0.02350091804337577,1123.71535054548,7.024395751535581,2.0625786358104903,-0.019471026692513,-0.0101248217894295
2022-02-04,Golden Ocean Group Ltd,BMG396372051,GOGL-US,Industrial Services,Industrials,0.0204203117416368,2e-5,0.00465107800669274,0.01443935276775463,0.03336385472041377,1123.71535054548,7.024395751535581,2.0625786358104903,0.0204003117416368,0.00463107800669273
2022-02-07,Golden Ocean Group Ltd,BMG396372051,GOGL-US,Industrial Services,Industrials,0.0474545822160499,2e-5,0.01026715746402348,-0.01584955662198655,-0.00563084360325023,1123.71535054548,7.024395751535581,2.0625786358104903,0.0474345822160499,0.01024715746402348
2022-02-08,Golden Ocean Group Ltd,BMG396372051,GOGL-US,Industrial Services,Industrials,0.0371183737532277,2e-5,-0.01124701133051225,0.01448900219391455,0.03045624338007408,1123.71535054548,7.024395751535581,2.0625786358104903,0.0370983737532277,-0.01126701133051225
2022-02-09,Golden Ocean Group Ltd,BMG396372051,GOGL-US,Industrial Services,Industrials,0.0200002440914613,2e-5,0.01059242127418567,0.0069714794081789,-0.01084987364791081,1123.71535054548,7.024395751535581,2.0625786358104903,0.0199802440914613,0.01057242127418567
2022-02-10,Golden Ocean Group Ltd,BMG396372051,GOGL-US,Industrial Services,Industrials,0.0712067866982149,2e-5,0.00178009286641591,0.01403991741976034,0.02037378291303808,1123.71535054548,7.024395751535581,2.0625786358104903,0.07118678669821489,0.00176009286641591
2022-02-11,Golden Ocean Group Ltd,BMG396372051,GOGL-US,Industrial Services,Industrials,-0.00867062918609174,2e-5,0.00742785334899315,0.01207183632585837,0.01707948496940637,1123.71535054548,7.024395751535581,2.0625786358104903,-0.00869062918609174,0.00740785334899315
2022-02-14,Golden Ocean Group Ltd,BMG396372051,GOGL-US,Industrial Services,Industrials,-0.034012628151228,2e-5,-0.01340316979530855,-0.01577187817828536,0.00983165325827556,1123.71535054548,7.024395751535581,2.0625786358104903,-0.034032628151228,-0.01342316979530854
2022-02-15,Golden Ocean Group Ltd,BMG396372051,GOGL-US,Industrial Services,Industrials,0.0402404600409418,2e-5,-0.00333806066711083,-0.00533993406479397,-0.02607992251165965,1123.71535054548,7.024395751535581,2.0625786358104903,0.0402204600409418,-0.00335806066711083
2022-02-16,Golden Ocean Group Ltd,BMG396372051,GOGL-US,Industrial Services,Industrials,0.0154740830134095,2e-5,0.00654305857806591,0.01222475657313657,0.03606893330642147,1123.71535054548,7.024395751535581,2.0625786358104903,0.0154540830134095,0.00652305857806591
2022-02-17,Golden Ocean Group Ltd,BMG396372051,GOGL-US,Industrial Services,Industrials,-0.00190478556669449,2e-5,-0.00564088039491488,-0.0093126182995489,5.47965825686135e-4,1123.71535054548,7.024395751535581,2.0625786358104903,-0.00192478556669449,-0.00566088039491488
2022-02-18,Golden Ocean Group Ltd,BMG396372051,GOGL-US,Industrial Services,Industrials,0.0257636794351075,2e-5,-0.00347754200357726,-0.00198688659244655,0.0096746912052754,1123.71535054548,7.024395751535581,2.0625786358104903,0.0257436794351075,-0.00349754200357726
2022-02-21,Golden Ocean Group Ltd,BMG396372051,GOGL-US,Industrial Services,Industrials,-0.0437214607255092,2e-5,-0.00627269040662626,-0.00285412363128151,0.00728907994513628,1123.71535054548,7.024395751535581,2.0625786358104903,-0.0437414607255092,-0.00629269040662626
2022-02-22,Golden Ocean Group Ltd,BMG396372051,GOGL-US,Industrial Services,Industrials,0.0719853491627791,2e-5,-0.00404347602747173,0.02404856227441264,0.01967358434567392,1123.71535054548,7.024395751535581,2.0625786358104903,0.0719653491627791,-0.00406347602747173
2022-02-23,Golden Ocean Group Ltd,BMG396372051,GOGL-US,Industrial Services,Industrials,0.0226862939275696,2e-5,0.00650684271710792,0.01183243695466522,-0.01425560434441064,1123.71535054548,7.024395751535581,2.0625786358104903,0.0226662939275696,0.00648684271710791
2022-02-24,Golden Ocean Group Ltd,BMG396372051,GOGL-US,Industrial Services,Industrials,-0.0434787640765875,2e-5,-0.01698563473576637,-0.00176267103556291,-0.00450958862831788,1123.71535054548,7.024395751535581,2.0625786358104903,-0.0434987640765875,-0.01700563473576637
2022-02-25,Golden Ocean Group Ltd,BMG396372051,GOGL-US,Industrial Services,Industrials,0.03617854535628,2e-5,0.01410544206483126,-0.00906862597936563,-0.01230466131866087,1123.71535054548,7.024395751535581,2.0625786358104903,0.03615854535628,0.01408544206483126
2022-02-28,Golden Ocean Group Ltd,BMG396372051,GOGL-US,Industrial Services,Industrials,0.0161134833487084,2e-5,0.01074089842070613,-0.0073713267206557,-0.01115771423944694,1123.71535054548,7.024395751535581,2.0625786358104903,0.0160934833487084,0.01072089842070613
2022-03-01,Golden Ocean Group Ltd,BMG396372051,GOGL-US,Industrial Services,Industrials,-0.0123336823556451,2e-5,0.012712605990454,0.00254767316327444,0.01159255840929698,1123.71535054548,7.024395751535581,2.0625786358104903,-0.0123536823556451,0.012692605990454
2022-03-02,Golden Ocean Group Ltd,BMG396372051,GOGL-US,Industrial Services,Industrials,0.00847467487889175,2e-5,9.415726427652228e-4,0.00108282362718695,0.01654644730214918,1123.71535054548,7.024395751535581,2.0625786358104903,0.00845467487889175,9.215726427652228e-4
2022-03-03,Golden Ocean Group Ltd,BMG396372051,GOGL-US,Industrial Services,Industrials,0.0066599490279935,2e-5,-0.01019212223606,0.01205398142755736,0.02912685629022227,1123.71535054548,7.024395751535581,2.0625786358104903,0.0066399490279935,-0.01021212223605999
2022-03-04,Golden Ocean Group Ltd,BMG396372051,GOGL-US,Industrial Services,Industrials,-0.0349706010078562,2e-5,-0.02360850854380643,0.00878039621557956,0.00787794504625041,1123.71535054548,7.024395751535581,2.0625786358104903,-0.0349906010078562,-0.02362850854380643
2022-03-07,Golden Ocean Group Ltd,BMG396372051,GOGL-US,Industrial Services,Industrials,9.7918764376037e-4,2e-5,-0.01108632419000625,-0.00410706887306944,0.01331015452339812,1123.71535054548,7.024395751535581,2.0625786358104903,9.5918764376037e-4,-0.01110632419000625
2022-03-08,Golden Ocean Group Ltd,BMG396372051,GOGL-US,Industrial Services,Industrials,0.0127196237902318,2e-5,4.801088265303057e-4,0.02454466772590899,0.01973820684287805,1123.71535054548,7.024395751535581,2.0625786358104903,0.0126996237902318,4.601088265303057e-4
2022-03-09,Golden Ocean Group Ltd,BMG396372051,GOGL-US,Industrial Services,Industrials,0.028020167647147,2e-5,0.01833038655299699,-0.02049908711053491,-0.04901183185472526,1123.71535054548,7.024395751535581,2.0625786358104903,0.028000167647147,0.01831038655299699
2022-03-10,Golden Ocean Group Ltd,BMG396372051,GOGL-US,Industrial Services,Industrials,-0.00657983879648227,2e-5,0.00211142344297386,-0.00554272018693608,0.00601801655800001,1123.71535054548,7.024395751535581,2.0625786358104903,-0.00659983879648227,0.00209142344297386
2022-03-11,Golden Ocean Group Ltd,BMG396372051,GOGL-US,Industrial Services,Industrials,0.0350049522682918,2e-5,0.00304180806153226,-0.00306371490835366,-7.100527535470903e-4,1123.71535054548,7.024395751535581,2.0625786358104903,0.0349849522682918,0.00302180806153226
2022-03-14,Golden Ocean Group Ltd,BMG396372051,GOGL-US,Industrial Services,Industrials,-0.0731264240408892,2e-5,0.0077019514687586,-0.00646017758098962,-0.01599080365565345,1123.71535054548,7.024395751535581,2.0625786358104903,-0.07314642404088921,0.0076819514687586
2022-03-15,Golden Ocean Group Ltd,BMG396372051,GOGL-US,Industrial Services,Industrials,-0.0246540211939008,2e-5,-0.01414137957772124,-0.01870216142648828,-0.0082122966435525,1123.71535054548,7.024395751535581,2.0625786358104903,-0.0246740211939008,-0.01416137957772123
2022-03-16,Golden Ocean Group Ltd,BMG396372051,GOGL-US,Industrial Services,Industrials,0.0444891903637634,2e-5,0.0276978401176853,-0.00644660875357815,-6.274202743274601e-4,1123.71535054548,7.024395751535581,2.0625786358104903,0.0444691903637634,0.0276778401176853
2022-03-17,Golden Ocean Group Ltd,BMG396372051,GOGL-US,Industrial Services,Industrials,0.014521108628536,2e-5,0.00923139318652784,0.00566919394703064,0.01300118858590053,1123.71535054548,7.024395751535581,2.0625786358104903,0.014501108628536,0.00921139318652784
2022-03-18,Golden Ocean Group Ltd,BMG396372051,GOGL-US,Industrial Services,Industrials,-0.00954217610984698,2e-5,0.00271645111927336,-0.00427758791970542,-0.0047170719286002,1123.71535054548,7.024395751535581,2.0625786358104903,-0.00956217610984697,0.00269645111927335
2022-03-21,Golden Ocean Group Ltd,BMG396372051,GOGL-US,Industrial Services,Industrials,0.0260115681968047,2e-5,0.02294530102936973,-0.0021682851071707,0.01980251909421013,1123.71535054548,7.024395751535581,2.0625786358104903,0.0259915681968047,0.02292530102936973
2022-03-22,Golden Ocean Group Ltd,BMG396372051,GOGL-US,Industrial Services,Industrials,-0.0375594457173148,2e-5,0.0066446765209213,0.0157267637389407,-0.01260446855598354,1123.71535054548,7.024395751535581,2.0625786358104903,-0.0375794457173148,0.0066246765209213
2022-03-23,Golden Ocean Group Ltd,BMG396372051,GOGL-US,Industrial Services,Industrials,0.0448787297614557,2e-5,-0.00462750204797034,0.01327270665806448,0.02048851494271353,1123.71535054548,7.024395751535581,2.0625786358104903,0.0448587297614557,-0.00464750204797034
2022-03-24,Golden Ocean Group Ltd,BMG396372051,GOGL-US,Industrial Services,Industrials,-0.0382825080515299,2e-5,-0.00275727741374768,0.0013234737750702,0.01435458058778494,1123.71535054548,7.024395751535581,2.0625786358104903,-0.0383025080515299,-0.00277727741374768
2022-03-25,Golden Ocean Group Ltd,BMG396372051,GOGL-US,Industrial Services,Industrials,0.00776767610700513,3e-5,0.00101889524243869,0.00510781872390338,-0.00108224128692767,1123.71535054548,7.024395751535581,2.0625786358104903,0.00773767610700513,9.888952424386898e-4
2022-03-28,Golden Ocean Group Ltd,BMG396372051,GOGL-US,Industrial Services,Industrials,0.0443153320145173,3e-5,0.00121328984060301,0.00438109019474382,0.00719080227076273,1123.71535054548,7.024395751535581,2.0625786358104903,0.0442853320145173,0.001183289840603
2022-03-29,Golden Ocean Group Ltd,BMG396372051,GOGL-US,Industrial Services,Industrials,-0.0535046636040013,3e-5,-0.00605584238384607,-0.00448180851293664,-0.02989489198399472,1123.71535054548,7.024395751535581,2.0625786358104903,-0.0535346636040013,-0.00608584238384607
2022-03-30,Golden Ocean Group Ltd,BMG396372051,GOGL-US,Industrial Services,Industrials,0.0614026332861446,3e-5,0.01629276086801185,-0.00511667806070969,0.01481575076278426,1123.71535054548,7.024395751535581,2.0625786358104903,0.0613726332861446,0.01626276086801185
2022-03-31,Golden Ocean Group Ltd,BMG396372051,GOGL-US,Industrial Services,Industrials,0.00275537310127327,3e-5,-0.01211190775684124,0.01771163698216531,0.01327353583812455,1123.71535054548,7.024395751535581,2.0625786358104903,0.00272537310127327,-0.01214190775684124
2022-04-01,Golden Ocean Group Ltd,BMG396372051,GOGL-US,Industrial Services,Industrials,0.0274718495285429,3e-5,0.00824393820238171,0.00455679142191144,0.02045387980950355,1123.71535054548,7.024395751535581,2.0625786358104903,0.0274418495285429,0.0082139382023817
2022-04-04,Golden Ocean Group Ltd,BMG396372051,GOGL-US,Industrial Services,Industrials,-0.0744201909139925,3e-5,-0.00332787949507886,-0.00727650869651535,-0.01512068660383621,1123.71535054548,7.024395751535581,2.0625786358104903,-0.0744501909139925,-0.00335787949507886
2022-04-05,Golden Ocean Group Ltd,BMG396372051,GOGL-US,Industrial Services,Industrials,-0.00337070342350854,3e-5,-6.306748394345118e-4,-0.01024237017097947,0.00291283659006532,1123.71535054548,7.024395751535581,2.0625786358104903,-0.00340070342350854,-6.606748394345118e-4
2022-04-06,Golden Ocean Group Ltd,BMG396372051,GOGL-US,Industrial Services,Industrials,-0.0222219040018955,3e-5,-0.00893744897799209,0.00570338500683423,0.02043329655048116,1123.71535054548,7.024395751535581,2.0625786358104903,-0.02225190400189549,-0.00896744897799209
2022-04-07,Golden Ocean Group Ltd,BMG396372051,GOGL-US,Industrial Services,Industrials,0.0113634699390619,3e-5,-0.00159168138416602,-0.00664760354565325,0.00449282107325021,1123.71535054548,7.024395751535581,2.0625786358104903,0.0113334699390619,-0.00162168138416602
2022-04-08,Golden Ocean Group Ltd,BMG396372051,GOGL-US,Industrial Services,Industrials,0.0151442946923881,3e-5,0.01519225487058099,0.00104971379857758,0.0157973201966063,1123.71535054548,7.024395751535581,2.0625786358104903,0.0151142946923881,0.01516225487058099
2022-04-11,Golden Ocean Group Ltd,BMG396372051,GOGL-US,Industrial Services,Industrials,-0.0452362117930828,3e-5,-0.00846031950658384,-0.01404758275067995,-0.00852070531067121,1123.71535054548,7.024395751535581,2.0625786358104903,-0.0452662117930828,-0.00849031950658384
2022-04-12,Golden Ocean Group Ltd,BMG396372051,GOGL-US,Industrial Services,Industrials,0.0191538980803996,3e-5,-0.00110321572150132,0.01297152613895704,0.00448032262342036,1123.71535054548,7.024395751535581,2.0625786358104903,0.0191238980803996,-0.00113321572150132
2022-04-13,Golden Ocean Group Ltd,BMG396372051,GOGL-US,Industrial Services,Industrials,0.031651937964867,3e-5,0.01151803840286092,-0.00133818343924596,0.00777600776379828,1123.71535054548,7.024395751535581,2.0625786358104903,0.03162193796486699,0.01148803840286091
2022-04-19,Golden Ocean Group Ltd,BMG396372051,GOGL-US,Industrial Services,Industrials,0.101629119789588,3e-5,-0.00131712130319142,0.0188384917468331,0.0057952585443248,1123.71535054548,7.024395751535581,2.0625786358104903,0.101599119789588,-0.00134712130319142
2022-04-20,Golden Ocean Group Ltd,BMG396372051,GOGL-US,Industrial Services,Industrials,0.0165366980545751,3e-5,0.00328594179473046,-0.00533883244002457,-0.01224848332851909,1123.71535054548,7.024395751535581,2.0625786358104903,0.0165066980545751,0.00325594179473046
2022-04-21,Golden Ocean Group Ltd,BMG396372051,GOGL-US,Industrial Services,Industrials,0.035102068125398,3e-5,0.0030202777281543,0.00543955941451307,0.00526192025215523,1123.71535054548,7.024395751535581,2.0625786358104903,0.03507206812539799,0.0029902777281543
2022-04-22,Golden Ocean Group Ltd,BMG396372051,GOGL-US,Industrial Services,Industrials,-0.00702997099078229,3e-5,-0.01491721522843722,-0.00212057911186212,-0.00323421503471637,1123.71535054548,7.024395751535581,2.0625786358104903,-0.00705997099078229,-0.01494721522843722
2022-04-25,Golden Ocean Group Ltd,BMG396372051,GOGL-US,Industrial Services,Industrials,-0.104539541837029,3e-5,-0.02704635761321274,-0.00938683212638783,-0.02629893552936072,1123.71535054548,7.024395751535581,2.0625786358104903,-0.104569541837029,-0.02707635761321274
2022-04-26,Golden Ocean Group Ltd,BMG396372051,GOGL-US,Industrial Services,Industrials,-0.00744251105158977,3e-5,1.0371843075028422e-4,-0.00139490760731235,0.01827320052277897,1123.71535054548,7.024395751535581,2.0625786358104903,-0.00747251105158977,7.371843075028422e-5
2022-04-27,Golden Ocean Group Ltd,BMG396372051,GOGL-US,Industrial Services,Industrials,0.0815369403885031,3e-5,0.00649003843766987,0.01773751752359987,0.02872158791880813,1123.71535054548,7.024395751535581,2.0625786358104903,0.0815069403885031,0.00646003843766987
2022-04-28,Golden Ocean Group Ltd,BMG396372051,GOGL-US,Industrial Services,Industrials,0.0138648726591717,3e-5,-0.00122659279483227,1.3197111966941765e-4,-0.01265428761513017,1123.71535054548,7.024395751535581,2.0625786358104903,0.0138348726591717,-0.00125659279483227
2022-04-29,Golden Ocean Group Ltd,BMG396372051,GOGL-US,Industrial Services,Industrials,0.0183761038099581,3e-5,0.00303902699770193,0.00696850899060947,0.00634417752526454,1123.71535054548,7.024395751535581,2.0625786358104903,0.0183461038099581,0.00300902699770193
2022-05-02,Golden Ocean Group Ltd,BMG396372051,GOGL-US,Industrial Services,Industrials,-0.0201421894736366,3e-5,-0.0176344895103389,0.00568802840800886,0.0078970989447727,1123.71535054548,7.024395751535581,2.0625786358104903,-0.0201721894736366,-0.01766448951033889
2022-05-03,Golden Ocean Group Ltd,BMG396372051,GOGL-US,Industrial Services,Industrials,0.0513917468069858,3e-5,0.00821396865032989,1.8268287568170595e-4,0.00324802063129074,1123.71535054548,7.024395751535581,2.0625786358104903,0.0513617468069858,0.00818396865032988
2022-05-04,Golden Ocean Group Ltd,BMG396372051,GOGL-US,Industrial Services,Industrials,0.0456207904881496,3e-5,0.0054719441432043,0.02104671366238705,0.02765523273775386,1123.71535054548,7.024395751535581,2.0625786358104903,0.04559079048814959,0.0054419441432043
2022-05-05,Golden Ocean Group Ltd,BMG396372051,GOGL-US,Industrial Services,Industrials,0.0105186469786709,3e-5,-0.00475975829751927,-0.00196683763333722,-4.2624862849053674e-4,1123.71535054548,7.024395751535581,2.0625786358104903,0.0104886469786709,-0.00478975829751926
2022-05-06,Golden Ocean Group Ltd,BMG396372051,GOGL-US,Industrial Services,Industrials,-0.0034697189112145,3e-5,-0.01734920361900125,0.02233795502161249,0.02632260673183138,1123.71535054548,7.024395751535581,2.0625786358104903,-0.0034997189112145,-0.01737920361900125
2022-05-09,Golden Ocean Group Ltd,BMG396372051,GOGL-US,Industrial Services,Industrials,-0.0444878105734128,3e-5,-0.02953662604899045,-0.00491735876007262,0.00174068364227922,1123.71535054548,7.024395751535581,2.0625786358104903,-0.0445178105734128,-0.02956662604899045
2022-05-10,Golden Ocean Group Ltd,BMG396372051,GOGL-US,Industrial Services,Industrials,0.0506077909836156,3e-5,0.00553515759572106,-0.00483057497246473,-0.00195654814293828,1123.71535054548,7.024395751535581,2.0625786358104903,0.05057779098361559,0.00550515759572106
2022-05-11,Golden Ocean Group Ltd,BMG396372051,GOGL-US,Industrial Services,Industrials,0.0250481575517791,3e-5,0.00803883070464568,-0.00114688351410793,0.00168477447441638,1123.71535054548,7.024395751535581,2.0625786358104903,0.0250181575517791,0.00800883070464568
2022-05-12,Golden Ocean Group Ltd,BMG396372051,GOGL-US,Industrial Services,Industrials,-0.0218051556773031,3e-5,-0.00686478167868489,-0.01353355161285099,3.666234809603202e-4,1123.71535054548,7.024395751535581,2.0625786358104903,-0.02183515567730309,-0.00689478167868488
2022-05-13,Golden Ocean Group Ltd,BMG396372051,GOGL-US,Industrial Services,Industrials,0.0464983812871409,3e-5,0.02384229530473592,-5.3599546368524736e-5,0.00589080971894891,1123.71535054548,7.024395751535581,2.0625786358104903,0.0464683812871409,0.02381229530473592
2022-05-16,Golden Ocean Group Ltd,BMG396372051,GOGL-US,Industrial Services,Industrials,0.042237352545325,3e-5,0.00277365597995623,0.01779067792169332,0.00611000259772109,1123.71535054548,7.024395751535581,2.0625786358104903,0.042207352545325,0.00274365597995623
2022-05-18,Golden Ocean Group Ltd,BMG396372051,GOGL-US,Industrial Services,Industrials,0.0443997113449048,3e-5,0.01189965603934354,-0.00243957303432359,0.01159897232660866,1123.71535054548,7.024395751535581,2.0625786358104903,0.0443697113449048,0.01186965603934354
2022-05-19,Golden Ocean Group Ltd,BMG396372051,GOGL-US,Industrial Services,Industrials,0.00471852498363501,3e-5,-0.0090646154459957,-8.777667417757349e-4,-0.01503939127488825,1123.71535054548,7.024395751535581,2.0625786358104903,0.00468852498363501,-0.0090946154459957
2022-05-20,Golden Ocean Group Ltd,BMG396372051,GOGL-US,Industrial Services,Industrials,0.035263457936314,3e-5,0.01092735678332846,0.00698294991681079,0.01575769322367513,1123.71535054548,7.024395751535581,2.0625786358104903,0.03523345793631399,0.01089735678332846
2022-05-23,Golden Ocean Group Ltd,BMG396372051,GOGL-US,Industrial Services,Industrials,-0.026274386406545,3e-5,0.00792073295955247,-0.00832800131228291,-0.00703204923236185,1123.71535054548,7.024395751535581,2.0625786358104903,-0.02630438640654499,0.00789073295955247
2022-05-24,Golden Ocean Group Ltd,BMG396372051,GOGL-US,Industrial Services,Industrials,-0.0246494676935781,3e-5,-0.00395661636349937,0.00474404986411211,0.01859054127677778,1123.71535054548,7.024395751535581,2.0625786358104903,-0.02467946769357809,-0.00398661636349937
2022-05-25,Golden Ocean Group Ltd,BMG396372051,GOGL-US,Industrial Services,Industrials,0.0109243852157266,3e-5,0.00923641532961033,0.01015329864572002,0.01080619186571615,1123.71535054548,7.024395751535581,2.0625786358104903,0.0108943852157266,0.00920641532961033
2022-05-27,Golden Ocean Group Ltd,BMG396372051,GOGL-US,Industrial Services,Industrials,-0.00877616234079548,3e-5,-0.01140440344393074,0.03129686852136584,0.00646838549364988,1123.71535054548,7.024395751535581,2.0625786358104903,-0.00880616234079548,-0.01143440344393074
2022-05-30,Golden Ocean Group Ltd,BMG396372051,GOGL-US,Industrial Services,Industrials,-0.0286372946114495,3e-5,-6.92997924966395e-4,-0.00323122210524162,-0.00738486230985529,1123.71535054548,7.024395751535581,2.0625786358104903,-0.02866729461144949,-7.22997924966395e-4
2022-05-31,Golden Ocean Group Ltd,BMG396372051,GOGL-US,Industrial Services,Industrials,0.0200262856818676,3e-5,0.00532559276308548,0.00118414857500373,0.01105958326220481,1123.71535054548,7.024395751535581,2.0625786358104903,0.0199962856818676,0.00529559276308548
2022-06-01,Golden Ocean Group Ltd,BMG396372051,GOGL-US,Industrial Services,Industrials,0.00710981748069583,3e-5,-0.01223377665512836,0.01645024434430421,0.0177460245923711,1123.71535054548,7.024395751535581,2.0625786358104903,0.00707981748069583,-0.01226377665512836
2022-06-02,Golden Ocean Group Ltd,BMG396372051,GOGL-US,Industrial Services,Industrials,0.0275297756014947,3e-5,-0.00384989193944058,0.01114689154537762,0.01881118459557397,1123.71535054548,7.024395751535581,2.0625786358104903,0.0274997756014947,-0.00387989193944058
2022-06-03,Golden Ocean Group Ltd,BMG396372051,GOGL-US,Industrial Services,Industrials,-0.00240063778138078,3e-5,-0.00104313583110685,0.01848105281289087,0.0203638344545216,1123.71535054548,7.024395751535581,2.0625786358104903,-0.00243063778138078,-0.00107313583110685
2022-06-07,Golden Ocean Group Ltd,BMG396372051,GOGL-US,Industrial Services,Industrials,0.0351264714597419,3e-5,-0.00140508359497037,0.00870439021485174,0.02440307493131676,1123.71535054548,7.024395751535581,2.0625786358104903,0.03509647145974189,-0.00143508359497037
2022-06-08,Golden Ocean Group Ltd,BMG396372051,GOGL-US,Industrial Services,Industrials,-0.0868313078477807,3e-5,2.2547565270718004e-4,-0.00234638778553591,-0.02390193503653339,1123.71535054548,7.024395751535581,2.0625786358104903,-0.0868613078477807,1.9547565270718005e-4
2022-06-09,Golden Ocean Group Ltd,BMG396372051,GOGL-US,Industrial Services,Industrials,-0.0138404688850682,3e-5,-0.00653633954817161,-0.00818108537291948,-0.00277118657855694,1123.71535054548,7.024395751535581,2.0625786358104903,-0.0138704688850682,-0.00656633954817161
2022-06-10,Golden Ocean Group Ltd,BMG396372051,GOGL-US,Industrial Services,Industrials,-0.0358333172789798,3e-5,-0.02273025511331807,0.00685198747671357,-0.01561196185281789,1123.71535054548,7.024395751535581,2.0625786358104903,-0.0358633172789798,-0.02276025511331807
2022-06-13,Golden Ocean Group Ltd,BMG396372051,GOGL-US,Industrial Services,Industrials,-0.0226047515335583,3e-5,-0.02888209903349816,-0.00420762787798791,-0.01041010918596277,1123.71535054548,7.024395751535581,2.0625786358104903,-0.0226347515335583,-0.02891209903349816
2022-06-14,Golden Ocean Group Ltd,BMG396372051,GOGL-US,Industrial Services,Industrials,0.0172480410175055,3e-5,0.01176474860739409,5.917596769059847e-4,0.03022226916936218,1123.71535054548,7.024395751535581,2.0625786358104903,0.0172180410175055,0.01173474860739409
2022-06-15,Golden Ocean Group Ltd,BMG396372051,GOGL-US,Industrial Services,Industrials,-0.00385354325011955,3e-5,0.00817435119251091,-0.01783643924489396,0.00155769021600196,1123.71535054548,7.024395751535581,2.0625786358104903,-0.00388354325011955,0.00814435119251091
2022-06-16,Golden Ocean Group Ltd,BMG396372051,GOGL-US,Industrial Services,Industrials,-0.0359770939312233,3e-5,-0.02846544014927549,0.00346898772153527,-0.0044294925438676,1123.71535054548,7.024395751535581,2.0625786358104903,-0.0360070939312233,-0.02849544014927548
2022-06-17,Golden Ocean Group Ltd,BMG396372051,GOGL-US,Industrial Services,Industrials,0.0232754029300386,3e-5,0.00474953664640286,0.01260598102665496,-0.00330071570557616,1123.71535054548,7.024395751535581,2.0625786358104903,0.0232454029300386,0.00471953664640286
2022-06-20,Golden Ocean Group Ltd,BMG396372051,GOGL-US,Industrial Services,Industrials,-0.0113729905279616,3e-5,0.01783921642643073,-0.02166229517513132,-0.00857150495781853,1123.71535054548,7.024395751535581,2.0625786358104903,-0.0114029905279616,0.01780921642643073
2022-06-21,Golden Ocean Group Ltd,BMG396372051,GOGL-US,Industrial Services,Industrials,0.019437138048984,3e-5,-0.01151378067269354,0.02854434356025475,0.01325650340386979,1123.71535054548,7.024395751535581,2.0625786358104903,0.019407138048984,-0.01154378067269354
2022-06-22,Golden Ocean Group Ltd,BMG396372051,GOGL-US,Industrial Services,Industrials,-0.0739305256386713,3e-5,-0.02342274282928014,-0.00331025808387501,-0.01836842500870538,1123.71535054548,7.024395751535581,2.0625786358104903,-0.0739605256386713,-0.02345274282928014
2022-06-23,Golden Ocean Group Ltd,BMG396372051,GOGL-US,Industrial Services,Industrials,-0.00210028102351723,3e-5,-0.00554022674922408,0.01092192896787309,-0.00347975509314765,1123.71535054548,7.024395751535581,2.0625786358104903,-0.00213028102351723,-0.00557022674922408
2022-06-24,Golden Ocean Group Ltd,BMG396372051,GOGL-US,Industrial Services,Industrials,-0.0269483036127963,5e-5,0.01009155904180551,-0.01342919632646322,-0.02601020315250158,1123.71535054548,7.024395751535581,2.0625786358104903,-0.0269983036127963,0.01004155904180551
2022-06-27,Golden Ocean Group Ltd,BMG396372051,GOGL-US,Industrial Services,Industrials,0.0289921954070584,5e-5,0.01688565811565301,0.00111588684440835,0.01201016275207326,1123.71535054548,7.024395751535581,2.0625786358104903,0.02894219540705839,0.016835658115653
2022-06-28,Golden Ocean Group Ltd,BMG396372051,GOGL-US,Industrial Services,Industrials,-0.0420519141022492,5e-5,0.02010616775116813,-0.00315499193748087,0.00122799660084036,1123.71535054548,7.024395751535581,2.0625786358104903,-0.0421019141022492,0.02005616775116812
2022-06-29,Golden Ocean Group Ltd,BMG396372051,GOGL-US,Industrial Services,Industrials,0.00790162290612129,5e-5,-0.01150712913346937,0.00535042391739231,0.02000004863765312,1123.71535054548,7.024395751535581,2.0625786358104903,0.00785162290612129,-0.01155712913346937
2022-06-30,Golden Ocean Group Ltd,BMG396372051,GOGL-US,Industrial Services,Industrials,-0.00261322557894694,5e-5,-0.02135053473502752,-0.00426071994489223,-0.01540128790760787,1123.71535054548,7.024395751535581,2.0625786358104903,-0.00266322557894694,-0.02140053473502752
2022-07-01,Golden Ocean Group Ltd,BMG396372051,GOGL-US,Industrial Services,Industrials,-0.0768554576302065,5e-5,3.7807740193079864e-4,-0.01132645495279254,-0.0463892916798297,1123.71535054548,7.024395751535581,2.0625786358104903,-0.0769054576302065,3.280774019307986e-4
2022-07-04,Golden Ocean Group Ltd,BMG396372051,GOGL-US,Industrial Services,Industrials,0.00189213591801907,5e-5,0.02102025226251001,-0.00478144643577873,0.02277461268155337,1123.71535054548,7.024395751535581,2.0625786358104903,0.00184213591801907,0.02097025226251001
2022-07-05,Golden Ocean Group Ltd,BMG396372051,GOGL-US,Industrial Services,Industrials,-0.00849853125484767,5e-5,-0.0189761152106852,0.00536175832534563,4.711546327008792e-4,1123.71535054548,7.024395751535581,2.0625786358104903,-0.00854853125484766,-0.0190261152106852
2022-07-06,Golden Ocean Group Ltd,BMG396372051,GOGL-US,Industrial Services,Industrials,-0.0280956845117991,5e-5,-8.549625824000984e-4,-0.01618065675474796,-0.02138917451169156,1123.71535054548,7.024395751535581,2.0625786358104903,-0.0281456845117991,-9.049625824000983e-4
2022-07-07,Golden Ocean Group Ltd,BMG396372051,GOGL-US,Industrial Services,Industrials,0.0401761531464315,5e-5,0.02700315719142023,3.7511350600965415e-4,0.01979917992421308,1123.71535054548,7.024395751535581,2.0625786358104903,0.0401261531464315,0.02695315719142023
2022-07-08,Golden Ocean Group Ltd,BMG396372051,GOGL-US,Industrial Services,Industrials,-9.4205791138268e-4,5e-5,-0.0059996235339597,0.01948405039287242,0.00622564796231719,1123.71535054548,7.024395751535581,2.0625786358104903,-9.9205791138268e-4,-0.0060496235339597
2022-07-11,Golden Ocean Group Ltd,BMG396372051,GOGL-US,Industrial Services,Industrials,-0.00424264329832014,5e-5,0.0051568676902199,-0.00115713180780799,-0.00292006045269165,1123.71535054548,7.024395751535581,2.0625786358104903,-0.00429264329832014,0.0051068676902199
2022-07-12,Golden Ocean Group Ltd,BMG396372051,GOGL-US,Industrial Services,Industrials,-0.0260421232238255,5e-5,0.00259346656748458,-0.00131429277469552,-0.00457033495217038,1123.71535054548,7.024395751535581,2.0625786358104903,-0.0260921232238255,0.00254346656748458
2022-07-13,Golden Ocean Group Ltd,BMG396372051,GOGL-US,Industrial Services,Industrials,-0.0111819020769105,5e-5,-0.01238807285591261,0.00681222148625833,0.00267903188051221,1123.71535054548,7.024395751535581,2.0625786358104903,-0.01123190207691049,-0.01243807285591261
2022-07-14,Golden Ocean Group Ltd,BMG396372051,GOGL-US,Industrial Services,Industrials,-0.00147427770007547,5e-5,-0.0183935633832155,-0.00658228936213762,-0.00364621372081901,1123.71535054548,7.024395751535581,2.0625786358104903,-0.00152427770007547,-0.0184435633832155
2022-07-15,Golden Ocean Group Ltd,BMG396372051,GOGL-US,Industrial Services,Industrials,0.047760090281977,5e-5,0.00734405850348859,0.00843936049738215,-0.00466803927698397,1123.71535054548,7.024395751535581,2.0625786358104903,0.047710090281977,0.00729405850348859
2022-07-18,Golden Ocean Group Ltd,BMG396372051,GOGL-US,Industrial Services,Industrials,0.0357140669016889,5e-5,0.02647154041498302,-0.01017271589426982,0.00277019744025881,1123.71535054548,7.024395751535581,2.0625786358104903,0.0356640669016889,0.02642154041498301
2022-07-19,Golden Ocean Group Ltd,BMG396372051,GOGL-US,Industrial Services,Industrials,-0.0108892277805449,5e-5,0.00365653114201573,0.00244488565215985,0.00673525435842333,1123.71535054548,7.024395751535581,2.0625786358104903,-0.01093922778054489,0.00360653114201573
2022-07-20,Golden Ocean Group Ltd,BMG396372051,GOGL-US,Industrial Services,Industrials,-0.0183485141172318,5e-5,0.00794461669652431,-0.01000424238343754,-0.0126473457364514,1123.71535054548,7.024395751535581,2.0625786358104903,-0.0183985141172318,0.00789461669652431
2022-07-21,Golden Ocean Group Ltd,BMG396372051,GOGL-US,Industrial Services,Industrials,0.013550710068905,5e-5,-0.01273342052620181,0.00568648497961524,-0.00241669666280578,1123.71535054548,7.024395751535581,2.0625786358104903,0.013500710068905,-0.01278342052620181
2022-07-22,Golden Ocean Group Ltd,BMG396372051,GOGL-US,Industrial Services,Industrials,0.00829871029169915,5e-5,0.01460107004614187,-0.00344669878768649,0.00571146010542768,1123.71535054548,7.024395751535581,2.0625786358104903,0.00824871029169915,0.01455107004614187
2022-07-25,Golden Ocean Group Ltd,BMG396372051,GOGL-US,Industrial Services,Industrials,-0.0123450166265459,5e-5,-0.00182911988825979,0.00434229423713325,0.01674135055611235,1123.71535054548,7.024395751535581,2.0625786358104903,-0.0123950166265459,-0.00187911988825979
2022-07-26,Golden Ocean Group Ltd,BMG396372051,GOGL-US,Industrial Services,Industrials,-0.0046296016852474,5e-5,0.00234099116725694,0.00435017547929733,0.01277240741996448,1123.71535054548,7.024395751535581,2.0625786358104903,-0.0046796016852474,0.00229099116725693
2022-07-27,Golden Ocean Group Ltd,BMG396372051,GOGL-US,Industrial Services,Industrials,0.0120929499229865,5e-5,0.0078242978711325,-0.00757613030258027,-9.28003258838182e-4,1123.71535054548,7.024395751535581,2.0625786358104903,0.0120429499229865,0.0077742978711325
2022-07-28,Golden Ocean Group Ltd,BMG396372051,GOGL-US,Industrial Services,Industrials,0.00321629332978635,5e-5,0.0056435736211938,-0.01224788228687733,-0.00945034440839166,1123.71535054548,7.024395751535581,2.0625786358104903,0.00316629332978635,0.0055935736211938
2022-07-29,Golden Ocean Group Ltd,BMG396372051,GOGL-US,Industrial Services,Industrials,-0.0334394428949397,5e-5,0.02380375179071,-0.01541666682667864,-0.00791719511173841,1123.71535054548,7.024395751535581,2.0625786358104903,-0.0334894428949397,0.02375375179070999
2022-08-01,Golden Ocean Group Ltd,BMG396372051,GOGL-US,Industrial Services,Industrials,0.0118476501192553,5e-5,-0.00777971752946754,0.00864414977817341,0.00105480124366642,1123.71535054548,7.024395751535581,2.0625786358104903,0.0117976501192553,-0.00782971752946754
2022-08-02,Golden Ocean Group Ltd,BMG396372051,GOGL-US,Industrial Services,Industrials,-0.00889863784644662,5e-5,0.00336742708768213,0.01216926447264765,-0.0086798954402088,1123.71535054548,7.024395751535581,2.0625786358104903,-0.00894863784644662,0.00331742708768212
2022-08-03,Golden Ocean Group Ltd,BMG396372051,GOGL-US,Industrial Services,Industrials,-0.0311919663927265,5e-5,-3.5292765485460956e-4,0.00497060835242116,-0.0034591711261983,1123.71535054548,7.024395751535581,2.0625786358104903,-0.0312419663927265,-4.029276548546096e-4
2022-08-04,Golden Ocean Group Ltd,BMG396372051,GOGL-US,Industrial Services,Industrials,-0.02048770063815,5e-5,4.1677527275819465e-4,-0.01373586810288564,-0.02709702473192713,1123.71535054548,7.024395751535581,2.0625786358104903,-0.02053770063815,3.667752727581946e-4
2022-08-05,Golden Ocean Group Ltd,BMG396372051,GOGL-US,Industrial Services,Industrials,0.0318723444041598,5e-5,0.00205975479934206,0.00813685216250347,0.01503888679820769,1123.71535054548,7.024395751535581,2.0625786358104903,0.0318223444041598,0.00200975479934206
2022-08-08,Golden Ocean Group Ltd,BMG396372051,GOGL-US,Industrial Services,Industrials,0.0236491588389864,5e-5,-0.00107799415872213,0.00564521355702027,0.00136488800666824,1123.71535054548,7.024395751535581,2.0625786358104903,0.0235991588389864,-0.00112799415872212
2022-08-09,Golden Ocean Group Ltd,BMG396372051,GOGL-US,Industrial Services,Industrials,0.0212169046776032,5e-5,0.00552929866887589,0.00138146101358438,0.02862030914432846,1123.71535054548,7.024395751535581,2.0625786358104903,0.0211669046776032,0.00547929866887589
2022-08-10,Golden Ocean Group Ltd,BMG396372051,GOGL-US,Industrial Services,Industrials,0.0060012086687069,5e-5,-0.00177674467668866,-0.00729058331633349,-0.00780549722999057,1123.71535054548,7.024395751535581,2.0625786358104903,0.0059512086687069,-0.00182674467668866
2022-08-11,Golden Ocean Group Ltd,BMG396372051,GOGL-US,Industrial Services,Industrials,0.00183569456627231,5e-5,0.01367921336322991,-0.00134190236799162,0.00440406407310783,1123.71535054548,7.024395751535581,2.0625786358104903,0.00178569456627231,0.01362921336322991
2022-08-12,Golden Ocean Group Ltd,BMG396372051,GOGL-US,Industrial Services,Industrials,0.00274849644941066,5e-5,-0.00166968826572212,-0.00481740238606124,0.00366577645292225,1123.71535054548,7.024395751535581,2.0625786358104903,0.00269849644941066,-0.00171968826572212
2022-08-15,Golden Ocean Group Ltd,BMG396372051,GOGL-US,Industrial Services,Industrials,-0.0694377273712724,5e-5,-0.00807764646804772,-0.00567704598230276,-0.01564534124096491,1123.71535054548,7.024395751535581,2.0625786358104903,-0.0694877273712724,-0.00812764646804772
2022-08-16,Golden Ocean Group Ltd,BMG396372051,GOGL-US,Industrial Services,Industrials,0.0299464665627232,5e-5,0.00847634339111631,0.00859717235352011,0.03226337429479879,1123.71535054548,7.024395751535581,2.0625786358104903,0.02989646656272319,0.00842634339111631
2022-08-17,Golden Ocean Group Ltd,BMG396372051,GOGL-US,Industrial Services,Industrials,-0.0119166579665617,5e-5,-0.00740363690941937,0.00110767355461793,-0.00335738959316503,1123.71535054548,7.024395751535581,2.0625786358104903,-0.01196665796656169,-0.00745363690941936
2022-08-18,Golden Ocean Group Ltd,BMG396372051,GOGL-US,Industrial Services,Industrials,-0.00385911949685525,5e-5,0.00554145211097512,0.0055188550701378,0.02191045121971414,1123.71535054548,7.024395751535581,2.0625786358104903,-0.00390911949685525,0.00549145211097512
2022-08-19,Golden Ocean Group Ltd,BMG396372051,GOGL-US,Industrial Services,Industrials,-0.0174333149815893,7e-5,0.00272309378014892,-0.019509237631218,0.0037488097773231,1123.71535054548,7.024395751535581,2.0625786358104903,-0.0175033149815893,0.00265309378014892
2022-08-22,Golden Ocean Group Ltd,BMG396372051,GOGL-US,Industrial Services,Industrials,-0.0190239112945718,7e-5,-0.0106973976626821,0.00104706885655866,-5.3079103105944936e-5,1123.71535054548,7.024395751535581,2.0625786358104903,-0.0190939112945718,-0.0107673976626821
2022-08-23,Golden Ocean Group Ltd,BMG396372051,GOGL-US,Industrial Services,Industrials,0.0359716659919851,7e-5,0.00849096922494708,0.0025648482760481,0.02067802462071888,1123.71535054548,7.024395751535581,2.0625786358104903,0.0359016659919851,0.00842096922494707
2022-08-24,Golden Ocean Group Ltd,BMG396372051,GOGL-US,Industrial Services,Industrials,-0.0111535304970656,7e-5,-0.00260562037346003,0.01130156041226714,0.00386506961572245,1123.71535054548,7.024395751535581,2.0625786358104903,-0.0112235304970656,-0.00267562037346003
2022-08-25,Golden Ocean Group Ltd,BMG396372051,GOGL-US,Industrial Services,Industrials,0.0225599486419399,7e-5,0.00363559756795568,-0.00895470903016787,-9.44847543662738e-4,1123.71535054548,7.024395751535581,2.0625786358104903,0.0224899486419399,0.00356559756795567
2022-08-26,Golden Ocean Group Ltd,BMG396372051,GOGL-US,Industrial Services,Industrials,-0.0561154174201665,7e-5,-0.00761894740476429,0.01542524650530322,0.01924688746526548,1123.71535054548,7.024395751535581,2.0625786358104903,-0.0561854174201665,-0.00768894740476429
2022-08-29,Golden Ocean Group Ltd,BMG396372051,GOGL-US,Industrial Services,Industrials,0.0264226241897785,7e-5,-0.0150862927731563,0.0073948725264115,0.02790727665386102,1123.71535054548,7.024395751535581,2.0625786358104903,0.0263526241897785,-0.0151562927731563
2022-08-30,Golden Ocean Group Ltd,BMG396372051,GOGL-US,Industrial Services,Industrials,-0.0823752959309335,7e-5,-0.00670674640168119,-0.0171850700844194,-0.01403873898476396,1123.71535054548,7.024395751535581,2.0625786358104903,-0.0824452959309335,-0.00677674640168118
2022-08-31,Golden Ocean Group Ltd,BMG396372051,GOGL-US,Industrial Services,Industrials,0.0179106997158371,7e-5,0.0058894675843382,-0.00327013819154491,-0.00579675568049967,1123.71535054548,7.024395751535581,2.0625786358104903,0.0178406997158371,0.0058194675843382
2022-09-01,Golden Ocean Group Ltd,BMG396372051,GOGL-US,Industrial Services,Industrials,0.0557551769505469,7e-5,-0.01472822321436921,0.00712021505159263,0.0261165326923296,1123.71535054548,7.024395751535581,2.0625786358104903,0.0556851769505469,-0.01479822321436921
2022-09-02,Golden Ocean Group Ltd,BMG396372051,GOGL-US,Industrial Services,Industrials,-0.026104280986889,7e-5,0.00223816941724706,-0.00389394194704448,1.859634042211593e-4,1123.71535054548,7.024395751535581,2.0625786358104903,-0.026174280986889,0.00216816941724706
2022-09-05,Golden Ocean Group Ltd,BMG396372051,GOGL-US,Industrial Services,Industrials,-0.00103092229238411,7e-5,-0.00179802990265678,0.00217941964648535,0.02660890172507647,1123.71535054548,7.024395751535581,2.0625786358104903,-0.00110092229238411,-0.00186802990265678
2022-09-06,Golden Ocean Group Ltd,BMG396372051,GOGL-US,Industrial Services,Industrials,-0.0257350715191994,7e-5,-0.02660538984376911,0.00807396146722947,-0.02125319677193461,1123.71535054548,7.024395751535581,2.0625786358104903,-0.0258050715191994,-0.02667538984376911
2022-09-07,Golden Ocean Group Ltd,BMG396372051,GOGL-US,Industrial Services,Industrials,-0.0343888965612484,7e-5,-0.01563597149812801,-0.01294342480312645,-0.01145180679787,1123.71535054548,7.024395751535581,2.0625786358104903,-0.0344588965612484,-0.01570597149812801
2022-09-08,Golden Ocean Group Ltd,BMG396372051,GOGL-US,Industrial Services,Industrials,-0.00679491818495159,7e-5,0.00648912117854153,-0.00521851371882052,-0.00230202524821054,1123.71535054548,7.024395751535581,2.0625786358104903,-0.00686491818495159,0.00641912117854153
2022-09-09,Golden Ocean Group Ltd,BMG396372051,GOGL-US,Industrial Services,Industrials,0.0474175172223119,7e-5,0.019869750736647412,-0.00142988925523065,-0.00239242526675921,1123.71535054548,7.024395751535581,2.0625786358104903,0.0473475172223119,0.01979975073664741
2022-09-12,Golden Ocean Group Ltd,BMG396372051,GOGL-US,Industrial Services,Industrials,0.0168922030803833,7e-5,0.0104453185666939,8.864149537459783e-4,0.01798238348108122,1123.71535054548,7.024395751535581,2.0625786358104903,0.01682220308038329,0.0103753185666939
2022-09-13,Golden Ocean Group Ltd,BMG396372051,GOGL-US,Industrial Services,Industrials,0.0261348396028469,7e-5,-0.00450928814153939,0.01369238212294077,0.01019407999690873,1123.71535054548,7.024395751535581,2.0625786358104903,0.0260648396028469,-0.00457928814153938
2022-09-14,Golden Ocean Group Ltd,BMG396372051,GOGL-US,Industrial Services,Industrials,0.0366932588488724,7e-5,-0.01024754877530114,0.01481741567699113,0.02633675706293961,1123.71535054548,7.024395751535581,2.0625786358104903,0.0366232588488724,-0.01031754877530114
2022-09-15,Golden Ocean Group Ltd,BMG396372051,GOGL-US,Industrial Services,Industrials,-0.0370606663319968,7e-5,-3.904165284861638e-4,-0.00189650018301768,-0.0037446591141066,1123.71535054548,7.024395751535581,2.0625786358104903,-0.0371306663319968,-4.6041652848616374e-4
2022-09-16,Golden Ocean Group Ltd,BMG396372051,GOGL-US,Industrial Services,Industrials,-0.0259461728108289,7e-5,-0.02527684163406157,-0.00507484462765166,0.00417132754331059,1123.71535054548,7.024395751535581,2.0625786358104903,-0.0260161728108289,-0.02534684163406157
2022-09-19,Golden Ocean Group Ltd,BMG396372051,GOGL-US,Industrial Services,Industrials,-0.0326303309508484,7e-5,-0.00750012145873808,-0.01731312861941529,-6.851383499485823e-4,1123.71535054548,7.024395751535581,2.0625786358104903,-0.0327003309508484,-0.00757012145873808
2022-09-20,Golden Ocean Group Ltd,BMG396372051,GOGL-US,Industrial Services,Industrials,0.0472698800884663,7e-5,-0.00920301300903006,0.00731002678058977,0.01000849027922911,1123.71535054548,7.024395751535581,2.0625786358104903,0.04719988008846629,-0.00927301300903006
2022-09-21,Golden Ocean Group Ltd,BMG396372051,GOGL-US,Industrial Services,Industrials,0.0157752333517456,7e-5,0.0066742074958361,0.00261050039581447,0.00157132113472594,1123.71535054548,7.024395751535581,2.0625786358104903,0.0157052333517456,0.0066042074958361
2022-09-22,Golden Ocean Group Ltd,BMG396372051,GOGL-US,Industrial Services,Industrials,-0.0211379801602664,7e-5,-0.00526373589541973,-0.00853176809212631,0.00707664184529312,1123.71535054548,7.024395751535581,2.0625786358104903,-0.0212079801602664,-0.00533373589541973
2022-09-23,Golden Ocean Group Ltd,BMG396372051,GOGL-US,Industrial Services,Industrials,-0.0370215433287777,9e-5,-0.03082315552893909,7.383214813831071e-4,-0.0141276870332565,1123.71535054548,7.024395751535581,2.0625786358104903,-0.03711154332877769,-0.03091315552893908
2022-09-26,Golden Ocean Group Ltd,BMG396372051,GOGL-US,Industrial Services,Industrials,-0.0320361945442788,9e-5,0.00149450689581879,-0.01389064531975598,-0.00700445466481164,1123.71535054548,7.024395751535581,2.0625786358104903,-0.0321261945442788,0.00140450689581879
2022-09-27,Golden Ocean Group Ltd,BMG396372051,GOGL-US,Industrial Services,Industrials,0.00992966547085472,9e-5,0.00635160140108057,0.00701567555002052,0.01064161825234316,1123.71535054548,7.024395751535581,2.0625786358104903,0.00983966547085472,0.00626160140108057
2022-09-28,Golden Ocean Group Ltd,BMG396372051,GOGL-US,Industrial Services,Industrials,-0.00491673275178428,9e-5,-0.0363781627103931,0.03169500843518454,0.02428421066028976,1123.71535054548,7.024395751535581,2.0625786358104903,-0.00500673275178428,-0.0364681627103931
2022-09-29,Golden Ocean Group Ltd,BMG396372051,GOGL-US,Industrial Services,Industrials,-0.0679839865367441,9e-5,-0.01680365375692809,0.01260958188537639,-0.00356104923632322,1123.71535054548,7.024395751535581,2.0625786358104903,-0.06807398653674411,-0.01689365375692809
2022-09-30,Golden Ocean Group Ltd,BMG396372051,GOGL-US,Industrial Services,Industrials,0.0302879971158692,9.08e-5,0.02196934683109477,-0.00189159451196583,0.00953184294237194,1123.71535054548,7.024395751535581,2.0625786358104903,0.0301971971158692,0.02187854683109477
2022-10-03,Golden Ocean Group Ltd,BMG396372051,GOGL-US,Industrial Services,Industrials,0.0225383115407161,9.2e-5,0.02248373458020683,-0.00776457679768669,0.00768518830823574,1123.71535054548,7.024395751535581,2.0625786358104903,0.0224463115407161,0.02239173458020683
2022-10-04,Golden Ocean Group Ltd,BMG396372051,GOGL-US,Industrial Services,Industrials,0.0301871892366188,9e-5,0.01185730236554162,-0.01275712838655515,-0.00137925740604288,1123.71535054548,7.024395751535581,2.0625786358104903,0.0300971892366188,0.01176730236554162
2022-10-05,Golden Ocean Group Ltd,BMG396372051,GOGL-US,Industrial Services,Industrials,0.0306966364867514,9e-5,-0.01088318142641924,0.00992603670702831,0.00541215266510204,1123.71535054548,7.024395751535581,2.0625786358104903,0.0306066364867514,-0.01097318142641924
2022-10-06,Golden Ocean Group Ltd,BMG396372051,GOGL-US,Industrial Services,Industrials,0.00406161423341667,9e-5,-0.00686728393573579,0.02529069032323982,0.00576800190162966,1123.71535054548,7.024395751535581,2.0625786358104903,0.00397161423341667,-0.00695728393573579
2022-10-07,Golden Ocean Group Ltd,BMG396372051,GOGL-US,Industrial Services,Industrials,0.0112357084559302,9e-5,-0.00279062660129914,0.01747179996413742,0.01434361319322227,1123.71535054548,7.024395751535581,2.0625786358104903,0.0111457084559302,-0.00288062660129913
2022-10-10,Golden Ocean Group Ltd,BMG396372051,GOGL-US,Industrial Services,Industrials,0.00488872852364186,9e-5,0.00343401674135919,-0.00500437896575716,0.00331902667460992,1123.71535054548,7.024395751535581,2.0625786358104903,0.00479872852364186,0.00334401674135919
2022-10-11,Golden Ocean Group Ltd,BMG396372051,GOGL-US,Industrial Services,Industrials,-0.0429003388183204,9e-5,-0.01175231235195774,-0.02244769412331921,-0.0069830984885391,1123.71535054548,7.024395751535581,2.0625786358104903,-0.0429903388183204,-0.01184231235195774
2022-10-12,Golden Ocean Group Ltd,BMG396372051,GOGL-US,Industrial Services,Industrials,0.0332708535193906,9e-5,-0.0083483838724189,6.984310551185011e-4,0.00566057411008667,1123.71535054548,7.024395751535581,2.0625786358104903,0.0331808535193906,-0.0084383838724189
2022-10-13,Golden Ocean Group Ltd,BMG396372051,GOGL-US,Industrial Services,Industrials,0.00805056925905556,9e-5,0.0094551424417074,-0.00901396060958954,0.01085966067715498,1123.71535054548,7.024395751535581,2.0625786358104903,0.00796056925905556,0.0093651424417074
2022-10-14,Golden Ocean Group Ltd,BMG396372051,GOGL-US,Industrial Services,Industrials,0.0334955051813297,9e-5,-0.00387038211911931,0.00418655799303232,-0.01138291536316596,1123.71535054548,7.024395751535581,2.0625786358104903,0.0334055051813297,-0.00396038211911931
2022-10-17,Golden Ocean Group Ltd,BMG396372051,GOGL-US,Industrial Services,Industrials,0.0098735152387015,9e-5,0.01375625066139753,-0.00531471783080758,-0.00232827785834467,1123.71535054548,7.024395751535581,2.0625786358104903,0.0097835152387015,0.01366625066139753
2022-10-18,Golden Ocean Group Ltd,BMG396372051,GOGL-US,Industrial Services,Industrials,-0.0010625462188143,9e-5,0.01280318111600082,0.00825753710710833,-0.00559051900817047,1123.71535054548,7.024395751535581,2.0625786358104903,-0.0011525462188143,0.01271318111600082
2022-10-19,Golden Ocean Group Ltd,BMG396372051,GOGL-US,Industrial Services,Industrials,-0.0202124495597887,9e-5,-0.00513134356821465,-3.37006154877301e-4,0.0120071272793464,1123.71535054548,7.024395751535581,2.0625786358104903,-0.02030244955978869,-0.00522134356821465
2022-10-20,Golden Ocean Group Ltd,BMG396372051,GOGL-US,Industrial Services,Industrials,-0.0160695538753566,9e-5,0.00225409676365989,0.0026528641287581,8.405825832514882e-4,1123.71535054548,7.024395751535581,2.0625786358104903,-0.0161595538753566,0.00216409676365989
2022-10-21,Golden Ocean Group Ltd,BMG396372051,GOGL-US,Industrial Services,Industrials,-0.0134624840863009,9e-5,-0.01007616642311337,-0.00169676181446443,-0.00171256994123525,1123.71535054548,7.024395751535581,2.0625786358104903,-0.0135524840863009,-0.01016616642311337
2022-10-24,Golden Ocean Group Ltd,BMG396372051,GOGL-US,Industrial Services,Industrials,0.014540647719762,9e-5,0.00383079689099225,-0.00330377166388584,0.01406462248567402,1123.71535054548,7.024395751535581,2.0625786358104903,0.014450647719762,0.00374079689099225
2022-10-25,Golden Ocean Group Ltd,BMG396372051,GOGL-US,Industrial Services,Industrials,0.00639486364982367,9e-5,0.00732204238199331,-0.01377740134418504,-0.00781032210635994,1123.71535054548,7.024395751535581,2.0625786358104903,0.00630486364982367,0.00723204238199331
2022-10-26,Golden Ocean Group Ltd,BMG396372051,GOGL-US,Industrial Services,Industrials,-0.0107357183649396,9e-5,0.01109477481036755,-2.698286371848081e-4,-0.00867518934171606,1123.71535054548,7.024395751535581,2.0625786358104903,-0.0108257183649396,0.01100477481036755
2022-10-27,Golden Ocean Group Ltd,BMG396372051,GOGL-US,Industrial Services,Industrials,-0.0387608427610373,9e-5,0.00685697162758191,0.00304112065803968,0.00501455267639033,1123.71535054548,7.024395751535581,2.0625786358104903,-0.0388508427610373,0.00676697162758191
2022-10-28,Golden Ocean Group Ltd,BMG396372051,GOGL-US,Industrial Services,Industrials,-0.0119804105238581,9e-5,-8.099786291391639e-4,0.001904383892076,0.00115692016524368,1123.71535054548,7.024395751535581,2.0625786358104903,-0.0120704105238581,-8.999786291391639e-4
2022-10-31,Golden Ocean Group Ltd,BMG396372051,GOGL-US,Industrial Services,Industrials,-0.00419800818818028,9e-5,0.01176169125066343,0.00382402441094766,-0.00801004248885496,1123.71535054548,7.024395751535581,2.0625786358104903,-0.00428800818818028,0.01167169125066343
2022-11-01,Golden Ocean Group Ltd,BMG396372051,GOGL-US,Industrial Services,Industrials,0.0501167217276819,9e-5,0.00800703337937466,0.00598106371598178,2.677232298083608e-4,1123.71535054548,7.024395751535581,2.0625786358104903,0.0500267217276819,0.00791703337937466
2022-11-02,Golden Ocean Group Ltd,BMG396372051,GOGL-US,Industrial Services,Industrials,0.00892068310678806,9e-5,-0.00857570881259384,0.01362364865738301,0.01313689333050053,1123.71535054548,7.024395751535581,2.0625786358104903,0.00883068310678806,-0.00866570881259384
2022-11-03,Golden Ocean Group Ltd,BMG396372051,GOGL-US,Industrial Services,Industrials,6.6384398047336e-4,9e-5,-0.0012479911287915,0.02015826798086991,-0.00801751452327219,1123.71535054548,7.024395751535581,2.0625786358104903,5.738439804733599e-4,-0.0013379911287915
2022-11-04,Golden Ocean Group Ltd,BMG396372051,GOGL-US,Industrial Services,Industrials,0.0731159742728853,1e-4,0.00744267785807549,0.00897281447326088,0.02873532422672586,1123.71535054548,7.024395751535581,2.0625786358104903,0.0730159742728853,0.00734267785807549
2022-11-07,Golden Ocean Group Ltd,BMG396372051,GOGL-US,Industrial Services,Industrials,-0.0456980228810524,1e-4,0.00346048788674477,9.585411310549387e-4,0.00469959889298336,1123.71535054548,7.024395751535581,2.0625786358104903,-0.0457980228810524,0.00336048788674477
2022-11-08,Golden Ocean Group Ltd,BMG396372051,GOGL-US,Industrial Services,Industrials,0.0226495287602406,1e-4,0.00143115625857467,-0.00100045647348082,-8.802100185034949e-4,1123.71535054548,7.024395751535581,2.0625786358104903,0.0225495287602406,0.00133115625857467
2022-11-09,Golden Ocean Group Ltd,BMG396372051,GOGL-US,Industrial Services,Industrials,0.00885812578538614,1e-4,-0.00334040672359276,-0.00279578639372071,-0.00613288005473533,1123.71535054548,7.024395751535581,2.0625786358104903,0.00875812578538614,-0.00344040672359276
2022-11-10,Golden Ocean Group Ltd,BMG396372051,GOGL-US,Industrial Services,Industrials,-0.0261342984910053,1e-4,0.01187478357939448,-0.02723550993796115,-0.05278988143042245,1123.71535054548,7.024395751535581,2.0625786358104903,-0.0262342984910053,0.01177478357939448
2022-11-11,Golden Ocean Group Ltd,BMG396372051,GOGL-US,Industrial Services,Industrials,0.0412205637605001,1e-4,0.00678856075877304,1.344223004863046e-4,-0.01072998728621411,1123.71535054548,7.024395751535581,2.0625786358104903,0.0411205637605001,0.00668856075877304
2022-11-14,Golden Ocean Group Ltd,BMG396372051,GOGL-US,Industrial Services,Industrials,0.00247311354297119,1e-4,0.00548207952100966,-0.01102309555299527,-0.01084781627943966,1123.71535054548,7.024395751535581,2.0625786358104903,0.00237311354297119,0.00538207952100966
2022-11-15,Golden Ocean Group Ltd,BMG396372051,GOGL-US,Industrial Services,Industrials,-0.00658121053094118,1e-4,0.00117993180500648,-0.01019821188790454,-0.00962575127071892,1123.71535054548,7.024395751535581,2.0625786358104903,-0.00668121053094118,0.00107993180500648
2022-11-16,Golden Ocean Group Ltd,BMG396372051,GOGL-US,Industrial Services,Industrials,-0.106417800290167,1e-4,-0.00386423921010921,-0.00770543498995805,0.00573333381712096,1123.71535054548,7.024395751535581,2.0625786358104903,-0.106517800290167,-0.00396423921010921
2022-11-17,Golden Ocean Group Ltd,BMG396372051,GOGL-US,Industrial Services,Industrials,0.0183038852266348,1e-4,-0.0102321100513232,0.00407855793821623,0.01541588713206771,1123.71535054548,7.024395751535581,2.0625786358104903,0.0182038852266348,-0.0103321100513232
2022-11-18,Golden Ocean Group Ltd,BMG396372051,GOGL-US,Industrial Services,Industrials,-0.00864577329324101,1e-4,-3.79920919088344e-4,2.971226981658267e-4,-0.00321891046562093,1123.71535054548,7.024395751535581,2.0625786358104903,-0.00874577329324101,-4.79920919088344e-4
2022-11-21,Golden Ocean Group Ltd,BMG396372051,GOGL-US,Industrial Services,Industrials,-0.016755863151111,1e-4,-0.00476999057923264,-0.00372176662872276,0.00334191980837657,1123.71535054548,7.024395751535581,2.0625786358104903,-0.016855863151111,-0.00486999057923264
2022-11-22,Golden Ocean Group Ltd,BMG396372051,GOGL-US,Industrial Services,Industrials,0.0203086261434555,1e-4,0.01546499613454726,0.00325807734608087,0.01814425316821252,1123.71535054548,7.024395751535581,2.0625786358104903,0.0202086261434555,0.01536499613454726
2022-11-23,Golden Ocean Group Ltd,BMG396372051,GOGL-US,Industrial Services,Industrials,0.00777853654585492,1e-4,0.00635040164318405,-1.8777969201428255e-4,-0.01615075958502417,1123.71535054548,7.024395751535581,2.0625786358104903,0.00767853654585492,0.00625040164318404
2022-11-24,Golden Ocean Group Ltd,BMG396372051,GOGL-US,Industrial Services,Industrials,0.021793324400015,1e-4,0.01242863874741139,-0.01235994935237306,-0.01928832472484334,1123.71535054548,7.024395751535581,2.0625786358104903,0.021693324400015,0.01232863874741139
2022-11-25,Golden Ocean Group Ltd,BMG396372051,GOGL-US,Industrial Services,Industrials,0.0128483664917205,1e-4,-6.33954463508782e-4,0.0147367227100356,0.0095081855824044,1123.71535054548,7.024395751535581,2.0625786358104903,0.0127483664917205,-7.33954463508782e-4
2022-11-28,Golden Ocean Group Ltd,BMG396372051,GOGL-US,Industrial Services,Industrials,-0.037172421549882,1e-4,-0.0082406629003026,-0.0047735931729,0.0074872687544522,1123.71535054548,7.024395751535581,2.0625786358104903,-0.037272421549882,-0.0083406629003026
2022-11-29,Golden Ocean Group Ltd,BMG396372051,GOGL-US,Industrial Services,Industrials,0.00923816755251861,1e-4,0.00708183273415846,0.00590813280540172,0.02150299338272263,1123.71535054548,7.024395751535581,2.0625786358104903,0.00913816755251861,0.00698183273415846
2022-11-30,Golden Ocean Group Ltd,BMG396372051,GOGL-US,Industrial Services,Industrials,-0.0173674601260809,1e-4,0.00233730354423348,-0.00183541320764709,-0.00792365169749653,1123.71535054548,7.024395751535581,2.0625786358104903,-0.0174674601260809,0.00223730354423348
2022-12-01,Golden Ocean Group Ltd,BMG396372051,GOGL-US,Industrial Services,Industrials,-0.0324811637856689,1e-4,0.00637235582890994,-0.00783217659892592,-0.00302725806127127,1123.71535054548,7.024395751535581,2.0625786358104903,-0.0325811637856689,0.00627235582890994
2022-12-02,Golden Ocean Group Ltd,BMG396372051,GOGL-US,Industrial Services,Industrials,-0.0195011870287757,1e-4,-0.00566015973168867,0.00947526183433453,-0.00495078273603555,1123.71535054548,7.024395751535581,2.0625786358104903,-0.0196011870287757,-0.00576015973168867
2022-12-05,Golden Ocean Group Ltd,BMG396372051,GOGL-US,Industrial Services,Industrials,0.0684786320238047,1e-4,0.00147194398021485,0.00897261061606597,0.00307034692331881,1123.71535054548,7.024395751535581,2.0625786358104903,0.0683786320238047,0.00137194398021484
2022-12-06,Golden Ocean Group Ltd,BMG396372051,GOGL-US,Industrial Services,Industrials,-0.00353472259690735,1e-4,-0.0078583057336989,0.01465225538492683,-1.6711165179012898e-4,1123.71535054548,7.024395751535581,2.0625786358104903,-0.00363472259690735,-0.00795830573369889
2022-12-07,Golden Ocean Group Ltd,BMG396372051,GOGL-US,Industrial Services,Industrials,-0.0394891388554912,1e-4,-0.01213376862515115,-0.010581521245366,-0.01153386530709962,1123.71535054548,7.024395751535581,2.0625786358104903,-0.0395891388554912,-0.01223376862515114
2022-12-08,Golden Ocean Group Ltd,BMG396372051,GOGL-US,Industrial Services,Industrials,0.0337278901928362,1e-4,0.00550576121652068,0.00283260250475349,-0.00753291403838398,1123.71535054548,7.024395751535581,2.0625786358104903,0.0336278901928362,0.00540576121652068
2022-12-09,Golden Ocean Group Ltd,BMG396372051,GOGL-US,Industrial Services,Industrials,0.0121454489523396,1e-4,0.01213939038693658,-0.00543448120408523,-0.01373875420523164,1123.71535054548,7.024395751535581,2.0625786358104903,0.0120454489523396,0.01203939038693658
2022-12-12,Golden Ocean Group Ltd,BMG396372051,GOGL-US,Industrial Services,Industrials,0.0145886377168785,1e-4,-0.00274792247549915,0.00635414701642583,0.00308237313821076,1123.71535054548,7.024395751535581,2.0625786358104903,0.0144886377168785,-0.00284792247549914
2022-12-13,Golden Ocean Group Ltd,BMG396372051,GOGL-US,Industrial Services,Industrials,0.0113628472340419,1e-4,0.01800602248213985,-0.01365552049559113,-0.01959617047752312,1123.71535054548,7.024395751535581,2.0625786358104903,0.0112628472340419,0.01790602248213985
2022-12-14,Golden Ocean Group Ltd,BMG396372051,GOGL-US,Industrial Services,Industrials,-0.00825439309813725,1e-4,-0.01118505274318673,0.00664728100082817,-0.00652402416566243,1123.71535054548,7.024395751535581,2.0625786358104903,-0.00835439309813725,-0.01128505274318673
2022-12-15,Golden Ocean Group Ltd,BMG396372051,GOGL-US,Industrial Services,Industrials,0.0446237909384015,1e-4,-0.00987056472226353,0.01766910372615956,0.01612557125453034,1123.71535054548,7.024395751535581,2.0625786358104903,0.04452379093840149,-0.00997056472226353
2022-12-16,Golden Ocean Group Ltd,BMG396372051,GOGL-US,Industrial Services,Industrials,-0.0278883840851675,1.1e-4,-0.01273745818198161,0.00593103751060246,0.02011021531475067,1123.71535054548,7.024395751535581,2.0625786358104903,-0.0279983840851675,-0.01284745818198161
2022-12-19,Golden Ocean Group Ltd,BMG396372051,GOGL-US,Industrial Services,Industrials,-0.0407560598687763,1.1e-4,0.00638214892033358,-0.0103586971660816,-0.00273198128679878,1123.71535054548,7.024395751535581,2.0625786358104903,-0.0408660598687763,0.00627214892033358
2022-12-20,Golden Ocean Group Ltd,BMG396372051,GOGL-US,Industrial Services,Industrials,0.0332311800309106,1.1e-4,-0.00368702332519998,0.0054077964701804,0.02668720977605824,1123.71535054548,7.024395751535581,2.0625786358104903,0.0331211800309106,-0.00379702332519998
2022-12-21,Golden Ocean Group Ltd,BMG396372051,GOGL-US,Industrial Services,Industrials,0.057890945974745,1.1e-4,0.01379807963199055,-0.00564521221421667,0.01165925606697808,1123.71535054548,7.024395751535581,2.0625786358104903,0.057780945974745,0.01368807963199054
2022-12-22,Golden Ocean Group Ltd,BMG396372051,GOGL-US,Industrial Services,Industrials,-0.0130292204397728,1.1e-4,-0.00536990449053835,0.00442588129213216,0.01269704729614288,1123.71535054548,7.024395751535581,2.0625786358104903,-0.0131392204397728,-0.00547990449053835
2022-12-23,Golden Ocean Group Ltd,BMG396372051,GOGL-US,Industrial Services,Industrials,-8.7973698318688e-4,1.1e-4,0.00213757884757457,1.4149282491328612e-4,0.01663289597915019,1123.71535054548,7.024395751535581,2.0625786358104903,-9.8973698318688e-4,0.00202757884757457
2022-12-27,Golden Ocean Group Ltd,BMG396372051,GOGL-US,Industrial Services,Industrials,-0.00330353471749922,1.1e-4,-0.00143753449864536,0.00314175984260953,0.00837069162880071,1123.71535054548,7.024395751535581,2.0625786358104903,-0.00341353471749922,-0.00154753449864536
2022-12-28,Golden Ocean Group Ltd,BMG396372051,GOGL-US,Industrial Services,Industrials,-0.0203266745280264,1.1e-4,-0.00314388266206932,-0.00957987866835902,-0.0026419196676919,1123.71535054548,7.024395751535581,2.0625786358104903,-0.0204366745280264,-0.00325388266206932
2022-12-29,Golden Ocean Group Ltd,BMG396372051,GOGL-US,Industrial Services,Industrials,-0.00924667964353343,1.1e-4,0.00731212015413784,-0.00521758113776852,-0.00747607113216636,1123.71535054548,7.024395751535581,2.0625786358104903,-0.00935667964353343,0.00720212015413784
2022-12-30,Golden Ocean Group Ltd,BMG396372051,GOGL-US,Industrial Services,Industrials,-0.0218535779536947,1.1e-4,-0.00564603455941053,0.00228928769909695,-0.00783828479582606,1123.71535054548,7.024395751535581,2.0625786358104903,-0.02196357795369469,-0.00575603455941053
2023-01-02,Golden Ocean Group Ltd,BMG396372051,GOGL-US,Industrial Services,Industrials,0.0330461183620823,1.1e-4,0.00434140899400283,0.01036697766962437,0.00774085903518485,1053.82186618055,6.960178707399112,1.0347039711938415,0.0329361183620823,0.00423140899400283
2023-01-03,Golden Ocean Group Ltd,BMG396372051,GOGL-US,Industrial Services,Industrials,-0.0459565023589992,1.1e-4,-0.01076766651615989,-0.00635311986262451,-0.02439883801088228,1053.82186618055,6.960178707399112,1.0347039711938415,-0.0460665023589992,-0.01087766651615989
2023-01-04,Golden Ocean Group Ltd,BMG396372051,GOGL-US,Industrial Services,Industrials,-0.0399045606796654,1.1e-4,-0.01455131251231157,-0.0145226031022453,-0.01459052142997191,1053.82186618055,6.960178707399112,1.0347039711938415,-0.0400145606796654,-0.01466131251231157
2023-01-05,Golden Ocean Group Ltd,BMG396372051,GOGL-US,Industrial Services,Industrials,-0.00344397866899249,1.1e-4,0.00736964160007686,-0.01069917029083813,0.01581588991887116,1053.82186618055,6.960178707399112,1.0347039711938415,-0.00355397866899249,0.00725964160007686
2023-01-06,Golden Ocean Group Ltd,BMG396372051,GOGL-US,Industrial Services,Industrials,0.0281339113903509,1.1e-4,0.00907066067424516,-0.01764000176130073,0.00343089456968601,1053.82186618055,6.960178707399112,1.0347039711938415,0.0280239113903509,0.00896066067424515
2023-01-09,Golden Ocean Group Ltd,BMG396372051,GOGL-US,Industrial Services,Industrials,0.0237645586461164,1.1e-4,0.00613197156165288,-0.00490553819164431,-9.010981003121696e-4,1053.82186618055,6.960178707399112,1.0347039711938415,0.0236545586461164,0.00602197156165288
2023-01-10,Golden Ocean Group Ltd,BMG396372051,GOGL-US,Industrial Services,Industrials,0.0147713537608445,1.1e-4,-0.00984806302324473,0.00447352514243298,0.00728118745829175,1053.82186618055,6.960178707399112,1.0347039711938415,0.01466135376084449,-0.00995806302324473
2023-01-11,Golden Ocean Group Ltd,BMG396372051,GOGL-US,Industrial Services,Industrials,0.034195860736689,1.1e-4,-0.00373021940314118,0.00660038602052656,0.00946513505746577,1053.82186618055,6.960178707399112,1.0347039711938415,0.034085860736689,-0.00384021940314118
2023-01-12,Golden Ocean Group Ltd,BMG396372051,GOGL-US,Industrial Services,Industrials,-0.00960722404481973,1.1e-4,0.01014211095593345,-0.00621727359257279,7.46733515496338e-4,1053.82186618055,6.960178707399112,1.0347039711938415,-0.00971722404481973,0.01003211095593344
2023-01-13,Golden Ocean Group Ltd,BMG396372051,GOGL-US,Industrial Services,Industrials,0.00496278901590541,1.1e-4,-1.30629762899035e-4,0.00981001533478688,0.0115141060428116,1053.82186618055,6.960178707399112,1.0347039711938415,0.00485278901590541,-2.4062976289903495e-4
2023-01-16,Golden Ocean Group Ltd,BMG396372051,GOGL-US,Industrial Services,Industrials,0.0325475838400773,1.1e-4,-0.00456179038993581,0.00435601273820406,0.00987423138882959,1053.82186618055,6.960178707399112,1.0347039711938415,0.0324375838400773,-0.00467179038993581
2023-01-17,Golden Ocean Group Ltd,BMG396372051,GOGL-US,Industrial Services,Industrials,0.021522422274469,1.1e-4,0.00717238933700827,0.01180492174648804,-0.01126230200743167,1053.82186618055,6.960178707399112,1.0347039711938415,0.021412422274469,0.00706238933700827
2023-01-18,Golden Ocean Group Ltd,BMG396372051,GOGL-US,Industrial Services,Industrials,0.00212788820527687,1.1e-4,0.00144426308380338,4.82809304210869e-4,-0.00810699464789316,1053.82186618055,6.960178707399112,1.0347039711938415,0.00201788820527687,0.00133426308380337
2023-01-19,Golden Ocean Group Ltd,BMG396372051,GOGL-US,Industrial Services,Industrials,-0.0352519304212949,1.1e-4,-0.01297182464929981,0.00817207172342419,-0.00271256487536112,1053.82186618055,6.960178707399112,1.0347039711938415,-0.0353619304212949,-0.01308182464929981
2023-01-20,Golden Ocean Group Ltd,BMG396372051,GOGL-US,Industrial Services,Industrials,0.0239934139274238,1.1e-4,0.00500213488912584,-0.00159494622603703,0.01960464571896533,1053.82186618055,6.960178707399112,1.0347039711938415,0.0238834139274238,0.00489213488912584
2023-01-23,Golden Ocean Group Ltd,BMG396372051,GOGL-US,Industrial Services,Industrials,-0.0176267387251851,1.1e-4,0.00775910330445028,-0.01977275549473274,0.00491526124301583,1053.82186618055,6.960178707399112,1.0347039711938415,-0.01773673872518509,0.00764910330445028
2023-01-24,Golden Ocean Group Ltd,BMG396372051,GOGL-US,Industrial Services,Industrials,-0.0131290044491381,1.1e-4,-0.00539737984359574,0.00737818956817315,-0.03053891072363142,1053.82186618055,6.960178707399112,1.0347039711938415,-0.0132390044491381,-0.00550737984359574
2023-01-25,Golden Ocean Group Ltd,BMG396372051,GOGL-US,Industrial Services,Industrials,-0.0239476445516017,1.1e-4,-0.00672685340768728,-0.00492321027785228,-0.00490620828012824,1053.82186618055,6.960178707399112,1.0347039711938415,-0.02405764455160169,-0.00683685340768728
2023-01-26,Golden Ocean Group Ltd,BMG396372051,GOGL-US,Industrial Services,Industrials,0.00772402129274319,1.1e-4,0.00133013403582455,0.00184799555694399,0.00422741608313474,1053.82186618055,6.960178707399112,1.0347039711938415,0.00761402129274319,0.00122013403582455
2023-01-27,Golden Ocean Group Ltd,BMG396372051,GOGL-US,Industrial Services,Industrials,0.0220917766336215,1.1e-4,0.01274337570036678,-0.00725152340059037,0.00748228232987585,1053.82186618055,6.960178707399112,1.0347039711938415,0.0219817766336215,0.01263337570036677
2023-01-30,Golden Ocean Group Ltd,BMG396372051,GOGL-US,Industrial Services,Industrials,0.0443318687266987,1.1e-4,-0.00426612279968647,-5.63504938293827e-4,0.00657448443076798,1053.82186618055,6.960178707399112,1.0347039711938415,0.0442218687266987,-0.00437612279968646
2023-01-31,Golden Ocean Group Ltd,BMG396372051,GOGL-US,Industrial Services,Industrials,0.0038018240323392,1.1e-4,0.00120658313729843,0.01012130385255641,-9.064650448240242e-4,1053.82186618055,6.960178707399112,1.0347039711938415,0.0036918240323392,0.00109658313729843
2023-02-01,Golden Ocean Group Ltd,BMG396372051,GOGL-US,Industrial Services,Industrials,0.00631237484883029,1.1e-4,0.00977128252973978,-0.01204411775165303,-0.01081402626988264,1053.82186618055,6.960178707399112,1.0347039711938415,0.00620237484883029,0.00966128252973978
2023-02-02,Golden Ocean Group Ltd,BMG396372051,GOGL-US,Industrial Services,Industrials,0.0039723506716538,1.1e-4,-0.00666780394689884,0.00280554482372407,-0.0109241515444559,1053.82186618055,6.960178707399112,1.0347039711938415,0.0038623506716538,-0.00677780394689883
2023-02-03,Golden Ocean Group Ltd,BMG396372051,GOGL-US,Industrial Services,Industrials,-0.0137442884967849,1.1e-4,0.00919954557305306,0.00819212291826693,0.00523038343957323,1053.82186618055,6.960178707399112,1.0347039711938415,-0.0138542884967849,0.00908954557305305
2023-02-06,Golden Ocean Group Ltd,BMG396372051,GOGL-US,Industrial Services,Industrials,0.00232201788685216,1.1e-4,-0.007372457126771,0.00415817331614709,0.00212871069923163,1053.82186618055,6.960178707399112,1.0347039711938415,0.00221201788685216,-0.007482457126771
2023-02-07,Golden Ocean Group Ltd,BMG396372051,GOGL-US,Industrial Services,Industrials,0.0294929245428874,1.1e-4,0.00614744711232351,-0.00153966167333201,0.02695545468365137,1053.82186618055,6.960178707399112,1.0347039711938415,0.0293829245428874,0.00603744711232351
2023-02-08,Golden Ocean Group Ltd,BMG396372051,GOGL-US,Industrial Services,Industrials,0.0292607383485675,1.1e-4,0.02610989299079573,0.0023562595687095,0.00362373584517558,1053.82186618055,6.960178707399112,1.0347039711938415,0.0291507383485675,0.02599989299079573
2023-02-09,Golden Ocean Group Ltd,BMG396372051,GOGL-US,Industrial Services,Industrials,-0.0119283435605738,1.1e-4,-0.00302823014642714,0.00563964655249818,-0.01131123415146952,1053.82186618055,6.960178707399112,1.0347039711938415,-0.0120383435605738,-0.00313823014642714
2023-02-10,Golden Ocean Group Ltd,BMG396372051,GOGL-US,Industrial Services,Industrials,0.00221387392495997,1.1e-4,0.00590935697291061,-0.00490301429159163,0.01434273028856533,1053.82186618055,6.960178707399112,1.0347039711938415,0.00210387392495997,0.00579935697291061
2023-02-13,Golden Ocean Group Ltd,BMG396372051,GOGL-US,Industrial Services,Industrials,-0.0267022964470022,1.1e-4,-2.4026118861162328e-4,0.00704006940098833,0.01324195316951734,1053.82186618055,6.960178707399112,1.0347039711938415,-0.0268122964470022,-3.5026118861162327e-4
2023-02-14,Golden Ocean Group Ltd,BMG396372051,GOGL-US,Industrial Services,Industrials,0.00371320853432411,1.1e-4,-0.00274182039254501,-0.00379900916219356,0.00426352515371248,1053.82186618055,6.960178707399112,1.0347039711938415,0.00360320853432411,-0.002851820392545
2023-02-15,Golden Ocean Group Ltd,BMG396372051,GOGL-US,Industrial Services,Industrials,-0.0147966798871093,1.1e-4,-4.7010165698740144e-4,0.00863800136899719,-0.00369375148306466,1053.82186618055,6.960178707399112,1.0347039711938415,-0.0149066798871093,-5.801016569874014e-4
2023-02-16,Golden Ocean Group Ltd,BMG396372051,GOGL-US,Industrial Services,Industrials,0.00750884257762352,1.1e-4,0.00519826871407468,0.00499593875582843,-0.00851077529262977,1053.82186618055,6.960178707399112,1.0347039711938415,0.00739884257762352,0.00508826871407468
2023-02-17,Golden Ocean Group Ltd,BMG396372051,GOGL-US,Industrial Services,Industrials,0.0113877965318763,1.1e-4,-0.00829397212777519,0.01871366302977244,-0.01200013095325143,1053.82186618055,6.960178707399112,1.0347039711938415,0.0112777965318763,-0.00840397212777519
2023-02-20,Golden Ocean Group Ltd,BMG396372051,GOGL-US,Industrial Services,Industrials,0.00880285287432847,1.1e-4,0.00510919175116053,-0.00194342625685625,0.01258057680907268,1053.82186618055,6.960178707399112,1.0347039711938415,0.00869285287432847,0.00499919175116053
2023-02-21,Golden Ocean Group Ltd,BMG396372051,GOGL-US,Industrial Services,Industrials,0.0425114407138101,1.1e-4,-0.00646225726727435,0.00150524724479302,0.00149869367040187,1053.82186618055,6.960178707399112,1.0347039711938415,0.0424014407138101,-0.00657225726727435
2023-02-22,Golden Ocean Group Ltd,BMG396372051,GOGL-US,Industrial Services,Industrials,-0.0111918976740784,1.1e-4,-0.00443925696523719,-0.00204025654328381,0.00314006162500466,1053.82186618055,6.960178707399112,1.0347039711938415,-0.0113018976740784,-0.00454925696523718
2023-02-23,Golden Ocean Group Ltd,BMG396372051,GOGL-US,Industrial Services,Industrials,0.042814791699173,1.1e-4,0.01240509123116893,-0.00312860094390407,0.00968817921842191,1053.82186618055,6.960178707399112,1.0347039711938415,0.042704791699173,0.01229509123116892
2023-02-24,Golden Ocean Group Ltd,BMG396372051,GOGL-US,Industrial Services,Industrials,0.00660675038985481,1.1e-4,-0.00691995532657975,-3.680224918119514e-4,0.0160031908816536,1053.82186618055,6.960178707399112,1.0347039711938415,0.00649675038985481,-0.00702995532657975
2023-02-27,Golden Ocean Group Ltd,BMG396372051,GOGL-US,Industrial Services,Industrials,0.0104963555085773,1.1e-4,0.00810372873569703,-0.01130349800099419,0.00953254046009876,1053.82186618055,6.960178707399112,1.0347039711938415,0.0103863555085773,0.00799372873569703
2023-02-28,Golden Ocean Group Ltd,BMG396372051,GOGL-US,Industrial Services,Industrials,0.00756848520244557,1.1e-4,0.00344935707565866,-0.00653960255046141,0.01320890171027522,1053.82186618055,6.960178707399112,1.0347039711938415,0.00745848520244557,0.00333935707565866
2023-03-01,Golden Ocean Group Ltd,BMG396372051,GOGL-US,Industrial Services,Industrials,0.0272304825678411,1.1e-4,-3.999715491665547e-4,0.00744555423467995,0.00436408550975473,1053.82186618055,6.960178707399112,1.0347039711938415,0.0271204825678411,-5.099715491665547e-4
2023-03-02,Golden Ocean Group Ltd,BMG396372051,GOGL-US,Industrial Services,Industrials,-0.0146260734261942,1.1e-4,0.00814651374411293,-0.00681459254435223,0.00512323842018523,1053.82186618055,6.960178707399112,1.0347039711938415,-0.0147360734261942,0.00803651374411293
2023-03-03,Golden Ocean Group Ltd,BMG396372051,GOGL-US,Industrial Services,Industrials,0.0204084249123384,1.1e-4,0.00368866471580237,-0.00511741172544972,0.00576841911805928,1053.82186618055,6.960178707399112,1.0347039711938415,0.0202984249123384,0.00357866471580237
2023-03-06,Golden Ocean Group Ltd,BMG396372051,GOGL-US,Industrial Services,Industrials,-0.0368175497964585,1.1e-4,2.1029032250641697e-4,-0.00937386478018786,0.00152500407763345,1053.82186618055,6.960178707399112,1.0347039711938415,-0.0369275497964585,1.0029032250641696e-4
2023-03-07,Golden Ocean Group Ltd,BMG396372051,GOGL-US,Industrial Services,Industrials,4.7177810340848e-4,1.1e-4,-0.00869967291458477,0.00557674977740486,0.00701730588702353,1053.82186618055,6.960178707399112,1.0347039711938415,3.6177810340848e-4,-0.00880967291458477
2023-03-08,Golden Ocean Group Ltd,BMG396372051,GOGL-US,Industrial Services,Industrials,0.0165087933173831,1.1e-4,-2.5360278809416156e-4,-0.0020236755002627,0.01578156230478367,1053.82186618055,6.960178707399112,1.0347039711938415,0.0163987933173831,-3.636027880941616e-4
2023-03-09,Golden Ocean Group Ltd,BMG396372051,GOGL-US,Industrial Services,Industrials,-0.013457295799699,1.1e-4,-0.00983661820609191,-0.00186078598628539,-0.01182194337632089,1053.82186618055,6.960178707399112,1.0347039711938415,-0.013567295799699,-0.00994661820609191
2023-03-10,Golden Ocean Group Ltd,BMG396372051,GOGL-US,Industrial Services,Industrials,-0.0145813153737639,1.1e-4,-0.00881462353531032,0.01530112406839548,0.00326115018752819,1053.82186618055,6.960178707399112,1.0347039711938415,-0.0146913153737639,-0.00892462353531032
2023-03-13,Golden Ocean Group Ltd,BMG396372051,GOGL-US,Industrial Services,Industrials,-0.0291169692491732,1.1e-4,-0.02449795297077226,-0.00723239712026311,-0.01433350495178649,1053.82186618055,6.960178707399112,1.0347039711938415,-0.02922696924917319,-0.02460795297077226
2023-03-14,Golden Ocean Group Ltd,BMG396372051,GOGL-US,Industrial Services,Industrials,0.0555558072165812,1.1e-4,0.01203518038284543,-0.00746176072258153,0.00163387473193463,1053.82186618055,6.960178707399112,1.0347039711938415,0.0554458072165812,0.01192518038284543
2023-03-15,Golden Ocean Group Ltd,BMG396372051,GOGL-US,Industrial Services,Industrials,-0.0400556176032288,1.1e-4,-0.03648650864489468,7.929573752917078e-4,-0.01997023822643991,1053.82186618055,6.960178707399112,1.0347039711938415,-0.0401656176032288,-0.03659650864489468
2023-03-16,Golden Ocean Group Ltd,BMG396372051,GOGL-US,Industrial Services,Industrials,-0.00582289459331387,1.1e-4,-3.4756561707657325e-4,-0.00777814295457482,-0.00917433159422361,1053.82186618055,6.960178707399112,1.0347039711938415,-0.00593289459331387,-4.5756561707657327e-4
2023-03-17,Golden Ocean Group Ltd,BMG396372051,GOGL-US,Industrial Services,Industrials,-0.0280135441703184,1.1e-4,-0.00472562319842662,0.00799226850429741,0.00963001506750391,1053.82186618055,6.960178707399112,1.0347039711938415,-0.0281235441703184,-0.00483562319842662
2023-03-20,Golden Ocean Group Ltd,BMG396372051,GOGL-US,Industrial Services,Industrials,-0.00622589244924054,1.1e-4,0.01026447982003348,-0.00963388520760665,5.793783924558406e-4,1053.82186618055,6.960178707399112,1.0347039711938415,-0.00633589244924054,0.01015447982003348
2023-03-21,Golden Ocean Group Ltd,BMG396372051,GOGL-US,Industrial Services,Industrials,0.0012127108860005,1.1e-4,0.00710375128364585,-0.00610746384221902,-0.00322697519404567,1053.82186618055,6.960178707399112,1.0347039711938415,0.0011027108860005,0.00699375128364585
2023-03-22,Golden Ocean Group Ltd,BMG396372051,GOGL-US,Industrial Services,Industrials,-0.00645956985797547,1.1e-4,0.00223820911800238,-2.1915488764311577e-4,3.3504969155037645e-4,1053.82186618055,6.960178707399112,1.0347039711938415,-0.00656956985797547,0.00212820911800238
2023-03-23,Golden Ocean Group Ltd,BMG396372051,GOGL-US,Industrial Services,Industrials,0.00365735091264119,1.1e-4,-0.00276222185903825,0.00493547701687324,-0.00487767453058851,1053.82186618055,6.960178707399112,1.0347039711938415,0.00354735091264119,-0.00287222185903824
2023-03-24,Golden Ocean Group Ltd,BMG396372051,GOGL-US,Industrial Services,Industrials,-0.00607337240031103,1.2e-4,-0.02726037070218493,0.00405749124869172,-0.01283881851912697,1053.82186618055,6.960178707399112,1.0347039711938415,-0.00619337240031103,-0.02738037070218493
2023-03-27,Golden Ocean Group Ltd,BMG396372051,GOGL-US,Industrial Services,Industrials,-2.0290089639984e-4,1.2e-4,0.01388001943227633,-0.00664040196223432,-0.00957673515377377,1053.82186618055,6.960178707399112,1.0347039711938415,-3.2290089639984e-4,0.01376001943227633
2023-03-28,Golden Ocean Group Ltd,BMG396372051,GOGL-US,Industrial Services,Industrials,-0.0132416770288342,1.2e-4,0.0034998161635408,0.00377958084133998,0.01915731963064918,1053.82186618055,6.960178707399112,1.0347039711938415,-0.0133616770288342,0.0033798161635408
2023-03-29,Golden Ocean Group Ltd,BMG396372051,GOGL-US,Industrial Services,Industrials,0.0156900134574143,1.2e-4,0.00754068386551979,0.00530626672491232,9.238231639475958e-5,1053.82186618055,6.960178707399112,1.0347039711938415,0.0155700134574143,0.00742068386551978
2023-03-30,Golden Ocean Group Ltd,BMG396372051,GOGL-US,Industrial Services,Industrials,-0.00528459566698269,1.2e-4,0.0157521787395917,-0.01200922409092988,-0.00752849297512039,1053.82186618055,6.960178707399112,1.0347039711938415,-0.00540459566698269,0.0156321787395917
2023-03-31,Golden Ocean Group Ltd,BMG396372051,GOGL-US,Industrial Services,Industrials,0.00653876249477858,1.2e-4,0.00842921419069612,0.00270437458088486,-0.01880938552937121,1053.82186618055,6.960178707399112,1.0347039711938415,0.00641876249477858,0.00830921419069612
2023-04-03,Golden Ocean Group Ltd,BMG396372051,GOGL-US,Industrial Services,Industrials,-0.0371505192819368,1.2e-4,0.01273294513658365,0.00659255080440316,0.02093210363416642,1053.82186618055,6.960178707399112,1.0347039711938415,-0.0372705192819368,0.01261294513658365
2023-04-04,Golden Ocean Group Ltd,BMG396372051,GOGL-US,Industrial Services,Industrials,-0.00379416560531209,1.2e-4,-0.00730262232969912,-0.00103299836248264,-4.0313160712018565e-4,1053.82186618055,6.960178707399112,1.0347039711938415,-0.00391416560531209,-0.00742262232969912
2023-04-05,Golden Ocean Group Ltd,BMG396372051,GOGL-US,Industrial Services,Industrials,-0.0137573308243186,1.2e-4,-0.00515398647369055,0.00728192524817666,-0.00378432882229134,1053.82186618055,6.960178707399112,1.0347039711938415,-0.0138773308243186,-0.00527398647369055
2023-04-11,Golden Ocean Group Ltd,BMG396372051,GOGL-US,Industrial Services,Industrials,0.0281122562467562,1.2e-4,0.01388331227932444,-0.00244947460643672,0.00924352809718948,1053.82186618055,6.960178707399112,1.0347039711938415,0.0279922562467562,0.01376331227932444
2023-04-12,Golden Ocean Group Ltd,BMG396372051,GOGL-US,Industrial Services,Industrials,0.00417443438397358,1.2e-4,0.0041432586661361,0.00227906311017352,0.00335866834751934,1053.82186618055,6.960178707399112,1.0347039711938415,0.00405443438397357,0.00402325866613609
2023-04-13,Golden Ocean Group Ltd,BMG396372051,GOGL-US,Industrial Services,Industrials,0.0280605954692246,1.2e-4,-3.476230921488235e-4,0.00264052268900606,-0.00178856410382667,1053.82186618055,6.960178707399112,1.0347039711938415,0.0279405954692246,-4.676230921488235e-4
2023-04-14,Golden Ocean Group Ltd,BMG396372051,GOGL-US,Industrial Services,Industrials,-0.00262898991133842,1.2e-4,0.00855545529091602,-0.01282864333253374,3.454281109485955e-4,1053.82186618055,6.960178707399112,1.0347039711938415,-0.00274898991133842,0.00843545529091602
2023-04-17,Golden Ocean Group Ltd,BMG396372051,GOGL-US,Industrial Services,Industrials,0.00831166890607005,1.2e-4,-1.4486456439870415e-4,0.01108174867248762,0.00355938727618433,1053.82186618055,6.960178707399112,1.0347039711938415,0.00819166890607005,-2.6486456439870417e-4
2023-04-18,Golden Ocean Group Ltd,BMG396372051,GOGL-US,Industrial Services,Industrials,0.0142738556544915,1.2e-4,0.00107227592897764,5.039231626764833e-4,-0.00244741716319453,1053.82186618055,6.960178707399112,1.0347039711938415,0.01415385565449149,9.5227592897764e-4
2023-04-19,Golden Ocean Group Ltd,BMG396372051,GOGL-US,Industrial Services,Industrials,-0.0142715928755041,1.2e-4,-0.00467117974035076,-0.00446852445528536,-0.01317895118122504,1053.82186618055,6.960178707399112,1.0347039711938415,-0.0143915928755041,-0.00479117974035076
2023-04-20,Golden Ocean Group Ltd,BMG396372051,GOGL-US,Industrial Services,Industrials,0.0144782201388882,1.2e-4,-0.00403174369857705,0.00944377845936054,0.01372656473858114,1053.82186618055,6.960178707399112,1.0347039711938415,0.0143582201388882,-0.00415174369857705
2023-04-21,Golden Ocean Group Ltd,BMG396372051,GOGL-US,Industrial Services,Industrials,-0.0352823271040413,1.2e-4,-0.00255374747587889,-0.00420213815194709,0.00260159444549476,1053.82186618055,6.960178707399112,1.0347039711938415,-0.0354023271040413,-0.00267374747587889
2023-04-24,Golden Ocean Group Ltd,BMG396372051,GOGL-US,Industrial Services,Industrials,0.0147935435168951,1.2e-4,0.00657764320307969,-0.00970760019391234,0.00692574530865143,1053.82186618055,6.960178707399112,1.0347039711938415,0.0146735435168951,0.00645764320307969
2023-04-25,Golden Ocean Group Ltd,BMG396372051,GOGL-US,Industrial Services,Industrials,-0.0147795944589346,1.2e-4,-0.01232577822728497,-3.952109255916589e-4,0.001826213152233,1053.82186618055,6.960178707399112,1.0347039711938415,-0.0148995944589346,-0.01244577822728497
2023-04-26,Golden Ocean Group Ltd,BMG396372051,GOGL-US,Industrial Services,Industrials,-0.0162356374549849,1.2e-4,0.00172990702329889,0.00689759902815856,-0.01872433103063703,1053.82186618055,6.960178707399112,1.0347039711938415,-0.0163556374549849,0.00160990702329889
2023-04-27,Golden Ocean Group Ltd,BMG396372051,GOGL-US,Industrial Services,Industrials,0.0179651955913454,1.2e-4,0.00362157948973583,0.00158596194794845,-0.02836667600948672,1053.82186618055,6.960178707399112,1.0347039711938415,0.0178451955913454,0.00350157948973583
2023-04-28,Golden Ocean Group Ltd,BMG396372051,GOGL-US,Industrial Services,Industrials,0.00615687868703674,1.2e-4,0.01285999028363674,0.00191858216586803,-0.0066462202318608,1053.82186618055,6.960178707399112,1.0347039711938415,0.00603687868703674,0.01273999028363674
2023-05-02,Golden Ocean Group Ltd,BMG396372051,GOGL-US,Industrial Services,Industrials,-0.056496339048505,1.2e-4,-0.01375646787088535,0.01475260226875471,-0.00452088515436679,1053.82186618055,6.960178707399112,1.0347039711938415,-0.056616339048505,-0.01387646787088535
2023-05-03,Golden Ocean Group Ltd,BMG396372051,GOGL-US,Industrial Services,Industrials,-6.485617117049e-4,1.2e-4,-0.00348002533480249,-0.00994381912474749,-0.01359667883200269,1053.82186618055,6.960178707399112,1.0347039711938415,-7.685617117048999e-4,-0.00360002533480248
2023-05-04,Golden Ocean Group Ltd,BMG396372051,GOGL-US,Industrial Services,Industrials,-0.042829115776755,1.2e-4,-0.01032687614894798,0.016965932543366,-0.01024216171953402,1053.82186618055,6.960178707399112,1.0347039711938415,-0.042949115776755,-0.01044687614894798
2023-05-05,Golden Ocean Group Ltd,BMG396372051,GOGL-US,Industrial Services,Industrials,0.0264402429946435,1.3e-4,0.01328478207113394,0.00501507216112827,7.637061283265641e-4,1053.82186618055,6.960178707399112,1.0347039711938415,0.02631024299464349,0.01315478207113394
2023-05-08,Golden Ocean Group Ltd,BMG396372051,GOGL-US,Industrial Services,Industrials,-0.00572439963536264,1.3e-4,0.00790285792689883,-0.00410322384474236,0.00623864999248921,1053.82186618055,6.960178707399112,1.0347039711938415,-0.00585439963536264,0.00777285792689883
2023-05-09,Golden Ocean Group Ltd,BMG396372051,GOGL-US,Industrial Services,Industrials,0.0166077116705388,1.3e-4,-0.00828667173539464,0.00397186438481491,-0.00961630489731901,1053.82186618055,6.960178707399112,1.0347039711938415,0.01647771167053879,-0.00841667173539464
2023-05-10,Golden Ocean Group Ltd,BMG396372051,GOGL-US,Industrial Services,Industrials,-0.00849432666280336,1.3e-4,9.254068361704384e-4,0.00715478339457079,0.00484151914692387,1053.82186618055,6.960178707399112,1.0347039711938415,-0.00862432666280336,7.954068361704384e-4
2023-05-11,Golden Ocean Group Ltd,BMG396372051,GOGL-US,Industrial Services,Industrials,0.00439361085739298,1.3e-4,-0.0056981480460079,0.00234981489046507,-0.00121723025396079,1053.82186618055,6.960178707399112,1.0347039711938415,0.00426361085739298,-0.0058281480460079
2023-05-12,Golden Ocean Group Ltd,BMG396372051,GOGL-US,Industrial Services,Industrials,0.0120298914652133,1.3e-4,0.0098052037062374,1.3253688769093198e-4,-3.84622130321238e-4,1053.82186618055,6.960178707399112,1.0347039711938415,0.0118998914652133,0.0096752037062374
2023-05-15,Golden Ocean Group Ltd,BMG396372051,GOGL-US,Industrial Services,Industrials,-0.0200998145589866,1.3e-4,0.00196517674578337,-3.9309217661757326e-4,-0.00423077628538561,1053.82186618055,6.960178707399112,1.0347039711938415,-0.0202298145589866,0.00183517674578337
2023-05-16,Golden Ocean Group Ltd,BMG396372051,GOGL-US,Industrial Services,Industrials,0.0178652170599742,1.3e-4,-0.00604475600902626,0.00228914408742009,-0.00593385564506357,1053.82186618055,6.960178707399112,1.0347039711938415,0.01773521705997419,-0.00617475600902626
2023-05-19,Golden Ocean Group Ltd,BMG396372051,GOGL-US,Industrial Services,Industrials,-0.0199349643002423,1.3e-4,0.01146041150414886,-0.00412242724395724,-0.00882257948033966,1053.82186618055,6.960178707399112,1.0347039711938415,-0.0200649643002423,0.01133041150414886
2023-05-22,Golden Ocean Group Ltd,BMG396372051,GOGL-US,Industrial Services,Industrials,-0.0305106756808372,1.3e-4,-0.00412741309457327,0.00662548359816087,-0.00533185801560355,1053.82186618055,6.960178707399112,1.0347039711938415,-0.0306406756808372,-0.00425741309457327
2023-05-23,Golden Ocean Group Ltd,BMG396372051,GOGL-US,Industrial Services,Industrials,-0.00250831947847974,1.3e-4,0.00580603904590748,0.01485501064612485,-0.00942203188379558,1053.82186618055,6.960178707399112,1.0347039711938415,-0.00263831947847974,0.00567603904590748
2023-05-24,Golden Ocean Group Ltd,BMG396372051,GOGL-US,Industrial Services,Industrials,-0.0322359378373682,1.3e-4,-0.0051752808522286,-0.00457886280812781,0.00486383374920408,1053.82186618055,6.960178707399112,1.0347039711938415,-0.0323659378373682,-0.0053052808522286
2023-05-25,Golden Ocean Group Ltd,BMG396372051,GOGL-US,Industrial Services,Industrials,-0.0112438118222593,1.3e-4,-0.00155614078753921,-0.01615380894906493,-0.02042830880575312,1053.82186618055,6.960178707399112,1.0347039711938415,-0.0113738118222593,-0.0016861407875392
2023-05-26,Golden Ocean Group Ltd,BMG396372051,GOGL-US,Industrial Services,Industrials,7.2646620969019e-4,1.3e-4,-0.00275315019773029,0.00211932002384399,0.01080573681105912,1053.82186618055,6.960178707399112,1.0347039711938415,5.964662096901899e-4,-0.00288315019773028
2023-05-30,Golden Ocean Group Ltd,BMG396372051,GOGL-US,Industrial Services,Industrials,0.0026617757453935,1.3e-4,-0.00556898407089037,-0.00447460027632221,-0.0046748876907275,1053.82186618055,6.960178707399112,1.0347039711938415,0.0025317757453935,-0.00569898407089037
2023-05-31,Golden Ocean Group Ltd,BMG396372051,GOGL-US,Industrial Services,Industrials,-0.0455976524469677,1.3e-4,-0.00861934943329774,0.00263929516018178,-0.0133548627524802,1053.82186618055,6.960178707399112,1.0347039711938415,-0.0457276524469677,-0.00874934943329774
2023-06-01,Golden Ocean Group Ltd,BMG396372051,GOGL-US,Industrial Services,Industrials,-0.00480304360382,1.3e-4,7.521863806688025e-4,0.00701090202082294,0.00886862349743518,1053.82186618055,6.960178707399112,1.0347039711938415,-0.00493304360382,6.221863806688025e-4
2023-06-02,Golden Ocean Group Ltd,BMG396372051,GOGL-US,Industrial Services,Industrials,0.0408951397049695,1.3e-4,0.02049740190933907,-0.00661590036248029,0.01469593537462442,1053.82186618055,6.960178707399112,1.0347039711938415,0.0407651397049695,0.02036740190933907
2023-06-05,Golden Ocean Group Ltd,BMG396372051,GOGL-US,Industrial Services,Industrials,0.0185450505616498,1.3e-4,0.0034313035645408,0.00261119219733455,3.275697392201623e-4,1053.82186618055,6.960178707399112,1.0347039711938415,0.0184150505616498,0.0033013035645408
2023-06-06,Golden Ocean Group Ltd,BMG396372051,GOGL-US,Industrial Services,Industrials,0.00934403817139007,1.3e-4,-0.01113457597819718,0.00659444753600635,-0.00748107583421412,1053.82186618055,6.960178707399112,1.0347039711938415,0.00921403817139007,-0.01126457597819718
2023-06-07,Golden Ocean Group Ltd,BMG396372051,GOGL-US,Industrial Services,Industrials,-0.00474748864730978,1.3e-4,0.01139016388612962,0.0053647044183218,0.00260531149945239,1053.82186618055,6.960178707399112,1.0347039711938415,-0.00487748864730978,0.01126016388612962
2023-06-08,Golden Ocean Group Ltd,BMG396372051,GOGL-US,Industrial Services,Industrials,-0.00286289420711261,1.3e-4,0.00230887570289316,-0.00719906196944616,0.01255285969346137,1053.82186618055,6.960178707399112,1.0347039711938415,-0.00299289420711261,0.00217887570289316
2023-06-09,Golden Ocean Group Ltd,BMG396372051,GOGL-US,Industrial Services,Industrials,-0.00478247097959084,1.3e-4,0.00339112459734423,0.00472221607755461,-0.00792176796644132,1053.82186618055,6.960178707399112,1.0347039711938415,-0.00491247097959084,0.00326112459734423
2023-06-12,Golden Ocean Group Ltd,BMG396372051,GOGL-US,Industrial Services,Industrials,-0.0182656385529002,1.3e-4,-0.00502249200622419,0.00270594756011811,-0.02277717500922393,1053.82186618055,6.960178707399112,1.0347039711938415,-0.0183956385529002,-0.00515249200622419
2023-06-13,Golden Ocean Group Ltd,BMG396372051,GOGL-US,Industrial Services,Industrials,0.0149336383229466,1.3e-4,0.01585159785345686,0.00556593259411064,0.00564550993976611,1053.82186618055,6.960178707399112,1.0347039711938415,0.0148036383229466,0.01572159785345685
2023-06-14,Golden Ocean Group Ltd,BMG396372051,GOGL-US,Industrial Services,Industrials,-0.00820074412636429,1.3e-4,-0.00517630458977658,0.01398365314727847,-0.01947243779153089,1053.82186618055,6.960178707399112,1.0347039711938415,-0.00833074412636429,-0.00530630458977657
2023-06-15,Golden Ocean Group Ltd,BMG396372051,GOGL-US,Industrial Services,Industrials,-0.00291928831289467,1.3e-4,-0.00217087197402772,-8.220461178100203e-4,3.202542300646668e-4,1053.82186618055,6.960178707399112,1.0347039711938415,-0.00304928831289467,-0.00230087197402772
2023-06-16,Golden Ocean Group Ltd,BMG396372051,GOGL-US,Industrial Services,Industrials,0.0107326242943806,1.3e-4,0.00730782569174126,-0.01355189260219966,0.00325880323885288,1053.82186618055,6.960178707399112,1.0347039711938415,0.0106026242943806,0.00717782569174126
2023-06-19,Golden Ocean Group Ltd,BMG396372051,GOGL-US,Industrial Services,Industrials,-0.0149624053962865,1.3e-4,-0.01184670669352226,0.00156232423970024,0.00453933764854099,1053.82186618055,6.960178707399112,1.0347039711938415,-0.0150924053962865,-0.01197670669352226
2023-06-20,Golden Ocean Group Ltd,BMG396372051,GOGL-US,Industrial Services,Industrials,0.0117602010624003,1.3e-4,0.00184372414755189,-0.0013083455148426,-0.00115636177839926,1053.82186618055,6.960178707399112,1.0347039711938415,0.0116302010624003,0.00171372414755189
2023-06-21,Golden Ocean Group Ltd,BMG396372051,GOGL-US,Industrial Services,Industrials,0.0104110614603561,1.3e-4,-0.00592614354819134,0.01336644148014677,0.01034141777682013,1053.82186618055,6.960178707399112,1.0347039711938415,0.0102810614603561,-0.00605614354819133
2023-06-22,Golden Ocean Group Ltd,BMG396372051,GOGL-US,Industrial Services,Industrials,0.00646966205209498,1.3e-4,-0.01541687714149674,-0.00528834974973993,0.01172252750182507,1053.82186618055,6.960178707399112,1.0347039711938415,0.00633966205209498,-0.01554687714149674
2023-06-23,Golden Ocean Group Ltd,BMG396372051,GOGL-US,Industrial Services,Industrials,-0.00714260581964044,1.5e-4,-0.01217140341650608,0.0026685269226848,0.00193429990387165,1053.82186618055,6.960178707399112,1.0347039711938415,-0.00729260581964044,-0.01232140341650608
2023-06-26,Golden Ocean Group Ltd,BMG396372051,GOGL-US,Industrial Services,Industrials,-0.0235010931374954,1.5e-4,0.00369373948321661,-0.01488209390767639,0.00807081647405268,1053.82186618055,6.960178707399112,1.0347039711938415,-0.0236510931374954,0.00354373948321661
2023-06-27,Golden Ocean Group Ltd,BMG396372051,GOGL-US,Industrial Services,Industrials,-0.0115420155047415,1.5e-4,-0.00703127764080037,0.00452979958514885,0.00882359536233317,1053.82186618055,6.960178707399112,1.0347039711938415,-0.0116920155047415,-0.00718127764080037
2023-06-28,Golden Ocean Group Ltd,BMG396372051,GOGL-US,Industrial Services,Industrials,-0.0079502144298510009,1.5e-4,0.01084708922441747,-0.00951248372443438,-0.01256189817502302,1053.82186618055,6.960178707399112,1.0347039711938415,-0.008100214429851,0.01069708922441746
2023-06-29,Golden Ocean Group Ltd,BMG396372051,GOGL-US,Industrial Services,Industrials,0.00150172164201501,1.5e-4,0.00924174001566859,-0.0054647194353395,5.193911307096663e-4,1053.82186618055,6.960178707399112,1.0347039711938415,0.00135172164201501,0.00909174001566858
2023-06-30,Golden Ocean Group Ltd,BMG396372051,GOGL-US,Industrial Services,Industrials,0.0102532469562895,1.584e-4,0.00288377784717319,-0.00889235562109604,0.01363490723200954,1053.82186618055,6.960178707399112,1.0347039711938415,0.0100948469562895,0.00272537784717319
2023-07-03,Golden Ocean Group Ltd,BMG396372051,GOGL-US,Industrial Services,Industrials,0.00767308763695906,1.5e-4,0.00888689297278503,0.00441288437348789,0.00417221661641325,1053.82186618055,6.960178707399112,1.0347039711938415,0.00752308763695906,0.00873689297278503
2023-07-04,Golden Ocean Group Ltd,BMG396372051,GOGL-US,Industrial Services,Industrials,-0.0213710296684118,1.5e-4,0.00307948400307955,6.215707281494397e-4,-1.7567313464333847e-4,1053.82186618055,6.960178707399112,1.0347039711938415,-0.0215210296684118,0.00292948400307955
2023-07-05,Golden Ocean Group Ltd,BMG396372051,GOGL-US,Industrial Services,Industrials,-0.0165662543173982,1.5e-4,-0.00977057763590247,0.00227960207243059,0.00272071629303763,1053.82186618055,6.960178707399112,1.0347039711938415,-0.0167162543173982,-0.00992057763590247
2023-07-06,Golden Ocean Group Ltd,BMG396372051,GOGL-US,Industrial Services,Industrials,0.00944393912358521,1.5e-4,-0.01452030055331455,0.0068764374853102,0.00501394904169414,1053.82186618055,6.960178707399112,1.0347039711938415,0.0092939391235852,-0.01467030055331455
2023-07-07,Golden Ocean Group Ltd,BMG396372051,GOGL-US,Industrial Services,Industrials,0.00429839575420243,1.5e-4,-6.986848517128778e-4,0.00709643833512218,0.00896843684908065,1053.82186618055,6.960178707399112,1.0347039711938415,0.00414839575420243,-8.486848517128778e-4
2023-07-10,Golden Ocean Group Ltd,BMG396372051,GOGL-US,Industrial Services,Industrials,0.00579109142111389,1.5e-4,0.00283650704279443,-0.00843742874930519,-1.1423996152435572e-4,1053.82186618055,6.960178707399112,1.0347039711938415,0.00564109142111389,0.00268650704279443
2023-07-11,Golden Ocean Group Ltd,BMG396372051,GOGL-US,Industrial Services,Industrials,0.00725871736102524,1.5e-4,0.00434807188474038,-0.00242343524101618,9.429119378303684e-5,1053.82186618055,6.960178707399112,1.0347039711938415,0.00710871736102524,0.00419807188474038
2023-07-12,Golden Ocean Group Ltd,BMG396372051,GOGL-US,Industrial Services,Industrials,0.00397609540369004,1.5e-4,0.00879486936874208,-0.00744594623236409,-0.0072969223213198604,1053.82186618055,6.960178707399112,1.0347039711938415,0.00382609540369004,0.00864486936874208
2023-07-13,Golden Ocean Group Ltd,BMG396372051,GOGL-US,Industrial Services,Industrials,-0.0309399602698947,1.5e-4,-0.00315506050003796,-0.00446149142131211,-0.00708701916047468,1053.82186618055,6.960178707399112,1.0347039711938415,-0.0310899602698947,-0.00330506050003796
2023-07-14,Golden Ocean Group Ltd,BMG396372051,GOGL-US,Industrial Services,Industrials,-0.0125173489120273,1.5e-4,-0.01052152766481917,-0.00146066673898272,-0.01191455679610378,1053.82186618055,6.960178707399112,1.0347039711938415,-0.0126673489120273,-0.01067152766481917
2023-07-17,Golden Ocean Group Ltd,BMG396372051,GOGL-US,Industrial Services,Industrials,-0.0359536124155005,1.5e-4,-0.0124236351291866,0.01270288235343446,-0.00465179898285016,1053.82186618055,6.960178707399112,1.0347039711938415,-0.03610361241550049,-0.0125736351291866
2023-07-18,Golden Ocean Group Ltd,BMG396372051,GOGL-US,Industrial Services,Industrials,0.0155613540391049,1.5e-4,0.01158570033245922,-0.00763106407032592,0.00541394508317677,1053.82186618055,6.960178707399112,1.0347039711938415,0.01541135403910489,0.01143570033245922
2023-07-19,Golden Ocean Group Ltd,BMG396372051,GOGL-US,Industrial Services,Industrials,-0.026155862994815,1.5e-4,0.0049700190152364,0.00328571411543336,-0.00670878260830494,1053.82186618055,6.960178707399112,1.0347039711938415,-0.026305862994815,0.0048200190152364
2023-07-20,Golden Ocean Group Ltd,BMG396372051,GOGL-US,Industrial Services,Industrials,-0.00623888804079464,1.5e-4,0.0142311224947593,-0.00723917224843857,0.01080377682090643,1053.82186618055,6.960178707399112,1.0347039711938415,-0.00638888804079464,0.0140811224947593
2023-07-21,Golden Ocean Group Ltd,BMG396372051,GOGL-US,Industrial Services,Industrials,-0.0174718022800238,1.5e-4,0.00628073845406474,-0.00520438289559327,-0.00258959281237839,1053.82186618055,6.960178707399112,1.0347039711938415,-0.0176218022800238,0.00613073845406474
2023-07-24,Golden Ocean Group Ltd,BMG396372051,GOGL-US,Industrial Services,Industrials,0.00722354617052567,1.5e-4,0.0052555878222161,0.00776216521863068,-0.00292398155723591,1053.82186618055,6.960178707399112,1.0347039711938415,0.00707354617052567,0.0051055878222161
2023-07-25,Golden Ocean Group Ltd,BMG396372051,GOGL-US,Industrial Services,Industrials,0.0394477101073878,1.5e-4,0.00618920671756506,-0.00617037388640128,0.00751389732908158,1053.82186618055,6.960178707399112,1.0347039711938415,0.0392977101073878,0.00603920671756506
2023-07-26,Golden Ocean Group Ltd,BMG396372051,GOGL-US,Industrial Services,Industrials,0.0127387093854647,1.5e-4,-0.01239229845001228,0.00901013548668885,0.00138030040158993,1053.82186618055,6.960178707399112,1.0347039711938415,0.01258870938546469,-0.01254229845001228
2023-07-27,Golden Ocean Group Ltd,BMG396372051,GOGL-US,Industrial Services,Industrials,0.00235930203981316,1.5e-4,0.00643367611449857,-3.4358872365290033e-4,-0.00250977359629243,1053.82186618055,6.960178707399112,1.0347039711938415,0.00220930203981316,0.00628367611449857
2023-07-28,Golden Ocean Group Ltd,BMG396372051,GOGL-US,Industrial Services,Industrials,0.0198686715138441,1.5e-4,-0.00503059089660932,0.00246514038494883,-0.00258377425496425,1053.82186618055,6.960178707399112,1.0347039711938415,0.0197186715138441,-0.00518059089660932
2023-07-31,Golden Ocean Group Ltd,BMG396372051,GOGL-US,Industrial Services,Industrials,0.0166622956552147,1.5e-4,0.00714363823141239,-0.00247830094887491,0.00723732326606594,1053.82186618055,6.960178707399112,1.0347039711938415,0.01651229565521469,0.00699363823141239
2023-08-01,Golden Ocean Group Ltd,BMG396372051,GOGL-US,Industrial Services,Industrials,-0.00453727270642734,1.5e-4,0.00179836279251698,0.00339653342950877,0.00586975876075411,1053.82186618055,6.960178707399112,1.0347039711938415,-0.00468727270642734,0.00164836279251698
2023-08-02,Golden Ocean Group Ltd,BMG396372051,GOGL-US,Industrial Services,Industrials,-0.0283698766214135,1.5e-4,-0.01174944964281156,0.00466572067810779,-0.00423297523032449,1053.82186618055,6.960178707399112,1.0347039711938415,-0.0285198766214135,-0.01189944964281156
2023-08-03,Golden Ocean Group Ltd,BMG396372051,GOGL-US,Industrial Services,Industrials,0.0112104832687316,1.5e-4,0.00132827479388188,0.00204622455273046,0.00649775530122197,1053.82186618055,6.960178707399112,1.0347039711938415,0.01106048326873159,0.00117827479388188
2023-08-04,Golden Ocean Group Ltd,BMG396372051,GOGL-US,Industrial Services,Industrials,0.00180374228903823,1.5e-4,0.0074539538044456,0.00252799950785175,0.01302952429868204,1053.82186618055,6.960178707399112,1.0347039711938415,0.00165374228903823,0.0073039538044456
2023-08-07,Golden Ocean Group Ltd,BMG396372051,GOGL-US,Industrial Services,Industrials,-0.00411729688855211,1.5e-4,-0.00773771956495713,-0.00335219201728317,0.00685930566039187,1053.82186618055,6.960178707399112,1.0347039711938415,-0.00426729688855211,-0.00788771956495713
2023-08-08,Golden Ocean Group Ltd,BMG396372051,GOGL-US,Industrial Services,Industrials,-0.00413431910775075,1.5e-4,-0.00626118811490477,0.00158029305797292,3.463269850320985e-4,1053.82186618055,6.960178707399112,1.0347039711938415,-0.00428431910775075,-0.00641118811490477
2023-08-09,Golden Ocean Group Ltd,BMG396372051,GOGL-US,Industrial Services,Industrials,0.0220552125072446,1.5e-4,0.02439807024970392,-0.00402410865744126,0.01214703296941638,1053.82186618055,6.960178707399112,1.0347039711938415,0.0219052125072446,0.02424807024970392
2023-08-10,Golden Ocean Group Ltd,BMG396372051,GOGL-US,Industrial Services,Industrials,0,1.5e-4,4.86171592153606e-4,-0.00600145080075126,-6.198881092704706e-4,1053.82186618055,6.960178707399112,1.0347039711938415,-1.5e-4,3.36171592153606e-4
2023-08-11,Golden Ocean Group Ltd,BMG396372051,GOGL-US,Industrial Services,Industrials,0.0205634420642227,1.5e-4,0.00488995574691849,-0.00473476894760528,-0.0022958314711952,1053.82186618055,6.960178707399112,1.0347039711938415,0.0204134420642227,0.00473995574691849
2023-08-14,Golden Ocean Group Ltd,BMG396372051,GOGL-US,Industrial Services,Industrials,-0.0159202123072008,1.5e-4,-0.00661954776380881,6.105768523520531e-4,0.01167742258900963,1053.82186618055,6.960178707399112,1.0347039711938415,-0.0160702123072008,-0.00676954776380881
2023-08-15,Golden Ocean Group Ltd,BMG396372051,GOGL-US,Industrial Services,Industrials,0.00177007170801868,1.5e-4,-0.00335373175614479,0.0030720140601155,0.00382602531152664,1053.82186618055,6.960178707399112,1.0347039711938415,0.00162007170801868,-0.00350373175614479
2023-08-16,Golden Ocean Group Ltd,BMG396372051,GOGL-US,Industrial Services,Industrials,0.024223770848004,1.5e-4,0.00304726701071652,-0.00859478232869048,0.0040246997091626,1053.82186618055,6.960178707399112,1.0347039711938415,0.02407377084800399,0.00289726701071652
2023-08-17,Golden Ocean Group Ltd,BMG396372051,GOGL-US,Industrial Services,Industrials,-0.0187246460422971,1.5e-4,4.707853601848351e-4,0.00568609652680899,0.00445965975954259,1053.82186618055,6.960178707399112,1.0347039711938415,-0.0188746460422971,3.2078536018483516e-4
2023-08-18,Golden Ocean Group Ltd,BMG396372051,GOGL-US,Industrial Services,Industrials,-0.0072805939777415,1.6e-4,-0.01379029191807897,0.00405143523387466,7.425024557886038e-4,1053.82186618055,6.960178707399112,1.0347039711938415,-0.0074405939777415,-0.01395029191807897
2023-08-21,Golden Ocean Group Ltd,BMG396372051,GOGL-US,Industrial Services,Industrials,-0.0136574356910295,1.6e-4,0.00227036166320118,0.00913685358226943,0.00817786699542463,1053.82186618055,6.960178707399112,1.0347039711938415,-0.0138174356910295,0.00211036166320118
2023-08-22,Golden Ocean Group Ltd,BMG396372051,GOGL-US,Industrial Services,Industrials,-0.00871803242373548,1.6e-4,-0.00403484657534436,0.01544442335768464,0.00469246837687538,1053.82186618055,6.960178707399112,1.0347039711938415,-0.00887803242373548,-0.00419484657534436
2023-08-23,Golden Ocean Group Ltd,BMG396372051,GOGL-US,Industrial Services,Industrials,-0.0219852921718009,1.6e-4,-0.00531098738219709,-0.01505952258058484,0.00358684729277831,1053.82186618055,6.960178707399112,1.0347039711938415,-0.0221452921718009,-0.00547098738219709
2023-08-24,Golden Ocean Group Ltd,BMG396372051,GOGL-US,Industrial Services,Industrials,0.00661126711443272,1.6e-4,-0.00200119258523456,-0.00181419753198294,0.02217153750004472,1053.82186618055,6.960178707399112,1.0347039711938415,0.00645126711443271,-0.00216119258523456
2023-08-25,Golden Ocean Group Ltd,BMG396372051,GOGL-US,Industrial Services,Industrials,-0.0225961954882277,1.6e-4,0.00258377232593586,-0.00531625868314957,9.696323019457372e-4,1053.82186618055,6.960178707399112,1.0347039711938415,-0.0227561954882277,0.00242377232593586
2023-08-28,Golden Ocean Group Ltd,BMG396372051,GOGL-US,Industrial Services,Industrials,0.00537666445121809,1.6e-4,0.01143286936755597,-0.00872291674958743,-0.00837741440940314,1053.82186618055,6.960178707399112,1.0347039711938415,0.00521666445121809,0.01127286936755597
2023-08-29,Golden Ocean Group Ltd,BMG396372051,GOGL-US,Industrial Services,Industrials,0.0259356183910979,1.6e-4,0.00154871342249603,0.00845275161661247,-0.00717346269026482,1053.82186618055,6.960178707399112,1.0347039711938415,0.0257756183910979,0.00138871342249603
2023-08-30,Golden Ocean Group Ltd,BMG396372051,GOGL-US,Industrial Services,Industrials,-0.00547342537180784,1.6e-4,0.0034537696449663,-0.0056503889190416,-0.00181748482874511,1053.82186618055,6.960178707399112,1.0347039711938415,-0.00563342537180784,0.0032937696449663
2023-08-31,Golden Ocean Group Ltd,BMG396372051,GOGL-US,Industrial Services,Industrials,0.0267298197010657,1.6e-4,0.00371480590188231,9.410802264602668e-4,-0.00375540532475967,1053.82186618055,6.960178707399112,1.0347039711938415,0.0265698197010657,0.00355480590188231
2023-09-01,Golden Ocean Group Ltd,BMG396372051,GOGL-US,Industrial Services,Industrials,-0.0109744085207252,1.6e-4,0.00790807584610302,-0.00795115504325052,0.01545289716388999,1053.82186618055,6.960178707399112,1.0347039711938415,-0.0111344085207252,0.00774807584610301
2023-09-04,Golden Ocean Group Ltd,BMG396372051,GOGL-US,Industrial Services,Industrials,0.0513548636922347,1.6e-4,0.00149362391433239,0.01160804034982703,0.00406930972505723,1053.82186618055,6.960178707399112,1.0347039711938415,0.0511948636922347,0.00133362391433239
2023-09-05,Golden Ocean Group Ltd,BMG396372051,GOGL-US,Industrial Services,Industrials,-0.0277366213806786,1.6e-4,0.00438055155105568,-0.00255494885741249,0.00386733985772285,1053.82186618055,6.960178707399112,1.0347039711938415,-0.0278966213806786,0.00422055155105568
2023-09-06,Golden Ocean Group Ltd,BMG396372051,GOGL-US,Industrial Services,Industrials,0.016409885535452,1.6e-4,-0.00292483996405794,0.0023536747398873,0.00281053910054527,1053.82186618055,6.960178707399112,1.0347039711938415,0.016249885535452,-0.00308483996405794
2023-09-07,Golden Ocean Group Ltd,BMG396372051,GOGL-US,Industrial Services,Industrials,-0.00372564881206994,1.6e-4,-0.00777759031596438,0.02476002718264124,-0.00508305223458389,1053.82186618055,6.960178707399112,1.0347039711938415,-0.00388564881206994,-0.00793759031596438
2023-09-08,Golden Ocean Group Ltd,BMG396372051,GOGL-US,Industrial Services,Industrials,-0.0128157530034263,1.6e-4,0.00355426674661014,-0.00956538716937676,0.00979079683339765,1053.82186618055,6.960178707399112,1.0347039711938415,-0.0129757530034263,0.00339426674661014
2023-09-11,Golden Ocean Group Ltd,BMG396372051,GOGL-US,Industrial Services,Industrials,0.0171520849781093,1.6e-4,0.00647189611160958,-2.6936888999532383e-4,0.00669066663570881,1053.82186618055,6.960178707399112,1.0347039711938415,0.0169920849781093,0.00631189611160957
2023-09-12,Golden Ocean Group Ltd,BMG396372051,GOGL-US,Industrial Services,Industrials,-0.00453006566478353,1.6e-4,0.00161299474483779,-0.00192992699736991,-0.00250394159222459,1053.82186618055,6.960178707399112,1.0347039711938415,-0.00469006566478353,0.00145299474483779
2023-09-13,Golden Ocean Group Ltd,BMG396372051,GOGL-US,Industrial Services,Industrials,0.00632133475288121,1.6e-4,-0.00145357934588901,0.00351435148741226,-0.00394592206664435,1053.82186618055,6.960178707399112,1.0347039711938415,0.00616133475288121,-0.00161357934588901
2023-09-14,Golden Ocean Group Ltd,BMG396372051,GOGL-US,Industrial Services,Industrials,0.032663330741229,1.6e-4,0.01901901260928328,-0.01396056368074915,0.00693305210037266,1053.82186618055,6.960178707399112,1.0347039711938415,0.032503330741229,0.01885901260928327
2023-09-15,Golden Ocean Group Ltd,BMG396372051,GOGL-US,Industrial Services,Industrials,0.00900231094328507,1.6e-4,0.00308517925178758,-0.00665228667204986,-0.00225255668936903,1053.82186618055,6.960178707399112,1.0347039711938415,0.00884231094328506,0.00292517925178758
2023-09-18,Golden Ocean Group Ltd,BMG396372051,GOGL-US,Industrial Services,Industrials,-0.0132633346538081,1.6e-4,-0.00201153847306351,-0.0066555382436694404,0.02754469054470264,1053.82186618055,6.960178707399112,1.0347039711938415,-0.0134233346538081,-0.00217153847306351
2023-09-19,Golden Ocean Group Ltd,BMG396372051,GOGL-US,Industrial Services,Industrials,0.0166177278600428,1.6e-4,4.895808935961223e-4,0.00578467719319982,0.00682647705091904,1053.82186618055,6.960178707399112,1.0347039711938415,0.0164577278600428,3.2958089359612234e-4
2023-09-20,Golden Ocean Group Ltd,BMG396372051,GOGL-US,Industrial Services,Industrials,-0.0180281447157561,1.6e-4,0.0063908123982749,0.01988236751536197,-0.02899212166939229,1053.82186618055,6.960178707399112,1.0347039711938415,-0.0181881447157561,0.0062308123982749
2023-09-21,Golden Ocean Group Ltd,BMG396372051,GOGL-US,Industrial Services,Industrials,-0.00881309405346054,1.6e-4,-0.00935225325309302,0.00680328456001207,5.024760987605717e-4,1053.82186618055,6.960178707399112,1.0347039711938415,-0.00897309405346054,-0.00951225325309302
2023-09-22,Golden Ocean Group Ltd,BMG396372051,GOGL-US,Industrial Services,Industrials,0.0167942017907539,1.7e-4,-0.00224197306564066,-0.00639515778976587,0.00547608390646109,1053.82186618055,6.960178707399112,1.0347039711938415,0.0166242017907539,-0.00241197306564066
2023-09-25,Golden Ocean Group Ltd,BMG396372051,GOGL-US,Industrial Services,Industrials,-0.0123876112992011,1.7e-4,-0.01203403609554007,0.01032838119034819,0.0113982151206959,1053.82186618055,6.960178707399112,1.0347039711938415,-0.0125576112992011,-0.01220403609554007
2023-09-26,Golden Ocean Group Ltd,BMG396372051,GOGL-US,Industrial Services,Industrials,0.0285292325003517,1.7e-4,-0.00483978155516846,-2.1966475896802867e-4,0.02234071533630162,1053.82186618055,6.960178707399112,1.0347039711938415,0.0283592325003517,-0.00500978155516846
2023-09-27,Golden Ocean Group Ltd,BMG396372051,GOGL-US,Industrial Services,Industrials,0.0222383107088988,1.7e-4,0.01082870467584892,0.03277234891508074,0.00442948832581075,1053.82186618055,6.960178707399112,1.0347039711938415,0.0220683107088988,0.01065870467584892
2023-09-28,Golden Ocean Group Ltd,BMG396372051,GOGL-US,Industrial Services,Industrials,-0.0215197609848097,1.7e-4,-0.00360628943021256,0.00994509278164474,-0.01019315564053228,1053.82186618055,6.960178707399112,1.0347039711938415,-0.0216897609848097,-0.00377628943021256
2023-09-29,Golden Ocean Group Ltd,BMG396372051,GOGL-US,Industrial Services,Industrials,0.00812809796609892,1.704e-4,0.0029654704434435,0.00741218557950025,-0.00701965324827245,1053.82186618055,6.960178707399112,1.0347039711938415,0.00795769796609892,0.0027950704434435
2023-10-02,Golden Ocean Group Ltd,BMG396372051,GOGL-US,Industrial Services,Industrials,0.0317755990416397,1.7e-4,-0.00843848842517511,8.044343043196404e-4,0.00751818906835211,1053.82186618055,6.960178707399112,1.0347039711938415,0.0316055990416397,-0.00860848842517511
2023-10-03,Golden Ocean Group Ltd,BMG396372051,GOGL-US,Industrial Services,Industrials,-0.00643542602803793,1.7e-4,-0.01640660155656973,0.00862566543547108,0.00436478240889422,1053.82186618055,6.960178707399112,1.0347039711938415,-0.00660542602803793,-0.01657660155656973
2023-10-04,Golden Ocean Group Ltd,BMG396372051,GOGL-US,Industrial Services,Industrials,-0.0409443038664216,1.7e-4,-0.01000445845734075,-0.01126108668852047,0.00119240321828317,1053.82186618055,6.960178707399112,1.0347039711938415,-0.0411143038664216,-0.01017445845734075
2023-10-05,Golden Ocean Group Ltd,BMG396372051,GOGL-US,Industrial Services,Industrials,0.0270145269347382,1.7e-4,0.0040343722320428,0.01483757730302044,0.00102703640441663,1053.82186618055,6.960178707399112,1.0347039711938415,0.0268445269347382,0.0038643722320428
2023-10-06,Golden Ocean Group Ltd,BMG396372051,GOGL-US,Industrial Services,Industrials,0.0239548082114218,1.7e-4,-0.0022874424678145,4.748819307094336e-4,-0.00421661275262405,1053.82186618055,6.960178707399112,1.0347039711938415,0.0237848082114218,-0.0024574424678145
2023-10-09,Golden Ocean Group Ltd,BMG396372051,GOGL-US,Industrial Services,Industrials,0,1.7e-4,0.01989684803847549,-0.00933007074130856,0.01478293959124178,1053.82186618055,6.960178707399112,1.0347039711938415,-1.7e-4,0.01972684803847549
2023-10-10,Golden Ocean Group Ltd,BMG396372051,GOGL-US,Industrial Services,Industrials,0.00160617883753278,1.7e-4,0.01380545138036931,-0.00490992627586544,-0.00573513679802128,1053.82186618055,6.960178707399112,1.0347039711938415,0.00143617883753278,0.01363545138036931
2023-10-11,Golden Ocean Group Ltd,BMG396372051,GOGL-US,Industrial Services,Industrials,-0.00916069541682785,1.7e-4,-0.0024858375915652,0.00604210392156736,-0.01126620744498224,1053.82186618055,6.960178707399112,1.0347039711938415,-0.00933069541682785,-0.0026558375915652
2023-10-12,Golden Ocean Group Ltd,BMG396372051,GOGL-US,Industrial Services,Industrials,0.0087827961893705,1.7e-4,0.00835521200133212,5.290093992318572e-4,0.00667156299200865,1053.82186618055,6.960178707399112,1.0347039711938415,0.0086127961893705,0.00818521200133212
2023-10-13,Golden Ocean Group Ltd,BMG396372051,GOGL-US,Industrial Services,Industrials,6.8720665267418e-4,1.7e-4,-5.835821986137422e-4,0.02331810246689193,-0.01683308697376129,1053.82186618055,6.960178707399112,1.0347039711938415,5.1720665267418e-4,-7.535821986137422e-4
2023-10-16,Golden Ocean Group Ltd,BMG396372051,GOGL-US,Industrial Services,Industrials,-0.0144227128203746,1.7e-4,0.00199393253739573,0.01770138378602711,-0.01076024408040063,1053.82186618055,6.960178707399112,1.0347039711938415,-0.0145927128203746,0.00182393253739572
2023-10-17,Golden Ocean Group Ltd,BMG396372051,GOGL-US,Industrial Services,Industrials,0.0255517945124659,1.7e-4,-0.00540568177753698,0.00887508128466044,0.0219952988375905,1053.82186618055,6.960178707399112,1.0347039711938415,0.0253817945124659,-0.00557568177753698
2023-10-18,Golden Ocean Group Ltd,BMG396372051,GOGL-US,Industrial Services,Industrials,0.0101926261569252,1.7e-4,4.715625412901067e-4,-0.00211783599884835,0.01465821415079654,1053.82186618055,6.960178707399112,1.0347039711938415,0.0100226261569252,3.015625412901067e-4
2023-10-19,Golden Ocean Group Ltd,BMG396372051,GOGL-US,Industrial Services,Industrials,-0.0170404974241255,1.7e-4,-0.01633274380554794,0.00627219214029044,7.861399161356811e-4,1053.82186618055,6.960178707399112,1.0347039711938415,-0.0172104974241255,-0.01650274380554794
2023-10-20,Golden Ocean Group Ltd,BMG396372051,GOGL-US,Industrial Services,Industrials,0.00113952753730318,1.7e-4,-0.01933475871797193,0.01539604048355054,0.01481959311262437,1053.82186618055,6.960178707399112,1.0347039711938415,9.6952753730318e-4,-0.01950475871797193
2023-10-23,Golden Ocean Group Ltd,BMG396372051,GOGL-US,Industrial Services,Industrials,-0.0214168734047526,1.7e-4,-0.01196955576015233,0.0066107600162178,0.0057826715370552,1053.82186618055,6.960178707399112,1.0347039711938415,-0.0215868734047526,-0.01213955576015233
2023-10-24,Golden Ocean Group Ltd,BMG396372051,GOGL-US,Industrial Services,Industrials,0.0379515658023388,1.7e-4,0.00827500084940952,-0.00400752021117881,0.00344007207483086,1053.82186618055,6.960178707399112,1.0347039711938415,0.03778156580233879,0.00810500084940952
2023-10-25,Golden Ocean Group Ltd,BMG396372051,GOGL-US,Industrial Services,Industrials,-0.0143566666373202,1.7e-4,-0.00626880419540088,-5.791755010669166e-4,0.01198564987951249,1053.82186618055,6.960178707399112,1.0347039711938415,-0.0145266666373202,-0.00643880419540088
2023-10-26,Golden Ocean Group Ltd,BMG396372051,GOGL-US,Industrial Services,Industrials,-0.0553027615652187,1.7e-4,-0.00163236017088233,-0.0126944163014852,-0.00389245489995715,1053.82186618055,6.960178707399112,1.0347039711938415,-0.0554727615652187,-0.00180236017088233
2023-10-27,Golden Ocean Group Ltd,BMG396372051,GOGL-US,Industrial Services,Industrials,0.00361452618100189,1.7e-4,0.00834666470826499,0.00456615278657527,0.01371145492949509,1053.82186618055,6.960178707399112,1.0347039711938415,0.00344452618100189,0.00817666470826499
2023-10-30,Golden Ocean Group Ltd,BMG396372051,GOGL-US,Industrial Services,Industrials,-0.0218445752615669,1.7e-4,0.0050516230181219,0.00799929971833381,-0.00991065463028423,1053.82186618055,6.960178707399112,1.0347039711938415,-0.0220145752615669,0.0048816230181219
2023-10-31,Golden Ocean Group Ltd,BMG396372051,GOGL-US,Industrial Services,Industrials,0.0122703775913569,1.7e-4,0.00922781479401536,-0.00465086307134731,0.00503880879020634,1053.82186618055,6.960178707399112,1.0347039711938415,0.0121003775913569,0.00905781479401536
2023-11-01,Golden Ocean Group Ltd,BMG396372051,GOGL-US,Industrial Services,Industrials,-0.0298174957761832,1.7e-4,-0.00241701664771487,0.00141252285547269,0.01102067047865119,1053.82186618055,6.960178707399112,1.0347039711938415,-0.0299874957761832,-0.00258701664771487
2023-11-02,Golden Ocean Group Ltd,BMG396372051,GOGL-US,Industrial Services,Industrials,0.0274849671884019,1.7e-4,0.01072276316112107,-0.00721298673990591,-0.02349155253303621,1053.82186618055,6.960178707399112,1.0347039711938415,0.0273149671884019,0.01055276316112107
2023-11-03,Golden Ocean Group Ltd,BMG396372051,GOGL-US,Industrial Services,Industrials,0.0104582827690587,1.7e-4,-0.00318437639956106,0.00339530867021256,-0.00692972792142044,1053.82186618055,6.960178707399112,1.0347039711938415,0.0102882827690587,-0.00335437639956106
2023-11-06,Golden Ocean Group Ltd,BMG396372051,GOGL-US,Industrial Services,Industrials,0.00384989069710961,1.7e-4,0.00417813276124461,0.01386943927131918,-0.01576544408540671,1053.82186618055,6.960178707399112,1.0347039711938415,0.00367989069710961,0.00400813276124461
2023-11-07,Golden Ocean Group Ltd,BMG396372051,GOGL-US,Industrial Services,Industrials,-0.017022151783878,1.7e-4,-0.0200795461351481,0.0024616339951418,-0.00404440598314768,1053.82186618055,6.960178707399112,1.0347039711938415,-0.017192151783878,-0.0202495461351481
2023-11-08,Golden Ocean Group Ltd,BMG396372051,GOGL-US,Industrial Services,Industrials,-0.0195117948717949,1.7e-4,0.01016917489107337,-0.01419951294807202,-0.01128810841504489,1053.82186618055,6.960178707399112,1.0347039711938415,-0.0196817948717949,0.00999917489107337
2023-11-09,Golden Ocean Group Ltd,BMG396372051,GOGL-US,Industrial Services,Industrials,0.0422883698614469,1.7e-4,0.00947528944590916,-0.00544939036305578,-0.00128489263302335,1053.82186618055,6.960178707399112,1.0347039711938415,0.0421183698614469,0.00930528944590916
2023-11-10,Golden Ocean Group Ltd,BMG396372051,GOGL-US,Industrial Services,Industrials,-0.0181385838656928,1.7e-4,-0.00658739243796797,0.00681374119088488,-0.00611814903611756,1053.82186618055,6.960178707399112,1.0347039711938415,-0.0183085838656928,-0.00675739243796797
2023-11-13,Golden Ocean Group Ltd,BMG396372051,GOGL-US,Industrial Services,Industrials,0.00656357027694843,1.7e-4,0.00737351337644964,-0.00465744049393326,0.00737111472153796,1053.82186618055,6.960178707399112,1.0347039711938415,0.00639357027694843,0.00720351337644964
2023-11-14,Golden Ocean Group Ltd,BMG396372051,GOGL-US,Industrial Services,Industrials,-0.00241550145349834,1.7e-4,0.00814983804277852,-0.01324951223072596,-0.01867997633441258,1053.82186618055,6.960178707399112,1.0347039711938415,-0.00258550145349834,0.00797983804277852
2023-11-15,Golden Ocean Group Ltd,BMG396372051,GOGL-US,Industrial Services,Industrials,0.00774587766480872,1.7e-4,0.00248759780438356,0.01267797139201599,-0.01669347759356879,1053.82186618055,6.960178707399112,1.0347039711938415,0.00757587766480872,0.00231759780438356
2023-11-16,Golden Ocean Group Ltd,BMG396372051,GOGL-US,Industrial Services,Industrials,-0.00192057493339948,1.7e-4,-0.01818557114966293,0.01424242266056156,-0.00700154174453596,1053.82186618055,6.960178707399112,1.0347039711938415,-0.00209057493339948,-0.01835557114966293
2023-11-17,Golden Ocean Group Ltd,BMG396372051,GOGL-US,Industrial Services,Industrials,0.0120327638787683,1.7e-4,0.01156714517894558,-0.00512077089426813,0.00189591422288184,1053.82186618055,6.960178707399112,1.0347039711938415,0.0118627638787683,0.01139714517894558
2023-11-20,Golden Ocean Group Ltd,BMG396372051,GOGL-US,Industrial Services,Industrials,0.00832425527716185,1.7e-4,0.00745361426092677,-0.00290352269901575,0.00998713331989167,1053.82186618055,6.960178707399112,1.0347039711938415,0.00815425527716185,0.00728361426092677
2023-11-21,Golden Ocean Group Ltd,BMG396372051,GOGL-US,Industrial Services,Industrials,0.0731123218111132,1.7e-4,-0.01365597571020091,0.01131477363068438,-0.00608023116450314,1053.82186618055,6.960178707399112,1.0347039711938415,0.0729423218111132,-0.01382597571020091
2023-11-22,Golden Ocean Group Ltd,BMG396372051,GOGL-US,Industrial Services,Industrials,0.0410999754777828,1.7e-4,-0.00271780228698814,0.00287829592971557,-0.00610142859904359,1053.82186618055,6.960178707399112,1.0347039711938415,0.04092997547778281,-0.00288780228698814
2023-11-23,Golden Ocean Group Ltd,BMG396372051,GOGL-US,Industrial Services,Industrials,0.027020980941266,1.7e-4,0.01534839251619964,0.00137385976417691,0.0058899816947685,1053.82186618055,6.960178707399112,1.0347039711938415,0.026850980941266,0.01517839251619964
2023-11-24,Golden Ocean Group Ltd,BMG396372051,GOGL-US,Industrial Services,Industrials,0.0234323048181899,1.7e-4,0.00548443249160825,-0.00600857279466725,0.00563027520184879,1053.82186618055,6.960178707399112,1.0347039711938415,0.0232623048181899,0.00531443249160825
2023-11-27,Golden Ocean Group Ltd,BMG396372051,GOGL-US,Industrial Services,Industrials,-0.0307289338226601,1.7e-4,-0.00180250485368564,-0.00370930715254532,-0.00524917425814682,1053.82186618055,6.960178707399112,1.0347039711938415,-0.0308989338226601,-0.00197250485368564
2023-11-28,Golden Ocean Group Ltd,BMG396372051,GOGL-US,Industrial Services,Industrials,4.1476180241306e-4,1.7e-4,-0.00923390154389676,0.00318763329069769,6.2033702348167e-5,1053.82186618055,6.960178707399112,1.0347039711938415,2.4476180241306e-4,-0.00940390154389676
2023-11-29,Golden Ocean Group Ltd,BMG396372051,GOGL-US,Industrial Services,Industrials,0.0250623626743716,1.7e-4,-0.00386780427643445,-0.0020560533293298,-0.01270638824421594,1053.82186618055,6.960178707399112,1.0347039711938415,0.0248923626743716,-0.00403780427643445
2023-11-30,Golden Ocean Group Ltd,BMG396372051,GOGL-US,Industrial Services,Industrials,-0.00121335987392845,1.7e-4,0.00830517629574199,-0.00627691603041448,0.00361038346506058,1053.82186618055,6.960178707399112,1.0347039711938415,-0.00138335987392845,0.00813517629574199
2023-12-01,Golden Ocean Group Ltd,BMG396372051,GOGL-US,Industrial Services,Industrials,0.0398547190228697,1.7e-4,0.00120739734148804,0.00989752659344442,-0.00683186534879695,1053.82186618055,6.960178707399112,1.0347039711938415,0.0396847190228697,0.00103739734148804
2023-12-04,Golden Ocean Group Ltd,BMG396372051,GOGL-US,Industrial Services,Industrials,-0.00535049272529331,1.7e-4,-0.00942925339422506,0.00895278377215642,-0.01294407736664279,1053.82186618055,6.960178707399112,1.0347039711938415,-0.00552049272529331,-0.00959925339422506
2023-12-05,Golden Ocean Group Ltd,BMG396372051,GOGL-US,Industrial Services,Industrials,-0.0523758188177003,1.7e-4,0.00232617886306467,-0.00674776892050093,-0.00156122269331284,1053.82186618055,6.960178707399112,1.0347039711938415,-0.0525458188177003,0.00215617886306467
2023-12-06,Golden Ocean Group Ltd,BMG396372051,GOGL-US,Industrial Services,Industrials,0.00667881838960738,1.7e-4,7.375145021696306e-4,0.00708824656853462,-0.00992794002635784,1053.82186618055,6.960178707399112,1.0347039711938415,0.00650881838960738,5.675145021696306e-4
2023-12-07,Golden Ocean Group Ltd,BMG396372051,GOGL-US,Industrial Services,Industrials,-0.0342106533800237,1.7e-4,-0.00181198467635367,-0.00209466773055474,-0.00662655522280255,1053.82186618055,6.960178707399112,1.0347039711938415,-0.0343806533800237,-0.00198198467635367
2023-12-08,Golden Ocean Group Ltd,BMG396372051,GOGL-US,Industrial Services,Industrials,0.0257615868813745,1.7e-4,0.00437903981724117,0.00164553697398992,0.00121895866995914,1053.82186618055,6.960178707399112,1.0347039711938415,0.0255915868813745,0.00420903981724117
2023-12-11,Golden Ocean Group Ltd,BMG396372051,GOGL-US,Industrial Services,Industrials,-0.00104673157485513,1.7e-4,0.00189213885031923,-0.00915866150260981,7.77500387663197e-4,1053.82186618055,6.960178707399112,1.0347039711938415,-0.00121673157485513,0.00172213885031923
2023-12-12,Golden Ocean Group Ltd,BMG396372051,GOGL-US,Industrial Services,Industrials,0.00607670754204093,1.7e-4,-0.00482478096791756,-0.00257607822347942,7.274971579173013e-4,1053.82186618055,6.960178707399112,1.0347039711938415,0.00590670754204093,-0.00499478096791756
2023-12-13,Golden Ocean Group Ltd,BMG396372051,GOGL-US,Industrial Services,Industrials,-0.022907215328286,1.7e-4,-8.465282896416553e-4,-0.00262560815705656,-0.00755972525853437,1053.82186618055,6.960178707399112,1.0347039711938415,-0.023077215328286,-0.00101652828964165
2023-12-14,Golden Ocean Group Ltd,BMG396372051,GOGL-US,Industrial Services,Industrials,8.5202429628239e-4,1.7e-4,0.01256197405982234,-0.00799605786175902,-0.00357772829318406,1053.82186618055,6.960178707399112,1.0347039711938415,6.820242962823899e-4,0.01239197405982234
2023-12-15,Golden Ocean Group Ltd,BMG396372051,GOGL-US,Industrial Services,Industrials,0.00319384703302816,1.8e-4,-0.00732174591140939,0.01439126406582563,-0.00464464239269463,1053.82186618055,6.960178707399112,1.0347039711938415,0.00301384703302816,-0.00750174591140938
2023-12-18,Golden Ocean Group Ltd,BMG396372051,GOGL-US,Industrial Services,Industrials,0.0316284664436717,1.8e-4,0.00867592114909981,3.276479459094683e-4,0.02604882367863036,1053.82186618055,6.960178707399112,1.0347039711938415,0.0314484664436717,0.00849592114909981
2023-12-19,Golden Ocean Group Ltd,BMG396372051,GOGL-US,Industrial Services,Industrials,-0.0189294242338158,1.8e-4,-0.00731922472385859,0.01448272631469216,-0.00965374865553005,1053.82186618055,6.960178707399112,1.0347039711938415,-0.0191094242338158,-0.00749922472385859
2023-12-20,Golden Ocean Group Ltd,BMG396372051,GOGL-US,Industrial Services,Industrials,0.0115347000384916,1.8e-4,-0.00358442566348247,0.01555444036354103,0.00937536913103269,1053.82186618055,6.960178707399112,1.0347039711938415,0.0113547000384916,-0.00376442566348247
2023-12-21,Golden Ocean Group Ltd,BMG396372051,GOGL-US,Industrial Services,Industrials,-0.00787840606268231,1.8e-4,-0.00407085787537112,-0.00111979902382878,0.00583057771912264,1053.82186618055,6.960178707399112,1.0347039711938415,-0.00805840606268231,-0.00425085787537112
2023-12-22,Golden Ocean Group Ltd,BMG396372051,GOGL-US,Industrial Services,Industrials,0.0363629832455188,1.8e-4,0.00287184482906902,0.01010178006595121,0.00821941536414624,1053.82186618055,6.960178707399112,1.0347039711938415,0.0361829832455188,0.00269184482906902
2023-12-27,Golden Ocean Group Ltd,BMG396372051,GOGL-US,Industrial Services,Industrials,-0.0207698345434907,1.8e-4,0.01103416327046352,-0.016881643650482,-0.00870870980806888,1053.82186618055,6.960178707399112,1.0347039711938415,-0.0209498345434907,0.01085416327046352
2023-12-28,Golden Ocean Group Ltd,BMG396372051,GOGL-US,Industrial Services,Industrials,0.0199749257248818,1.8e-4,-0.00104273648544646,8.832340009679654e-4,-0.00924787732713055,1053.82186618055,6.960178707399112,1.0347039711938415,0.0197949257248818,-0.00122273648544646
2023-12-29,Golden Ocean Group Ltd,BMG396372051,GOGL-US,Industrial Services,Industrials,-0.00646037353967122,1.8e-4,0.00180742830168684,0.00664114669684021,-7.245684827023539e-4,1053.82186618055,6.960178707399112,1.0347039711938415,-0.00664037353967122,0.00162742830168684
2021-01-04,Mowi ASA,NO0003054108,MOWI-NO,Food and Tobacco Production,Consumer Non-Cyclicals,-0.0311532736337217,0,-0.00808924385887928,0.00334713558954932,-0.00325820843423792,79342.9790309168,11.281535241018036,0.24175202527759176,-0.0311532736337217,-0.00808924385887928
2021-01-05,Mowi ASA,NO0003054108,MOWI-NO,Food and Tobacco Production,Consumer Non-Cyclicals,-8.1088661000627e-4,-4e-7,-0.00149280500264857,0.01353240080882074,0.0104433265232531,79342.9790309168,11.281535241018036,0.24175202527759176,-8.1048661000627e-4,-0.00149240500264857
2021-01-06,Mowi ASA,NO0003054108,MOWI-NO,Food and Tobacco Production,Consumer Non-Cyclicals,0.0108185617963816,-4e-7,0.01451074978180989,-0.01394170594780057,-5.351575046518321e-4,79342.9790309168,11.281535241018036,0.24175202527759176,0.0108189617963816,0.01451114978180988
2021-01-07,Mowi ASA,NO0003054108,MOWI-NO,Food and Tobacco Production,Consumer Non-Cyclicals,-0.00134011034782489,-4e-7,0.01578102699730636,0.01166666635837293,0.00113116813548157,79342.9790309168,11.281535241018036,0.24175202527759176,-0.00133971034782489,0.01578142699730636
2021-01-08,Mowi ASA,NO0003054108,MOWI-NO,Food and Tobacco Production,Consumer Non-Cyclicals,0.0133949080006768,0,0.010059709500479,-0.00861716511770881,8.300441119148457e-4,79342.9790309168,11.281535241018036,0.24175202527759176,0.0133949080006768,0.010059709500479
2021-01-11,Mowi ASA,NO0003054108,MOWI-NO,Food and Tobacco Production,Consumer Non-Cyclicals,7.9330995156645e-4,0,-0.0110507440960016,-0.00621613700134136,-0.00397372922748968,79342.9790309168,11.281535241018036,0.24175202527759176,7.9330995156645e-4,-0.0110507440960016
2021-01-12,Mowi ASA,NO0003054108,MOWI-NO,Food and Tobacco Production,Consumer Non-Cyclicals,0.00765861072205509,0,0.00744203622655971,0.00971892747294431,0.01044759824357042,79342.9790309168,11.281535241018036,0.24175202527759176,0.00765861072205509,0.00744203622655971
2021-01-13,Mowi ASA,NO0003054108,MOWI-NO,Food and Tobacco Production,Consumer Non-Cyclicals,-0.0406281421896256,0,-0.00871620471057851,0.00298186063378738,-0.00103814456686901,79342.9790309168,11.281535241018036,0.24175202527759176,-0.0406281421896256,-0.00871620471057851
2021-01-14,Mowi ASA,NO0003054108,MOWI-NO,Food and Tobacco Production,Consumer Non-Cyclicals,0.00382241786425497,0,0.01054314608427041,-0.00948895601224056,-0.001120342331276,79342.9790309168,11.281535241018036,0.24175202527759176,0.00382241786425497,0.01054314608427041
2021-01-15,Mowi ASA,NO0003054108,MOWI-NO,Food and Tobacco Production,Consumer Non-Cyclicals,0.00381400433605017,0,-0.01109132653369559,0.00220298840683422,-0.00142044704635416,79342.9790309168,11.281535241018036,0.24175202527759176,0.00381400433605017,-0.01109132653369559
2021-01-18,Mowi ASA,NO0003054108,MOWI-NO,Food and Tobacco Production,Consumer Non-Cyclicals,0.00650995460163228,0,0.00622153409630378,-0.00689240895615193,-0.00836934792176636,79342.9790309168,11.281535241018036,0.24175202527759176,0.00650995460163228,0.00622153409630378
2021-01-19,Mowi ASA,NO0003054108,MOWI-NO,Food and Tobacco Production,Consumer Non-Cyclicals,0.0255917717286909,0,0.01010462713087413,0.00235343749794739,-0.01285297127539717,79342.9790309168,11.281535241018036,0.24175202527759176,0.0255917717286909,0.01010462713087413
2021-01-20,Mowi ASA,NO0003054108,MOWI-NO,Food and Tobacco Production,Consumer Non-Cyclicals,-0.0141835984731739,0,-0.00333295716319686,0.00250479812902872,-0.00376009618181318,79342.9790309168,11.281535241018036,0.24175202527759176,-0.0141835984731739,-0.00333295716319686
2021-01-21,Mowi ASA,NO0003054108,MOWI-NO,Food and Tobacco Production,Consumer Non-Cyclicals,0.00905467073104749,0,4.7084490816538414e-4,0.00386827513493522,0.00455737861612142,79342.9790309168,11.281535241018036,0.24175202527759176,0.00905467073104749,4.7084490816538414e-4
2021-01-22,Mowi ASA,NO0003054108,MOWI-NO,Food and Tobacco Production,Consumer Non-Cyclicals,-0.00501701136275623,0,-0.00751487874538875,-0.01176742377152621,-0.02714097121040292,79342.9790309168,11.281535241018036,0.24175202527759176,-0.00501701136275623,-0.00751487874538875
2021-01-25,Mowi ASA,NO0003054108,MOWI-NO,Food and Tobacco Production,Consumer Non-Cyclicals,-0.0151269260481354,0,-0.0101489611347012,-0.02430029212292914,-0.01792949907190218,79342.9790309168,11.281535241018036,0.24175202527759176,-0.0151269260481354,-0.0101489611347012
2021-01-26,Mowi ASA,NO0003054108,MOWI-NO,Food and Tobacco Production,Consumer Non-Cyclicals,-0.0013437836325938,0,-0.0053948021974416,0.01486332533409729,0.00438852043433536,79342.9790309168,11.281535241018036,0.24175202527759176,-0.0013437836325938,-0.0053948021974416
2021-01-27,Mowi ASA,NO0003054108,MOWI-NO,Food and Tobacco Production,Consumer Non-Cyclicals,0.0291402825133951,0,-0.01360321604490949,-0.01178209782914383,-0.00340451469156916,79342.9790309168,11.281535241018036,0.24175202527759176,0.0291402825133951,-0.01360321604490949
2021-01-28,Mowi ASA,NO0003054108,MOWI-NO,Food and Tobacco Production,Consumer Non-Cyclicals,-7.8686119295257e-4,0,0.00328153554262027,-0.01386843622734883,-0.00602494599396329,79342.9790309168,11.281535241018036,0.24175202527759176,-7.8686119295257e-4,0.00328153554262027
2021-01-29,Mowi ASA,NO0003054108,MOWI-NO,Food and Tobacco Production,Consumer Non-Cyclicals,-0.00262296246736105,0,8.772932305462827e-4,0.00109719836749359,0.01192483143118093,79342.9790309168,11.281535241018036,0.24175202527759176,-0.00262296246736105,8.772932305462827e-4
2021-02-01,Mowi ASA,NO0003054108,MOWI-NO,Food and Tobacco Production,Consumer Non-Cyclicals,0.0197328584149601,0,0.00363249676373188,0.00650211668421339,-0.01015657915416759,79342.9790309168,11.281535241018036,0.24175202527759176,0.0197328584149601,0.00363249676373188
2021-02-02,Mowi ASA,NO0003054108,MOWI-NO,Food and Tobacco Production,Consumer Non-Cyclicals,0.00696263695320587,0,0.01352122814152554,0.01263958921699945,0.01141972686731294,79342.9790309168,11.281535241018036,0.24175202527759176,0.00696263695320587,0.01352122814152554
2021-02-03,Mowi ASA,NO0003054108,MOWI-NO,Food and Tobacco Production,Consumer Non-Cyclicals,-0.00691449384286291,0,0.00761850945725851,-0.00282944450470508,-0.00563814242243684,79342.9790309168,11.281535241018036,0.24175202527759176,-0.00691449384286291,0.00761850945725851
2021-02-04,Mowi ASA,NO0003054108,MOWI-NO,Food and Tobacco Production,Consumer Non-Cyclicals,-0.00103624529905577,0,0.00500088712423479,0.01160375989958502,0.00413620160911429,79342.9790309168,11.281535241018036,0.24175202527759176,-0.00103624529905577,0.00500088712423479
2021-02-05,Mowi ASA,NO0003054108,MOWI-NO,Food and Tobacco Production,Consumer Non-Cyclicals,0.00155015268421166,0,-3.956062537618337e-4,0.01155848272233991,0.00140364436319803,79342.9790309168,11.281535241018036,0.24175202527759176,0.00155015268421166,-3.956062537618337e-4
2021-02-08,Mowi ASA,NO0003054108,MOWI-NO,Food and Tobacco Production,Consumer Non-Cyclicals,-5.1203872874749e-4,0,0.003725096257961,0.04045769506133392,0.00723323950059839,79342.9790309168,11.281535241018036,0.24175202527759176,-5.1203872874749e-4,0.003725096257961
2021-02-09,Mowi ASA,NO0003054108,MOWI-NO,Food and Tobacco Production,Consumer Non-Cyclicals,-0.0214176767147531,0,-0.00961711201716807,0.02157190052930643,-0.00127582520022069,79342.9790309168,11.281535241018036,0.24175202527759176,-0.0214176767147531,-0.00961711201716807
2021-02-10,Mowi ASA,NO0003054108,MOWI-NO,Food and Tobacco Production,Consumer Non-Cyclicals,0.0139742407567149,0,-0.00159073621531714,0.00915795594516302,0.00605534942140963,79342.9790309168,11.281535241018036,0.24175202527759176,0.0139742407567149,-0.00159073621531714
2021-02-11,Mowi ASA,NO0003054108,MOWI-NO,Food and Tobacco Production,Consumer Non-Cyclicals,-0.00753913308770038,0,0.00471313310507863,-0.00813147799880625,-0.01407892525028283,79342.9790309168,11.281535241018036,0.24175202527759176,-0.00753913308770038,0.00471313310507863
2021-02-12,Mowi ASA,NO0003054108,MOWI-NO,Food and Tobacco Production,Consumer Non-Cyclicals,0.0078565136942168,0,-0.00537155770366661,-0.00146386990634611,-0.00714551012071022,79342.9790309168,11.281535241018036,0.24175202527759176,0.0078565136942168,-0.00537155770366661
2021-02-15,Mowi ASA,NO0003054108,MOWI-NO,Food and Tobacco Production,Consumer Non-Cyclicals,-0.00363661958612926,0,0.00409339444341099,0.02230964698065815,0.01234130821594995,79342.9790309168,11.281535241018036,0.24175202527759176,-0.00363661958612926,0.00409339444341099
2021-02-16,Mowi ASA,NO0003054108,MOWI-NO,Food and Tobacco Production,Consumer Non-Cyclicals,0.00156592177455428,0,0.00472252113256912,0.00669077232123965,0.01245993429582544,79342.9790309168,11.281535241018036,0.24175202527759176,0.00156592177455428,0.00472252113256912
2021-02-17,Mowi ASA,NO0003054108,MOWI-NO,Food and Tobacco Production,Consumer Non-Cyclicals,-0.00547215724076311,0,-0.00237072928643991,0.00816509122243327,-4.2576749599678864e-4,79342.9790309168,11.281535241018036,0.24175202527759176,-0.00547215724076311,-0.00237072928643991
2021-02-18,Mowi ASA,NO0003054108,MOWI-NO,Food and Tobacco Production,Consumer Non-Cyclicals,0.0117846610284689,0,-0.01530258038676632,-0.01705343739307931,-0.00750397551863537,79342.9790309168,11.281535241018036,0.24175202527759176,0.0117846610284689,-0.01530258038676632
2021-02-19,Mowi ASA,NO0003054108,MOWI-NO,Food and Tobacco Production,Consumer Non-Cyclicals,0.0354679112367624,0,0.01249004634992496,0.00859191979393077,-0.00242507643612931,79342.9790309168,11.281535241018036,0.24175202527759176,0.0354679112367624,0.01249004634992496
2021-02-22,Mowi ASA,NO0003054108,MOWI-NO,Food and Tobacco Production,Consumer Non-Cyclicals,0.0489989789528908,0,0.00843535036225506,0.00521910906525113,0.00605031973299471,79342.9790309168,11.281535241018036,0.24175202527759176,0.0489989789528908,0.00843535036225506
2021-02-23,Mowi ASA,NO0003054108,MOWI-NO,Food and Tobacco Production,Consumer Non-Cyclicals,0.00238229679223467,0,0.00384752107950948,-0.02084327029670402,0.00450699371248133,79342.9790309168,11.281535241018036,0.24175202527759176,0.00238229679223467,0.00384752107950948
2021-02-24,Mowi ASA,NO0003054108,MOWI-NO,Food and Tobacco Production,Consumer Non-Cyclicals,0.0085623236300818,0,0.00792823911832848,0.00730795183116099,0.00454469498037706,79342.9790309168,11.281535241018036,0.24175202527759176,0.0085623236300818,0.00792823911832848
2021-02-25,Mowi ASA,NO0003054108,MOWI-NO,Food and Tobacco Production,Consumer Non-Cyclicals,0.012729129653074,0,0.01246684030676656,-0.00248793784755195,0.01359536066560032,79342.9790309168,11.281535241018036,0.24175202527759176,0.012729129653074,0.01246684030676656
2021-02-26,Mowi ASA,NO0003054108,MOWI-NO,Food and Tobacco Production,Consumer Non-Cyclicals,-0.0236518249670409,0,-0.01697201404684374,0.00154738820559289,0.001747004290716,79342.9790309168,11.281535241018036,0.24175202527759176,-0.0236518249670409,-0.01697201404684374
2021-03-01,Mowi ASA,NO0003054108,MOWI-NO,Food and Tobacco Production,Consumer Non-Cyclicals,0.0382066234856147,0,0.02012449904468997,-0.00832648683077737,-0.00581408444081071,79342.9790309168,11.281535241018036,0.24175202527759176,0.0382066234856147,0.02012449904468997
2021-03-02,Mowi ASA,NO0003054108,MOWI-NO,Food and Tobacco Production,Consumer Non-Cyclicals,-0.00183951167442198,0,0.00400220773901422,0.01087024664908801,0.00997947573636256,79342.9790309168,11.281535241018036,0.24175202527759176,-0.00183951167442198,0.00400220773901422
2021-03-03,Mowi ASA,NO0003054108,MOWI-NO,Food and Tobacco Production,Consumer Non-Cyclicals,-0.00276694820667489,0,-0.00497440008735981,0.00788717673549265,0.0043697399421365,79342.9790309168,11.281535241018036,0.24175202527759176,-0.00276694820667489,-0.00497440008735981
2021-03-04,Mowi ASA,NO0003054108,MOWI-NO,Food and Tobacco Production,Consumer Non-Cyclicals,-0.00184801507563859,0,-0.00399695752653087,-0.0017910962188108,0.01305811166464351,79342.9790309168,11.281535241018036,0.24175202527759176,-0.00184801507563859,-0.00399695752653087
2021-03-05,Mowi ASA,NO0003054108,MOWI-NO,Food and Tobacco Production,Consumer Non-Cyclicals,0.00416703608475921,0,0.01057717920954711,-0.00894539246773284,0.0309280827363732,79342.9790309168,11.281535241018036,0.24175202527759176,0.00416703608475921,0.01057717920954711
2021-03-08,Mowi ASA,NO0003054108,MOWI-NO,Food and Tobacco Production,Consumer Non-Cyclicals,0.0106054782852572,0,0.00831214421741463,-0.03186002732644254,-6.350237384073684e-4,79342.9790309168,11.281535241018036,0.24175202527759176,0.0106054782852572,0.00831214421741463
2021-03-09,Mowi ASA,NO0003054108,MOWI-NO,Food and Tobacco Production,Consumer Non-Cyclicals,-0.0104941824610451,0,0.00958164009196293,0.02292039496222918,-0.02530114268652775,79342.9790309168,11.281535241018036,0.24175202527759176,-0.0104941824610451,0.00958164009196293
2021-03-10,Mowi ASA,NO0003054108,MOWI-NO,Food and Tobacco Production,Consumer Non-Cyclicals,-0.0152174590478961,0,0.00530655893058407,0.03265486714111344,0.02464247749612743,79342.9790309168,11.281535241018036,0.24175202527759176,-0.0152174590478961,0.00530655893058407
2021-03-11,Mowi ASA,NO0003054108,MOWI-NO,Food and Tobacco Production,Consumer Non-Cyclicals,-0.0191918233023225,0,1.4195604924791713e-4,0.00635228224709883,0.00435562919763448,79342.9790309168,11.281535241018036,0.24175202527759176,-0.0191918233023225,1.4195604924791713e-4
2021-03-12,Mowi ASA,NO0003054108,MOWI-NO,Food and Tobacco Production,Consumer Non-Cyclicals,-0.00143031515327507,0,-0.00187017732788326,0.01407929134930141,0.02622306297454013,79342.9790309168,11.281535241018036,0.24175202527759176,-0.00143031515327507,-0.00187017732788326
2021-03-15,Mowi ASA,NO0003054108,MOWI-NO,Food and Tobacco Production,Consumer Non-Cyclicals,0.0176837706710034,0,0.00185832950467126,0.01607427152769735,0.00539401327427523,79342.9790309168,11.281535241018036,0.24175202527759176,0.0176837706710034,0.00185832950467126
2021-03-16,Mowi ASA,NO0003054108,MOWI-NO,Food and Tobacco Production,Consumer Non-Cyclicals,-0.00328587075575038,0,-9.115393238824612e-4,1.7306367425810334e-4,-0.00890236392542829,79342.9790309168,11.281535241018036,0.24175202527759176,-0.00328587075575038,-9.115393238824612e-4
2021-03-17,Mowi ASA,NO0003054108,MOWI-NO,Food and Tobacco Production,Consumer Non-Cyclicals,9.3964007007474e-4,0,-0.00440957155336758,-0.0049090052164546,0.01129405006119318,79342.9790309168,11.281535241018036,0.24175202527759176,9.3964007007474e-4,-0.00440957155336758
2021-03-18,Mowi ASA,NO0003054108,MOWI-NO,Food and Tobacco Production,Consumer Non-Cyclicals,-0.0169453770147496,0,1.9360139822082869e-4,0.0043197524572869,-0.00100668584145328,79342.9790309168,11.281535241018036,0.24175202527759176,-0.0169453770147496,1.9360139822082869e-4
2021-03-19,Mowi ASA,NO0003054108,MOWI-NO,Food and Tobacco Production,Consumer Non-Cyclicals,-0.00766649402218478,0,-0.00572063593652068,0.01587788955908198,0.00233117186541633,79342.9790309168,11.281535241018036,0.24175202527759176,-0.00766649402218478,-0.00572063593652068
2021-03-22,Mowi ASA,NO0003054108,MOWI-NO,Food and Tobacco Production,Consumer Non-Cyclicals,-0.00627409191490302,0,0.00306610386429699,-0.00282305037705648,-0.01663397051141794,79342.9790309168,11.281535241018036,0.24175202527759176,-0.00627409191490302,0.00306610386429699
2021-03-23,Mowi ASA,NO0003054108,MOWI-NO,Food and Tobacco Production,Consumer Non-Cyclicals,-0.00922435536199839,0,-0.01232842961852829,-0.00464874522655915,-0.01862312678590249,79342.9790309168,11.281535241018036,0.24175202527759176,-0.00922435536199839,-0.01232842961852829
2021-03-24,Mowi ASA,NO0003054108,MOWI-NO,Food and Tobacco Production,Consumer Non-Cyclicals,0.00980170190677621,0,0.0018893734537578,0.01085692199426246,0.0247259135298174,79342.9790309168,11.281535241018036,0.24175202527759176,0.00980170190677621,0.0018893734537578
2021-03-25,Mowi ASA,NO0003054108,MOWI-NO,Food and Tobacco Production,Consumer Non-Cyclicals,-0.002428007393392,0,-0.00861549343030309,-0.01615378496710636,1.9293019139845005e-4,79342.9790309168,11.281535241018036,0.24175202527759176,-0.002428007393392,-0.00861549343030309
2021-03-26,Mowi ASA,NO0003054108,MOWI-NO,Food and Tobacco Production,Consumer Non-Cyclicals,0.0121641030138908,0,0.01577143828835091,0.00200645826921385,0.00921195543118776,79342.9790309168,11.281535241018036,0.24175202527759176,0.0121641030138908,0.01577143828835091
2021-03-29,Mowi ASA,NO0003054108,MOWI-NO,Food and Tobacco Production,Consumer Non-Cyclicals,0.00817261604952324,0,0.00864271857970063,-0.00100548639455128,7.787722076133784e-4,79342.9790309168,11.281535241018036,0.24175202527759176,0.00817261604952324,0.00864271857970063
2021-03-30,Mowi ASA,NO0003054108,MOWI-NO,Food and Tobacco Production,Consumer Non-Cyclicals,0.00524845554660214,0,0.00166162500083169,-0.00698746952315841,-0.00843332415494349,79342.9790309168,11.281535241018036,0.24175202527759176,0.00524845554660214,0.00166162500083169
2021-03-31,Mowi ASA,NO0003054108,MOWI-NO,Food and Tobacco Production,Consumer Non-Cyclicals,0.00664254757464189,0,0.00448430967720878,-0.00490856546638785,-0.01093972079278391,79342.9790309168,11.281535241018036,0.24175202527759176,0.00664254757464189,0.00448430967720878
2021-04-06,Mowi ASA,NO0003054108,MOWI-NO,Food and Tobacco Production,Consumer Non-Cyclicals,-9.4494877103568e-4,0,0.01154959061065495,-1.583391799763606e-4,-0.00664529512112247,79342.9790309168,11.281535241018036,0.24175202527759176,-9.4494877103568e-4,0.01154959061065495
2021-04-07,Mowi ASA,NO0003054108,MOWI-NO,Food and Tobacco Production,Consumer Non-Cyclicals,-0.00141345009352156,0,-0.00619392892611337,0.00799746124057804,0.00477991779264004,79342.9790309168,11.281535241018036,0.24175202527759176,-0.00141345009352156,-0.00619392892611337
2021-04-08,Mowi ASA,NO0003054108,MOWI-NO,Food and Tobacco Production,Consumer Non-Cyclicals,-0.00708789629960727,0,-0.0013486490266574,0.00478140939875745,-0.00936573322695589,79342.9790309168,11.281535241018036,0.24175202527759176,-0.00708789629960727,-0.0013486490266574
2021-04-09,Mowi ASA,NO0003054108,MOWI-NO,Food and Tobacco Production,Consumer Non-Cyclicals,0.0085640481473146,0,5.866008285179352e-4,-0.00140155049999187,-0.00579753576695412,79342.9790309168,11.281535241018036,0.24175202527759176,0.0085640481473146,5.866008285179352e-4
2021-04-12,Mowi ASA,NO0003054108,MOWI-NO,Food and Tobacco Production,Consumer Non-Cyclicals,-0.0316007056623023,0,-0.00670104881014229,-6.624012408553486e-4,0.02028403508659855,79342.9790309168,11.281535241018036,0.24175202527759176,-0.0316007056623023,-0.00670104881014229
2021-04-13,Mowi ASA,NO0003054108,MOWI-NO,Food and Tobacco Production,Consumer Non-Cyclicals,0.0092512826140636,0,0.00658298851450412,0.00115420192994717,-0.01261421278465846,79342.9790309168,11.281535241018036,0.24175202527759176,0.0092512826140636,0.00658298851450412
2021-04-14,Mowi ASA,NO0003054108,MOWI-NO,Food and Tobacco Production,Consumer Non-Cyclicals,-0.0197845931354693,0,-0.00173800982941683,0.00736444241732725,0.01735933621113316,79342.9790309168,11.281535241018036,0.24175202527759176,-0.0197845931354693,-0.00173800982941683
2021-04-15,Mowi ASA,NO0003054108,MOWI-NO,Food and Tobacco Production,Consumer Non-Cyclicals,-0.00295631531071827,0,0.00553944433614726,0.00767620450790528,0.00894105072148988,79342.9790309168,11.281535241018036,0.24175202527759176,-0.00295631531071827,0.00553944433614726
2021-04-16,Mowi ASA,NO0003054108,MOWI-NO,Food and Tobacco Production,Consumer Non-Cyclicals,0.00740992106097615,0,0.01158378619039871,-0.00536986425680522,-5.213156393032038e-4,79342.9790309168,11.281535241018036,0.24175202527759176,0.00740992106097615,0.01158378619039871
2021-04-19,Mowi ASA,NO0003054108,MOWI-NO,Food and Tobacco Production,Consumer Non-Cyclicals,0,0,-0.00739762328216739,0.01400760249649389,0.01022434124012179,79342.9790309168,11.281535241018036,0.24175202527759176,0,-0.00739762328216739
2021-04-20,Mowi ASA,NO0003054108,MOWI-NO,Food and Tobacco Production,Consumer Non-Cyclicals,0.0240155501929968,0,-0.01360228341844775,-3.0811445714532676e-4,-0.00594022508511668,79342.9790309168,11.281535241018036,0.24175202527759176,0.0240155501929968,-0.01360228341844775
2021-04-21,Mowi ASA,NO0003054108,MOWI-NO,Food and Tobacco Production,Consumer Non-Cyclicals,-0.00861734253666946,0,-0.00582255172316484,0.00180540051915827,0.00631528327941921,79342.9790309168,11.281535241018036,0.24175202527759176,-0.00861734253666946,-0.00582255172316484
2021-04-22,Mowi ASA,NO0003054108,MOWI-NO,Food and Tobacco Production,Consumer Non-Cyclicals,9.6822271298169e-4,0,0.01243890893228946,0.00167115109130384,-0.03469662516332034,79342.9790309168,11.281535241018036,0.24175202527759176,9.6822271298169e-4,0.01243890893228946
2021-04-23,Mowi ASA,NO0003054108,MOWI-NO,Food and Tobacco Production,Consumer Non-Cyclicals,-0.00868383871318346,0,0.00246514014433944,-0.00777837729805477,-0.00532547931845351,79342.9790309168,11.281535241018036,0.24175202527759176,-0.00868383871318346,0.00246514014433944
2021-04-26,Mowi ASA,NO0003054108,MOWI-NO,Food and Tobacco Production,Consumer Non-Cyclicals,0.0184900943965092,0,0.01074572371395003,0.00650376882678663,0.0034312838586795,79342.9790309168,11.281535241018036,0.24175202527759176,0.0184900943965092,0.01074572371395003
2021-04-27,Mowi ASA,NO0003054108,MOWI-NO,Food and Tobacco Production,Consumer Non-Cyclicals,4.790225786484e-4,0,-0.00188359518616572,0.00930115100910856,6.034677796153058e-4,79342.9790309168,11.281535241018036,0.24175202527759176,4.790225786484e-4,-0.00188359518616572
2021-04-28,Mowi ASA,NO0003054108,MOWI-NO,Food and Tobacco Production,Consumer Non-Cyclicals,0.0291310709905104,0,0.00803613961119577,-0.00626750050737935,-0.00664915844616102,79342.9790309168,11.281535241018036,0.24175202527759176,0.0291310709905104,0.00803613961119577
2021-04-29,Mowi ASA,NO0003054108,MOWI-NO,Food and Tobacco Production,Consumer Non-Cyclicals,-0.0269159796967051,0,-0.00251753470196949,0.00309395532204183,0.01677344219596846,79342.9790309168,11.281535241018036,0.24175202527759176,-0.0269159796967051,-0.00251753470196949
2021-04-30,Mowi ASA,NO0003054108,MOWI-NO,Food and Tobacco Production,Consumer Non-Cyclicals,-0.0195487510072523,0,-0.01429655695055646,0.0134045679918973,0.00368088506234984,79342.9790309168,11.281535241018036,0.24175202527759176,-0.0195487510072523,-0.01429655695055646
2021-05-03,Mowi ASA,NO0003054108,MOWI-NO,Food and Tobacco Production,Consumer Non-Cyclicals,0.0092432784873242,0,0.00764734322582594,0.00332563426346053,-0.00899129853199624,79342.9790309168,11.281535241018036,0.24175202527759176,0.0092432784873242,0.00764734322582594
2021-05-04,Mowi ASA,NO0003054108,MOWI-NO,Food and Tobacco Production,Consumer Non-Cyclicals,0.0371068089772961,0,-0.00802662647815048,0.00688448391378178,0.02399407577040056,79342.9790309168,11.281535241018036,0.24175202527759176,0.0371068089772961,-0.00802662647815048
2021-05-05,Mowi ASA,NO0003054108,MOWI-NO,Food and Tobacco Production,Consumer Non-Cyclicals,0.00232420576549619,0,0.00514784934356923,0.02417345288607971,0.01266317664424006,79342.9790309168,11.281535241018036,0.24175202527759176,0.00232420576549619,0.00514784934356923
2021-05-06,Mowi ASA,NO0003054108,MOWI-NO,Food and Tobacco Production,Consumer Non-Cyclicals,0.00741603430176996,0,-0.01010250952598448,-0.02381689820513647,0.00994809159730291,79342.9790309168,11.281535241018036,0.24175202527759176,0.00741603430176996,-0.01010250952598448
2021-05-07,Mowi ASA,NO0003054108,MOWI-NO,Food and Tobacco Production,Consumer Non-Cyclicals,0.00644385345547094,0,0.01869970422070827,0.00174820559835269,-0.00114498354264444,79342.9790309168,11.281535241018036,0.24175202527759176,0.00644385345547094,0.01869970422070827
2021-05-10,Mowi ASA,NO0003054108,MOWI-NO,Food and Tobacco Production,Consumer Non-Cyclicals,0.00594416400535702,0,-0.00389227841393321,0.0122197495906369,0.02125345839155426,79342.9790309168,11.281535241018036,0.24175202527759176,0.00594416400535702,-0.00389227841393321
2021-05-11,Mowi ASA,NO0003054108,MOWI-NO,Food and Tobacco Production,Consumer Non-Cyclicals,-0.0150030210861574,0,-0.01609351764007096,-0.00766143184403349,0.01367473110917757,79342.9790309168,11.281535241018036,0.24175202527759176,-0.0150030210861574,-0.01609351764007096
2021-05-12,Mowi ASA,NO0003054108,MOWI-NO,Food and Tobacco Production,Consumer Non-Cyclicals,-0.0253789690378657,0,-0.00621783130999837,-0.00728901445890078,0.00546115702761468,79342.9790309168,11.281535241018036,0.24175202527759176,-0.0253789690378657,-0.00621783130999837
2021-05-14,Mowi ASA,NO0003054108,MOWI-NO,Food and Tobacco Production,Consumer Non-Cyclicals,-4.747122390416e-4,0,0.00523255357101717,0.00497725196490062,-0.00579723724401299,79342.9790309168,11.281535241018036,0.24175202527759176,-4.747122390416e-4,0.00523255357101717
2021-05-18,Mowi ASA,NO0003054108,MOWI-NO,Food and Tobacco Production,Consumer Non-Cyclicals,-0.00852753304552467,0,0.00760419262129088,0.01064766638286307,0.01039809799686841,79342.9790309168,11.281535241018036,0.24175202527759176,-0.00852753304552467,0.00760419262129088
2021-05-19,Mowi ASA,NO0003054108,MOWI-NO,Food and Tobacco Production,Consumer Non-Cyclicals,-0.00668478699642072,0,-0.01587389397740308,0.00195450658975239,-0.00930143197268785,79342.9790309168,11.281535241018036,0.24175202527759176,-0.00668478699642072,-0.01587389397740308
2021-05-20,Mowi ASA,NO0003054108,MOWI-NO,Food and Tobacco Production,Consumer Non-Cyclicals,0.0101000796519157,0,0.01575819511312163,0.0047431123414014,-6.051969389517763e-4,79342.9790309168,11.281535241018036,0.24175202527759176,0.0101000796519157,0.01575819511312163
2021-05-21,Mowi ASA,NO0003054108,MOWI-NO,Food and Tobacco Production,Consumer Non-Cyclicals,0.0166669348825483,0,0.01790631362244723,-0.00256301119850912,-3.715937794113652e-4,79342.9790309168,11.281535241018036,0.24175202527759176,0.0166669348825483,0.01790631362244723
2021-05-25,Mowi ASA,NO0003054108,MOWI-NO,Food and Tobacco Production,Consumer Non-Cyclicals,0.00421582490871875,0,-0.00701733337924529,0.0034215154774036,0.00319275104328275,79342.9790309168,11.281535241018036,0.24175202527759176,0.00421582490871875,-0.00701733337924529
2021-05-26,Mowi ASA,NO0003054108,MOWI-NO,Food and Tobacco Production,Consumer Non-Cyclicals,0.00746100050965981,0,-4.38468688902506e-4,-0.00125007058964682,-0.01294911830726884,79342.9790309168,11.281535241018036,0.24175202527759176,0.00746100050965981,-4.38468688902506e-4
2021-05-27,Mowi ASA,NO0003054108,MOWI-NO,Food and Tobacco Production,Consumer Non-Cyclicals,-0.0199068544875172,0,0.00711231294719636,-0.00727753936565732,-6.592182442782934e-4,79342.9790309168,11.281535241018036,0.24175202527759176,-0.0199068544875172,0.00711231294719636
2021-05-28,Mowi ASA,NO0003054108,MOWI-NO,Food and Tobacco Production,Consumer Non-Cyclicals,0.0319806732437238,0,0.01228480845451238,0.00693816431563675,0.00466444785813013,79342.9790309168,11.281535241018036,0.24175202527759176,0.0319806732437238,0.01228480845451238
2021-05-31,Mowi ASA,NO0003054108,MOWI-NO,Food and Tobacco Production,Consumer Non-Cyclicals,-0.00184081346423559,0,-0.00579180772734711,0.01074537661841301,-0.00338834870556791,79342.9790309168,11.281535241018036,0.24175202527759176,-0.00184081346423559,-0.00579180772734711
2021-06-01,Mowi ASA,NO0003054108,MOWI-NO,Food and Tobacco Production,Consumer Non-Cyclicals,0.00137928184358849,0,0.01250836902381878,0.00168829396603452,0.02571932877804368,79342.9790309168,11.281535241018036,0.24175202527759176,0.00137928184358849,0.01250836902381878
2021-06-02,Mowi ASA,NO0003054108,MOWI-NO,Food and Tobacco Production,Consumer Non-Cyclicals,0.0257369251880359,0,0.00121998493828497,7.084933908688283e-4,0.00278032643331236,79342.9790309168,11.281535241018036,0.24175202527759176,0.0257369251880359,0.00121998493828497
2021-06-03,Mowi ASA,NO0003054108,MOWI-NO,Food and Tobacco Production,Consumer Non-Cyclicals,0.0161289511403928,0,0.00171279210180196,-0.00865262717398187,0.00442282763631608,79342.9790309168,11.281535241018036,0.24175202527759176,0.0161289511403928,0.00171279210180196
2021-06-04,Mowi ASA,NO0003054108,MOWI-NO,Food and Tobacco Production,Consumer Non-Cyclicals,0.0114629631462766,-4e-7,0.00800025101952866,-0.0074210967510763,-0.00311447443137201,79342.9790309168,11.281535241018036,0.24175202527759176,0.0114633631462766,0.00800065101952866
2021-06-07,Mowi ASA,NO0003054108,MOWI-NO,Food and Tobacco Production,Consumer Non-Cyclicals,0.0017469343015688,0,-0.00283165428143832,0.00307049489467402,9.19047178713184e-4,79342.9790309168,11.281535241018036,0.24175202527759176,0.0017469343015688,-0.00283165428143832
2021-06-08,Mowi ASA,NO0003054108,MOWI-NO,Food and Tobacco Production,Consumer Non-Cyclicals,0.00260850450626471,0,-8.499319388609767e-4,-0.00384283616810448,-0.01692714010097076,79342.9790309168,11.281535241018036,0.24175202527759176,0.00260850450626471,-8.499319388609767e-4
2021-06-09,Mowi ASA,NO0003054108,MOWI-NO,Food and Tobacco Production,Consumer Non-Cyclicals,-0.00130085895668186,0,-5.785158138624064e-4,0.0019798894976289,0.00280485162459848,79342.9790309168,11.281535241018036,0.24175202527759176,-0.00130085895668186,-5.785158138624064e-4
2021-06-10,Mowi ASA,NO0003054108,MOWI-NO,Food and Tobacco Production,Consumer Non-Cyclicals,-0.00999599964874964,0,-0.00370782801487953,0.00907912393742786,0.01639075900401471,79342.9790309168,11.281535241018036,0.24175202527759176,-0.00999599964874964,-0.00370782801487953
2021-06-11,Mowi ASA,NO0003054108,MOWI-NO,Food and Tobacco Production,Consumer Non-Cyclicals,0.00658345365219071,0,0.0024369880738032,0.0108613798944154,-0.00148481628275561,79342.9790309168,11.281535241018036,0.24175202527759176,0.00658345365219071,0.0024369880738032
2021-06-14,Mowi ASA,NO0003054108,MOWI-NO,Food and Tobacco Production,Consumer Non-Cyclicals,8.713999676897e-4,0,0.01101569155603877,-0.00248193302484024,0.00635345982375265,79342.9790309168,11.281535241018036,0.24175202527759176,8.713999676897e-4,0.01101569155603877
2021-06-15,Mowi ASA,NO0003054108,MOWI-NO,Food and Tobacco Production,Consumer Non-Cyclicals,-8.7064129089686e-4,0,-0.00845643211253762,-0.00146139963579336,-0.00315446669095867,79342.9790309168,11.281535241018036,0.24175202527759176,-8.7064129089686e-4,-0.00845643211253762
2021-06-16,Mowi ASA,NO0003054108,MOWI-NO,Food and Tobacco Production,Consumer Non-Cyclicals,0.0178832813593839,0,5.919765097736843e-4,-0.00687384555989983,9.084540307095212e-4,79342.9790309168,11.281535241018036,0.24175202527759176,0.0178832813593839,5.919765097736843e-4
2021-06-17,Mowi ASA,NO0003054108,MOWI-NO,Food and Tobacco Production,Consumer Non-Cyclicals,0.00171218052923683,0,-0.0087091990135768,0.00361279603841047,0.00508909678608338,79342.9790309168,11.281535241018036,0.24175202527759176,0.00171218052923683,-0.0087091990135768
2021-06-18,Mowi ASA,NO0003054108,MOWI-NO,Food and Tobacco Production,Consumer Non-Cyclicals,0,0,-0.01140462326981899,6.270269224375727e-4,-0.01600050682620485,79342.9790309168,11.281535241018036,0.24175202527759176,0,-0.01140462326981899
2021-06-21,Mowi ASA,NO0003054108,MOWI-NO,Food and Tobacco Production,Consumer Non-Cyclicals,0.00342330923093193,0,0.00857333985280854,-0.00927165440516247,0.00948864146623832,79342.9790309168,11.281535241018036,0.24175202527759176,0.00342330923093193,0.00857333985280854
2021-06-22,Mowi ASA,NO0003054108,MOWI-NO,Food and Tobacco Production,Consumer Non-Cyclicals,4.2585565885611e-4,0,0.00722797934366244,-0.00976396929627898,-0.00643604759187386,79342.9790309168,11.281535241018036,0.24175202527759176,4.2585565885611e-4,0.00722797934366244
2021-06-23,Mowi ASA,NO0003054108,MOWI-NO,Food and Tobacco Production,Consumer Non-Cyclicals,-0.0106514252917543,0,0.00492954241721388,0.01315631398530452,0.01003760000191583,79342.9790309168,11.281535241018036,0.24175202527759176,-0.0106514252917543,0.00492954241721388
2021-06-24,Mowi ASA,NO0003054108,MOWI-NO,Food and Tobacco Production,Consumer Non-Cyclicals,-0.0150735063064108,0,-2.117111804925422e-4,-0.00248537547743336,-0.00151427047521851,79342.9790309168,11.281535241018036,0.24175202527759176,-0.0150735063064108,-2.117111804925422e-4
2021-06-25,Mowi ASA,NO0003054108,MOWI-NO,Food and Tobacco Production,Consumer Non-Cyclicals,-0.00524701204996691,0,0.00648661689212803,0.00109142308927284,0.00559357179817499,79342.9790309168,11.281535241018036,0.24175202527759176,-0.00524701204996691,0.00648661689212803
2021-06-28,Mowi ASA,NO0003054108,MOWI-NO,Food and Tobacco Production,Consumer Non-Cyclicals,-0.0215378997957231,0,-0.00773896862880191,0.00507106452098924,-0.02279803984536289,79342.9790309168,11.281535241018036,0.24175202527759176,-0.0215378997957231,-0.00773896862880191
2021-06-29,Mowi ASA,NO0003054108,MOWI-NO,Food and Tobacco Production,Consumer Non-Cyclicals,-0.00808871362222074,0,0.00254094819749706,0.00647987830543167,-0.01713930939320232,79342.9790309168,11.281535241018036,0.24175202527759176,-0.00808871362222074,0.00254094819749706
2021-06-30,Mowi ASA,NO0003054108,MOWI-NO,Food and Tobacco Production,Consumer Non-Cyclicals,-0.00814959048689101,-4e-7,-0.00959192136686519,0.00612527537985105,0.00814816836579382,79342.9790309168,11.281535241018036,0.24175202527759176,-0.00814919048689101,-0.00959152136686519
2021-07-01,Mowi ASA,NO0003054108,MOWI-NO,Food and Tobacco Production,Consumer Non-Cyclicals,0.0278532399766267,0,0.00857533259880597,-0.01488568103963649,-0.0077522164928799,79342.9790309168,11.281535241018036,0.24175202527759176,0.0278532399766267,0.00857533259880597
2021-07-02,Mowi ASA,NO0003054108,MOWI-NO,Food and Tobacco Production,Consumer Non-Cyclicals,-4.4382829330569e-4,0,-0.02015956632253222,-0.01015670772757477,-0.00768916425153488,79342.9790309168,11.281535241018036,0.24175202527759176,-4.4382829330569e-4,-0.02015956632253222
2021-07-05,Mowi ASA,NO0003054108,MOWI-NO,Food and Tobacco Production,Consumer Non-Cyclicals,0.00932952169986878,0,0.00510659885085274,-0.00145759773742656,-0.00489934480067091,79342.9790309168,11.281535241018036,0.24175202527759176,0.00932952169986878,0.00510659885085274
2021-07-06,Mowi ASA,NO0003054108,MOWI-NO,Food and Tobacco Production,Consumer Non-Cyclicals,8.8478515538104e-4,0,-4.014611323492355e-4,-0.00471825913539025,-0.01235428894535263,79342.9790309168,11.281535241018036,0.24175202527759176,8.8478515538104e-4,-4.014611323492355e-4
2021-07-07,Mowi ASA,NO0003054108,MOWI-NO,Food and Tobacco Production,Consumer Non-Cyclicals,0.00571885741377254,0,-0.00242805014021587,-0.00225729565997239,-0.01375493216800655,79342.9790309168,11.281535241018036,0.24175202527759176,0.00571885741377254,-0.00242805014021587
2021-07-08,Mowi ASA,NO0003054108,MOWI-NO,Food and Tobacco Production,Consumer Non-Cyclicals,-0.0227502627107824,0,-0.01570424035517368,-0.00873025547061547,3.3728976100108263e-4,79342.9790309168,11.281535241018036,0.24175202527759176,-0.0227502627107824,-0.01570424035517368
2021-07-09,Mowi ASA,NO0003054108,MOWI-NO,Food and Tobacco Production,Consumer Non-Cyclicals,0.00179385266289134,0,0.01074055142152819,0.00324308899077319,0.01800916619926504,79342.9790309168,11.281535241018036,0.24175202527759176,0.00179385266289134,0.01074055142152819
2021-07-12,Mowi ASA,NO0003054108,MOWI-NO,Food and Tobacco Production,Consumer Non-Cyclicals,0.0058082961328183,0,0.00986967552022361,-0.00575027234094607,-0.00410884246522086,79342.9790309168,11.281535241018036,0.24175202527759176,0.0058082961328183,0.00986967552022361
2021-07-13,Mowi ASA,NO0003054108,MOWI-NO,Food and Tobacco Production,Consumer Non-Cyclicals,0.00221914146652846,0,2.9592687902293854e-5,-0.00978129479484568,-0.01466769276055435,79342.9790309168,11.281535241018036,0.24175202527759176,0.00221914146652846,2.9592687902293854e-5
2021-07-14,Mowi ASA,NO0003054108,MOWI-NO,Food and Tobacco Production,Consumer Non-Cyclicals,-0.0212764898767497,0,0.00197268515616161,-2.1163791677613911e-4,0.00485806280526246,79342.9790309168,11.281535241018036,0.24175202527759176,-0.0212764898767497,0.00197268515616161
2021-07-15,Mowi ASA,NO0003054108,MOWI-NO,Food and Tobacco Production,Consumer Non-Cyclicals,0.0190241844054562,0,-0.00886782854481219,0.0103429955050609,0.01729413611496107,79342.9790309168,11.281535241018036,0.24175202527759176,0.0190241844054562,-0.00886782854481219
2021-07-16,Mowi ASA,NO0003054108,MOWI-NO,Food and Tobacco Production,Consumer Non-Cyclicals,-8.8805072865061e-4,0,-0.01270782187590101,0.00121694313727681,-0.00996512048918565,79342.9790309168,11.281535241018036,0.24175202527759176,-8.8805072865061e-4,-0.01270782187590101
2021-07-19,Mowi ASA,NO0003054108,MOWI-NO,Food and Tobacco Production,Consumer Non-Cyclicals,-0.0151252615336985,0,-0.02461640502912069,-0.0085665082134632,-0.01625673562404805,79342.9790309168,11.281535241018036,0.24175202527759176,-0.0151252615336985,-0.02461640502912069
2021-07-20,Mowi ASA,NO0003054108,MOWI-NO,Food and Tobacco Production,Consumer Non-Cyclicals,0.0203212460452666,0,0.01624676454133571,-0.00681676450863489,3.4326802511391863e-4,79342.9790309168,11.281535241018036,0.24175202527759176,0.0203212460452666,0.01624676454133571
2021-07-21,Mowi ASA,NO0003054108,MOWI-NO,Food and Tobacco Production,Consumer Non-Cyclicals,-0.00442258000397544,0,0.01216453992554389,0.00679678906247672,0.01575135392593702,79342.9790309168,11.281535241018036,0.24175202527759176,-0.00442258000397544,0.01216453992554389
2021-07-22,Mowi ASA,NO0003054108,MOWI-NO,Food and Tobacco Production,Consumer Non-Cyclicals,-0.00222610431744441,0,3.657805271661346e-4,-0.00368071119986844,-0.0112476390112883,79342.9790309168,11.281535241018036,0.24175202527759176,-0.00222610431744441,3.657805271661346e-4
2021-07-23,Mowi ASA,NO0003054108,MOWI-NO,Food and Tobacco Production,Consumer Non-Cyclicals,0.0106951336641588,0,-0.00355493008906522,0.00297436635241167,8.033979773868286e-4,79342.9790309168,11.281535241018036,0.24175202527759176,0.0106951336641588,-0.00355493008906522
2021-07-26,Mowi ASA,NO0003054108,MOWI-NO,Food and Tobacco Production,Consumer Non-Cyclicals,-0.00308351728848455,0,0.00410119728880818,0.00824900134931389,0.0207384620374564,79342.9790309168,11.281535241018036,0.24175202527759176,-0.00308351728848455,0.00410119728880818
2021-07-27,Mowi ASA,NO0003054108,MOWI-NO,Food and Tobacco Production,Consumer Non-Cyclicals,-0.00486547942349047,0,-0.00203315897558892,-0.00125319347030385,-0.00638854872195148,79342.9790309168,11.281535241018036,0.24175202527759176,-0.00486547942349047,-0.00203315897558892
2021-07-28,Mowi ASA,NO0003054108,MOWI-NO,Food and Tobacco Production,Consumer Non-Cyclicals,0.00577731878526633,0,-0.00155918835918017,0.00146250078506778,-0.01447188999094985,79342.9790309168,11.281535241018036,0.24175202527759176,0.00577731878526633,-0.00155918835918017
2021-07-29,Mowi ASA,NO0003054108,MOWI-NO,Food and Tobacco Production,Consumer Non-Cyclicals,-0.00309528415601423,0,0.00484989068262759,0.01080658739299601,0.01339358287847045,79342.9790309168,11.281535241018036,0.24175202527759176,-0.00309528415601423,0.00484989068262759
2021-07-30,Mowi ASA,NO0003054108,MOWI-NO,Food and Tobacco Production,Consumer Non-Cyclicals,-0.00177138222547324,0,-0.00409807048218482,0.00699118168616557,-0.00528381226517093,79342.9790309168,11.281535241018036,0.24175202527759176,-0.00177138222547324,-0.00409807048218482
2021-08-02,Mowi ASA,NO0003054108,MOWI-NO,Food and Tobacco Production,Consumer Non-Cyclicals,0.00577219278525765,0,0.00786283993613825,0.00496676457923958,0.00127222255364396,79342.9790309168,11.281535241018036,0.24175202527759176,0.00577219278525765,0.00786283993613825
2021-08-03,Mowi ASA,NO0003054108,MOWI-NO,Food and Tobacco Production,Consumer Non-Cyclicals,8.8217073472929e-4,0,-0.0016939143116257,-0.00912850097500697,-0.01183592330531546,79342.9790309168,11.281535241018036,0.24175202527759176,8.8217073472929e-4,-0.0016939143116257
2021-08-04,Mowi ASA,NO0003054108,MOWI-NO,Food and Tobacco Production,Consumer Non-Cyclicals,0.0185290636930375,0,0.00354818271013573,0.00471431486698295,0.00599633034758988,79342.9790309168,11.281535241018036,0.24175202527759176,0.0185290636930375,0.00354818271013573
2021-08-05,Mowi ASA,NO0003054108,MOWI-NO,Food and Tobacco Production,Consumer Non-Cyclicals,-0.0056296944505213,0,-0.00188206933293338,0.01441399904788256,0.00734051572723134,79342.9790309168,11.281535241018036,0.24175202527759176,-0.0056296944505213,-0.00188206933293338
2021-08-06,Mowi ASA,NO0003054108,MOWI-NO,Food and Tobacco Production,Consumer Non-Cyclicals,-0.0113280237805385,0,-1.1103824047944234e-4,0.00399222448005977,0.01429280633906144,79342.9790309168,11.281535241018036,0.24175202527759176,-0.0113280237805385,-1.1103824047944234e-4
2021-08-09,Mowi ASA,NO0003054108,MOWI-NO,Food and Tobacco Production,Consumer Non-Cyclicals,-0.00440114726535445,0,0.00161192690040199,4.743002895662488e-4,-0.01189830388764493,79342.9790309168,11.281535241018036,0.24175202527759176,-0.00440114726535445,0.00161192690040199
2021-08-10,Mowi ASA,NO0003054108,MOWI-NO,Food and Tobacco Production,Consumer Non-Cyclicals,0.00309442209308086,0,0.00716879460642662,-0.0030622626616192,0.00257281706027212,79342.9790309168,11.281535241018036,0.24175202527759176,0.00309442209308086,0.00716879460642662
2021-08-11,Mowi ASA,NO0003054108,MOWI-NO,Food and Tobacco Production,Consumer Non-Cyclicals,-0.00617470401529074,0,-8.066673126603112e-6,0.01409020943428347,0.02241716691860123,79342.9790309168,11.281535241018036,0.24175202527759176,-0.00617470401529074,-8.066673126603112e-6
2021-08-12,Mowi ASA,NO0003054108,MOWI-NO,Food and Tobacco Production,Consumer Non-Cyclicals,0.00177373870238062,0,0.0042848971412081,-0.00276190122311533,0.00531500952294449,79342.9790309168,11.281535241018036,0.24175202527759176,0.00177373870238062,0.0042848971412081
2021-08-13,Mowi ASA,NO0003054108,MOWI-NO,Food and Tobacco Production,Consumer Non-Cyclicals,0.00354616983815936,0,4.7304937137655e-4,0.0022988843964042,0.00268412550083406,79342.9790309168,11.281535241018036,0.24175202527759176,0.00354616983815936,4.7304937137655e-4
2021-08-16,Mowi ASA,NO0003054108,MOWI-NO,Food and Tobacco Production,Consumer Non-Cyclicals,-4.4108536736464e-4,0,-0.00828234353178625,-8.529595091885354e-4,0.00724035748747914,79342.9790309168,11.281535241018036,0.24175202527759176,-4.4108536736464e-4,-0.00828234353178625
2021-08-17,Mowi ASA,NO0003054108,MOWI-NO,Food and Tobacco Production,Consumer Non-Cyclicals,-0.00397647828803205,0,6.630855054038269e-4,-6.146780363222343e-4,0.00182853587176178,79342.9790309168,11.281535241018036,0.24175202527759176,-0.00397647828803205,6.630855054038269e-4
2021-08-18,Mowi ASA,NO0003054108,MOWI-NO,Food and Tobacco Production,Consumer Non-Cyclicals,-0.0110859998805279,0,0.00337726298316606,0.00200109951056718,0.0135806735822779,79342.9790309168,11.281535241018036,0.24175202527759176,-0.0110859998805279,0.00337726298316606
2021-08-19,Mowi ASA,NO0003054108,MOWI-NO,Food and Tobacco Production,Consumer Non-Cyclicals,-0.0089702351288905,0,-0.01670530439844119,-8.281840675605952e-5,0.01041080110946753,79342.9790309168,11.281535241018036,0.24175202527759176,-0.0089702351288905,-0.01670530439844119
2021-08-20,Mowi ASA,NO0003054108,MOWI-NO,Food and Tobacco Production,Consumer Non-Cyclicals,0.0149333333333332,0,-0.00111466515593959,0.00398512539385461,-0.0192018817690315,79342.9790309168,11.281535241018036,0.24175202527759176,0.0149333333333332,-0.00111466515593959
2021-08-23,Mowi ASA,NO0003054108,MOWI-NO,Food and Tobacco Production,Consumer Non-Cyclicals,0.0031228886720216,0,0.01137556721498588,0.00414950100119339,0.01386331700255707,79342.9790309168,11.281535241018036,0.24175202527759176,0.0031228886720216,0.01137556721498588
2021-08-24,Mowi ASA,NO0003054108,MOWI-NO,Food and Tobacco Production,Consumer Non-Cyclicals,-0.00266914123498918,0,0.00216118741466354,-0.00334227015497965,-0.00747310160609131,79342.9790309168,11.281535241018036,0.24175202527759176,-0.00266914123498918,0.00216118741466354
2021-08-25,Mowi ASA,NO0003054108,MOWI-NO,Food and Tobacco Production,Consumer Non-Cyclicals,0.0441161757643669,0,0.00435464036853554,-9.921356841539118e-4,-0.0046805724009441,79342.9790309168,11.281535241018036,0.24175202527759176,0.0441161757643669,0.00435464036853554
2021-08-26,Mowi ASA,NO0003054108,MOWI-NO,Food and Tobacco Production,Consumer Non-Cyclicals,-0.0029848171979131,0,0.00129000855346748,0.01394887531481202,0.00461523003946576,79342.9790309168,11.281535241018036,0.24175202527759176,-0.0029848171979131,0.00129000855346748
2021-08-27,Mowi ASA,NO0003054108,MOWI-NO,Food and Tobacco Production,Consumer Non-Cyclicals,0.00984622777510813,0,0.00381919908311776,-0.01117001470732591,-0.00647643586326652,79342.9790309168,11.281535241018036,0.24175202527759176,0.00984622777510813,0.00381919908311776
2021-08-30,Mowi ASA,NO0003054108,MOWI-NO,Food and Tobacco Production,Consumer Non-Cyclicals,0.00127052710219888,0,-0.00572687979361288,0.01053873427716717,-0.00180766399196575,79342.9790309168,11.281535241018036,0.24175202527759176,0.00127052710219888,-0.00572687979361288
2021-08-31,Mowi ASA,NO0003054108,MOWI-NO,Food and Tobacco Production,Consumer Non-Cyclicals,-0.0139723214964641,0,-0.01212090234203297,0.0013262994015769,-0.00992780944263356,79342.9790309168,11.281535241018036,0.24175202527759176,-0.0139723214964641,-0.01212090234203297
2021-09-01,Mowi ASA,NO0003054108,MOWI-NO,Food and Tobacco Production,Consumer Non-Cyclicals,0.0133123831190114,0,0.00882508889809732,-0.01246063682796917,4.457454467671207e-5,79342.9790309168,11.281535241018036,0.24175202527759176,0.0133123831190114,0.00882508889809732
2021-09-02,Mowi ASA,NO0003054108,MOWI-NO,Food and Tobacco Production,Consumer Non-Cyclicals,0.0182222053101722,0,0.01454036051357195,-0.00390163657310011,0.01136051399133614,79342.9790309168,11.281535241018036,0.24175202527759176,0.0182222053101722,0.01454036051357195
2021-09-03,Mowi ASA,NO0003054108,MOWI-NO,Food and Tobacco Production,Consumer Non-Cyclicals,-0.0258935203135436,0,-0.00418899634522437,0.00300394352167604,0.00414859675876387,79342.9790309168,11.281535241018036,0.24175202527759176,-0.0258935203135436,-0.00418899634522437
2021-09-06,Mowi ASA,NO0003054108,MOWI-NO,Food and Tobacco Production,Consumer Non-Cyclicals,0.00990763741691691,0,0.0093892299178155,-0.00663393289474311,-0.00360170246856799,79342.9790309168,11.281535241018036,0.24175202527759176,0.00990763741691691,0.0093892299178155
2021-09-07,Mowi ASA,NO0003054108,MOWI-NO,Food and Tobacco Production,Consumer Non-Cyclicals,-0.0170661753532899,0,-0.00883968242546251,0.00962069112290341,0.01336937323844698,79342.9790309168,11.281535241018036,0.24175202527759176,-0.0170661753532899,-0.00883968242546251
2021-09-08,Mowi ASA,NO0003054108,MOWI-NO,Food and Tobacco Production,Consumer Non-Cyclicals,0.0169276997845391,0,-0.00419601625719322,-0.00334674251216098,-0.0043236920692207,79342.9790309168,11.281535241018036,0.24175202527759176,0.0169276997845391,-0.00419601625719322
2021-09-09,Mowi ASA,NO0003054108,MOWI-NO,Food and Tobacco Production,Consumer Non-Cyclicals,-0.00725408784714643,0,-0.008498926094366,0.00523947593286751,0.00551831836729634,79342.9790309168,11.281535241018036,0.24175202527759176,-0.00725408784714643,-0.008498926094366
2021-09-10,Mowi ASA,NO0003054108,MOWI-NO,Food and Tobacco Production,Consumer Non-Cyclicals,-0.00344060294293569,0,-0.0032522341468479,-0.00284436039590298,0.00141710066238317,79342.9790309168,11.281535241018036,0.24175202527759176,-0.00344060294293569,-0.0032522341468479
2021-09-13,Mowi ASA,NO0003054108,MOWI-NO,Food and Tobacco Production,Consumer Non-Cyclicals,0.0129408036263061,0,-6.91461935557797e-4,0.00471241003769904,0.01459150642537478,79342.9790309168,11.281535241018036,0.24175202527759176,0.0129408036263061,-6.91461935557797e-4
2021-09-14,Mowi ASA,NO0003054108,MOWI-NO,Food and Tobacco Production,Consumer Non-Cyclicals,-0.0093671042090343,0,-0.00159592428052489,0.0044372690820369,2.1016096172625463e-4,79342.9790309168,11.281535241018036,0.24175202527759176,-0.0093671042090343,-0.00159592428052489
2021-09-15,Mowi ASA,NO0003054108,MOWI-NO,Food and Tobacco Production,Consumer Non-Cyclicals,0.00344060294293569,0,3.846811289439433e-4,0.00848566009925177,0.02323934801007456,79342.9790309168,11.281535241018036,0.24175202527759176,0.00344060294293569,3.846811289439433e-4
2021-09-16,Mowi ASA,NO0003054108,MOWI-NO,Food and Tobacco Production,Consumer Non-Cyclicals,0.00128282163533533,0,-0.00218695917720582,0.00601897500813035,0.00101984729275371,79342.9790309168,11.281535241018036,0.24175202527759176,0.00128282163533533,-0.00218695917720582
2021-09-17,Mowi ASA,NO0003054108,MOWI-NO,Food and Tobacco Production,Consumer Non-Cyclicals,-0.00256711896858008,0,-0.00651827443154936,0.01540754980486765,-0.00708599777379308,79342.9790309168,11.281535241018036,0.24175202527759176,-0.00256711896858008,-0.00651827443154936
2021-09-20,Mowi ASA,NO0003054108,MOWI-NO,Food and Tobacco Production,Consumer Non-Cyclicals,-0.0197350828940333,0,-0.01649888140661534,-0.03291113928554295,-0.01248503263812495,79342.9790309168,11.281535241018036,0.24175202527759176,-0.0197350828940333,-0.01649888140661534
2021-09-21,Mowi ASA,NO0003054108,MOWI-NO,Food and Tobacco Production,Consumer Non-Cyclicals,0.0192555932797833,0,0.00486205348443536,-0.00997051897869062,-0.00647251098089282,79342.9790309168,11.281535241018036,0.24175202527759176,0.0192555932797833,0.00486205348443536
2021-09-22,Mowi ASA,NO0003054108,MOWI-NO,Food and Tobacco Production,Consumer Non-Cyclicals,0.00858805987268441,0,0.01818531377376226,-0.00589237337131745,0.00455335814685847,79342.9790309168,11.281535241018036,0.24175202527759176,0.00858805987268441,0.01818531377376226
2021-09-23,Mowi ASA,NO0003054108,MOWI-NO,Food and Tobacco Production,Consumer Non-Cyclicals,0.0183092384892036,0,0.01563936666016899,-0.00536962850370043,-0.00372885168036781,79342.9790309168,11.281535241018036,0.24175202527759176,0.0183092384892036,0.01563936666016899
2021-09-24,Mowi ASA,NO0003054108,MOWI-NO,Food and Tobacco Production,Consumer Non-Cyclicals,-0.0112887089644261,1e-5,-0.00134931222962317,0.00832209799092404,0.01207001528009437,79342.9790309168,11.281535241018036,0.24175202527759176,-0.01129870896442609,-0.00135931222962317
2021-09-27,Mowi ASA,NO0003054108,MOWI-NO,Food and Tobacco Production,Consumer Non-Cyclicals,0.00507344255196962,1e-5,0.00525480317846326,0.00221359159662711,0.0180807219530217,79342.9790309168,11.281535241018036,0.24175202527759176,0.00506344255196962,0.00524480317846326
2021-09-28,Mowi ASA,NO0003054108,MOWI-NO,Food and Tobacco Production,Consumer Non-Cyclicals,-0.0088360484554475,1e-5,-0.00745190346749729,0.00757408926002991,0.02679966979734756,79342.9790309168,11.281535241018036,0.24175202527759176,-0.0088460484554475,-0.00746190346749729
2021-09-29,Mowi ASA,NO0003054108,MOWI-NO,Food and Tobacco Production,Consumer Non-Cyclicals,-0.0280105825105115,1e-5,0.00130856458337516,-3.248656184993439e-4,0.00151129861304601,79342.9790309168,11.281535241018036,0.24175202527759176,-0.0280205825105115,0.00129856458337516
2021-09-30,Mowi ASA,NO0003054108,MOWI-NO,Food and Tobacco Production,Consumer Non-Cyclicals,-0.0301349755274837,1e-5,0.00448489358104101,-0.00224467855557998,0.01446292323871224,79342.9790309168,11.281535241018036,0.24175202527759176,-0.0301449755274837,0.00447489358104101
2021-10-01,Mowi ASA,NO0003054108,MOWI-NO,Food and Tobacco Production,Consumer Non-Cyclicals,0.00135310537683986,1e-5,-0.00433222334053369,0.00104282730018202,-0.00455169814006262,79342.9790309168,11.281535241018036,0.24175202527759176,0.00134310537683986,-0.00434222334053369
2021-10-04,Mowi ASA,NO0003054108,MOWI-NO,Food and Tobacco Production,Consumer Non-Cyclicals,-4.504256522414e-4,1e-5,0.00302718776538885,-0.00957292836128717,0.00230835577163726,79342.9790309168,11.281535241018036,0.24175202527759176,-4.604256522414e-4,0.00301718776538885
2021-10-05,Mowi ASA,NO0003054108,MOWI-NO,Food and Tobacco Production,Consumer Non-Cyclicals,0.00809629433059111,1e-5,0.00287416899392092,0.00302721619955398,0.00318185153951212,79342.9790309168,11.281535241018036,0.24175202527759176,0.00808629433059111,0.00286416899392092
2021-10-06,Mowi ASA,NO0003054108,MOWI-NO,Food and Tobacco Production,Consumer Non-Cyclicals,-0.0142794703434026,1e-5,-0.01504877317981169,0.00494027377316571,-0.00426327055766751,79342.9790309168,11.281535241018036,0.24175202527759176,-0.0142894703434026,-0.01505877317981168
2021-10-07,Mowi ASA,NO0003054108,MOWI-NO,Food and Tobacco Production,Consumer Non-Cyclicals,0.0176556839310098,1e-5,0.00509759861774225,-0.00534705739687146,-0.00475949125304998,79342.9790309168,11.281535241018036,0.24175202527759176,0.0176456839310098,0.00508759861774225
2021-10-08,Mowi ASA,NO0003054108,MOWI-NO,Food and Tobacco Production,Consumer Non-Cyclicals,0.00222313546272401,1e-5,0.00363154699554609,-0.00282054644066744,-4.216973683752744e-4,79342.9790309168,11.281535241018036,0.24175202527759176,0.00221313546272401,0.00362154699554609
2021-10-11,Mowi ASA,NO0003054108,MOWI-NO,Food and Tobacco Production,Consumer Non-Cyclicals,-0.00577029483835279,1e-5,0.00646704084144379,-0.00675466880155088,0.00443762503451669,79342.9790309168,11.281535241018036,0.24175202527759176,-0.00578029483835279,0.00645704084144379
2021-10-12,Mowi ASA,NO0003054108,MOWI-NO,Food and Tobacco Production,Consumer Non-Cyclicals,-0.00401494673238989,1e-5,0.00321339213293816,-0.00889927721835124,-0.00296187591424438,79342.9790309168,11.281535241018036,0.24175202527759176,-0.00402494673238989,0.00320339213293816
2021-10-13,Mowi ASA,NO0003054108,MOWI-NO,Food and Tobacco Production,Consumer Non-Cyclicals,0.0098583117142288,1e-5,0.00903516459244713,-0.01701356608005805,-0.02498514371184349,79342.9790309168,11.281535241018036,0.24175202527759176,0.0098483117142288,0.00902516459244713
2021-10-14,Mowi ASA,NO0003054108,MOWI-NO,Food and Tobacco Production,Consumer Non-Cyclicals,0.0252993834479489,1e-5,0.01306749945210079,-0.01320622995590419,-0.00363157303321221,79342.9790309168,11.281535241018036,0.24175202527759176,0.0252893834479489,0.01305749945210079
2021-10-15,Mowi ASA,NO0003054108,MOWI-NO,Food and Tobacco Production,Consumer Non-Cyclicals,0.00865869700342592,1e-5,-0.00304379972874617,0.00583519464666243,0.00853566533049717,79342.9790309168,11.281535241018036,0.24175202527759176,0.00864869700342592,-0.00305379972874617
2021-10-18,Mowi ASA,NO0003054108,MOWI-NO,Food and Tobacco Production,Consumer Non-Cyclicals,-0.00428979525542905,1e-5,0.00152680880139095,0.00344610069733109,0.00729931681525164,79342.9790309168,11.281535241018036,0.24175202527759176,-0.00429979525542905,0.00151680880139095
2021-10-19,Mowi ASA,NO0003054108,MOWI-NO,Food and Tobacco Production,Consumer Non-Cyclicals,0.0068942025369898,1e-5,0.00379035768103743,0.01125007574776335,-0.00838442041737666,79342.9790309168,11.281535241018036,0.24175202527759176,0.0068842025369898,0.00378035768103743
2021-10-20,Mowi ASA,NO0003054108,MOWI-NO,Food and Tobacco Production,Consumer Non-Cyclicals,0.0261157938372254,1e-5,0.00990826940030502,-0.02579475480928327,-0.01103364291593807,79342.9790309168,11.281535241018036,0.24175202527759176,0.0261057938372254,0.00989826940030502
2021-10-21,Mowi ASA,NO0003054108,MOWI-NO,Food and Tobacco Production,Consumer Non-Cyclicals,0.0175199903414842,1e-5,0.00521822518188525,-0.01583062628274859,-0.01150795787696944,79342.9790309168,11.281535241018036,0.24175202527759176,0.0175099903414842,0.00520822518188525
2021-10-22,Mowi ASA,NO0003054108,MOWI-NO,Food and Tobacco Production,Consumer Non-Cyclicals,0.00656240445038714,1e-5,0.00322163233336294,-0.00196791423322222,-0.01158778516895982,79342.9790309168,11.281535241018036,0.24175202527759176,0.00655240445038714,0.00321163233336294
2021-10-25,Mowi ASA,NO0003054108,MOWI-NO,Food and Tobacco Production,Consumer Non-Cyclicals,0.00895881032802115,1e-5,-0.00431073034270567,0.00669110044342336,0.00878597841885329,79342.9790309168,11.281535241018036,0.24175202527759176,0.00894881032802115,-0.00432073034270566
2021-10-26,Mowi ASA,NO0003054108,MOWI-NO,Food and Tobacco Production,Consumer Non-Cyclicals,0.00201760574455956,1e-5,0.00195634972115746,-0.00611232495078074,-0.01277639115641738,79342.9790309168,11.281535241018036,0.24175202527759176,0.00200760574455956,0.00194634972115746
2021-10-27,Mowi ASA,NO0003054108,MOWI-NO,Food and Tobacco Production,Consumer Non-Cyclicals,-0.00201354320821567,1e-5,0.00214520351759702,-0.02048731124195335,-0.006276791352068,79342.9790309168,11.281535241018036,0.24175202527759176,-0.00202354320821567,0.00213520351759702
2021-10-28,Mowi ASA,NO0003054108,MOWI-NO,Food and Tobacco Production,Consumer Non-Cyclicals,-0.00847484283794897,1e-5,-0.00564240371926281,-0.00113484762768079,-0.02323074054638798,79342.9790309168,11.281535241018036,0.24175202527759176,-0.00848484283794897,-0.0056524037192628
2021-10-29,Mowi ASA,NO0003054108,MOWI-NO,Food and Tobacco Production,Consumer Non-Cyclicals,-0.00407423353198433,1e-5,-0.0051904145737336,0.00825860893375596,0.01716661857366715,79342.9790309168,11.281535241018036,0.24175202527759176,-0.00408423353198432,-0.00520041457373359
2021-11-01,Mowi ASA,NO0003054108,MOWI-NO,Food and Tobacco Production,Consumer Non-Cyclicals,8.1909026374704e-4,1e-5,0.01723574512111734,-0.0020364214714446,-0.00117689315085535,79342.9790309168,11.281535241018036,0.24175202527759176,8.0909026374704e-4,0.01722574512111734
2021-11-02,Mowi ASA,NO0003054108,MOWI-NO,Food and Tobacco Production,Consumer Non-Cyclicals,-0.0167503273679616,1e-5,-0.00352909340181106,-0.00611738247063049,-0.00176151113156888,79342.9790309168,11.281535241018036,0.24175202527759176,-0.0167603273679616,-0.00353909340181106
2021-11-03,Mowi ASA,NO0003054108,MOWI-NO,Food and Tobacco Production,Consumer Non-Cyclicals,0.00872593085844287,1e-5,0.00536681408921816,-0.00403741890485352,0.00870883155772109,79342.9790309168,11.281535241018036,0.24175202527759176,0.00871593085844287,0.00535681408921816
2021-11-04,Mowi ASA,NO0003054108,MOWI-NO,Food and Tobacco Production,Consumer Non-Cyclicals,-0.00741270474330591,1e-5,0.00693783725549209,0.00612981538953812,-0.00374748797715462,79342.9790309168,11.281535241018036,0.24175202527759176,-0.0074227047433059,0.00692783725549209
2021-11-05,Mowi ASA,NO0003054108,MOWI-NO,Food and Tobacco Production,Consumer Non-Cyclicals,0.00497870886099339,1e-5,0.00802964284752371,-0.00492141999928072,0.01245972771491239,79342.9790309168,11.281535241018036,0.24175202527759176,0.00496870886099339,0.00801964284752371
2021-11-08,Mowi ASA,NO0003054108,MOWI-NO,Food and Tobacco Production,Consumer Non-Cyclicals,-0.0161029411764706,1e-5,0.00197271100788817,0.00777519906976808,0.0034379353291998,79342.9790309168,11.281535241018036,0.24175202527759176,-0.0161129411764706,0.00196271100788817
2021-11-09,Mowi ASA,NO0003054108,MOWI-NO,Food and Tobacco Production,Consumer Non-Cyclicals,-0.00251756221508115,1e-5,-0.00921603387986788,0.03598821304516299,0.00411619103946916,79342.9790309168,11.281535241018036,0.24175202527759176,-0.00252756221508115,-0.00922603387986788
2021-11-10,Mowi ASA,NO0003054108,MOWI-NO,Food and Tobacco Production,Consumer Non-Cyclicals,0.00715031584073578,1e-5,0.00540225278306955,-0.0085443166430224,0.00281896113323355,79342.9790309168,11.281535241018036,0.24175202527759176,0.00714031584073578,0.00539225278306955
2021-11-11,Mowi ASA,NO0003054108,MOWI-NO,Food and Tobacco Production,Consumer Non-Cyclicals,-0.0258968589016384,1e-5,0.00190961668933253,0.00512985509718532,0.00426237692950388,79342.9790309168,11.281535241018036,0.24175202527759176,-0.0259068589016384,0.00189961668933252
2021-11-12,Mowi ASA,NO0003054108,MOWI-NO,Food and Tobacco Production,Consumer Non-Cyclicals,0.00900655803430794,1e-5,5.764754645022748e-4,-0.00165059069207185,-0.00535069016819279,79342.9790309168,11.281535241018036,0.24175202527759176,0.00899655803430794,5.664754645022747e-4
2021-11-15,Mowi ASA,NO0003054108,MOWI-NO,Food and Tobacco Production,Consumer Non-Cyclicals,0.0127482840667736,1e-5,-8.277672891995377e-4,0.00263960394916537,-0.00823514826121262,79342.9790309168,11.281535241018036,0.24175202527759176,0.0127382840667736,-8.377672891995377e-4
2021-11-16,Mowi ASA,NO0003054108,MOWI-NO,Food and Tobacco Production,Consumer Non-Cyclicals,-0.0159461176294747,1e-5,0.00216834356964097,-0.01880939350313828,-0.00135716830884368,79342.9790309168,11.281535241018036,0.24175202527759176,-0.0159561176294747,0.00215834356964097
2021-11-17,Mowi ASA,NO0003054108,MOWI-NO,Food and Tobacco Production,Consumer Non-Cyclicals,-0.0127917904709467,1e-5,-7.1377470370503e-4,0.00263669386077002,0.00210748726669183,79342.9790309168,11.281535241018036,0.24175202527759176,-0.0128017904709467,-7.237747037050301e-4
2021-11-18,Mowi ASA,NO0003054108,MOWI-NO,Food and Tobacco Production,Consumer Non-Cyclicals,0.0194387149196824,1e-5,-0.01119068163498159,-0.00916207589454048,-0.01632315343546946,79342.9790309168,11.281535241018036,0.24175202527759176,0.0194287149196824,-0.01120068163498159
2021-11-19,Mowi ASA,NO0003054108,MOWI-NO,Food and Tobacco Production,Consumer Non-Cyclicals,0.001693156628779,1e-5,0.00113798610600236,0.00829627263915793,-4.389102621064258e-4,79342.9790309168,11.281535241018036,0.24175202527759176,0.001683156628779,0.00112798610600236
2021-11-22,Mowi ASA,NO0003054108,MOWI-NO,Food and Tobacco Production,Consumer Non-Cyclicals,-0.0293612192721846,1e-5,0.00201403217839248,-0.00191174129576499,0.00273169354779053,79342.9790309168,11.281535241018036,0.24175202527759176,-0.0293712192721846,0.00200403217839248
2021-11-23,Mowi ASA,NO0003054108,MOWI-NO,Food and Tobacco Production,Consumer Non-Cyclicals,-0.0333199128802394,1e-5,-0.00641038213705756,0.00712317009323264,0.01220859266298078,79342.9790309168,11.281535241018036,0.24175202527759176,-0.0333299128802394,-0.00642038213705755
2021-11-24,Mowi ASA,NO0003054108,MOWI-NO,Food and Tobacco Production,Consumer Non-Cyclicals,0.00634772485498081,1e-5,-0.00555249444146614,0.00930433622770314,0.02103383850766857,79342.9790309168,11.281535241018036,0.24175202527759176,0.00633772485498081,-0.00556249444146614
2021-11-25,Mowi ASA,NO0003054108,MOWI-NO,Food and Tobacco Production,Consumer Non-Cyclicals,-0.00315134954549767,1e-5,0.00475571260823176,0.00830346992422228,0.00255505274337351,79342.9790309168,11.281535241018036,0.24175202527759176,-0.00316134954549767,0.00474571260823176
2021-11-26,Mowi ASA,NO0003054108,MOWI-NO,Food and Tobacco Production,Consumer Non-Cyclicals,-0.0461141373670073,1e-5,-0.03149181717778449,-5.823771067513146e-4,-0.01576503170910492,79342.9790309168,11.281535241018036,0.24175202527759176,-0.0461241373670073,-0.03150181717778449
2021-11-29,Mowi ASA,NO0003054108,MOWI-NO,Food and Tobacco Production,Consumer Non-Cyclicals,-0.00284219026943122,1e-5,0.00913048611496099,0.00246476118661385,0.00963355937524747,79342.9790309168,11.281535241018036,0.24175202527759176,-0.00285219026943122,0.00912048611496099
2021-11-30,Mowi ASA,NO0003054108,MOWI-NO,Food and Tobacco Production,Consumer Non-Cyclicals,-0.0199625570584152,1e-5,-0.00816902158107474,0.00774177132336576,-0.01081468863261463,79342.9790309168,11.281535241018036,0.24175202527759176,-0.01997255705841519,-0.00817902158107474
2021-12-01,Mowi ASA,NO0003054108,MOWI-NO,Food and Tobacco Production,Consumer Non-Cyclicals,0.00242541317879374,1e-5,0.00684944524557154,-0.00201900143914015,0.01738517212799185,79342.9790309168,11.281535241018036,0.24175202527759176,0.00241541317879374,0.00683944524557154
2021-12-02,Mowi ASA,NO0003054108,MOWI-NO,Food and Tobacco Production,Consumer Non-Cyclicals,-0.012097723914952,1e-5,-0.00898860029349679,0.0054845432742812,0.01287564038651913,79342.9790309168,11.281535241018036,0.24175202527759176,-0.012107723914952,-0.00899860029349679
2021-12-03,Mowi ASA,NO0003054108,MOWI-NO,Food and Tobacco Production,Consumer Non-Cyclicals,-0.00734210412241532,1e-5,-0.00301528562684159,-0.00647066427285017,0.01239911535911009,79342.9790309168,11.281535241018036,0.24175202527759176,-0.00735210412241532,-0.00302528562684159
2021-12-06,Mowi ASA,NO0003054108,MOWI-NO,Food and Tobacco Production,Consumer Non-Cyclicals,0.00542585304344501,1e-5,-0.00143645146683415,-0.00741957578773411,0.00493139768441106,79342.9790309168,11.281535241018036,0.24175202527759176,0.00541585304344501,-0.00144645146683415
2021-12-07,Mowi ASA,NO0003054108,MOWI-NO,Food and Tobacco Production,Consumer Non-Cyclicals,0.0147184172950903,1e-5,0.02119173459424251,0.00650716781275249,-9.829528962611751e-4,79342.9790309168,11.281535241018036,0.24175202527759176,0.0147084172950903,0.02118173459424251
2021-12-08,Mowi ASA,NO0003054108,MOWI-NO,Food and Tobacco Production,Consumer Non-Cyclicals,0.00144995773185963,1e-5,-0.0024877872821277,0.00588184967674844,0.00730425047299896,79342.9790309168,11.281535241018036,0.24175202527759176,0.00143995773185963,-0.0024977872821277
2021-12-09,Mowi ASA,NO0003054108,MOWI-NO,Food and Tobacco Production,Consumer Non-Cyclicals,0.0149701078681219,1e-5,-0.0064773689144368,0.00345135703059743,-0.00989549789082706,79342.9790309168,11.281535241018036,0.24175202527759176,0.0149601078681219,-0.0064873689144368
2021-12-10,Mowi ASA,NO0003054108,MOWI-NO,Food and Tobacco Production,Consumer Non-Cyclicals,0.0123700486906171,1e-5,-0.00187263818855096,0.00728375852321229,0.0123806100229657,79342.9790309168,11.281535241018036,0.24175202527759176,0.0123600486906171,-0.00188263818855096
2021-12-13,Mowi ASA,NO0003054108,MOWI-NO,Food and Tobacco Production,Consumer Non-Cyclicals,-0.0136279734823865,1e-5,-0.00896297535849483,-0.00328506225166638,0.00925208141066788,79342.9790309168,11.281535241018036,0.24175202527759176,-0.0136379734823865,-0.00897297535849483
2021-12-14,Mowi ASA,NO0003054108,MOWI-NO,Food and Tobacco Production,Consumer Non-Cyclicals,-0.0223927803314639,1e-5,-0.01150089927368502,-4.777236424621228e-4,0.00240167837996578,79342.9790309168,11.281535241018036,0.24175202527759176,-0.0224027803314639,-0.01151089927368501
2021-12-15,Mowi ASA,NO0003054108,MOWI-NO,Food and Tobacco Production,Consumer Non-Cyclicals,-0.00438378914675175,1e-5,-0.00630760485919758,0.00574584895885909,-0.01408689223949784,79342.9790309168,11.281535241018036,0.24175202527759176,-0.00439378914675175,-0.00631760485919757
2021-12-16,Mowi ASA,NO0003054108,MOWI-NO,Food and Tobacco Production,Consumer Non-Cyclicals,0.0112595657566223,1e-5,0.01928574379492342,0.01039416126919819,0.00859749022821576,79342.9790309168,11.281535241018036,0.24175202527759176,0.0112495657566223,0.01927574379492342
2021-12-17,Mowi ASA,NO0003054108,MOWI-NO,Food and Tobacco Production,Consumer Non-Cyclicals,-0.00290806653741926,2e-5,-0.00491873604725772,0.0025191419970539,0.00500513219616745,79342.9790309168,11.281535241018036,0.24175202527759176,-0.00292806653741926,-0.00493873604725772
2021-12-20,Mowi ASA,NO0003054108,MOWI-NO,Food and Tobacco Production,Consumer Non-Cyclicals,-0.0310668765005719,2e-5,-0.00814660673875576,0.02163629930256338,0.00293884230734075,79342.9790309168,11.281535241018036,0.24175202527759176,-0.0310868765005719,-0.00816660673875576
2021-12-21,Mowi ASA,NO0003054108,MOWI-NO,Food and Tobacco Production,Consumer Non-Cyclicals,0.0150281327087778,2e-5,0.01891722569004032,-0.0126189117506043,0.00830206248815816,79342.9790309168,11.281535241018036,0.24175202527759176,0.0150081327087778,0.01889722569004032
2021-12-22,Mowi ASA,NO0003054108,MOWI-NO,Food and Tobacco Production,Consumer Non-Cyclicals,0.0157995914934519,2e-5,0.00200268817700429,0.00704986301311778,-0.00334998688165192,79342.9790309168,11.281535241018036,0.24175202527759176,0.0157795914934519,0.00198268817700429
2021-12-23,Mowi ASA,NO0003054108,MOWI-NO,Food and Tobacco Production,Consumer Non-Cyclicals,0.00777423534535138,2e-5,0.00853546046072757,0.01285653593675559,-0.00503651809456262,79342.9790309168,11.281535241018036,0.24175202527759176,0.00775423534535138,0.00851546046072757
2021-12-27,Mowi ASA,NO0003054108,MOWI-NO,Food and Tobacco Production,Consumer Non-Cyclicals,0.00867454453306316,2e-5,0.00612751918773092,0.01430402433949715,0.00810070922016589,79342.9790309168,11.281535241018036,0.24175202527759176,0.00865454453306316,0.00610751918773092
2021-12-28,Mowi ASA,NO0003054108,MOWI-NO,Food and Tobacco Production,Consumer Non-Cyclicals,0.00191462466480852,2e-5,0.00329070133069333,-0.00461509424827895,0.0042560246330244,79342.9790309168,11.281535241018036,0.24175202527759176,0.00189462466480852,0.00327070133069333
2021-12-29,Mowi ASA,NO0003054108,MOWI-NO,Food and Tobacco Production,Consumer Non-Cyclicals,-0.00477213579471369,2e-5,-0.00427683241235341,0.00535758159535547,0.01021401236317787,79342.9790309168,11.281535241018036,0.24175202527759176,-0.00479213579471369,-0.00429683241235341
2021-12-30,Mowi ASA,NO0003054108,MOWI-NO,Food and Tobacco Production,Consumer Non-Cyclicals,4.7738013780374e-4,2e-5,0.00241558672433439,0.00723900635539541,-0.00409495919955669,79342.9790309168,11.281535241018036,0.24175202527759176,4.5738013780374e-4,0.00239558672433439
2022-01-03,Mowi ASA,NO0003054108,MOWI-NO,Food and Tobacco Production,Consumer Non-Cyclicals,0.00958546063758159,2e-5,0.00731955653588948,0.01810776484060931,0.025981392742922,84846.0458894289,11.348593668391224,0.2929553038092978,0.00956546063758159,0.00729955653588948
2022-01-04,Mowi ASA,NO0003054108,MOWI-NO,Food and Tobacco Production,Consumer Non-Cyclicals,-0.0056924700803983,2e-5,0.00298368491893473,0.00293981481792392,0.01339067472415709,84846.0458894289,11.348593668391224,0.2929553038092978,-0.0057124700803983,0.00296368491893473
2022-01-05,Mowi ASA,NO0003054108,MOWI-NO,Food and Tobacco Production,Consumer Non-Cyclicals,0.00954352682697546,2e-5,0.00585247466217146,0.00597851140097079,0.0164962191281036,84846.0458894289,11.348593668391224,0.2929553038092978,0.00952352682697546,0.00583247466217146
2022-01-06,Mowi ASA,NO0003054108,MOWI-NO,Food and Tobacco Production,Consumer Non-Cyclicals,-0.00709390530996601,2e-5,-0.0141416238715772,0.01528858093670529,0.03287805553336234,84846.0458894289,11.348593668391224,0.2929553038092978,-0.00711390530996601,-0.0141616238715772
2022-01-07,Mowi ASA,NO0003054108,MOWI-NO,Food and Tobacco Production,Consumer Non-Cyclicals,-0.00856718336722972,2e-5,0.00316975075512265,-0.01722373052193893,-0.00319821380369553,84846.0458894289,11.348593668391224,0.2929553038092978,-0.00858718336722971,0.00314975075512265
2022-01-10,Mowi ASA,NO0003054108,MOWI-NO,Food and Tobacco Production,Consumer Non-Cyclicals,-0.0350644105267633,2e-5,-0.01426119620602394,0.0024086181697672,0.02663981220550305,84846.0458894289,11.348593668391224,0.2929553038092978,-0.03508441052676329,-0.01428119620602393
2022-01-11,Mowi ASA,NO0003054108,MOWI-NO,Food and Tobacco Production,Consumer Non-Cyclicals,0.0228947513355731,2e-5,0.00537795682111627,-0.00716733077031459,-0.01454737936879051,84846.0458894289,11.348593668391224,0.2929553038092978,0.0228747513355731,0.00535795682111627
2022-01-12,Mowi ASA,NO0003054108,MOWI-NO,Food and Tobacco Production,Consumer Non-Cyclicals,0.022387698072978,2e-5,0.01509038145169416,-0.0081429094069747,0.01481763920720503,84846.0458894289,11.348593668391224,0.2929553038092978,0.022367698072978,0.01507038145169416
2022-01-13,Mowi ASA,NO0003054108,MOWI-NO,Food and Tobacco Production,Consumer Non-Cyclicals,-0.00285435921742105,2e-5,-4.2814063269812214e-5,0.00596791976343255,0.00158761935982091,84846.0458894289,11.348593668391224,0.2929553038092978,-0.00287435921742105,-6.281406326981221e-5
2022-01-14,Mowi ASA,NO0003054108,MOWI-NO,Food and Tobacco Production,Consumer Non-Cyclicals,0,2e-5,0.00391585364971599,8.460530858848086e-4,0.01976445602724738,84846.0458894289,11.348593668391224,0.2929553038092978,-2e-5,0.00389585364971598
2022-01-17,Mowi ASA,NO0003054108,MOWI-NO,Food and Tobacco Production,Consumer Non-Cyclicals,-0.0114606824651557,2e-5,-9.459514379065712e-6,-0.00591767307605736,0.00140137335934371,84846.0458894289,11.348593668391224,0.2929553038092978,-0.0114806824651557,-2.9459514379065712e-5
2022-01-18,Mowi ASA,NO0003054108,MOWI-NO,Food and Tobacco Production,Consumer Non-Cyclicals,0.00482975642854466,2e-5,-0.00310682135901428,-0.00752907978833683,0.00928999006393076,84846.0458894289,11.348593668391224,0.2929553038092978,0.00480975642854466,-0.00312682135901428
2022-01-19,Mowi ASA,NO0003054108,MOWI-NO,Food and Tobacco Production,Consumer Non-Cyclicals,-0.00384417020688332,2e-5,-0.0079426353111431,0.00484096715637587,-0.00604200145035894,84846.0458894289,11.348593668391224,0.2929553038092978,-0.00386417020688332,-0.0079626353111431
2022-01-20,Mowi ASA,NO0003054108,MOWI-NO,Food and Tobacco Production,Consumer Non-Cyclicals,-0.00916446940017301,2e-5,0.00149577076671583,-0.01446529187531677,-0.0051445312566038,84846.0458894289,11.348593668391224,0.2929553038092978,-0.00918446940017301,0.00147577076671582
2022-01-21,Mowi ASA,NO0003054108,MOWI-NO,Food and Tobacco Production,Consumer Non-Cyclicals,0.0053545360030598,2e-5,-0.01762087071614177,0.00455088165761787,0.00208439031849079,84846.0458894289,11.348593668391224,0.2929553038092978,0.0053345360030598,-0.01764087071614177
2022-01-24,Mowi ASA,NO0003054108,MOWI-NO,Food and Tobacco Production,Consumer Non-Cyclicals,-0.0256656182520588,2e-5,-0.03410025340959407,-0.01715304469634467,0.00920276925720338,84846.0458894289,11.348593668391224,0.2929553038092978,-0.02568561825205879,-0.03412025340959407
2022-01-25,Mowi ASA,NO0003054108,MOWI-NO,Food and Tobacco Production,Consumer Non-Cyclicals,0.00248568804615013,2e-5,0.00957592303328053,-0.01454727764814143,0.04003023719676025,84846.0458894289,11.348593668391224,0.2929553038092978,0.00246568804615013,0.00955592303328053
2022-01-26,Mowi ASA,NO0003054108,MOWI-NO,Food and Tobacco Production,Consumer Non-Cyclicals,0.0342086640737713,2e-5,0.02759723615645039,1.8411228446463257e-4,-0.00526892625849422,84846.0458894289,11.348593668391224,0.2929553038092978,0.0341886640737713,0.02757723615645039
2022-01-27,Mowi ASA,NO0003054108,MOWI-NO,Food and Tobacco Production,Consumer Non-Cyclicals,0.0220549623665325,2e-5,-0.00249949432987639,-0.01400686668570913,-0.01252813047417112,84846.0458894289,11.348593668391224,0.2929553038092978,0.0220349623665325,-0.00251949432987639
2022-01-28,Mowi ASA,NO0003054108,MOWI-NO,Food and Tobacco Production,Consumer Non-Cyclicals,0.00140642596542562,2e-5,-0.01045251440575612,0.00147231097716751,-0.00101461261300794,84846.0458894289,11.348593668391224,0.2929553038092978,0.00138642596542562,-0.01047251440575611
2022-01-31,Mowi ASA,NO0003054108,MOWI-NO,Food and Tobacco Production,Consumer Non-Cyclicals,0.0182630416981935,2e-5,0.00526574845942082,0.0046787740267138,-0.0317482467897543,84846.0458894289,11.348593668391224,0.2929553038092978,0.0182430416981935,0.00524574845942082
2022-02-01,Mowi ASA,NO0003054108,MOWI-NO,Food and Tobacco Production,Consumer Non-Cyclicals,0.0197829826650788,2e-5,0.01484540602830913,0.00874741752523978,-0.00265479452754088,84846.0458894289,11.348593668391224,0.2929553038092978,0.0197629826650788,0.01482540602830913
2022-02-02,Mowi ASA,NO0003054108,MOWI-NO,Food and Tobacco Production,Consumer Non-Cyclicals,0.0153367037815231,2e-5,0.00550164460359444,0.00497809143188517,-0.01633536848755518,84846.0458894289,11.348593668391224,0.2929553038092978,0.0153167037815231,0.00548164460359444
2022-02-03,Mowi ASA,NO0003054108,MOWI-NO,Food and Tobacco Production,Consumer Non-Cyclicals,-0.0111088172550409,2e-5,-0.01010482178942951,-0.00221215825897069,0.02350091804337577,84846.0458894289,11.348593668391224,0.2929553038092978,-0.01112881725504089,-0.0101248217894295
2022-02-04,Mowi ASA,NO0003054108,MOWI-NO,Food and Tobacco Production,Consumer Non-Cyclicals,0.0139276873676573,2e-5,0.00465107800669274,0.01443935276775463,0.03336385472041377,84846.0458894289,11.348593668391224,0.2929553038092978,0.0139076873676573,0.00463107800669273
2022-02-07,Mowi ASA,NO0003054108,MOWI-NO,Food and Tobacco Production,Consumer Non-Cyclicals,0.0243695583967369,2e-5,0.01026715746402348,-0.01584955662198655,-0.00563084360325023,84846.0458894289,11.348593668391224,0.2929553038092978,0.0243495583967369,0.01024715746402348
2022-02-08,Mowi ASA,NO0003054108,MOWI-NO,Food and Tobacco Production,Consumer Non-Cyclicals,-0.00302936038860047,2e-5,-0.01124701133051225,0.01448900219391455,0.03045624338007408,84846.0458894289,11.348593668391224,0.2929553038092978,-0.00304936038860047,-0.01126701133051225
2022-02-09,Mowi ASA,NO0003054108,MOWI-NO,Food and Tobacco Production,Consumer Non-Cyclicals,0.0104117664000922,2e-5,0.01059242127418567,0.0069714794081789,-0.01084987364791081,84846.0458894289,11.348593668391224,0.2929553038092978,0.0103917664000922,0.01057242127418567
2022-02-10,Mowi ASA,NO0003054108,MOWI-NO,Food and Tobacco Production,Consumer Non-Cyclicals,0.013311733043218,2e-5,0.00178009286641591,0.01403991741976034,0.02037378291303808,84846.0458894289,11.348593668391224,0.2929553038092978,0.013291733043218,0.00176009286641591
2022-02-11,Mowi ASA,NO0003054108,MOWI-NO,Food and Tobacco Production,Consumer Non-Cyclicals,0.00635276356936232,2e-5,0.00742785334899315,0.01207183632585837,0.01707948496940637,84846.0458894289,11.348593668391224,0.2929553038092978,0.00633276356936232,0.00740785334899315
2022-02-14,Mowi ASA,NO0003054108,MOWI-NO,Food and Tobacco Production,Consumer Non-Cyclicals,-0.00968096604673696,2e-5,-0.01340316979530855,-0.01577187817828536,0.00983165325827556,84846.0458894289,11.348593668391224,0.2929553038092978,-0.00970096604673696,-0.01342316979530854
2022-02-15,Mowi ASA,NO0003054108,MOWI-NO,Food and Tobacco Production,Consumer Non-Cyclicals,-0.00467610669426544,2e-5,-0.00333806066711083,-0.00533993406479397,-0.02607992251165965,84846.0458894289,11.348593668391224,0.2929553038092978,-0.00469610669426544,-0.00335806066711083
2022-02-16,Mowi ASA,NO0003054108,MOWI-NO,Food and Tobacco Production,Consumer Non-Cyclicals,0.0222095133663553,2e-5,0.00654305857806591,0.01222475657313657,0.03606893330642147,84846.0458894289,11.348593668391224,0.2929553038092978,0.0221895133663553,0.00652305857806591
2022-02-17,Mowi ASA,NO0003054108,MOWI-NO,Food and Tobacco Production,Consumer Non-Cyclicals,-0.0271598659114552,2e-5,-0.00564088039491488,-0.0093126182995489,5.47965825686135e-4,84846.0458894289,11.348593668391224,0.2929553038092978,-0.0271798659114552,-0.00566088039491488
2022-02-18,Mowi ASA,NO0003054108,MOWI-NO,Food and Tobacco Production,Consumer Non-Cyclicals,-0.0180417393453454,2e-5,-0.00347754200357726,-0.00198688659244655,0.0096746912052754,84846.0458894289,11.348593668391224,0.2929553038092978,-0.0180617393453454,-0.00349754200357726
2022-02-21,Mowi ASA,NO0003054108,MOWI-NO,Food and Tobacco Production,Consumer Non-Cyclicals,0.00393504513443532,2e-5,-0.00627269040662626,-0.00285412363128151,0.00728907994513628,84846.0458894289,11.348593668391224,0.2929553038092978,0.00391504513443532,-0.00629269040662626
2022-02-22,Mowi ASA,NO0003054108,MOWI-NO,Food and Tobacco Production,Consumer Non-Cyclicals,-0.0361636887830372,2e-5,-0.00404347602747173,0.02404856227441264,0.01967358434567392,84846.0458894289,11.348593668391224,0.2929553038092978,-0.03618368878303719,-0.00406347602747173
2022-02-23,Mowi ASA,NO0003054108,MOWI-NO,Food and Tobacco Production,Consumer Non-Cyclicals,0.03073775616881,2e-5,0.00650684271710792,0.01183243695466522,-0.01425560434441064,84846.0458894289,11.348593668391224,0.2929553038092978,0.03071775616881,0.00648684271710791
2022-02-24,Mowi ASA,NO0003054108,MOWI-NO,Food and Tobacco Production,Consumer Non-Cyclicals,-0.0434189709893139,2e-5,-0.01698563473576637,-0.00176267103556291,-0.00450958862831788,84846.0458894289,11.348593668391224,0.2929553038092978,-0.0434389709893139,-0.01700563473576637
2022-02-25,Mowi ASA,NO0003054108,MOWI-NO,Food and Tobacco Production,Consumer Non-Cyclicals,0.0371407553965959,2e-5,0.01410544206483126,-0.00906862597936563,-0.01230466131866087,84846.0458894289,11.348593668391224,0.2929553038092978,0.0371207553965959,0.01408544206483126
2022-02-28,Mowi ASA,NO0003054108,MOWI-NO,Food and Tobacco Production,Consumer Non-Cyclicals,0.00265608796885086,2e-5,0.01074089842070613,-0.0073713267206557,-0.01115771423944694,84846.0458894289,11.348593668391224,0.2929553038092978,0.00263608796885086,0.01072089842070613
2022-03-01,Mowi ASA,NO0003054108,MOWI-NO,Food and Tobacco Production,Consumer Non-Cyclicals,0.0278272408393054,2e-5,0.012712605990454,0.00254767316327444,0.01159255840929698,84846.0458894289,11.348593668391224,0.2929553038092978,0.0278072408393054,0.012692605990454
2022-03-02,Mowi ASA,NO0003054108,MOWI-NO,Food and Tobacco Production,Consumer Non-Cyclicals,-0.00343644242772312,2e-5,9.415726427652228e-4,0.00108282362718695,0.01654644730214918,84846.0458894289,11.348593668391224,0.2929553038092978,-0.00345644242772312,9.215726427652228e-4
2022-03-03,Mowi ASA,NO0003054108,MOWI-NO,Food and Tobacco Production,Consumer Non-Cyclicals,-0.0323444100991146,2e-5,-0.01019212223606,0.01205398142755736,0.02912685629022227,84846.0458894289,11.348593668391224,0.2929553038092978,-0.0323644100991146,-0.01021212223605999
2022-03-04,Mowi ASA,NO0003054108,MOWI-NO,Food and Tobacco Production,Consumer Non-Cyclicals,-0.026736493936053,2e-5,-0.02360850854380643,0.00878039621557956,0.00787794504625041,84846.0458894289,11.348593668391224,0.2929553038092978,-0.02675649393605299,-0.02362850854380643
2022-03-07,Mowi ASA,NO0003054108,MOWI-NO,Food and Tobacco Production,Consumer Non-Cyclicals,-0.0297619047619048,2e-5,-0.01108632419000625,-0.00410706887306944,0.01331015452339812,84846.0458894289,11.348593668391224,0.2929553038092978,-0.02978190476190479,-0.01110632419000625
2022-03-08,Mowi ASA,NO0003054108,MOWI-NO,Food and Tobacco Production,Consumer Non-Cyclicals,-0.0245398773006135,2e-5,4.801088265303057e-4,0.02454466772590899,0.01973820684287805,84846.0458894289,11.348593668391224,0.2929553038092978,-0.0245598773006135,4.601088265303057e-4
2022-03-09,Mowi ASA,NO0003054108,MOWI-NO,Food and Tobacco Production,Consumer Non-Cyclicals,0.0391839395542446,2e-5,0.01833038655299699,-0.02049908711053491,-0.04901183185472526,84846.0458894289,11.348593668391224,0.2929553038092978,0.0391639395542446,0.01831038655299699
2022-03-10,Mowi ASA,NO0003054108,MOWI-NO,Food and Tobacco Production,Consumer Non-Cyclicals,4.6792406260931e-4,2e-5,0.00211142344297386,-0.00554272018693608,0.00601801655800001,84846.0458894289,11.348593668391224,0.2929553038092978,4.4792406260931e-4,0.00209142344297386
2022-03-11,Mowi ASA,NO0003054108,MOWI-NO,Food and Tobacco Production,Consumer Non-Cyclicals,0.0283861086412391,2e-5,0.00304180806153226,-0.00306371490835366,-7.100527535470903e-4,84846.0458894289,11.348593668391224,0.2929553038092978,0.0283661086412391,0.00302180806153226
2022-03-14,Mowi ASA,NO0003054108,MOWI-NO,Food and Tobacco Production,Consumer Non-Cyclicals,0.0122145034734369,2e-5,0.0077019514687586,-0.00646017758098962,-0.01599080365565345,84846.0458894289,11.348593668391224,0.2929553038092978,0.0121945034734369,0.0076819514687586
2022-03-15,Mowi ASA,NO0003054108,MOWI-NO,Food and Tobacco Production,Consumer Non-Cyclicals,-4.443698342007e-4,2e-5,-0.01414137957772124,-0.01870216142648828,-0.0082122966435525,84846.0458894289,11.348593668391224,0.2929553038092978,-4.643698342007e-4,-0.01416137957772123
2022-03-16,Mowi ASA,NO0003054108,MOWI-NO,Food and Tobacco Production,Consumer Non-Cyclicals,0.0322014976981289,2e-5,0.0276978401176853,-0.00644660875357815,-6.274202743274601e-4,84846.0458894289,11.348593668391224,0.2929553038092978,0.0321814976981289,0.0276778401176853
2022-03-17,Mowi ASA,NO0003054108,MOWI-NO,Food and Tobacco Production,Consumer Non-Cyclicals,-0.0264305164072108,2e-5,0.00923139318652784,0.00566919394703064,0.01300118858590053,84846.0458894289,11.348593668391224,0.2929553038092978,-0.0264505164072108,0.00921139318652784
2022-03-18,Mowi ASA,NO0003054108,MOWI-NO,Food and Tobacco Production,Consumer Non-Cyclicals,0.0342656311443177,2e-5,0.00271645111927336,-0.00427758791970542,-0.0047170719286002,84846.0458894289,11.348593668391224,0.2929553038092978,0.0342456311443177,0.00269645111927335
2022-03-21,Mowi ASA,NO0003054108,MOWI-NO,Food and Tobacco Production,Consumer Non-Cyclicals,0.0142007784764104,2e-5,0.02294530102936973,-0.0021682851071707,0.01980251909421013,84846.0458894289,11.348593668391224,0.2929553038092978,0.0141807784764104,0.02292530102936973
2022-03-22,Mowi ASA,NO0003054108,MOWI-NO,Food and Tobacco Production,Consumer Non-Cyclicals,0.0110309795266144,2e-5,0.0066446765209213,0.0157267637389407,-0.01260446855598354,84846.0458894289,11.348593668391224,0.2929553038092978,0.0110109795266144,0.0066246765209213
2022-03-23,Mowi ASA,NO0003054108,MOWI-NO,Food and Tobacco Production,Consumer Non-Cyclicals,-0.00545531232474172,2e-5,-0.00462750204797034,0.01327270665806448,0.02048851494271353,84846.0458894289,11.348593668391224,0.2929553038092978,-0.00547531232474172,-0.00464750204797034
2022-03-24,Mowi ASA,NO0003054108,MOWI-NO,Food and Tobacco Production,Consumer Non-Cyclicals,-0.00421761986429048,2e-5,-0.00275727741374768,0.0013234737750702,0.01435458058778494,84846.0458894289,11.348593668391224,0.2929553038092978,-0.00423761986429048,-0.00277727741374768
2022-03-25,Mowi ASA,NO0003054108,MOWI-NO,Food and Tobacco Production,Consumer Non-Cyclicals,0.0368604068872238,3e-5,0.00101889524243869,0.00510781872390338,-0.00108224128692767,84846.0458894289,11.348593668391224,0.2929553038092978,0.0368304068872238,9.888952424386898e-4
2022-03-28,Mowi ASA,NO0003054108,MOWI-NO,Food and Tobacco Production,Consumer Non-Cyclicals,-0.00980378881230615,3e-5,0.00121328984060301,0.00438109019474382,0.00719080227076273,84846.0458894289,11.348593668391224,0.2929553038092978,-0.00983378881230615,0.001183289840603
2022-03-29,Mowi ASA,NO0003054108,MOWI-NO,Food and Tobacco Production,Consumer Non-Cyclicals,-0.00949515669515666,3e-5,-0.00605584238384607,-0.00448180851293664,-0.02989489198399472,84846.0458894289,11.348593668391224,0.2929553038092978,-0.00952515669515666,-0.00608584238384607
2022-03-30,Mowi ASA,NO0003054108,MOWI-NO,Food and Tobacco Production,Consumer Non-Cyclicals,0.012499309684664,3e-5,0.01629276086801185,-0.00511667806070969,0.01481575076278426,84846.0458894289,11.348593668391224,0.2929553038092978,0.01246930968466399,0.01626276086801185
2022-03-31,Mowi ASA,NO0003054108,MOWI-NO,Food and Tobacco Production,Consumer Non-Cyclicals,-0.0205765244900186,3e-5,-0.01211190775684124,0.01771163698216531,0.01327353583812455,84846.0458894289,11.348593668391224,0.2929553038092978,-0.0206065244900186,-0.01214190775684124
2022-04-01,Mowi ASA,NO0003054108,MOWI-NO,Food and Tobacco Production,Consumer Non-Cyclicals,0.0260533411298445,3e-5,0.00824393820238171,0.00455679142191144,0.02045387980950355,84846.0458894289,11.348593668391224,0.2929553038092978,0.0260233411298445,0.0082139382023817
2022-04-04,Mowi ASA,NO0003054108,MOWI-NO,Food and Tobacco Production,Consumer Non-Cyclicals,-8.186526153916e-4,3e-5,-0.00332787949507886,-0.00727650869651535,-0.01512068660383621,84846.0458894289,11.348593668391224,0.2929553038092978,-8.486526153916e-4,-0.00335787949507886
2022-04-05,Mowi ASA,NO0003054108,MOWI-NO,Food and Tobacco Production,Consumer Non-Cyclicals,0.0114750536407835,3e-5,-6.306748394345118e-4,-0.01024237017097947,0.00291283659006532,84846.0458894289,11.348593668391224,0.2929553038092978,0.0114450536407835,-6.606748394345118e-4
2022-04-06,Mowi ASA,NO0003054108,MOWI-NO,Food and Tobacco Production,Consumer Non-Cyclicals,-0.00932203769092721,3e-5,-0.00893744897799209,0.00570338500683423,0.02043329655048116,84846.0458894289,11.348593668391224,0.2929553038092978,-0.00935203769092721,-0.00896744897799209
2022-04-07,Mowi ASA,NO0003054108,MOWI-NO,Food and Tobacco Production,Consumer Non-Cyclicals,4.1108390629074e-4,3e-5,-0.00159168138416602,-0.00664760354565325,0.00449282107325021,84846.0458894289,11.348593668391224,0.2929553038092978,3.8108390629074e-4,-0.00162168138416602
2022-04-08,Mowi ASA,NO0003054108,MOWI-NO,Food and Tobacco Production,Consumer Non-Cyclicals,0.022076520498336,3e-5,0.01519225487058099,0.00104971379857758,0.0157973201966063,84846.0458894289,11.348593668391224,0.2929553038092978,0.022046520498336,0.01516225487058099
2022-04-11,Mowi ASA,NO0003054108,MOWI-NO,Food and Tobacco Production,Consumer Non-Cyclicals,0.0140006892103239,3e-5,-0.00846031950658384,-0.01404758275067995,-0.00852070531067121,84846.0458894289,11.348593668391224,0.2929553038092978,0.0139706892103239,-0.00849031950658384
2022-04-12,Mowi ASA,NO0003054108,MOWI-NO,Food and Tobacco Production,Consumer Non-Cyclicals,-0.0185390933054485,3e-5,-0.00110321572150132,0.01297152613895704,0.00448032262342036,84846.0458894289,11.348593668391224,0.2929553038092978,-0.01856909330544849,-0.00113321572150132
2022-04-13,Mowi ASA,NO0003054108,MOWI-NO,Food and Tobacco Production,Consumer Non-Cyclicals,0.00883867530853233,3e-5,0.01151803840286092,-0.00133818343924596,0.00777600776379828,84846.0458894289,11.348593668391224,0.2929553038092978,0.00880867530853233,0.01148803840286091
2022-04-19,Mowi ASA,NO0003054108,MOWI-NO,Food and Tobacco Production,Consumer Non-Cyclicals,0.014741409278727,3e-5,-0.00131712130319142,0.0188384917468331,0.0057952585443248,84846.0458894289,11.348593668391224,0.2929553038092978,0.014711409278727,-0.00134712130319142
2022-04-20,Mowi ASA,NO0003054108,MOWI-NO,Food and Tobacco Production,Consumer Non-Cyclicals,0.00549867520088809,3e-5,0.00328594179473046,-0.00533883244002457,-0.01224848332851909,84846.0458894289,11.348593668391224,0.2929553038092978,0.00546867520088809,0.00325594179473046
2022-04-21,Mowi ASA,NO0003054108,MOWI-NO,Food and Tobacco Production,Consumer Non-Cyclicals,3.8815020550409e-4,3e-5,0.0030202777281543,0.00543955941451307,0.00526192025215523,84846.0458894289,11.348593668391224,0.2929553038092978,3.5815020550409e-4,0.0029902777281543
2022-04-22,Mowi ASA,NO0003054108,MOWI-NO,Food and Tobacco Production,Consumer Non-Cyclicals,0.00117262102354299,3e-5,-0.01491721522843722,-0.00212057911186212,-0.00323421503471637,84846.0458894289,11.348593668391224,0.2929553038092978,0.00114262102354299,-0.01494721522843722
2022-04-25,Mowi ASA,NO0003054108,MOWI-NO,Food and Tobacco Production,Consumer Non-Cyclicals,-0.0105283101739216,3e-5,-0.02704635761321274,-0.00938683212638783,-0.02629893552936072,84846.0458894289,11.348593668391224,0.2929553038092978,-0.0105583101739216,-0.02707635761321274
2022-04-26,Mowi ASA,NO0003054108,MOWI-NO,Food and Tobacco Production,Consumer Non-Cyclicals,0.010244314275021,3e-5,1.0371843075028422e-4,-0.00139490760731235,0.01827320052277897,84846.0458894289,11.348593668391224,0.2929553038092978,0.010214314275021,7.371843075028422e-5
2022-04-27,Mowi ASA,NO0003054108,MOWI-NO,Food and Tobacco Production,Consumer Non-Cyclicals,0.0128715430343758,3e-5,0.00649003843766987,0.01773751752359987,0.02872158791880813,84846.0458894289,11.348593668391224,0.2929553038092978,0.0128415430343758,0.00646003843766987
2022-04-28,Mowi ASA,NO0003054108,MOWI-NO,Food and Tobacco Production,Consumer Non-Cyclicals,0.016943962437481,3e-5,-0.00122659279483227,1.3197111966941765e-4,-0.01265428761513017,84846.0458894289,11.348593668391224,0.2929553038092978,0.016913962437481,-0.00125659279483227
2022-04-29,Mowi ASA,NO0003054108,MOWI-NO,Food and Tobacco Production,Consumer Non-Cyclicals,0.00984475894141656,3e-5,0.00303902699770193,0.00696850899060947,0.00634417752526454,84846.0458894289,11.348593668391224,0.2929553038092978,0.00981475894141655,0.00300902699770193
2022-05-02,Mowi ASA,NO0003054108,MOWI-NO,Food and Tobacco Production,Consumer Non-Cyclicals,-0.0213736095350898,3e-5,-0.0176344895103389,0.00568802840800886,0.0078970989447727,84846.0458894289,11.348593668391224,0.2929553038092978,-0.0214036095350898,-0.01766448951033889
2022-05-03,Mowi ASA,NO0003054108,MOWI-NO,Food and Tobacco Production,Consumer Non-Cyclicals,0.00804891982818812,3e-5,0.00821396865032989,1.8268287568170595e-4,0.00324802063129074,84846.0458894289,11.348593668391224,0.2929553038092978,0.00801891982818812,0.00818396865032988
2022-05-04,Mowi ASA,NO0003054108,MOWI-NO,Food and Tobacco Production,Consumer Non-Cyclicals,-0.0231857166246164,3e-5,0.0054719441432043,0.02104671366238705,0.02765523273775386,84846.0458894289,11.348593668391224,0.2929553038092978,-0.02321571662461639,0.0054419441432043
2022-05-05,Mowi ASA,NO0003054108,MOWI-NO,Food and Tobacco Production,Consumer Non-Cyclicals,-0.0350217462309398,3e-5,-0.00475975829751927,-0.00196683763333722,-4.2624862849053674e-4,84846.0458894289,11.348593668391224,0.2929553038092978,-0.0350517462309398,-0.00478975829751926
2022-05-06,Mowi ASA,NO0003054108,MOWI-NO,Food and Tobacco Production,Consumer Non-Cyclicals,-0.00846638608680161,3e-5,-0.01734920361900125,0.02233795502161249,0.02632260673183138,84846.0458894289,11.348593668391224,0.2929553038092978,-0.00849638608680161,-0.01737920361900125
2022-05-09,Mowi ASA,NO0003054108,MOWI-NO,Food and Tobacco Production,Consumer Non-Cyclicals,-0.0032519740920075,3e-5,-0.02953662604899045,-0.00491735876007262,0.00174068364227922,84846.0458894289,11.348593668391224,0.2929553038092978,-0.0032819740920075,-0.02956662604899045
2022-05-10,Mowi ASA,NO0003054108,MOWI-NO,Food and Tobacco Production,Consumer Non-Cyclicals,-0.00611959803523954,3e-5,0.00553515759572106,-0.00483057497246473,-0.00195654814293828,84846.0458894289,11.348593668391224,0.2929553038092978,-0.00614959803523954,0.00550515759572106
2022-05-11,Mowi ASA,NO0003054108,MOWI-NO,Food and Tobacco Production,Consumer Non-Cyclicals,-0.00780314846385433,3e-5,0.00803883070464568,-0.00114688351410793,0.00168477447441638,84846.0458894289,11.348593668391224,0.2929553038092978,-0.00783314846385433,0.00800883070464568
2022-05-12,Mowi ASA,NO0003054108,MOWI-NO,Food and Tobacco Production,Consumer Non-Cyclicals,-0.0190283826331735,3e-5,-0.00686478167868489,-0.01353355161285099,3.666234809603202e-4,84846.0458894289,11.348593668391224,0.2929553038092978,-0.0190583826331735,-0.00689478167868488
2022-05-13,Mowi ASA,NO0003054108,MOWI-NO,Food and Tobacco Production,Consumer Non-Cyclicals,-0.00295341156302564,3e-5,0.02384229530473592,-5.3599546368524736e-5,0.00589080971894891,84846.0458894289,11.348593668391224,0.2929553038092978,-0.00298341156302564,0.02381229530473592
2022-05-16,Mowi ASA,NO0003054108,MOWI-NO,Food and Tobacco Production,Consumer Non-Cyclicals,0.00169132797278926,3e-5,0.00277365597995623,0.01779067792169332,0.00611000259772109,84846.0458894289,11.348593668391224,0.2929553038092978,0.00166132797278926,0.00274365597995623
2022-05-18,Mowi ASA,NO0003054108,MOWI-NO,Food and Tobacco Production,Consumer Non-Cyclicals,0.0135124419879193,3e-5,0.01189965603934354,-0.00243957303432359,0.01159897232660866,84846.0458894289,11.348593668391224,0.2929553038092978,0.0134824419879193,0.01186965603934354
2022-05-19,Mowi ASA,NO0003054108,MOWI-NO,Food and Tobacco Production,Consumer Non-Cyclicals,-0.0154170425050163,3e-5,-0.0090646154459957,-8.777667417757349e-4,-0.01503939127488825,84846.0458894289,11.348593668391224,0.2929553038092978,-0.0154470425050163,-0.0090946154459957
2022-05-20,Mowi ASA,NO0003054108,MOWI-NO,Food and Tobacco Production,Consumer Non-Cyclicals,0.0213048396294322,3e-5,0.01092735678332846,0.00698294991681079,0.01575769322367513,84846.0458894289,11.348593668391224,0.2929553038092978,0.0212748396294322,0.01089735678332846
2022-05-23,Mowi ASA,NO0003054108,MOWI-NO,Food and Tobacco Production,Consumer Non-Cyclicals,0.00707551487414193,3e-5,0.00792073295955247,-0.00832800131228291,-0.00703204923236185,84846.0458894289,11.348593668391224,0.2929553038092978,0.00704551487414193,0.00789073295955247
2022-05-24,Mowi ASA,NO0003054108,MOWI-NO,Food and Tobacco Production,Consumer Non-Cyclicals,0.0239677158412333,3e-5,-0.00395661636349937,0.00474404986411211,0.01859054127677778,84846.0458894289,11.348593668391224,0.2929553038092978,0.0239377158412333,-0.00398661636349937
2022-05-25,Mowi ASA,NO0003054108,MOWI-NO,Food and Tobacco Production,Consumer Non-Cyclicals,0.00201491212497795,3e-5,0.00923641532961033,0.01015329864572002,0.01080619186571615,84846.0458894289,11.348593668391224,0.2929553038092978,0.00198491212497795,0.00920641532961033
2022-05-27,Mowi ASA,NO0003054108,MOWI-NO,Food and Tobacco Production,Consumer Non-Cyclicals,-0.0205382373523967,3e-5,-0.01140440344393074,0.03129686852136584,0.00646838549364988,84846.0458894289,11.348593668391224,0.2929553038092978,-0.02056823735239669,-0.01143440344393074
2022-05-30,Mowi ASA,NO0003054108,MOWI-NO,Food and Tobacco Production,Consumer Non-Cyclicals,-0.00822567005973662,3e-5,-6.92997924966395e-4,-0.00323122210524162,-0.00738486230985529,84846.0458894289,11.348593668391224,0.2929553038092978,-0.00825567005973662,-7.22997924966395e-4
2022-05-31,Mowi ASA,NO0003054108,MOWI-NO,Food and Tobacco Production,Consumer Non-Cyclicals,0.0145131726534073,3e-5,0.00532559276308548,0.00118414857500373,0.01105958326220481,84846.0458894289,11.348593668391224,0.2929553038092978,0.0144831726534073,0.00529559276308548
2022-06-01,Mowi ASA,NO0003054108,MOWI-NO,Food and Tobacco Production,Consumer Non-Cyclicals,-0.0143055536829048,3e-5,-0.01223377665512836,0.01645024434430421,0.0177460245923711,84846.0458894289,11.348593668391224,0.2929553038092978,-0.0143355536829048,-0.01226377665512836
2022-06-02,Mowi ASA,NO0003054108,MOWI-NO,Food and Tobacco Production,Consumer Non-Cyclicals,-0.00165513090580804,3e-5,-0.00384989193944058,0.01114689154537762,0.01881118459557397,84846.0458894289,11.348593668391224,0.2929553038092978,-0.00168513090580804,-0.00387989193944058
2022-06-03,Mowi ASA,NO0003054108,MOWI-NO,Food and Tobacco Production,Consumer Non-Cyclicals,-0.0220136557740176,3e-5,-0.00104313583110685,0.01848105281289087,0.0203638344545216,84846.0458894289,11.348593668391224,0.2929553038092978,-0.0220436557740176,-0.00107313583110685
2022-06-07,Mowi ASA,NO0003054108,MOWI-NO,Food and Tobacco Production,Consumer Non-Cyclicals,-0.00891493683890998,3e-5,-0.00140508359497037,0.00870439021485174,0.02440307493131676,84846.0458894289,11.348593668391224,0.2929553038092978,-0.00894493683890998,-0.00143508359497037
2022-06-08,Mowi ASA,NO0003054108,MOWI-NO,Food and Tobacco Production,Consumer Non-Cyclicals,-0.008571051614788,3e-5,2.2547565270718004e-4,-0.00234638778553591,-0.02390193503653339,84846.0458894289,11.348593668391224,0.2929553038092978,-0.008601051614788,1.9547565270718005e-4
2022-06-09,Mowi ASA,NO0003054108,MOWI-NO,Food and Tobacco Production,Consumer Non-Cyclicals,0.0246332108722618,3e-5,-0.00653633954817161,-0.00818108537291948,-0.00277118657855694,84846.0458894289,11.348593668391224,0.2929553038092978,0.0246032108722618,-0.00656633954817161
2022-06-10,Mowi ASA,NO0003054108,MOWI-NO,Food and Tobacco Production,Consumer Non-Cyclicals,-0.0105431606289716,3e-5,-0.02273025511331807,0.00685198747671357,-0.01561196185281789,84846.0458894289,11.348593668391224,0.2929553038092978,-0.0105731606289716,-0.02276025511331807
2022-06-13,Mowi ASA,NO0003054108,MOWI-NO,Food and Tobacco Production,Consumer Non-Cyclicals,0.00127978548357599,3e-5,-0.02888209903349816,-0.00420762787798791,-0.01041010918596277,84846.0458894289,11.348593668391224,0.2929553038092978,0.00124978548357599,-0.02891209903349816
2022-06-14,Mowi ASA,NO0003054108,MOWI-NO,Food and Tobacco Production,Consumer Non-Cyclicals,0.0187321503815723,3e-5,0.01176474860739409,5.917596769059847e-4,0.03022226916936218,84846.0458894289,11.348593668391224,0.2929553038092978,0.0187021503815723,0.01173474860739409
2022-06-15,Mowi ASA,NO0003054108,MOWI-NO,Food and Tobacco Production,Consumer Non-Cyclicals,0.0162966299157594,3e-5,0.00817435119251091,-0.01783643924489396,0.00155769021600196,84846.0458894289,11.348593668391224,0.2929553038092978,0.0162666299157594,0.00814435119251091
2022-06-16,Mowi ASA,NO0003054108,MOWI-NO,Food and Tobacco Production,Consumer Non-Cyclicals,-0.017681346857378,3e-5,-0.02846544014927549,0.00346898772153527,-0.0044294925438676,84846.0458894289,11.348593668391224,0.2929553038092978,-0.01771134685737799,-0.02849544014927548
2022-06-17,Mowi ASA,NO0003054108,MOWI-NO,Food and Tobacco Production,Consumer Non-Cyclicals,0.00376564607530372,3e-5,0.00474953664640286,0.01260598102665496,-0.00330071570557616,84846.0458894289,11.348593668391224,0.2929553038092978,0.00373564607530372,0.00471953664640286
2022-06-20,Mowi ASA,NO0003054108,MOWI-NO,Food and Tobacco Production,Consumer Non-Cyclicals,0.0241876676832764,3e-5,0.01783921642643073,-0.02166229517513132,-0.00857150495781853,84846.0458894289,11.348593668391224,0.2929553038092978,0.0241576676832764,0.01780921642643073
2022-06-21,Mowi ASA,NO0003054108,MOWI-NO,Food and Tobacco Production,Consumer Non-Cyclicals,-0.0354246615827583,3e-5,-0.01151378067269354,0.02854434356025475,0.01325650340386979,84846.0458894289,11.348593668391224,0.2929553038092978,-0.0354546615827583,-0.01154378067269354
2022-06-22,Mowi ASA,NO0003054108,MOWI-NO,Food and Tobacco Production,Consumer Non-Cyclicals,-0.0726017603803015,3e-5,-0.02342274282928014,-0.00331025808387501,-0.01836842500870538,84846.0458894289,11.348593668391224,0.2929553038092978,-0.0726317603803015,-0.02345274282928014
2022-06-23,Mowi ASA,NO0003054108,MOWI-NO,Food and Tobacco Production,Consumer Non-Cyclicals,0.0104670894883592,3e-5,-0.00554022674922408,0.01092192896787309,-0.00347975509314765,84846.0458894289,11.348593668391224,0.2929553038092978,0.01043708948835919,-0.00557022674922408
2022-06-24,Mowi ASA,NO0003054108,MOWI-NO,Food and Tobacco Production,Consumer Non-Cyclicals,0.0171158228475179,5e-5,0.01009155904180551,-0.01342919632646322,-0.02601020315250158,84846.0458894289,11.348593668391224,0.2929553038092978,0.01706582284751789,0.01004155904180551
2022-06-27,Mowi ASA,NO0003054108,MOWI-NO,Food and Tobacco Production,Consumer Non-Cyclicals,0.00132966417456104,5e-5,0.01688565811565301,0.00111588684440835,0.01201016275207326,84846.0458894289,11.348593668391224,0.2929553038092978,0.00127966417456104,0.016835658115653
2022-06-28,Mowi ASA,NO0003054108,MOWI-NO,Food and Tobacco Production,Consumer Non-Cyclicals,0.0207891511177696,5e-5,0.02010616775116813,-0.00315499193748087,0.00122799660084036,84846.0458894289,11.348593668391224,0.2929553038092978,0.02073915111776959,0.02005616775116812
2022-06-29,Mowi ASA,NO0003054108,MOWI-NO,Food and Tobacco Production,Consumer Non-Cyclicals,-0.00866760061373661,5e-5,-0.01150712913346937,0.00535042391739231,0.02000004863765312,84846.0458894289,11.348593668391224,0.2929553038092978,-0.0087176006137366,-0.01155712913346937
2022-06-30,Mowi ASA,NO0003054108,MOWI-NO,Food and Tobacco Production,Consumer Non-Cyclicals,-0.0205390231827074,5e-5,-0.02135053473502752,-0.00426071994489223,-0.01540128790760787,84846.0458894289,11.348593668391224,0.2929553038092978,-0.0205890231827074,-0.02140053473502752
2022-07-01,Mowi ASA,NO0003054108,MOWI-NO,Food and Tobacco Production,Consumer Non-Cyclicals,0.0196299749717819,5e-5,3.7807740193079864e-4,-0.01132645495279254,-0.0463892916798297,84846.0458894289,11.348593668391224,0.2929553038092978,0.01957997497178189,3.280774019307986e-4
2022-07-04,Mowi ASA,NO0003054108,MOWI-NO,Food and Tobacco Production,Consumer Non-Cyclicals,0.015319824806276,5e-5,0.02102025226251001,-0.00478144643577873,0.02277461268155337,84846.0458894289,11.348593668391224,0.2929553038092978,0.015269824806276,0.02097025226251001
2022-07-05,Mowi ASA,NO0003054108,MOWI-NO,Food and Tobacco Production,Consumer Non-Cyclicals,0,5e-5,-0.0189761152106852,0.00536175832534563,4.711546327008792e-4,84846.0458894289,11.348593668391224,0.2929553038092978,-5e-5,-0.0190261152106852
2022-07-06,Mowi ASA,NO0003054108,MOWI-NO,Food and Tobacco Production,Consumer Non-Cyclicals,-0.014657293330742,5e-5,-8.549625824000984e-4,-0.01618065675474796,-0.02138917451169156,84846.0458894289,11.348593668391224,0.2929553038092978,-0.014707293330742,-9.049625824000983e-4
2022-07-07,Mowi ASA,NO0003054108,MOWI-NO,Food and Tobacco Production,Consumer Non-Cyclicals,0.0349993505275159,5e-5,0.02700315719142023,3.7511350600965415e-4,0.01979917992421308,84846.0458894289,11.348593668391224,0.2929553038092978,0.03494935052751589,0.02695315719142023
2022-07-08,Mowi ASA,NO0003054108,MOWI-NO,Food and Tobacco Production,Consumer Non-Cyclicals,-0.00760914026476278,5e-5,-0.0059996235339597,0.01948405039287242,0.00622564796231719,84846.0458894289,11.348593668391224,0.2929553038092978,-0.00765914026476277,-0.0060496235339597
2022-07-11,Mowi ASA,NO0003054108,MOWI-NO,Food and Tobacco Production,Consumer Non-Cyclicals,0.00936772537576291,5e-5,0.0051568676902199,-0.00115713180780799,-0.00292006045269165,84846.0458894289,11.348593668391224,0.2929553038092978,0.00931772537576291,0.0051068676902199
2022-07-12,Mowi ASA,NO0003054108,MOWI-NO,Food and Tobacco Production,Consumer Non-Cyclicals,-0.0265801697455673,5e-5,0.00259346656748458,-0.00131429277469552,-0.00457033495217038,84846.0458894289,11.348593668391224,0.2929553038092978,-0.0266301697455673,0.00254346656748458
2022-07-13,Mowi ASA,NO0003054108,MOWI-NO,Food and Tobacco Production,Consumer Non-Cyclicals,-0.0173379542453438,5e-5,-0.01238807285591261,0.00681222148625833,0.00267903188051221,84846.0458894289,11.348593668391224,0.2929553038092978,-0.0173879542453438,-0.01243807285591261
2022-07-14,Mowi ASA,NO0003054108,MOWI-NO,Food and Tobacco Production,Consumer Non-Cyclicals,-0.0295535913531974,5e-5,-0.0183935633832155,-0.00658228936213762,-0.00364621372081901,84846.0458894289,11.348593668391224,0.2929553038092978,-0.0296035913531974,-0.0184435633832155
2022-07-15,Mowi ASA,NO0003054108,MOWI-NO,Food and Tobacco Production,Consumer Non-Cyclicals,0.00908809150078493,5e-5,0.00734405850348859,0.00843936049738215,-0.00466803927698397,84846.0458894289,11.348593668391224,0.2929553038092978,0.00903809150078493,0.00729405850348859
2022-07-18,Mowi ASA,NO0003054108,MOWI-NO,Food and Tobacco Production,Consumer Non-Cyclicals,-0.00450312097493322,5e-5,0.02647154041498302,-0.01017271589426982,0.00277019744025881,84846.0458894289,11.348593668391224,0.2929553038092978,-0.00455312097493322,0.02642154041498301
2022-07-19,Mowi ASA,NO0003054108,MOWI-NO,Food and Tobacco Production,Consumer Non-Cyclicals,0.00181138685550208,5e-5,0.00365653114201573,0.00244488565215985,0.00673525435842333,84846.0458894289,11.348593668391224,0.2929553038092978,0.00176138685550208,0.00360653114201573
2022-07-20,Mowi ASA,NO0003054108,MOWI-NO,Food and Tobacco Production,Consumer Non-Cyclicals,0.0130988748975487,5e-5,0.00794461669652431,-0.01000424238343754,-0.0126473457364514,84846.0458894289,11.348593668391224,0.2929553038092978,0.0130488748975487,0.00789461669652431
2022-07-21,Mowi ASA,NO0003054108,MOWI-NO,Food and Tobacco Production,Consumer Non-Cyclicals,-0.0249666588216835,5e-5,-0.01273342052620181,0.00568648497961524,-0.00241669666280578,84846.0458894289,11.348593668391224,0.2929553038092978,-0.0250166588216835,-0.01278342052620181
2022-07-22,Mowi ASA,NO0003054108,MOWI-NO,Food and Tobacco Production,Consumer Non-Cyclicals,0.00457105501357735,5e-5,0.01460107004614187,-0.00344669878768649,0.00571146010542768,84846.0458894289,11.348593668391224,0.2929553038092978,0.00452105501357735,0.01455107004614187
2022-07-25,Mowi ASA,NO0003054108,MOWI-NO,Food and Tobacco Production,Consumer Non-Cyclicals,-0.00773893847393736,5e-5,-0.00182911988825979,0.00434229423713325,0.01674135055611235,84846.0458894289,11.348593668391224,0.2929553038092978,-0.00778893847393735,-0.00187911988825979
2022-07-26,Mowi ASA,NO0003054108,MOWI-NO,Food and Tobacco Production,Consumer Non-Cyclicals,0.00275447349702107,5e-5,0.00234099116725694,0.00435017547929733,0.01277240741996448,84846.0458894289,11.348593668391224,0.2929553038092978,0.00270447349702107,0.00229099116725693
2022-07-27,Mowi ASA,NO0003054108,MOWI-NO,Food and Tobacco Production,Consumer Non-Cyclicals,0.0251598589317248,5e-5,0.0078242978711325,-0.00757613030258027,-9.28003258838182e-4,84846.0458894289,11.348593668391224,0.2929553038092978,0.0251098589317248,0.0077742978711325
2022-07-28,Mowi ASA,NO0003054108,MOWI-NO,Food and Tobacco Production,Consumer Non-Cyclicals,-0.0196348824655249,5e-5,0.0056435736211938,-0.01224788228687733,-0.00945034440839166,84846.0458894289,11.348593668391224,0.2929553038092978,-0.0196848824655249,0.0055935736211938
2022-07-29,Mowi ASA,NO0003054108,MOWI-NO,Food and Tobacco Production,Consumer Non-Cyclicals,0.0113781417537255,5e-5,0.02380375179071,-0.01541666682667864,-0.00791719511173841,84846.0458894289,11.348593668391224,0.2929553038092978,0.0113281417537255,0.02375375179070999
2022-08-01,Mowi ASA,NO0003054108,MOWI-NO,Food and Tobacco Production,Consumer Non-Cyclicals,0.00449906455093485,5e-5,-0.00777971752946754,0.00864414977817341,0.00105480124366642,84846.0458894289,11.348593668391224,0.2929553038092978,0.00444906455093485,-0.00782971752946754
2022-08-02,Mowi ASA,NO0003054108,MOWI-NO,Food and Tobacco Production,Consumer Non-Cyclicals,0.0233011909278595,5e-5,0.00336742708768213,0.01216926447264765,-0.0086798954402088,84846.0458894289,11.348593668391224,0.2929553038092978,0.0232511909278595,0.00331742708768212
2022-08-03,Mowi ASA,NO0003054108,MOWI-NO,Food and Tobacco Production,Consumer Non-Cyclicals,-0.0126974191063174,5e-5,-3.5292765485460956e-4,0.00497060835242116,-0.0034591711261983,84846.0458894289,11.348593668391224,0.2929553038092978,-0.0127474191063174,-4.029276548546096e-4
2022-08-04,Mowi ASA,NO0003054108,MOWI-NO,Food and Tobacco Production,Consumer Non-Cyclicals,0.00354559775266661,5e-5,4.1677527275819465e-4,-0.01373586810288564,-0.02709702473192713,84846.0458894289,11.348593668391224,0.2929553038092978,0.00349559775266661,3.667752727581946e-4
2022-08-05,Mowi ASA,NO0003054108,MOWI-NO,Food and Tobacco Production,Consumer Non-Cyclicals,-0.00132672401224665,5e-5,0.00205975479934206,0.00813685216250347,0.01503888679820769,84846.0458894289,11.348593668391224,0.2929553038092978,-0.00137672401224664,0.00200975479934206
2022-08-08,Mowi ASA,NO0003054108,MOWI-NO,Food and Tobacco Production,Consumer Non-Cyclicals,-0.0190270417573007,5e-5,-0.00107799415872213,0.00564521355702027,0.00136488800666824,84846.0458894289,11.348593668391224,0.2929553038092978,-0.0190770417573007,-0.00112799415872212
2022-08-09,Mowi ASA,NO0003054108,MOWI-NO,Food and Tobacco Production,Consumer Non-Cyclicals,0.00135425399455325,5e-5,0.00552929866887589,0.00138146101358438,0.02862030914432846,84846.0458894289,11.348593668391224,0.2929553038092978,0.00130425399455325,0.00547929866887589
2022-08-10,Mowi ASA,NO0003054108,MOWI-NO,Food and Tobacco Production,Consumer Non-Cyclicals,-0.0171158228475181,5e-5,-0.00177674467668866,-0.00729058331633349,-0.00780549722999057,84846.0458894289,11.348593668391224,0.2929553038092978,-0.0171658228475181,-0.00182674467668866
2022-08-11,Mowi ASA,NO0003054108,MOWI-NO,Food and Tobacco Production,Consumer Non-Cyclicals,0.0045815377636651,5e-5,0.01367921336322991,-0.00134190236799162,0.00440406407310783,84846.0458894289,11.348593668391224,0.2929553038092978,0.0045315377636651,0.01362921336322991
2022-08-12,Mowi ASA,NO0003054108,MOWI-NO,Food and Tobacco Production,Consumer Non-Cyclicals,-0.0168778911667018,5e-5,-0.00166968826572212,-0.00481740238606124,0.00366577645292225,84846.0458894289,11.348593668391224,0.2929553038092978,-0.0169278911667018,-0.00171968826572212
2022-08-15,Mowi ASA,NO0003054108,MOWI-NO,Food and Tobacco Production,Consumer Non-Cyclicals,0.00649655524368464,5e-5,-0.00807764646804772,-0.00567704598230276,-0.01564534124096491,84846.0458894289,11.348593668391224,0.2929553038092978,0.00644655524368464,-0.00812764646804772
2022-08-16,Mowi ASA,NO0003054108,MOWI-NO,Food and Tobacco Production,Consumer Non-Cyclicals,-0.0101458754810545,5e-5,0.00847634339111631,0.00859717235352011,0.03226337429479879,84846.0458894289,11.348593668391224,0.2929553038092978,-0.0101958754810545,0.00842634339111631
2022-08-17,Mowi ASA,NO0003054108,MOWI-NO,Food and Tobacco Production,Consumer Non-Cyclicals,0.00885146141316029,5e-5,-0.00740363690941937,0.00110767355461793,-0.00335738959316503,84846.0458894289,11.348593668391224,0.2929553038092978,0.00880146141316029,-0.00745363690941936
2022-08-18,Mowi ASA,NO0003054108,MOWI-NO,Food and Tobacco Production,Consumer Non-Cyclicals,0.00969789286620992,5e-5,0.00554145211097512,0.0055188550701378,0.02191045121971414,84846.0458894289,11.348593668391224,0.2929553038092978,0.00964789286620992,0.00549145211097512
2022-08-19,Mowi ASA,NO0003054108,MOWI-NO,Food and Tobacco Production,Consumer Non-Cyclicals,0.0105149351302423,7e-5,0.00272309378014892,-0.019509237631218,0.0037488097773231,84846.0458894289,11.348593668391224,0.2929553038092978,0.01044493513024229,0.00265309378014892
2022-08-22,Mowi ASA,NO0003054108,MOWI-NO,Food and Tobacco Production,Consumer Non-Cyclicals,-0.00542918422899108,7e-5,-0.0106973976626821,0.00104706885655866,-5.3079103105944936e-5,84846.0458894289,11.348593668391224,0.2929553038092978,-0.00549918422899107,-0.0107673976626821
2022-08-23,Mowi ASA,NO0003054108,MOWI-NO,Food and Tobacco Production,Consumer Non-Cyclicals,-0.00682477734414089,7e-5,0.00849096922494708,0.0025648482760481,0.02067802462071888,84846.0458894289,11.348593668391224,0.2929553038092978,-0.00689477734414089,0.00842096922494707
2022-08-24,Mowi ASA,NO0003054108,MOWI-NO,Food and Tobacco Production,Consumer Non-Cyclicals,-0.0352752700306304,7e-5,-0.00260562037346003,0.01130156041226714,0.00386506961572245,84846.0458894289,11.348593668391224,0.2929553038092978,-0.0353452700306304,-0.00267562037346003
2022-08-25,Mowi ASA,NO0003054108,MOWI-NO,Food and Tobacco Production,Consumer Non-Cyclicals,0.00807336000083558,7e-5,0.00363559756795568,-0.00895470903016787,-9.44847543662738e-4,84846.0458894289,11.348593668391224,0.2929553038092978,0.00800336000083558,0.00356559756795567
2022-08-26,Mowi ASA,NO0003054108,MOWI-NO,Food and Tobacco Production,Consumer Non-Cyclicals,-0.0268493576460836,7e-5,-0.00761894740476429,0.01542524650530322,0.01924688746526548,84846.0458894289,11.348593668391224,0.2929553038092978,-0.0269193576460836,-0.00768894740476429
2022-08-29,Mowi ASA,NO0003054108,MOWI-NO,Food and Tobacco Production,Consumer Non-Cyclicals,-0.0266213130200099,7e-5,-0.0150862927731563,0.0073948725264115,0.02790727665386102,84846.0458894289,11.348593668391224,0.2929553038092978,-0.0266913130200099,-0.0151562927731563
2022-08-30,Mowi ASA,NO0003054108,MOWI-NO,Food and Tobacco Production,Consumer Non-Cyclicals,0.0149188432427703,7e-5,-0.00670674640168119,-0.0171850700844194,-0.01403873898476396,84846.0458894289,11.348593668391224,0.2929553038092978,0.01484884324277029,-0.00677674640168118
2022-08-31,Mowi ASA,NO0003054108,MOWI-NO,Food and Tobacco Production,Consumer Non-Cyclicals,9.80687990344e-4,7e-5,0.0058894675843382,-0.00327013819154491,-0.00579675568049967,84846.0458894289,11.348593668391224,0.2929553038092978,9.10687990344e-4,0.0058194675843382
2022-09-01,Mowi ASA,NO0003054108,MOWI-NO,Food and Tobacco Production,Consumer Non-Cyclicals,0.00930202512838729,7e-5,-0.01472822321436921,0.00712021505159263,0.0261165326923296,84846.0458894289,11.348593668391224,0.2929553038092978,0.00923202512838729,-0.01479822321436921
2022-09-02,Mowi ASA,NO0003054108,MOWI-NO,Food and Tobacco Production,Consumer Non-Cyclicals,-0.00533883750946695,7e-5,0.00223816941724706,-0.00389394194704448,1.859634042211593e-4,84846.0458894289,11.348593668391224,0.2929553038092978,-0.00540883750946695,0.00216816941724706
2022-09-05,Mowi ASA,NO0003054108,MOWI-NO,Food and Tobacco Production,Consumer Non-Cyclicals,-0.0221885003726682,7e-5,-0.00179802990265678,0.00217941964648535,0.02660890172507647,84846.0458894289,11.348593668391224,0.2929553038092978,-0.0222585003726682,-0.00186802990265678
2022-09-06,Mowi ASA,NO0003054108,MOWI-NO,Food and Tobacco Production,Consumer Non-Cyclicals,-0.00705766225220028,7e-5,-0.02660538984376911,0.00807396146722947,-0.02125319677193461,84846.0458894289,11.348593668391224,0.2929553038092978,-0.00712766225220028,-0.02667538984376911
2022-09-07,Mowi ASA,NO0003054108,MOWI-NO,Food and Tobacco Production,Consumer Non-Cyclicals,-0.0109185499370402,7e-5,-0.01563597149812801,-0.01294342480312645,-0.01145180679787,84846.0458894289,11.348593668391224,0.2929553038092978,-0.0109885499370402,-0.01570597149812801
2022-09-08,Mowi ASA,NO0003054108,MOWI-NO,Food and Tobacco Production,Consumer Non-Cyclicals,-0.00410964258393787,7e-5,0.00648912117854153,-0.00521851371882052,-0.00230202524821054,84846.0458894289,11.348593668391224,0.2929553038092978,-0.00417964258393786,0.00641912117854153
2022-09-09,Mowi ASA,NO0003054108,MOWI-NO,Food and Tobacco Production,Consumer Non-Cyclicals,0.0149533234279948,7e-5,0.019869750736647412,-0.00142988925523065,-0.00239242526675921,84846.0458894289,11.348593668391224,0.2929553038092978,0.0148833234279948,0.01979975073664741
2022-09-12,Mowi ASA,NO0003054108,MOWI-NO,Food and Tobacco Production,Consumer Non-Cyclicals,0.00329794168664588,7e-5,0.0104453185666939,8.864149537459783e-4,0.01798238348108122,84846.0458894289,11.348593668391224,0.2929553038092978,0.00322794168664587,0.0103753185666939
2022-09-13,Mowi ASA,NO0003054108,MOWI-NO,Food and Tobacco Production,Consumer Non-Cyclicals,-0.0182249654496501,7e-5,-0.00450928814153939,0.01369238212294077,0.01019407999690873,84846.0458894289,11.348593668391224,0.2929553038092978,-0.0182949654496501,-0.00457928814153938
2022-09-14,Mowi ASA,NO0003054108,MOWI-NO,Food and Tobacco Production,Consumer Non-Cyclicals,-0.00979759855083018,7e-5,-0.01024754877530114,0.01481741567699113,0.02633675706293961,84846.0458894289,11.348593668391224,0.2929553038092978,-0.00986759855083018,-0.01031754877530114
2022-09-15,Mowi ASA,NO0003054108,MOWI-NO,Food and Tobacco Production,Consumer Non-Cyclicals,-0.016147302364042,7e-5,-3.904165284861638e-4,-0.00189650018301768,-0.0037446591141066,84846.0458894289,11.348593668391224,0.2929553038092978,-0.016217302364042,-4.6041652848616374e-4
2022-09-16,Mowi ASA,NO0003054108,MOWI-NO,Food and Tobacco Production,Consumer Non-Cyclicals,-0.00952731836210718,7e-5,-0.02527684163406157,-0.00507484462765166,0.00417132754331059,84846.0458894289,11.348593668391224,0.2929553038092978,-0.00959731836210718,-0.02534684163406157
2022-09-19,Mowi ASA,NO0003054108,MOWI-NO,Food and Tobacco Production,Consumer Non-Cyclicals,0.00935160645371269,7e-5,-0.00750012145873808,-0.01731312861941529,-6.851383499485823e-4,84846.0458894289,11.348593668391224,0.2929553038092978,0.00928160645371269,-0.00757012145873808
2022-09-20,Mowi ASA,NO0003054108,MOWI-NO,Food and Tobacco Production,Consumer Non-Cyclicals,-0.0301845507154579,7e-5,-0.00920301300903006,0.00731002678058977,0.01000849027922911,84846.0458894289,11.348593668391224,0.2929553038092978,-0.0302545507154579,-0.00927301300903006
2022-09-21,Mowi ASA,NO0003054108,MOWI-NO,Food and Tobacco Production,Consumer Non-Cyclicals,0,7e-5,0.0066742074958361,0.00261050039581447,0.00157132113472594,84846.0458894289,11.348593668391224,0.2929553038092978,-7e-5,0.0066042074958361
2022-09-22,Mowi ASA,NO0003054108,MOWI-NO,Food and Tobacco Production,Consumer Non-Cyclicals,0.00846677710288968,7e-5,-0.00526373589541973,-0.00853176809212631,0.00707664184529312,84846.0458894289,11.348593668391224,0.2929553038092978,0.00839677710288967,-0.00533373589541973
2022-09-23,Mowi ASA,NO0003054108,MOWI-NO,Food and Tobacco Production,Consumer Non-Cyclicals,-0.0327585090286078,9e-5,-0.03082315552893909,7.383214813831071e-4,-0.0141276870332565,84846.0458894289,11.348593668391224,0.2929553038092978,-0.0328485090286078,-0.03091315552893908
2022-09-26,Mowi ASA,NO0003054108,MOWI-NO,Food and Tobacco Production,Consumer Non-Cyclicals,-0.0291079526432724,9e-5,0.00149450689581879,-0.01389064531975598,-0.00700445466481164,84846.0458894289,11.348593668391224,0.2929553038092978,-0.0291979526432724,0.00140450689581879
2022-09-27,Mowi ASA,NO0003054108,MOWI-NO,Food and Tobacco Production,Consumer Non-Cyclicals,-0.0195983774599849,9e-5,0.00635160140108057,0.00701567555002052,0.01064161825234316,84846.0458894289,11.348593668391224,0.2929553038092978,-0.0196883774599849,0.00626160140108057
2022-09-28,Mowi ASA,NO0003054108,MOWI-NO,Food and Tobacco Production,Consumer Non-Cyclicals,-0.189062330138064,9e-5,-0.0363781627103931,0.03169500843518454,0.02428421066028976,84846.0458894289,11.348593668391224,0.2929553038092978,-0.189152330138064,-0.0364681627103931
2022-09-29,Mowi ASA,NO0003054108,MOWI-NO,Food and Tobacco Production,Consumer Non-Cyclicals,-0.031542756206037303,9e-5,-0.01680365375692809,0.01260958188537639,-0.00356104923632322,84846.0458894289,11.348593668391224,0.2929553038092978,-0.0316327562060373,-0.01689365375692809
2022-09-30,Mowi ASA,NO0003054108,MOWI-NO,Food and Tobacco Production,Consumer Non-Cyclicals,0.0370647819431327,9.08e-5,0.02196934683109477,-0.00189159451196583,0.00953184294237194,84846.0458894289,11.348593668391224,0.2929553038092978,0.0369739819431327,0.02187854683109477
2022-10-03,Mowi ASA,NO0003054108,MOWI-NO,Food and Tobacco Production,Consumer Non-Cyclicals,0.0285166923149398,9.2e-5,0.02248373458020683,-0.00776457679768669,0.00768518830823574,84846.0458894289,11.348593668391224,0.2929553038092978,0.0284246923149398,0.02239173458020683
2022-10-04,Mowi ASA,NO0003054108,MOWI-NO,Food and Tobacco Production,Consumer Non-Cyclicals,-0.0112293505145196,9e-5,0.01185730236554162,-0.01275712838655515,-0.00137925740604288,84846.0458894289,11.348593668391224,0.2929553038092978,-0.0113193505145196,0.01176730236554162
2022-10-05,Mowi ASA,NO0003054108,MOWI-NO,Food and Tobacco Production,Consumer Non-Cyclicals,-0.0181046130090716,9e-5,-0.01088318142641924,0.00992603670702831,0.00541215266510204,84846.0458894289,11.348593668391224,0.2929553038092978,-0.0181946130090716,-0.01097318142641924
2022-10-06,Mowi ASA,NO0003054108,MOWI-NO,Food and Tobacco Production,Consumer Non-Cyclicals,-0.00217015253970754,9e-5,-0.00686728393573579,0.02529069032323982,0.00576800190162966,84846.0458894289,11.348593668391224,0.2929553038092978,-0.00226015253970753,-0.00695728393573579
2022-10-07,Mowi ASA,NO0003054108,MOWI-NO,Food and Tobacco Production,Consumer Non-Cyclicals,-0.0141287902666583,9e-5,-0.00279062660129914,0.01747179996413742,0.01434361319322227,84846.0458894289,11.348593668391224,0.2929553038092978,-0.0142187902666583,-0.00288062660129913
2022-10-10,Mowi ASA,NO0003054108,MOWI-NO,Food and Tobacco Production,Consumer Non-Cyclicals,0.0209414040332183,9e-5,0.00343401674135919,-0.00500437896575716,0.00331902667460992,84846.0458894289,11.348593668391224,0.2929553038092978,0.0208514040332183,0.00334401674135919
2022-10-11,Mowi ASA,NO0003054108,MOWI-NO,Food and Tobacco Production,Consumer Non-Cyclicals,0.0093634278287964,9e-5,-0.01175231235195774,-0.02244769412331921,-0.0069830984885391,84846.0458894289,11.348593668391224,0.2929553038092978,0.0092734278287964,-0.01184231235195774
2022-10-12,Mowi ASA,NO0003054108,MOWI-NO,Food and Tobacco Production,Consumer Non-Cyclicals,-0.0224700799677336,9e-5,-0.0083483838724189,6.984310551185011e-4,0.00566057411008667,84846.0458894289,11.348593668391224,0.2929553038092978,-0.0225600799677336,-0.0084383838724189
2022-10-13,Mowi ASA,NO0003054108,MOWI-NO,Food and Tobacco Production,Consumer Non-Cyclicals,0.0102197889391415,9e-5,0.0094551424417074,-0.00901396060958954,0.01085966067715498,84846.0458894289,11.348593668391224,0.2929553038092978,0.0101297889391415,0.0093651424417074
2022-10-14,Mowi ASA,NO0003054108,MOWI-NO,Food and Tobacco Production,Consumer Non-Cyclicals,-0.013368101918032,9e-5,-0.00387038211911931,0.00418655799303232,-0.01138291536316596,84846.0458894289,11.348593668391224,0.2929553038092978,-0.013458101918032,-0.00396038211911931
2022-10-17,Mowi ASA,NO0003054108,MOWI-NO,Food and Tobacco Production,Consumer Non-Cyclicals,0.0490542606037447,9e-5,0.01375625066139753,-0.00531471783080758,-0.00232827785834467,84846.0458894289,11.348593668391224,0.2929553038092978,0.0489642606037447,0.01366625066139753
2022-10-18,Mowi ASA,NO0003054108,MOWI-NO,Food and Tobacco Production,Consumer Non-Cyclicals,-0.0143119488837287,9e-5,0.01280318111600082,0.00825753710710833,-0.00559051900817047,84846.0458894289,11.348593668391224,0.2929553038092978,-0.01440194888372869,0.01271318111600082
2022-10-19,Mowi ASA,NO0003054108,MOWI-NO,Food and Tobacco Production,Consumer Non-Cyclicals,-0.0233578665352754,9e-5,-0.00513134356821465,-3.37006154877301e-4,0.0120071272793464,84846.0458894289,11.348593668391224,0.2929553038092978,-0.02344786653527539,-0.00522134356821465
2022-10-20,Mowi ASA,NO0003054108,MOWI-NO,Food and Tobacco Production,Consumer Non-Cyclicals,0.0268173863690109,9e-5,0.00225409676365989,0.0026528641287581,8.405825832514882e-4,84846.0458894289,11.348593668391224,0.2929553038092978,0.0267273863690109,0.00216409676365989
2022-10-21,Mowi ASA,NO0003054108,MOWI-NO,Food and Tobacco Production,Consumer Non-Cyclicals,-0.0250575771533855,9e-5,-0.01007616642311337,-0.00169676181446443,-0.00171256994123525,84846.0458894289,11.348593668391224,0.2929553038092978,-0.0251475771533855,-0.01016616642311337
2022-10-24,Mowi ASA,NO0003054108,MOWI-NO,Food and Tobacco Production,Consumer Non-Cyclicals,-0.00688210652304011,9e-5,0.00383079689099225,-0.00330377166388584,0.01406462248567402,84846.0458894289,11.348593668391224,0.2929553038092978,-0.00697210652304011,0.00374079689099225
2022-10-25,Mowi ASA,NO0003054108,MOWI-NO,Food and Tobacco Production,Consumer Non-Cyclicals,0.0273465374795832,9e-5,0.00732204238199331,-0.01377740134418504,-0.00781032210635994,84846.0458894289,11.348593668391224,0.2929553038092978,0.0272565374795832,0.00723204238199331
2022-10-26,Mowi ASA,NO0003054108,MOWI-NO,Food and Tobacco Production,Consumer Non-Cyclicals,0.0450640961326223,9e-5,0.01109477481036755,-2.698286371848081e-4,-0.00867518934171606,84846.0458894289,11.348593668391224,0.2929553038092978,0.0449740961326223,0.01100477481036755
2022-10-27,Mowi ASA,NO0003054108,MOWI-NO,Food and Tobacco Production,Consumer Non-Cyclicals,-0.00237796322280481,9e-5,0.00685697162758191,0.00304112065803968,0.00501455267639033,84846.0458894289,11.348593668391224,0.2929553038092978,-0.00246796322280481,0.00676697162758191
2022-10-28,Mowi ASA,NO0003054108,MOWI-NO,Food and Tobacco Production,Consumer Non-Cyclicals,0.00681037545896013,9e-5,-8.099786291391639e-4,0.001904383892076,0.00115692016524368,84846.0458894289,11.348593668391224,0.2929553038092978,0.00672037545896013,-8.999786291391639e-4
2022-10-31,Mowi ASA,NO0003054108,MOWI-NO,Food and Tobacco Production,Consumer Non-Cyclicals,0.0483427445444384,9e-5,0.01176169125066343,0.00382402441094766,-0.00801004248885496,84846.0458894289,11.348593668391224,0.2929553038092978,0.0482527445444384,0.01167169125066343
2022-11-01,Mowi ASA,NO0003054108,MOWI-NO,Food and Tobacco Production,Consumer Non-Cyclicals,0.00129047642425806,9e-5,0.00800703337937466,0.00598106371598178,2.677232298083608e-4,84846.0458894289,11.348593668391224,0.2929553038092978,0.00120047642425806,0.00791703337937466
2022-11-02,Mowi ASA,NO0003054108,MOWI-NO,Food and Tobacco Production,Consumer Non-Cyclicals,-0.0138477379226292,9e-5,-0.00857570881259384,0.01362364865738301,0.01313689333050053,84846.0458894289,11.348593668391224,0.2929553038092978,-0.01393773792262919,-0.00866570881259384
2022-11-03,Mowi ASA,NO0003054108,MOWI-NO,Food and Tobacco Production,Consumer Non-Cyclicals,0.00130691100220193,9e-5,-0.0012479911287915,0.02015826798086991,-0.00801751452327219,84846.0458894289,11.348593668391224,0.2929553038092978,0.00121691100220193,-0.0013379911287915
2022-11-04,Mowi ASA,NO0003054108,MOWI-NO,Food and Tobacco Production,Consumer Non-Cyclicals,0.0130449586448564,1e-4,0.00744267785807549,0.00897281447326088,0.02873532422672586,84846.0458894289,11.348593668391224,0.2929553038092978,0.0129449586448564,0.00734267785807549
2022-11-07,Mowi ASA,NO0003054108,MOWI-NO,Food and Tobacco Production,Consumer Non-Cyclicals,0.0106222822852262,1e-4,0.00346048788674477,9.585411310549387e-4,0.00469959889298336,84846.0458894289,11.348593668391224,0.2929553038092978,0.0105222822852262,0.00336048788674477
2022-11-08,Mowi ASA,NO0003054108,MOWI-NO,Food and Tobacco Production,Consumer Non-Cyclicals,-0.00286842652255259,1e-4,0.00143115625857467,-0.00100045647348082,-8.802100185034949e-4,84846.0458894289,11.348593668391224,0.2929553038092978,-0.00296842652255259,0.00133115625857467
2022-11-09,Mowi ASA,NO0003054108,MOWI-NO,Food and Tobacco Production,Consumer Non-Cyclicals,-0.00798382389727337,1e-4,-0.00334040672359276,-0.00279578639372071,-0.00613288005473533,84846.0458894289,11.348593668391224,0.2929553038092978,-0.00808382389727336,-0.00344040672359276
2022-11-10,Mowi ASA,NO0003054108,MOWI-NO,Food and Tobacco Production,Consumer Non-Cyclicals,0.00579265516540928,1e-4,0.01187478357939448,-0.02723550993796115,-0.05278988143042245,84846.0458894289,11.348593668391224,0.2929553038092978,0.00569265516540928,0.01177478357939448
2022-11-11,Mowi ASA,NO0003054108,MOWI-NO,Food and Tobacco Production,Consumer Non-Cyclicals,-0.0188865830048609,1e-4,0.00678856075877304,1.344223004863046e-4,-0.01072998728621411,84846.0458894289,11.348593668391224,0.2929553038092978,-0.01898658300486089,0.00668856075877304
2022-11-14,Mowi ASA,NO0003054108,MOWI-NO,Food and Tobacco Production,Consumer Non-Cyclicals,0.0133799917661588,1e-4,0.00548207952100966,-0.01102309555299527,-0.01084781627943966,84846.0458894289,11.348593668391224,0.2929553038092978,0.0132799917661588,0.00538207952100966
2022-11-15,Mowi ASA,NO0003054108,MOWI-NO,Food and Tobacco Production,Consumer Non-Cyclicals,-0.0086994893777973,1e-4,0.00117993180500648,-0.01019821188790454,-0.00962575127071892,84846.0458894289,11.348593668391224,0.2929553038092978,-0.0087994893777973,0.00107993180500648
2022-11-16,Mowi ASA,NO0003054108,MOWI-NO,Food and Tobacco Production,Consumer Non-Cyclicals,0.0298887122416533,1e-4,-0.00386423921010921,-0.00770543498995805,0.00573333381712096,84846.0458894289,11.348593668391224,0.2929553038092978,0.0297887122416533,-0.00396423921010921
2022-11-17,Mowi ASA,NO0003054108,MOWI-NO,Food and Tobacco Production,Consumer Non-Cyclicals,-0.00662069911838359,1e-4,-0.0102321100513232,0.00407855793821623,0.01541588713206771,84846.0458894289,11.348593668391224,0.2929553038092978,-0.00672069911838359,-0.0103321100513232
2022-11-18,Mowi ASA,NO0003054108,MOWI-NO,Food and Tobacco Production,Consumer Non-Cyclicals,-0.0342979487533668,1e-4,-3.79920919088344e-4,2.971226981658267e-4,-0.00321891046562093,84846.0458894289,11.348593668391224,0.2929553038092978,-0.0343979487533668,-4.79920919088344e-4
2022-11-21,Mowi ASA,NO0003054108,MOWI-NO,Food and Tobacco Production,Consumer Non-Cyclicals,0.00532097493992456,1e-4,-0.00476999057923264,-0.00372176662872276,0.00334191980837657,84846.0458894289,11.348593668391224,0.2929553038092978,0.00522097493992456,-0.00486999057923264
2022-11-22,Mowi ASA,NO0003054108,MOWI-NO,Food and Tobacco Production,Consumer Non-Cyclicals,-6.6160150247585e-4,1e-4,0.01546499613454726,0.00325807734608087,0.01814425316821252,84846.0458894289,11.348593668391224,0.2929553038092978,-7.616015024758501e-4,0.01536499613454726
2022-11-23,Mowi ASA,NO0003054108,MOWI-NO,Food and Tobacco Production,Consumer Non-Cyclicals,0.0016586581242215,1e-4,0.00635040164318405,-1.8777969201428255e-4,-0.01615075958502417,84846.0458894289,11.348593668391224,0.2929553038092978,0.0015586581242215,0.00625040164318404
2022-11-24,Mowi ASA,NO0003054108,MOWI-NO,Food and Tobacco Production,Consumer Non-Cyclicals,0.022464962901896,1e-4,0.01242863874741139,-0.01235994935237306,-0.01928832472484334,84846.0458894289,11.348593668391224,0.2929553038092978,0.022364962901896,0.01232863874741139
2022-11-25,Mowi ASA,NO0003054108,MOWI-NO,Food and Tobacco Production,Consumer Non-Cyclicals,0.0029123716714512,1e-4,-6.33954463508782e-4,0.0147367227100356,0.0095081855824044,84846.0458894289,11.348593668391224,0.2929553038092978,0.0028123716714512,-7.33954463508782e-4
2022-11-28,Mowi ASA,NO0003054108,MOWI-NO,Food and Tobacco Production,Consumer Non-Cyclicals,-0.00548209137280986,1e-4,-0.0082406629003026,-0.0047735931729,0.0074872687544522,84846.0458894289,11.348593668391224,0.2929553038092978,-0.00558209137280986,-0.0083406629003026
2022-11-29,Mowi ASA,NO0003054108,MOWI-NO,Food and Tobacco Production,Consumer Non-Cyclicals,-0.0042091472295589,1e-4,0.00708183273415846,0.00590813280540172,0.02150299338272263,84846.0458894289,11.348593668391224,0.2929553038092978,-0.0043091472295589,0.00698183273415846
2022-11-30,Mowi ASA,NO0003054108,MOWI-NO,Food and Tobacco Production,Consumer Non-Cyclicals,0,1e-4,0.00233730354423348,-0.00183541320764709,-0.00792365169749653,84846.0458894289,11.348593668391224,0.2929553038092978,-1e-4,0.00223730354423348
2022-12-01,Mowi ASA,NO0003054108,MOWI-NO,Food and Tobacco Production,Consumer Non-Cyclicals,0.013016732800067,1e-4,0.00637235582890994,-0.00783217659892592,-0.00302725806127127,84846.0458894289,11.348593668391224,0.2929553038092978,0.012916732800067,0.00627235582890994
2022-12-02,Mowi ASA,NO0003054108,MOWI-NO,Food and Tobacco Production,Consumer Non-Cyclicals,-0.0041795334120881,1e-4,-0.00566015973168867,0.00947526183433453,-0.00495078273603555,84846.0458894289,11.348593668391224,0.2929553038092978,-0.0042795334120881,-0.00576015973168867
2022-12-05,Mowi ASA,NO0003054108,MOWI-NO,Food and Tobacco Production,Consumer Non-Cyclicals,-0.00451619169187212,1e-4,0.00147194398021485,0.00897261061606597,0.00307034692331881,84846.0458894289,11.348593668391224,0.2929553038092978,-0.00461619169187212,0.00137194398021484
2022-12-06,Mowi ASA,NO0003054108,MOWI-NO,Food and Tobacco Production,Consumer Non-Cyclicals,-0.0148992661867496,1e-4,-0.0078583057336989,0.01465225538492683,-1.6711165179012898e-4,84846.0458894289,11.348593668391224,0.2929553038092978,-0.01499926618674959,-0.00795830573369889
2022-12-07,Mowi ASA,NO0003054108,MOWI-NO,Food and Tobacco Production,Consumer Non-Cyclicals,-0.00789479269095006,1e-4,-0.01213376862515115,-0.010581521245366,-0.01153386530709962,84846.0458894289,11.348593668391224,0.2929553038092978,-0.00799479269095006,-0.01223376862515114
2022-12-08,Mowi ASA,NO0003054108,MOWI-NO,Food and Tobacco Production,Consumer Non-Cyclicals,0.0043068103220838,1e-4,0.00550576121652068,0.00283260250475349,-0.00753291403838398,84846.0458894289,11.348593668391224,0.2929553038092978,0.0042068103220838,0.00540576121652068
2022-12-09,Mowi ASA,NO0003054108,MOWI-NO,Food and Tobacco Production,Consumer Non-Cyclicals,0.0280588155942263,1e-4,0.01213939038693658,-0.00543448120408523,-0.01373875420523164,84846.0458894289,11.348593668391224,0.2929553038092978,0.0279588155942263,0.01203939038693658
2022-12-12,Mowi ASA,NO0003054108,MOWI-NO,Food and Tobacco Production,Consumer Non-Cyclicals,0.0215194856318068,1e-4,-0.00274792247549915,0.00635414701642583,0.00308237313821076,84846.0458894289,11.348593668391224,0.2929553038092978,0.0214194856318068,-0.00284792247549914
2022-12-13,Mowi ASA,NO0003054108,MOWI-NO,Food and Tobacco Production,Consumer Non-Cyclicals,0.0185444343034851,1e-4,0.01800602248213985,-0.01365552049559113,-0.01959617047752312,84846.0458894289,11.348593668391224,0.2929553038092978,0.0184444343034851,0.01790602248213985
2022-12-14,Mowi ASA,NO0003054108,MOWI-NO,Food and Tobacco Production,Consumer Non-Cyclicals,-0.00709554089394515,1e-4,-0.01118505274318673,0.00664728100082817,-0.00652402416566243,84846.0458894289,11.348593668391224,0.2929553038092978,-0.00719554089394515,-0.01128505274318673
2022-12-15,Mowi ASA,NO0003054108,MOWI-NO,Food and Tobacco Production,Consumer Non-Cyclicals,-0.0174076970900265,1e-4,-0.00987056472226353,0.01766910372615956,0.01612557125453034,84846.0458894289,11.348593668391224,0.2929553038092978,-0.0175076970900265,-0.00997056472226353
2022-12-16,Mowi ASA,NO0003054108,MOWI-NO,Food and Tobacco Production,Consumer Non-Cyclicals,-6.3271762424754e-4,1.1e-4,-0.01273745818198161,0.00593103751060246,0.02011021531475067,84846.0458894289,11.348593668391224,0.2929553038092978,-7.4271762424754e-4,-0.01284745818198161
2022-12-19,Mowi ASA,NO0003054108,MOWI-NO,Food and Tobacco Production,Consumer Non-Cyclicals,0.0139286006045258,1.1e-4,0.00638214892033358,-0.0103586971660816,-0.00273198128679878,84846.0458894289,11.348593668391224,0.2929553038092978,0.0138186006045258,0.00627214892033358
2022-12-20,Mowi ASA,NO0003054108,MOWI-NO,Food and Tobacco Production,Consumer Non-Cyclicals,0.00686862989969006,1.1e-4,-0.00368702332519998,0.0054077964701804,0.02668720977605824,84846.0458894289,11.348593668391224,0.2929553038092978,0.00675862989969006,-0.00379702332519998
2022-12-21,Mowi ASA,NO0003054108,MOWI-NO,Food and Tobacco Production,Consumer Non-Cyclicals,0.0279072558865303,1.1e-4,0.01379807963199055,-0.00564521221421667,0.01165925606697808,84846.0458894289,11.348593668391224,0.2929553038092978,0.0277972558865303,0.01368807963199054
2022-12-22,Mowi ASA,NO0003054108,MOWI-NO,Food and Tobacco Production,Consumer Non-Cyclicals,-0.00723988945545118,1.1e-4,-0.00536990449053835,0.00442588129213216,0.01269704729614288,84846.0458894289,11.348593668391224,0.2929553038092978,-0.00734988945545117,-0.00547990449053835
2022-12-23,Mowi ASA,NO0003054108,MOWI-NO,Food and Tobacco Production,Consumer Non-Cyclicals,0.00425406782983728,1.1e-4,0.00213757884757457,1.4149282491328612e-4,0.01663289597915019,84846.0458894289,11.348593668391224,0.2929553038092978,0.00414406782983728,0.00202757884757457
2022-12-27,Mowi ASA,NO0003054108,MOWI-NO,Food and Tobacco Production,Consumer Non-Cyclicals,0.00242059851250298,1.1e-4,-0.00143753449864536,0.00314175984260953,0.00837069162880071,84846.0458894289,11.348593668391224,0.2929553038092978,0.00231059851250298,-0.00154753449864536
2022-12-28,Mowi ASA,NO0003054108,MOWI-NO,Food and Tobacco Production,Consumer Non-Cyclicals,0.00693917028555124,1.1e-4,-0.00314388266206932,-0.00957987866835902,-0.0026419196676919,84846.0458894289,11.348593668391224,0.2929553038092978,0.00682917028555124,-0.00325388266206932
2022-12-29,Mowi ASA,NO0003054108,MOWI-NO,Food and Tobacco Production,Consumer Non-Cyclicals,0.00119905622671168,1.1e-4,0.00731212015413784,-0.00521758113776852,-0.00747607113216636,84846.0458894289,11.348593668391224,0.2929553038092978,0.00108905622671168,0.00720212015413784
2022-12-30,Mowi ASA,NO0003054108,MOWI-NO,Food and Tobacco Production,Consumer Non-Cyclicals,0.00119762021273861,1.1e-4,-0.00564603455941053,0.00228928769909695,-0.00783828479582606,84846.0458894289,11.348593668391224,0.2929553038092978,0.00108762021273861,-0.00575603455941053
2023-01-02,Mowi ASA,NO0003054108,MOWI-NO,Food and Tobacco Production,Consumer Non-Cyclicals,-0.0149523454281193,1.1e-4,0.00434140899400283,0.01036697766962437,0.00774085903518485,67722.8061960402,11.12317827360531,0.2907509224073013,-0.0150623454281193,0.00423140899400283
2023-01-03,Mowi ASA,NO0003054108,MOWI-NO,Food and Tobacco Production,Consumer Non-Cyclicals,0.0352160032382529,1.1e-4,-0.01076766651615989,-0.00635311986262451,-0.02439883801088228,67722.8061960402,11.12317827360531,0.2907509224073013,0.0351060032382529,-0.01087766651615989
2023-01-04,Mowi ASA,NO0003054108,MOWI-NO,Food and Tobacco Production,Consumer Non-Cyclicals,0.00997080024974317,1.1e-4,-0.01455131251231157,-0.0145226031022453,-0.01459052142997191,67722.8061960402,11.12317827360531,0.2907509224073013,0.00986080024974317,-0.01466131251231157
2023-01-05,Mowi ASA,NO0003054108,MOWI-NO,Food and Tobacco Production,Consumer Non-Cyclicals,0.0145181836347286,1.1e-4,0.00736964160007686,-0.01069917029083813,0.01581588991887116,67722.8061960402,11.12317827360531,0.2907509224073013,0.0144081836347286,0.00725964160007686
2023-01-06,Mowi ASA,NO0003054108,MOWI-NO,Food and Tobacco Production,Consumer Non-Cyclicals,0.0123100406846846,1.1e-4,0.00907066067424516,-0.01764000176130073,0.00343089456968601,67722.8061960402,11.12317827360531,0.2907509224073013,0.0122000406846846,0.00896066067424515
2023-01-09,Mowi ASA,NO0003054108,MOWI-NO,Food and Tobacco Production,Consumer Non-Cyclicals,-0.0175291392298852,1.1e-4,0.00613197156165288,-0.00490553819164431,-9.010981003121696e-4,67722.8061960402,11.12317827360531,0.2907509224073013,-0.0176391392298852,0.00602197156165288
2023-01-10,Mowi ASA,NO0003054108,MOWI-NO,Food and Tobacco Production,Consumer Non-Cyclicals,0,1.1e-4,-0.00984806302324473,0.00447352514243298,0.00728118745829175,67722.8061960402,11.12317827360531,0.2907509224073013,-1.1e-4,-0.00995806302324473
2023-01-11,Mowi ASA,NO0003054108,MOWI-NO,Food and Tobacco Production,Consumer Non-Cyclicals,-0.00978426348817363,1.1e-4,-0.00373021940314118,0.00660038602052656,0.00946513505746577,67722.8061960402,11.12317827360531,0.2907509224073013,-0.00989426348817363,-0.00384021940314118
2023-01-12,Mowi ASA,NO0003054108,MOWI-NO,Food and Tobacco Production,Consumer Non-Cyclicals,0.0130745914190182,1.1e-4,0.01014211095593345,-0.00621727359257279,7.46733515496338e-4,67722.8061960402,11.12317827360531,0.2907509224073013,0.0129645914190182,0.01003211095593344
2023-01-13,Mowi ASA,NO0003054108,MOWI-NO,Food and Tobacco Production,Consumer Non-Cyclicals,-0.00172119163217088,1.1e-4,-1.30629762899035e-4,0.00981001533478688,0.0115141060428116,67722.8061960402,11.12317827360531,0.2907509224073013,-0.00183119163217088,-2.4062976289903495e-4
2023-01-16,Mowi ASA,NO0003054108,MOWI-NO,Food and Tobacco Production,Consumer Non-Cyclicals,0.0169573224239579,1.1e-4,-0.00456179038993581,0.00435601273820406,0.00987423138882959,67722.8061960402,11.12317827360531,0.2907509224073013,0.0168473224239579,-0.00467179038993581
2023-01-17,Mowi ASA,NO0003054108,MOWI-NO,Food and Tobacco Production,Consumer Non-Cyclicals,0.0053657588021534,1.1e-4,0.00717238933700827,0.01180492174648804,-0.01126230200743167,67722.8061960402,11.12317827360531,0.2907509224073013,0.0052557588021534,0.00706238933700827
2023-01-18,Mowi ASA,NO0003054108,MOWI-NO,Food and Tobacco Production,Consumer Non-Cyclicals,-0.00702348212396875,1.1e-4,0.00144426308380338,4.82809304210869e-4,-0.00810699464789316,67722.8061960402,11.12317827360531,0.2907509224073013,-0.00713348212396875,0.00133426308380337
2023-01-19,Mowi ASA,NO0003054108,MOWI-NO,Food and Tobacco Production,Consumer Non-Cyclicals,-0.00141828430208835,1.1e-4,-0.01297182464929981,0.00817207172342419,-0.00271256487536112,67722.8061960402,11.12317827360531,0.2907509224073013,-0.00152828430208835,-0.01308182464929981
2023-01-20,Mowi ASA,NO0003054108,MOWI-NO,Food and Tobacco Production,Consumer Non-Cyclicals,0.00340140201158179,1.1e-4,0.00500213488912584,-0.00159494622603703,0.01960464571896533,67722.8061960402,11.12317827360531,0.2907509224073013,0.00329140201158179,0.00489213488912584
2023-01-23,Mowi ASA,NO0003054108,MOWI-NO,Food and Tobacco Production,Consumer Non-Cyclicals,-0.00536425933125972,1.1e-4,0.00775910330445028,-0.01977275549473274,0.00491526124301583,67722.8061960402,11.12317827360531,0.2907509224073013,-0.00547425933125972,0.00764910330445028
2023-01-24,Mowi ASA,NO0003054108,MOWI-NO,Food and Tobacco Production,Consumer Non-Cyclicals,0.0215849748053136,1.1e-4,-0.00539737984359574,0.00737818956817315,-0.03053891072363142,67722.8061960402,11.12317827360531,0.2907509224073013,0.0214749748053136,-0.00550737984359574
2023-01-25,Mowi ASA,NO0003054108,MOWI-NO,Food and Tobacco Production,Consumer Non-Cyclicals,0.0230720021045205,1.1e-4,-0.00672685340768728,-0.00492321027785228,-0.00490620828012824,67722.8061960402,11.12317827360531,0.2907509224073013,0.0229620021045205,-0.00683685340768728
2023-01-26,Mowi ASA,NO0003054108,MOWI-NO,Food and Tobacco Production,Consumer Non-Cyclicals,-0.00543484612957146,1.1e-4,0.00133013403582455,0.00184799555694399,0.00422741608313474,67722.8061960402,11.12317827360531,0.2907509224073013,-0.00554484612957145,0.00122013403582455
2023-01-27,Mowi ASA,NO0003054108,MOWI-NO,Food and Tobacco Production,Consumer Non-Cyclicals,-5.4645450913104e-4,1.1e-4,0.01274337570036678,-0.00725152340059037,0.00748228232987585,67722.8061960402,11.12317827360531,0.2907509224073013,-6.5645450913104e-4,0.01263337570036677
2023-01-30,Mowi ASA,NO0003054108,MOWI-NO,Food and Tobacco Production,Consumer Non-Cyclicals,0.0150386548693378,1.1e-4,-0.00426612279968647,-5.63504938293827e-4,0.00657448443076798,67722.8061960402,11.12317827360531,0.2907509224073013,0.0149286548693378,-0.00437612279968646
2023-01-31,Mowi ASA,NO0003054108,MOWI-NO,Food and Tobacco Production,Consumer Non-Cyclicals,-0.00861844277249746,1.1e-4,0.00120658313729843,0.01012130385255641,-9.064650448240242e-4,67722.8061960402,11.12317827360531,0.2907509224073013,-0.00872844277249746,0.00109658313729843
2023-02-01,Mowi ASA,NO0003054108,MOWI-NO,Food and Tobacco Production,Consumer Non-Cyclicals,0.0141267198317414,1.1e-4,0.00977128252973978,-0.01204411775165303,-0.01081402626988264,67722.8061960402,11.12317827360531,0.2907509224073013,0.0140167198317414,0.00966128252973978
2023-02-02,Mowi ASA,NO0003054108,MOWI-NO,Food and Tobacco Production,Consumer Non-Cyclicals,-0.0385752060973713,1.1e-4,-0.00666780394689884,0.00280554482372407,-0.0109241515444559,67722.8061960402,11.12317827360531,0.2907509224073013,-0.0386852060973713,-0.00677780394689883
2023-02-03,Mowi ASA,NO0003054108,MOWI-NO,Food and Tobacco Production,Consumer Non-Cyclicals,-0.00306794417779699,1.1e-4,0.00919954557305306,0.00819212291826693,0.00523038343957323,67722.8061960402,11.12317827360531,0.2907509224073013,-0.00317794417779699,0.00908954557305305
2023-02-06,Mowi ASA,NO0003054108,MOWI-NO,Food and Tobacco Production,Consumer Non-Cyclicals,0.00503080390683697,1.1e-4,-0.007372457126771,0.00415817331614709,0.00212871069923163,67722.8061960402,11.12317827360531,0.2907509224073013,0.00492080390683697,-0.007482457126771
2023-02-07,Mowi ASA,NO0003054108,MOWI-NO,Food and Tobacco Production,Consumer Non-Cyclicals,0.00528670191134606,1.1e-4,0.00614744711232351,-0.00153966167333201,0.02695545468365137,67722.8061960402,11.12317827360531,0.2907509224073013,0.00517670191134606,0.00603744711232351
2023-02-08,Mowi ASA,NO0003054108,MOWI-NO,Food and Tobacco Production,Consumer Non-Cyclicals,0.00801922710831904,1.1e-4,0.02610989299079573,0.0023562595687095,0.00362373584517558,67722.8061960402,11.12317827360531,0.2907509224073013,0.00790922710831903,0.02599989299079573
2023-02-09,Mowi ASA,NO0003054108,MOWI-NO,Food and Tobacco Production,Consumer Non-Cyclicals,-0.00219541559453262,1.1e-4,-0.00302823014642714,0.00563964655249818,-0.01131123415146952,67722.8061960402,11.12317827360531,0.2907509224073013,-0.00230541559453261,-0.00313823014642714
2023-02-10,Mowi ASA,NO0003054108,MOWI-NO,Food and Tobacco Production,Consumer Non-Cyclicals,-0.0145736727548027,1.1e-4,0.00590935697291061,-0.00490301429159163,0.01434273028856533,67722.8061960402,11.12317827360531,0.2907509224073013,-0.0146836727548027,0.00579935697291061
2023-02-13,Mowi ASA,NO0003054108,MOWI-NO,Food and Tobacco Production,Consumer Non-Cyclicals,-0.0039073753961395,1.1e-4,-2.4026118861162328e-4,0.00704006940098833,0.01324195316951734,67722.8061960402,11.12317827360531,0.2907509224073013,-0.0040173753961395,-3.5026118861162327e-4
2023-02-14,Mowi ASA,NO0003054108,MOWI-NO,Food and Tobacco Production,Consumer Non-Cyclicals,-0.00644745325596385,1.1e-4,-0.00274182039254501,-0.00379900916219356,0.00426352515371248,67722.8061960402,11.12317827360531,0.2907509224073013,-0.00655745325596384,-0.002851820392545
2023-02-15,Mowi ASA,NO0003054108,MOWI-NO,Food and Tobacco Production,Consumer Non-Cyclicals,-0.00704725054127986,1.1e-4,-4.7010165698740144e-4,0.00863800136899719,-0.00369375148306466,67722.8061960402,11.12317827360531,0.2907509224073013,-0.00715725054127986,-5.801016569874014e-4
2023-02-16,Mowi ASA,NO0003054108,MOWI-NO,Food and Tobacco Production,Consumer Non-Cyclicals,-0.00710337456100152,1.1e-4,0.00519826871407468,0.00499593875582843,-0.00851077529262977,67722.8061960402,11.12317827360531,0.2907509224073013,-0.00721337456100152,0.00508826871407468
2023-02-17,Mowi ASA,NO0003054108,MOWI-NO,Food and Tobacco Production,Consumer Non-Cyclicals,0.0128750876588624,1.1e-4,-0.00829397212777519,0.01871366302977244,-0.01200013095325143,67722.8061960402,11.12317827360531,0.2907509224073013,0.0127650876588624,-0.00840397212777519
2023-02-20,Mowi ASA,NO0003054108,MOWI-NO,Food and Tobacco Production,Consumer Non-Cyclicals,-0.00706325346937542,1.1e-4,0.00510919175116053,-0.00194342625685625,0.01258057680907268,67722.8061960402,11.12317827360531,0.2907509224073013,-0.00717325346937542,0.00499919175116053
2023-02-21,Mowi ASA,NO0003054108,MOWI-NO,Food and Tobacco Production,Consumer Non-Cyclicals,-0.0261664179287059,1.1e-4,-0.00646225726727435,0.00150524724479302,0.00149869367040187,67722.8061960402,11.12317827360531,0.2907509224073013,-0.0262764179287059,-0.00657225726727435
2023-02-22,Mowi ASA,NO0003054108,MOWI-NO,Food and Tobacco Production,Consumer Non-Cyclicals,0.0105141507656363,1.1e-4,-0.00443925696523719,-0.00204025654328381,0.00314006162500466,67722.8061960402,11.12317827360531,0.2907509224073013,0.0104041507656363,-0.00454925696523718
2023-02-23,Mowi ASA,NO0003054108,MOWI-NO,Food and Tobacco Production,Consumer Non-Cyclicals,-0.00664437372582183,1.1e-4,0.01240509123116893,-0.00312860094390407,0.00968817921842191,67722.8061960402,11.12317827360531,0.2907509224073013,-0.00675437372582183,0.01229509123116892
2023-02-24,Mowi ASA,NO0003054108,MOWI-NO,Food and Tobacco Production,Consumer Non-Cyclicals,0.0113440829938869,1.1e-4,-0.00691995532657975,-3.680224918119514e-4,0.0160031908816536,67722.8061960402,11.12317827360531,0.2907509224073013,0.0112340829938869,-0.00702995532657975
2023-02-27,Mowi ASA,NO0003054108,MOWI-NO,Food and Tobacco Production,Consumer Non-Cyclicals,0.0168530983963571,1.1e-4,0.00810372873569703,-0.01130349800099419,0.00953254046009876,67722.8061960402,11.12317827360531,0.2907509224073013,0.0167430983963571,0.00799372873569703
2023-02-28,Mowi ASA,NO0003054108,MOWI-NO,Food and Tobacco Production,Consumer Non-Cyclicals,0.0265703716323105,1.1e-4,0.00344935707565866,-0.00653960255046141,0.01320890171027522,67722.8061960402,11.12317827360531,0.2907509224073013,0.0264603716323105,0.00333935707565866
2023-03-01,Mowi ASA,NO0003054108,MOWI-NO,Food and Tobacco Production,Consumer Non-Cyclicals,-0.0164233684796976,1.1e-4,-3.999715491665547e-4,0.00744555423467995,0.00436408550975473,67722.8061960402,11.12317827360531,0.2907509224073013,-0.01653336847969759,-5.099715491665547e-4
2023-03-02,Mowi ASA,NO0003054108,MOWI-NO,Food and Tobacco Production,Consumer Non-Cyclicals,-0.00395897608947171,1.1e-4,0.00814651374411293,-0.00681459254435223,0.00512323842018523,67722.8061960402,11.12317827360531,0.2907509224073013,-0.00406897608947171,0.00803651374411293
2023-03-03,Mowi ASA,NO0003054108,MOWI-NO,Food and Tobacco Production,Consumer Non-Cyclicals,-0.00511207235548561,1.1e-4,0.00368866471580237,-0.00511741172544972,0.00576841911805928,67722.8061960402,11.12317827360531,0.2907509224073013,-0.00522207235548561,0.00357866471580237
2023-03-06,Mowi ASA,NO0003054108,MOWI-NO,Food and Tobacco Production,Consumer Non-Cyclicals,0.00485253876558223,1.1e-4,2.1029032250641697e-4,-0.00937386478018786,0.00152500407763345,67722.8061960402,11.12317827360531,0.2907509224073013,0.00474253876558223,1.0029032250641696e-4
2023-03-07,Mowi ASA,NO0003054108,MOWI-NO,Food and Tobacco Production,Consumer Non-Cyclicals,-0.0147777885360184,1.1e-4,-0.00869967291458477,0.00557674977740486,0.00701730588702353,67722.8061960402,11.12317827360531,0.2907509224073013,-0.0148877885360184,-0.00880967291458477
2023-03-08,Mowi ASA,NO0003054108,MOWI-NO,Food and Tobacco Production,Consumer Non-Cyclicals,-8.6606144736689e-4,1.1e-4,-2.5360278809416156e-4,-0.0020236755002627,0.01578156230478367,67722.8061960402,11.12317827360531,0.2907509224073013,-9.7606144736689e-4,-3.636027880941616e-4
2023-03-09,Mowi ASA,NO0003054108,MOWI-NO,Food and Tobacco Production,Consumer Non-Cyclicals,-0.0092337011649708,1.1e-4,-0.00983661820609191,-0.00186078598628539,-0.01182194337632089,67722.8061960402,11.12317827360531,0.2907509224073013,-0.0093437011649708,-0.00994661820609191
2023-03-10,Mowi ASA,NO0003054108,MOWI-NO,Food and Tobacco Production,Consumer Non-Cyclicals,0.00786781084988486,1.1e-4,-0.00881462353531032,0.01530112406839548,0.00326115018752819,67722.8061960402,11.12317827360531,0.2907509224073013,0.00775781084988486,-0.00892462353531032
2023-03-13,Mowi ASA,NO0003054108,MOWI-NO,Food and Tobacco Production,Consumer Non-Cyclicals,0.0020193189723634,1.1e-4,-0.02449795297077226,-0.00723239712026311,-0.01433350495178649,67722.8061960402,11.12317827360531,0.2907509224073013,0.00190931897236339,-0.02460795297077226
2023-03-14,Mowi ASA,NO0003054108,MOWI-NO,Food and Tobacco Production,Consumer Non-Cyclicals,0.0323177212934462,1.1e-4,0.01203518038284543,-0.00746176072258153,0.00163387473193463,67722.8061960402,11.12317827360531,0.2907509224073013,0.0322077212934462,0.01192518038284543
2023-03-15,Mowi ASA,NO0003054108,MOWI-NO,Food and Tobacco Production,Consumer Non-Cyclicals,-0.0128556889399413,1.1e-4,-0.03648650864489468,7.929573752917078e-4,-0.01997023822643991,67722.8061960402,11.12317827360531,0.2907509224073013,-0.0129656889399413,-0.03659650864489468
2023-03-16,Mowi ASA,NO0003054108,MOWI-NO,Food and Tobacco Production,Consumer Non-Cyclicals,0.01755105239993,1.1e-4,-3.4756561707657325e-4,-0.00777814295457482,-0.00917433159422361,67722.8061960402,11.12317827360531,0.2907509224073013,0.01744105239993,-4.5756561707657327e-4
2023-03-17,Mowi ASA,NO0003054108,MOWI-NO,Food and Tobacco Production,Consumer Non-Cyclicals,-0.0364519760620964,1.1e-4,-0.00472562319842662,0.00799226850429741,0.00963001506750391,67722.8061960402,11.12317827360531,0.2907509224073013,-0.0365619760620964,-0.00483562319842662
2023-03-20,Mowi ASA,NO0003054108,MOWI-NO,Food and Tobacco Production,Consumer Non-Cyclicals,0.00144510447797908,1.1e-4,0.01026447982003348,-0.00963388520760665,5.793783924558406e-4,67722.8061960402,11.12317827360531,0.2907509224073013,0.00133510447797907,0.01015447982003348
2023-03-21,Mowi ASA,NO0003054108,MOWI-NO,Food and Tobacco Production,Consumer Non-Cyclicals,0.0236470927769215,1.1e-4,0.00710375128364585,-0.00610746384221902,-0.00322697519404567,67722.8061960402,11.12317827360531,0.2907509224073013,0.0235370927769215,0.00699375128364585
2023-03-22,Mowi ASA,NO0003054108,MOWI-NO,Food and Tobacco Production,Consumer Non-Cyclicals,0.0422545349841634,1.1e-4,0.00223820911800238,-2.1915488764311577e-4,3.3504969155037645e-4,67722.8061960402,11.12317827360531,0.2907509224073013,0.0421445349841634,0.00212820911800238
2023-03-23,Mowi ASA,NO0003054108,MOWI-NO,Food and Tobacco Production,Consumer Non-Cyclicals,0.00296981835762145,1.1e-4,-0.00276222185903825,0.00493547701687324,-0.00487767453058851,67722.8061960402,11.12317827360531,0.2907509224073013,0.00285981835762145,-0.00287222185903824
2023-03-24,Mowi ASA,NO0003054108,MOWI-NO,Food and Tobacco Production,Consumer Non-Cyclicals,-0.0282904099527155,1.2e-4,-0.02726037070218493,0.00405749124869172,-0.01283881851912697,67722.8061960402,11.12317827360531,0.2907509224073013,-0.02841040995271549,-0.02738037070218493
2023-03-27,Mowi ASA,NO0003054108,MOWI-NO,Food and Tobacco Production,Consumer Non-Cyclicals,0.00970271770583575,1.2e-4,0.01388001943227633,-0.00664040196223432,-0.00957673515377377,67722.8061960402,11.12317827360531,0.2907509224073013,0.00958271770583575,0.01376001943227633
2023-03-28,Mowi ASA,NO0003054108,MOWI-NO,Food and Tobacco Production,Consumer Non-Cyclicals,0.00521707598097998,1.2e-4,0.0034998161635408,0.00377958084133998,0.01915731963064918,67722.8061960402,11.12317827360531,0.2907509224073013,0.00509707598097998,0.0033798161635408
2023-03-29,Mowi ASA,NO0003054108,MOWI-NO,Food and Tobacco Production,Consumer Non-Cyclicals,0.00109385636734949,1.2e-4,0.00754068386551979,0.00530626672491232,9.238231639475958e-5,67722.8061960402,11.12317827360531,0.2907509224073013,9.7385636734949e-4,0.00742068386551978
2023-03-30,Mowi ASA,NO0003054108,MOWI-NO,Food and Tobacco Production,Consumer Non-Cyclicals,0.0264737848503693,1.2e-4,0.0157521787395917,-0.01200922409092988,-0.00752849297512039,67722.8061960402,11.12317827360531,0.2907509224073013,0.0263537848503693,0.0156321787395917
2023-03-31,Mowi ASA,NO0003054108,MOWI-NO,Food and Tobacco Production,Consumer Non-Cyclicals,0.0284522003034902,1.2e-4,0.00842921419069612,0.00270437458088486,-0.01880938552937121,67722.8061960402,11.12317827360531,0.2907509224073013,0.0283322003034902,0.00830921419069612
2023-04-03,Mowi ASA,NO0003054108,MOWI-NO,Food and Tobacco Production,Consumer Non-Cyclicals,-0.0180965331953292,1.2e-4,0.01273294513658365,0.00659255080440316,0.02093210363416642,67722.8061960402,11.12317827360531,0.2907509224073013,-0.01821653319532919,0.01261294513658365
2023-04-04,Mowi ASA,NO0003054108,MOWI-NO,Food and Tobacco Production,Consumer Non-Cyclicals,-5.2705354639748e-4,1.2e-4,-0.00730262232969912,-0.00103299836248264,-4.0313160712018565e-4,67722.8061960402,11.12317827360531,0.2907509224073013,-6.4705354639748e-4,-0.00742262232969912
2023-04-05,Mowi ASA,NO0003054108,MOWI-NO,Food and Tobacco Production,Consumer Non-Cyclicals,-0.00500964904407142,1.2e-4,-0.00515398647369055,0.00728192524817666,-0.00378432882229134,67722.8061960402,11.12317827360531,0.2907509224073013,-0.00512964904407142,-0.00527398647369055
2023-04-11,Mowi ASA,NO0003054108,MOWI-NO,Food and Tobacco Production,Consumer Non-Cyclicals,0.0119190586537214,1.2e-4,0.01388331227932444,-0.00244947460643672,0.00924352809718948,67722.8061960402,11.12317827360531,0.2907509224073013,0.0117990586537214,0.01376331227932444
2023-04-12,Mowi ASA,NO0003054108,MOWI-NO,Food and Tobacco Production,Consumer Non-Cyclicals,-0.00209497595792218,1.2e-4,0.0041432586661361,0.00227906311017352,0.00335866834751934,67722.8061960402,11.12317827360531,0.2907509224073013,-0.00221497595792218,0.00402325866613609
2023-04-13,Mowi ASA,NO0003054108,MOWI-NO,Food and Tobacco Production,Consumer Non-Cyclicals,0.0199273035884779,1.2e-4,-3.476230921488235e-4,0.00264052268900606,-0.00178856410382667,67722.8061960402,11.12317827360531,0.2907509224073013,0.0198073035884779,-4.676230921488235e-4
2023-04-14,Mowi ASA,NO0003054108,MOWI-NO,Food and Tobacco Production,Consumer Non-Cyclicals,0.020567142935348,1.2e-4,0.00855545529091602,-0.01282864333253374,3.454281109485955e-4,67722.8061960402,11.12317827360531,0.2907509224073013,0.020447142935348,0.00843545529091602
2023-04-17,Mowi ASA,NO0003054108,MOWI-NO,Food and Tobacco Production,Consumer Non-Cyclicals,0.0075525540828314,1.2e-4,-1.4486456439870415e-4,0.01108174867248762,0.00355938727618433,67722.8061960402,11.12317827360531,0.2907509224073013,0.0074325540828314,-2.6486456439870417e-4
2023-04-18,Mowi ASA,NO0003054108,MOWI-NO,Food and Tobacco Production,Consumer Non-Cyclicals,0.00100087843053731,1.2e-4,0.00107227592897764,5.039231626764833e-4,-0.00244741716319453,67722.8061960402,11.12317827360531,0.2907509224073013,8.8087843053731e-4,9.5227592897764e-4
2023-04-19,Mowi ASA,NO0003054108,MOWI-NO,Food and Tobacco Production,Consumer Non-Cyclicals,0.00849364173531963,1.2e-4,-0.00467117974035076,-0.00446852445528536,-0.01317895118122504,67722.8061960402,11.12317827360531,0.2907509224073013,0.00837364173531963,-0.00479117974035076
2023-04-20,Mowi ASA,NO0003054108,MOWI-NO,Food and Tobacco Production,Consumer Non-Cyclicals,-0.00693492247653205,1.2e-4,-0.00403174369857705,0.00944377845936054,0.01372656473858114,67722.8061960402,11.12317827360531,0.2907509224073013,-0.00705492247653205,-0.00415174369857705
2023-04-21,Mowi ASA,NO0003054108,MOWI-NO,Food and Tobacco Production,Consumer Non-Cyclicals,0.00199676057459985,1.2e-4,-0.00255374747587889,-0.00420213815194709,0.00260159444549476,67722.8061960402,11.12317827360531,0.2907509224073013,0.00187676057459985,-0.00267374747587889
2023-04-24,Mowi ASA,NO0003054108,MOWI-NO,Food and Tobacco Production,Consumer Non-Cyclicals,-0.0072185328676444,1.2e-4,0.00657764320307969,-0.00970760019391234,0.00692574530865143,67722.8061960402,11.12317827360531,0.2907509224073013,-0.0073385328676444,0.00645764320307969
2023-04-25,Mowi ASA,NO0003054108,MOWI-NO,Food and Tobacco Production,Consumer Non-Cyclicals,-0.00376363316054418,1.2e-4,-0.01232577822728497,-3.952109255916589e-4,0.001826213152233,67722.8061960402,11.12317827360531,0.2907509224073013,-0.00388363316054418,-0.01244577822728497
2023-04-26,Mowi ASA,NO0003054108,MOWI-NO,Food and Tobacco Production,Consumer Non-Cyclicals,0.0191250388502471,1.2e-4,0.00172990702329889,0.00689759902815856,-0.01872433103063703,67722.8061960402,11.12317827360531,0.2907509224073013,0.0190050388502471,0.00160990702329889
2023-04-27,Mowi ASA,NO0003054108,MOWI-NO,Food and Tobacco Production,Consumer Non-Cyclicals,-0.00543161060662622,1.2e-4,0.00362157948973583,0.00158596194794845,-0.02836667600948672,67722.8061960402,11.12317827360531,0.2907509224073013,-0.00555161060662622,0.00350157948973583
2023-04-28,Mowi ASA,NO0003054108,MOWI-NO,Food and Tobacco Production,Consumer Non-Cyclicals,0.00844303462860174,1.2e-4,0.01285999028363674,0.00191858216586803,-0.0066462202318608,67722.8061960402,11.12317827360531,0.2907509224073013,0.00832303462860174,0.01273999028363674
2023-05-02,Mowi ASA,NO0003054108,MOWI-NO,Food and Tobacco Production,Consumer Non-Cyclicals,-0.00738674789118576,1.2e-4,-0.01375646787088535,0.01475260226875471,-0.00452088515436679,67722.8061960402,11.12317827360531,0.2907509224073013,-0.00750674789118576,-0.01387646787088535
2023-05-03,Mowi ASA,NO0003054108,MOWI-NO,Food and Tobacco Production,Consumer Non-Cyclicals,-0.00893111789498147,1.2e-4,-0.00348002533480249,-0.00994381912474749,-0.01359667883200269,67722.8061960402,11.12317827360531,0.2907509224073013,-0.00905111789498147,-0.00360002533480248
2023-05-04,Mowi ASA,NO0003054108,MOWI-NO,Food and Tobacco Production,Consumer Non-Cyclicals,-0.0165150521990759,1.2e-4,-0.01032687614894798,0.016965932543366,-0.01024216171953402,67722.8061960402,11.12317827360531,0.2907509224073013,-0.0166350521990759,-0.01044687614894798
2023-05-05,Mowi ASA,NO0003054108,MOWI-NO,Food and Tobacco Production,Consumer Non-Cyclicals,-0.026209983310575,1.3e-4,0.01328478207113394,0.00501507216112827,7.637061283265641e-4,67722.8061960402,11.12317827360531,0.2907509224073013,-0.026339983310575,0.01315478207113394
2023-05-08,Mowi ASA,NO0003054108,MOWI-NO,Food and Tobacco Production,Consumer Non-Cyclicals,0.0112402690987194,1.3e-4,0.00790285792689883,-0.00410322384474236,0.00623864999248921,67722.8061960402,11.12317827360531,0.2907509224073013,0.0111102690987194,0.00777285792689883
2023-05-09,Mowi ASA,NO0003054108,MOWI-NO,Food and Tobacco Production,Consumer Non-Cyclicals,-0.0129201952336144,1.3e-4,-0.00828667173539464,0.00397186438481491,-0.00961630489731901,67722.8061960402,11.12317827360531,0.2907509224073013,-0.0130501952336144,-0.00841667173539464
2023-05-10,Mowi ASA,NO0003054108,MOWI-NO,Food and Tobacco Production,Consumer Non-Cyclicals,2.6200922049457e-4,1.3e-4,9.254068361704384e-4,0.00715478339457079,0.00484151914692387,67722.8061960402,11.12317827360531,0.2907509224073013,1.3200922049457e-4,7.954068361704384e-4
2023-05-11,Mowi ASA,NO0003054108,MOWI-NO,Food and Tobacco Production,Consumer Non-Cyclicals,0.00941871481914958,1.3e-4,-0.0056981480460079,0.00234981489046507,-0.00121723025396079,67722.8061960402,11.12317827360531,0.2907509224073013,0.00928871481914958,-0.0058281480460079
2023-05-12,Mowi ASA,NO0003054108,MOWI-NO,Food and Tobacco Production,Consumer Non-Cyclicals,-0.00751987632508833,1.3e-4,0.0098052037062374,1.3253688769093198e-4,-3.84622130321238e-4,67722.8061960402,11.12317827360531,0.2907509224073013,-0.00764987632508833,0.0096752037062374
2023-05-15,Mowi ASA,NO0003054108,MOWI-NO,Food and Tobacco Production,Consumer Non-Cyclicals,0.00470632739572086,1.3e-4,0.00196517674578337,-3.9309217661757326e-4,-0.00423077628538561,67722.8061960402,11.12317827360531,0.2907509224073013,0.00457632739572086,0.00183517674578337
2023-05-16,Mowi ASA,NO0003054108,MOWI-NO,Food and Tobacco Production,Consumer Non-Cyclicals,-0.0252209253394167,1.3e-4,-0.00604475600902626,0.00228914408742009,-0.00593385564506357,67722.8061960402,11.12317827360531,0.2907509224073013,-0.0253509253394167,-0.00617475600902626
2023-05-19,Mowi ASA,NO0003054108,MOWI-NO,Food and Tobacco Production,Consumer Non-Cyclicals,0.0101335423660458,1.3e-4,0.01146041150414886,-0.00412242724395724,-0.00882257948033966,67722.8061960402,11.12317827360531,0.2907509224073013,0.0100035423660458,0.01133041150414886
2023-05-22,Mowi ASA,NO0003054108,MOWI-NO,Food and Tobacco Production,Consumer Non-Cyclicals,-0.00240112914925794,1.3e-4,-0.00412741309457327,0.00662548359816087,-0.00533185801560355,67722.8061960402,11.12317827360531,0.2907509224073013,-0.00253112914925794,-0.00425741309457327
2023-05-23,Mowi ASA,NO0003054108,MOWI-NO,Food and Tobacco Production,Consumer Non-Cyclicals,-0.00534931174819353,1.3e-4,0.00580603904590748,0.01485501064612485,-0.00942203188379558,67722.8061960402,11.12317827360531,0.2907509224073013,-0.00547931174819353,0.00567603904590748
2023-05-24,Mowi ASA,NO0003054108,MOWI-NO,Food and Tobacco Production,Consumer Non-Cyclicals,-0.00215349915276808,1.3e-4,-0.0051752808522286,-0.00457886280812781,0.00486383374920408,67722.8061960402,11.12317827360531,0.2907509224073013,-0.00228349915276808,-0.0053052808522286
2023-05-25,Mowi ASA,NO0003054108,MOWI-NO,Food and Tobacco Production,Consumer Non-Cyclicals,0.0628020695491176,1.3e-4,-0.00155614078753921,-0.01615380894906493,-0.02042830880575312,67722.8061960402,11.12317827360531,0.2907509224073013,0.0626720695491176,-0.0016861407875392
2023-05-26,Mowi ASA,NO0003054108,MOWI-NO,Food and Tobacco Production,Consumer Non-Cyclicals,-0.0390573650038742,1.3e-4,-0.00275315019773029,0.00211932002384399,0.01080573681105912,67722.8061960402,11.12317827360531,0.2907509224073013,-0.0391873650038742,-0.00288315019773028
2023-05-30,Mowi ASA,NO0003054108,MOWI-NO,Food and Tobacco Production,Consumer Non-Cyclicals,0.00739047746154631,1.3e-4,-0.00556898407089037,-0.00447460027632221,-0.0046748876907275,67722.8061960402,11.12317827360531,0.2907509224073013,0.00726047746154631,-0.00569898407089037
2023-05-31,Mowi ASA,NO0003054108,MOWI-NO,Food and Tobacco Production,Consumer Non-Cyclicals,-0.00183268471750708,1.3e-4,-0.00861934943329774,0.00263929516018178,-0.0133548627524802,67722.8061960402,11.12317827360531,0.2907509224073013,-0.00196268471750708,-0.00874934943329774
2023-06-01,Mowi ASA,NO0003054108,MOWI-NO,Food and Tobacco Production,Consumer Non-Cyclicals,0.00551367912267797,1.3e-4,7.521863806688025e-4,0.00701090202082294,0.00886862349743518,67722.8061960402,11.12317827360531,0.2907509224073013,0.00538367912267797,6.221863806688025e-4
2023-06-02,Mowi ASA,NO0003054108,MOWI-NO,Food and Tobacco Production,Consumer Non-Cyclicals,-0.00809591904080953,1.3e-4,0.02049740190933907,-0.00661590036248029,0.01469593537462442,67722.8061960402,11.12317827360531,0.2907509224073013,-0.00822591904080953,0.02036740190933907
2023-06-05,Mowi ASA,NO0003054108,MOWI-NO,Food and Tobacco Production,Consumer Non-Cyclicals,0.0189522478763278,1.3e-4,0.0034313035645408,0.00261119219733455,3.275697392201623e-4,67722.8061960402,11.12317827360531,0.2907509224073013,0.0188222478763278,0.0033013035645408
2023-06-06,Mowi ASA,NO0003054108,MOWI-NO,Food and Tobacco Production,Consumer Non-Cyclicals,-0.030217776955476,1.3e-4,-0.01113457597819718,0.00659444753600635,-0.00748107583421412,67722.8061960402,11.12317827360531,0.2907509224073013,-0.030347776955476,-0.01126457597819718
2023-06-07,Mowi ASA,NO0003054108,MOWI-NO,Food and Tobacco Production,Consumer Non-Cyclicals,-0.00133548057661337,1.3e-4,0.01139016388612962,0.0053647044183218,0.00260531149945239,67722.8061960402,11.12317827360531,0.2907509224073013,-0.00146548057661336,0.01126016388612962
2023-06-08,Mowi ASA,NO0003054108,MOWI-NO,Food and Tobacco Production,Consumer Non-Cyclicals,-0.0109285011939879,1.3e-4,0.00230887570289316,-0.00719906196944616,0.01255285969346137,67722.8061960402,11.12317827360531,0.2907509224073013,-0.0110585011939879,0.00217887570289316
2023-06-09,Mowi ASA,NO0003054108,MOWI-NO,Food and Tobacco Production,Consumer Non-Cyclicals,-0.0148326989717661,1.3e-4,0.00339112459734423,0.00472221607755461,-0.00792176796644132,67722.8061960402,11.12317827360531,0.2907509224073013,-0.0149626989717661,0.00326112459734423
2023-06-12,Mowi ASA,NO0003054108,MOWI-NO,Food and Tobacco Production,Consumer Non-Cyclicals,-0.0136836217484821,1.3e-4,-0.00502249200622419,0.00270594756011811,-0.02277717500922393,67722.8061960402,11.12317827360531,0.2907509224073013,-0.01381362174848209,-0.00515249200622419
2023-06-13,Mowi ASA,NO0003054108,MOWI-NO,Food and Tobacco Production,Consumer Non-Cyclicals,0.0210878944845245,1.3e-4,0.01585159785345686,0.00556593259411064,0.00564550993976611,67722.8061960402,11.12317827360531,0.2907509224073013,0.02095789448452449,0.01572159785345685
2023-06-14,Mowi ASA,NO0003054108,MOWI-NO,Food and Tobacco Production,Consumer Non-Cyclicals,0.0135869409629381,1.3e-4,-0.00517630458977658,0.01398365314727847,-0.01947243779153089,67722.8061960402,11.12317827360531,0.2907509224073013,0.0134569409629381,-0.00530630458977657
2023-06-15,Mowi ASA,NO0003054108,MOWI-NO,Food and Tobacco Production,Consumer Non-Cyclicals,-0.0335092020381188,1.3e-4,-0.00217087197402772,-8.220461178100203e-4,3.202542300646668e-4,67722.8061960402,11.12317827360531,0.2907509224073013,-0.0336392020381188,-0.00230087197402772
2023-06-16,Mowi ASA,NO0003054108,MOWI-NO,Food and Tobacco Production,Consumer Non-Cyclicals,0.0257986837644804,1.3e-4,0.00730782569174126,-0.01355189260219966,0.00325880323885288,67722.8061960402,11.12317827360531,0.2907509224073013,0.02566868376448039,0.00717782569174126
2023-06-19,Mowi ASA,NO0003054108,MOWI-NO,Food and Tobacco Production,Consumer Non-Cyclicals,-0.0329956469220776,1.3e-4,-0.01184670669352226,0.00156232423970024,0.00453933764854099,67722.8061960402,11.12317827360531,0.2907509224073013,-0.03312564692207759,-0.01197670669352226
2023-06-20,Mowi ASA,NO0003054108,MOWI-NO,Food and Tobacco Production,Consumer Non-Cyclicals,-0.0125797651384365,1.3e-4,0.00184372414755189,-0.0013083455148426,-0.00115636177839926,67722.8061960402,11.12317827360531,0.2907509224073013,-0.0127097651384365,0.00171372414755189
2023-06-21,Mowi ASA,NO0003054108,MOWI-NO,Food and Tobacco Production,Consumer Non-Cyclicals,-0.0215237913379719,1.3e-4,-0.00592614354819134,0.01336644148014677,0.01034141777682013,67722.8061960402,11.12317827360531,0.2907509224073013,-0.0216537913379719,-0.00605614354819133
2023-06-22,Mowi ASA,NO0003054108,MOWI-NO,Food and Tobacco Production,Consumer Non-Cyclicals,0.00607409666107639,1.3e-4,-0.01541687714149674,-0.00528834974973993,0.01172252750182507,67722.8061960402,11.12317827360531,0.2907509224073013,0.00594409666107639,-0.01554687714149674
2023-06-23,Mowi ASA,NO0003054108,MOWI-NO,Food and Tobacco Production,Consumer Non-Cyclicals,-0.0209976298864649,1.5e-4,-0.01217140341650608,0.0026685269226848,0.00193429990387165,67722.8061960402,11.12317827360531,0.2907509224073013,-0.0211476298864649,-0.01232140341650608
2023-06-26,Mowi ASA,NO0003054108,MOWI-NO,Food and Tobacco Production,Consumer Non-Cyclicals,-0.00146742865634308,1.5e-4,0.00369373948321661,-0.01488209390767639,0.00807081647405268,67722.8061960402,11.12317827360531,0.2907509224073013,-0.00161742865634308,0.00354373948321661
2023-06-27,Mowi ASA,NO0003054108,MOWI-NO,Food and Tobacco Production,Consumer Non-Cyclicals,-0.00971662429466114,1.5e-4,-0.00703127764080037,0.00452979958514885,0.00882359536233317,67722.8061960402,11.12317827360531,0.2907509224073013,-0.00986662429466114,-0.00718127764080037
2023-06-28,Mowi ASA,NO0003054108,MOWI-NO,Food and Tobacco Production,Consumer Non-Cyclicals,0.00743254666474624,1.5e-4,0.01084708922441747,-0.00951248372443438,-0.01256189817502302,67722.8061960402,11.12317827360531,0.2907509224073013,0.00728254666474624,0.01069708922441746
2023-06-29,Mowi ASA,NO0003054108,MOWI-NO,Food and Tobacco Production,Consumer Non-Cyclicals,0.00501584933805721,1.5e-4,0.00924174001566859,-0.0054647194353395,5.193911307096663e-4,67722.8061960402,11.12317827360531,0.2907509224073013,0.00486584933805721,0.00909174001566858
2023-06-30,Mowi ASA,NO0003054108,MOWI-NO,Food and Tobacco Production,Consumer Non-Cyclicals,-8.8437014910602e-4,1.584e-4,0.00288377784717319,-0.00889235562109604,0.01363490723200954,67722.8061960402,11.12317827360531,0.2907509224073013,-0.00104277014910602,0.00272537784717319
2023-07-03,Mowi ASA,NO0003054108,MOWI-NO,Food and Tobacco Production,Consumer Non-Cyclicals,0.0132215853522661,1.5e-4,0.00888689297278503,0.00441288437348789,0.00417221661641325,67722.8061960402,11.12317827360531,0.2907509224073013,0.01307158535226609,0.00873689297278503
2023-07-04,Mowi ASA,NO0003054108,MOWI-NO,Food and Tobacco Production,Consumer Non-Cyclicals,0.00724540289571762,1.5e-4,0.00307948400307955,6.215707281494397e-4,-1.7567313464333847e-4,67722.8061960402,11.12317827360531,0.2907509224073013,0.00709540289571762,0.00292948400307955
2023-07-05,Mowi ASA,NO0003054108,MOWI-NO,Food and Tobacco Production,Consumer Non-Cyclicals,-0.0146776971784858,1.5e-4,-0.00977057763590247,0.00227960207243059,0.00272071629303763,67722.8061960402,11.12317827360531,0.2907509224073013,-0.0148276971784858,-0.00992057763590247
2023-07-06,Mowi ASA,NO0003054108,MOWI-NO,Food and Tobacco Production,Consumer Non-Cyclicals,-0.00905475944255663,1.5e-4,-0.01452030055331455,0.0068764374853102,0.00501394904169414,67722.8061960402,11.12317827360531,0.2907509224073013,-0.00920475944255663,-0.01467030055331455
2023-07-07,Mowi ASA,NO0003054108,MOWI-NO,Food and Tobacco Production,Consumer Non-Cyclicals,-0.0088455446159581,1.5e-4,-6.986848517128778e-4,0.00709643833512218,0.00896843684908065,67722.8061960402,11.12317827360531,0.2907509224073013,-0.0089955446159581,-8.486848517128778e-4
2023-07-10,Mowi ASA,NO0003054108,MOWI-NO,Food and Tobacco Production,Consumer Non-Cyclicals,0.00446224327999944,1.5e-4,0.00283650704279443,-0.00843742874930519,-1.1423996152435572e-4,67722.8061960402,11.12317827360531,0.2907509224073013,0.00431224327999944,0.00268650704279443
2023-07-11,Mowi ASA,NO0003054108,MOWI-NO,Food and Tobacco Production,Consumer Non-Cyclicals,0.0133272603620074,1.5e-4,0.00434807188474038,-0.00242343524101618,9.429119378303684e-5,67722.8061960402,11.12317827360531,0.2907509224073013,0.0131772603620074,0.00419807188474038
2023-07-12,Mowi ASA,NO0003054108,MOWI-NO,Food and Tobacco Production,Consumer Non-Cyclicals,0.014026316275576,1.5e-4,0.00879486936874208,-0.00744594623236409,-0.0072969223213198604,67722.8061960402,11.12317827360531,0.2907509224073013,0.013876316275576,0.00864486936874208
2023-07-13,Mowi ASA,NO0003054108,MOWI-NO,Food and Tobacco Production,Consumer Non-Cyclicals,0.00287818710645027,1.5e-4,-0.00315506050003796,-0.00446149142131211,-0.00708701916047468,67722.8061960402,11.12317827360531,0.2907509224073013,0.00272818710645027,-0.00330506050003796
2023-07-14,Mowi ASA,NO0003054108,MOWI-NO,Food and Tobacco Production,Consumer Non-Cyclicals,-0.00976622810469785,1.5e-4,-0.01052152766481917,-0.00146066673898272,-0.01191455679610378,67722.8061960402,11.12317827360531,0.2907509224073013,-0.00991622810469785,-0.01067152766481917
2023-07-17,Mowi ASA,NO0003054108,MOWI-NO,Food and Tobacco Production,Consumer Non-Cyclicals,-0.0191564555971336,1.5e-4,-0.0124236351291866,0.01270288235343446,-0.00465179898285016,67722.8061960402,11.12317827360531,0.2907509224073013,-0.0193064555971336,-0.0125736351291866
2023-07-18,Mowi ASA,NO0003054108,MOWI-NO,Food and Tobacco Production,Consumer Non-Cyclicals,0.00650811956487862,1.5e-4,0.01158570033245922,-0.00763106407032592,0.00541394508317677,67722.8061960402,11.12317827360531,0.2907509224073013,0.00635811956487862,0.01143570033245922
2023-07-19,Mowi ASA,NO0003054108,MOWI-NO,Food and Tobacco Production,Consumer Non-Cyclicals,0.032336382611065403,1.5e-4,0.0049700190152364,0.00328571411543336,-0.00670878260830494,67722.8061960402,11.12317827360531,0.2907509224073013,0.0321863826110654,0.0048200190152364
2023-07-20,Mowi ASA,NO0003054108,MOWI-NO,Food and Tobacco Production,Consumer Non-Cyclicals,0.00911327093832504,1.5e-4,0.0142311224947593,-0.00723917224843857,0.01080377682090643,67722.8061960402,11.12317827360531,0.2907509224073013,0.00896327093832504,0.0140811224947593
2023-07-21,Mowi ASA,NO0003054108,MOWI-NO,Food and Tobacco Production,Consumer Non-Cyclicals,0.00677174061676933,1.5e-4,0.00628073845406474,-0.00520438289559327,-0.00258959281237839,67722.8061960402,11.12317827360531,0.2907509224073013,0.00662174061676933,0.00613073845406474
2023-07-24,Mowi ASA,NO0003054108,MOWI-NO,Food and Tobacco Production,Consumer Non-Cyclicals,-0.00813166566275725,1.5e-4,0.0052555878222161,0.00776216521863068,-0.00292398155723591,67722.8061960402,11.12317827360531,0.2907509224073013,-0.00828166566275725,0.0051055878222161
2023-07-25,Mowi ASA,NO0003054108,MOWI-NO,Food and Tobacco Production,Consumer Non-Cyclicals,-0.00395329868243233,1.5e-4,0.00618920671756506,-0.00617037388640128,0.00751389732908158,67722.8061960402,11.12317827360531,0.2907509224073013,-0.00410329868243233,0.00603920671756506
2023-07-26,Mowi ASA,NO0003054108,MOWI-NO,Food and Tobacco Production,Consumer Non-Cyclicals,-0.00425590417042743,1.5e-4,-0.01239229845001228,0.00901013548668885,0.00138030040158993,67722.8061960402,11.12317827360531,0.2907509224073013,-0.00440590417042742,-0.01254229845001228
2023-07-27,Mowi ASA,NO0003054108,MOWI-NO,Food and Tobacco Production,Consumer Non-Cyclicals,0.0199417714680195,1.5e-4,0.00643367611449857,-3.4358872365290033e-4,-0.00250977359629243,67722.8061960402,11.12317827360531,0.2907509224073013,0.01979177146801949,0.00628367611449857
2023-07-28,Mowi ASA,NO0003054108,MOWI-NO,Food and Tobacco Production,Consumer Non-Cyclicals,-0.0178744842766926,1.5e-4,-0.00503059089660932,0.00246514038494883,-0.00258377425496425,67722.8061960402,11.12317827360531,0.2907509224073013,-0.0180244842766926,-0.00518059089660932
2023-07-31,Mowi ASA,NO0003054108,MOWI-NO,Food and Tobacco Production,Consumer Non-Cyclicals,0.0139330017378798,1.5e-4,0.00714363823141239,-0.00247830094887491,0.00723732326606594,67722.8061960402,11.12317827360531,0.2907509224073013,0.01378300173787979,0.00699363823141239
2023-08-01,Mowi ASA,NO0003054108,MOWI-NO,Food and Tobacco Production,Consumer Non-Cyclicals,0.0140252371523983,1.5e-4,0.00179836279251698,0.00339653342950877,0.00586975876075411,67722.8061960402,11.12317827360531,0.2907509224073013,0.0138752371523983,0.00164836279251698
2023-08-02,Mowi ASA,NO0003054108,MOWI-NO,Food and Tobacco Production,Consumer Non-Cyclicals,-0.0152126270633219,1.5e-4,-0.01174944964281156,0.00466572067810779,-0.00423297523032449,67722.8061960402,11.12317827360531,0.2907509224073013,-0.0153626270633219,-0.01189944964281156
2023-08-03,Mowi ASA,NO0003054108,MOWI-NO,Food and Tobacco Production,Consumer Non-Cyclicals,0,1.5e-4,0.00132827479388188,0.00204622455273046,0.00649775530122197,67722.8061960402,11.12317827360531,0.2907509224073013,-1.5e-4,0.00117827479388188
2023-08-04,Mowi ASA,NO0003054108,MOWI-NO,Food and Tobacco Production,Consumer Non-Cyclicals,-0.00224907965293142,1.5e-4,0.0074539538044456,0.00252799950785175,0.01302952429868204,67722.8061960402,11.12317827360531,0.2907509224073013,-0.00239907965293142,0.0073039538044456
2023-08-07,Mowi ASA,NO0003054108,MOWI-NO,Food and Tobacco Production,Consumer Non-Cyclicals,-0.00281175479599938,1.5e-4,-0.00773771956495713,-0.00335219201728317,0.00685930566039187,67722.8061960402,11.12317827360531,0.2907509224073013,-0.00296175479599938,-0.00788771956495713
2023-08-08,Mowi ASA,NO0003054108,MOWI-NO,Food and Tobacco Production,Consumer Non-Cyclicals,0.00423547327844664,1.5e-4,-0.00626118811490477,0.00158029305797292,3.463269850320985e-4,67722.8061960402,11.12317827360531,0.2907509224073013,0.00408547327844664,-0.00641118811490477
2023-08-09,Mowi ASA,NO0003054108,MOWI-NO,Food and Tobacco Production,Consumer Non-Cyclicals,0.012646905506587,1.5e-4,0.02439807024970392,-0.00402410865744126,0.01214703296941638,67722.8061960402,11.12317827360531,0.2907509224073013,0.01249690550658699,0.02424807024970392
2023-08-10,Mowi ASA,NO0003054108,MOWI-NO,Food and Tobacco Production,Consumer Non-Cyclicals,-0.00582623090827183,1.5e-4,4.86171592153606e-4,-0.00600145080075126,-6.198881092704706e-4,67722.8061960402,11.12317827360531,0.2907509224073013,-0.00597623090827183,3.36171592153606e-4
2023-08-11,Mowi ASA,NO0003054108,MOWI-NO,Food and Tobacco Production,Consumer Non-Cyclicals,0.00558383101409188,1.5e-4,0.00488995574691849,-0.00473476894760528,-0.0022958314711952,67722.8061960402,11.12317827360531,0.2907509224073013,0.00543383101409188,0.00473995574691849
2023-08-14,Mowi ASA,NO0003054108,MOWI-NO,Food and Tobacco Production,Consumer Non-Cyclicals,0.0097189065206198,1.5e-4,-0.00661954776380881,6.105768523520531e-4,0.01167742258900963,67722.8061960402,11.12317827360531,0.2907509224073013,0.0095689065206198,-0.00676954776380881
2023-08-15,Mowi ASA,NO0003054108,MOWI-NO,Food and Tobacco Production,Consumer Non-Cyclicals,-2.7236113928086e-4,1.5e-4,-0.00335373175614479,0.0030720140601155,0.00382602531152664,67722.8061960402,11.12317827360531,0.2907509224073013,-4.2236113928086e-4,-0.00350373175614479
2023-08-16,Mowi ASA,NO0003054108,MOWI-NO,Food and Tobacco Production,Consumer Non-Cyclicals,0.0162301904728783,1.5e-4,0.00304726701071652,-0.00859478232869048,0.0040246997091626,67722.8061960402,11.12317827360531,0.2907509224073013,0.0160801904728783,0.00289726701071652
2023-08-17,Mowi ASA,NO0003054108,MOWI-NO,Food and Tobacco Production,Consumer Non-Cyclicals,0.0092004243717132,1.5e-4,4.707853601848351e-4,0.00568609652680899,0.00445965975954259,67722.8061960402,11.12317827360531,0.2907509224073013,0.0090504243717132,3.2078536018483516e-4
2023-08-18,Mowi ASA,NO0003054108,MOWI-NO,Food and Tobacco Production,Consumer Non-Cyclicals,-0.0254788589902278,1.6e-4,-0.01379029191807897,0.00405143523387466,7.425024557886038e-4,67722.8061960402,11.12317827360531,0.2907509224073013,-0.0256388589902278,-0.01395029191807897
2023-08-21,Mowi ASA,NO0003054108,MOWI-NO,Food and Tobacco Production,Consumer Non-Cyclicals,0.00385099435690117,1.6e-4,0.00227036166320118,0.00913685358226943,0.00817786699542463,67722.8061960402,11.12317827360531,0.2907509224073013,0.00369099435690117,0.00211036166320118
2023-08-22,Mowi ASA,NO0003054108,MOWI-NO,Food and Tobacco Production,Consumer Non-Cyclicals,-0.0148075823140963,1.6e-4,-0.00403484657534436,0.01544442335768464,0.00469246837687538,67722.8061960402,11.12317827360531,0.2907509224073013,-0.0149675823140963,-0.00419484657534436
2023-08-23,Mowi ASA,NO0003054108,MOWI-NO,Food and Tobacco Production,Consumer Non-Cyclicals,0.0292275574112735,1.6e-4,-0.00531098738219709,-0.01505952258058484,0.00358684729277831,67722.8061960402,11.12317827360531,0.2907509224073013,0.0290675574112735,-0.00547098738219709
2023-08-24,Mowi ASA,NO0003054108,MOWI-NO,Food and Tobacco Production,Consumer Non-Cyclicals,0.015412402853431,1.6e-4,-0.00200119258523456,-0.00181419753198294,0.02217153750004472,67722.8061960402,11.12317827360531,0.2907509224073013,0.015252402853431,-0.00216119258523456
2023-08-25,Mowi ASA,NO0003054108,MOWI-NO,Food and Tobacco Production,Consumer Non-Cyclicals,0.00319280860543292,1.6e-4,0.00258377232593586,-0.00531625868314957,9.696323019457372e-4,67722.8061960402,11.12317827360531,0.2907509224073013,0.00303280860543292,0.00242377232593586
2023-08-28,Mowi ASA,NO0003054108,MOWI-NO,Food and Tobacco Production,Consumer Non-Cyclicals,0.0244263963933729,1.6e-4,0.01143286936755597,-0.00872291674958743,-0.00837741440940314,67722.8061960402,11.12317827360531,0.2907509224073013,0.0242663963933729,0.01127286936755597
2023-08-29,Mowi ASA,NO0003054108,MOWI-NO,Food and Tobacco Production,Consumer Non-Cyclicals,-0.0114060136828484,1.6e-4,0.00154871342249603,0.00845275161661247,-0.00717346269026482,67722.8061960402,11.12317827360531,0.2907509224073013,-0.0115660136828484,0.00138871342249603
2023-08-30,Mowi ASA,NO0003054108,MOWI-NO,Food and Tobacco Production,Consumer Non-Cyclicals,-2.5958245885338e-4,1.6e-4,0.0034537696449663,-0.0056503889190416,-0.00181748482874511,67722.8061960402,11.12317827360531,0.2907509224073013,-4.1958245885338e-4,0.0032937696449663
2023-08-31,Mowi ASA,NO0003054108,MOWI-NO,Food and Tobacco Production,Consumer Non-Cyclicals,0.0120599072994756,1.6e-4,0.00371480590188231,9.410802264602668e-4,-0.00375540532475967,67722.8061960402,11.12317827360531,0.2907509224073013,0.0118999072994756,0.00355480590188231
2023-09-01,Mowi ASA,NO0003054108,MOWI-NO,Food and Tobacco Production,Consumer Non-Cyclicals,0.0051802441101334,1.6e-4,0.00790807584610302,-0.00795115504325052,0.01545289716388999,67722.8061960402,11.12317827360531,0.2907509224073013,0.0050202441101334,0.00774807584610301
2023-09-04,Mowi ASA,NO0003054108,MOWI-NO,Food and Tobacco Production,Consumer Non-Cyclicals,0,1.6e-4,0.00149362391433239,0.01160804034982703,0.00406930972505723,67722.8061960402,11.12317827360531,0.2907509224073013,-1.6e-4,0.00133362391433239
2023-09-05,Mowi ASA,NO0003054108,MOWI-NO,Food and Tobacco Production,Consumer Non-Cyclicals,0.00208531320426819,1.6e-4,0.00438055155105568,-0.00255494885741249,0.00386733985772285,67722.8061960402,11.12317827360531,0.2907509224073013,0.00192531320426819,0.00422055155105568
2023-09-06,Mowi ASA,NO0003054108,MOWI-NO,Food and Tobacco Production,Consumer Non-Cyclicals,-0.0067577453950327,1.6e-4,-0.00292483996405794,0.0023536747398873,0.00281053910054527,67722.8061960402,11.12317827360531,0.2907509224073013,-0.0069177453950327,-0.00308483996405794
2023-09-07,Mowi ASA,NO0003054108,MOWI-NO,Food and Tobacco Production,Consumer Non-Cyclicals,-0.00366102508702448,1.6e-4,-0.00777759031596438,0.02476002718264124,-0.00508305223458389,67722.8061960402,11.12317827360531,0.2907509224073013,-0.00382102508702448,-0.00793759031596438
2023-09-08,Mowi ASA,NO0003054108,MOWI-NO,Food and Tobacco Production,Consumer Non-Cyclicals,0.0052516003964711,1.6e-4,0.00355426674661014,-0.00956538716937676,0.00979079683339765,67722.8061960402,11.12317827360531,0.2907509224073013,0.0050916003964711,0.00339426674661014
2023-09-11,Mowi ASA,NO0003054108,MOWI-NO,Food and Tobacco Production,Consumer Non-Cyclicals,0.0104483303372012,1.6e-4,0.00647189611160958,-2.6936888999532383e-4,0.00669066663570881,67722.8061960402,11.12317827360531,0.2907509224073013,0.0102883303372012,0.00631189611160957
2023-09-12,Mowi ASA,NO0003054108,MOWI-NO,Food and Tobacco Production,Consumer Non-Cyclicals,-0.00413503838523244,1.6e-4,0.00161299474483779,-0.00192992699736991,-0.00250394159222459,67722.8061960402,11.12317827360531,0.2907509224073013,-0.00429503838523244,0.00145299474483779
2023-09-13,Mowi ASA,NO0003054108,MOWI-NO,Food and Tobacco Production,Consumer Non-Cyclicals,-0.00181895940364118,1.6e-4,-0.00145357934588901,0.00351435148741226,-0.00394592206664435,67722.8061960402,11.12317827360531,0.2907509224073013,-0.00197895940364118,-0.00161357934588901
2023-09-14,Mowi ASA,NO0003054108,MOWI-NO,Food and Tobacco Production,Consumer Non-Cyclicals,0.0247091683162948,1.6e-4,0.01901901260928328,-0.01396056368074915,0.00693305210037266,67722.8061960402,11.12317827360531,0.2907509224073013,0.0245491683162948,0.01885901260928327
2023-09-15,Mowi ASA,NO0003054108,MOWI-NO,Food and Tobacco Production,Consumer Non-Cyclicals,-0.00837827681657233,1.6e-4,0.00308517925178758,-0.00665228667204986,-0.00225255668936903,67722.8061960402,11.12317827360531,0.2907509224073013,-0.00853827681657233,0.00292517925178758
2023-09-18,Mowi ASA,NO0003054108,MOWI-NO,Food and Tobacco Production,Consumer Non-Cyclicals,0.00384291036411577,1.6e-4,-0.00201153847306351,-0.0066555382436694404,0.02754469054470264,67722.8061960402,11.12317827360531,0.2907509224073013,0.00368291036411577,-0.00217153847306351
2023-09-19,Mowi ASA,NO0003054108,MOWI-NO,Food and Tobacco Production,Consumer Non-Cyclicals,-0.00280734588840792,1.6e-4,4.895808935961223e-4,0.00578467719319982,0.00682647705091904,67722.8061960402,11.12317827360531,0.2907509224073013,-0.00296734588840792,3.2958089359612234e-4
2023-09-20,Mowi ASA,NO0003054108,MOWI-NO,Food and Tobacco Production,Consumer Non-Cyclicals,0.00511330311916813,1.6e-4,0.0063908123982749,0.01988236751536197,-0.02899212166939229,67722.8061960402,11.12317827360531,0.2907509224073013,0.00495330311916812,0.0062308123982749
2023-09-21,Mowi ASA,NO0003054108,MOWI-NO,Food and Tobacco Production,Consumer Non-Cyclicals,-0.0104292102764323,1.6e-4,-0.00935225325309302,0.00680328456001207,5.024760987605717e-4,67722.8061960402,11.12317827360531,0.2907509224073013,-0.0105892102764323,-0.00951225325309302
2023-09-22,Mowi ASA,NO0003054108,MOWI-NO,Food and Tobacco Production,Consumer Non-Cyclicals,-0.01131106500914,1.7e-4,-0.00224197306564066,-0.00639515778976587,0.00547608390646109,67722.8061960402,11.12317827360531,0.2907509224073013,-0.01148106500914,-0.00241197306564066
2023-09-25,Mowi ASA,NO0003054108,MOWI-NO,Food and Tobacco Production,Consumer Non-Cyclicals,-0.0249629946918393,1.7e-4,-0.01203403609554007,0.01032838119034819,0.0113982151206959,67722.8061960402,11.12317827360531,0.2907509224073013,-0.0251329946918393,-0.01220403609554007
2023-09-26,Mowi ASA,NO0003054108,MOWI-NO,Food and Tobacco Production,Consumer Non-Cyclicals,-0.00319748205239434,1.7e-4,-0.00483978155516846,-2.1966475896802867e-4,0.02234071533630162,67722.8061960402,11.12317827360531,0.2907509224073013,-0.00336748205239434,-0.00500978155516846
2023-09-27,Mowi ASA,NO0003054108,MOWI-NO,Food and Tobacco Production,Consumer Non-Cyclicals,0.0163176275006416,1.7e-4,0.01082870467584892,0.03277234891508074,0.00442948832581075,67722.8061960402,11.12317827360531,0.2907509224073013,0.0161476275006416,0.01065870467584892
2023-09-28,Mowi ASA,NO0003054108,MOWI-NO,Food and Tobacco Production,Consumer Non-Cyclicals,-0.00947419845316966,1.7e-4,-0.00360628943021256,0.00994509278164474,-0.01019315564053228,67722.8061960402,11.12317827360531,0.2907509224073013,-0.00964419845316966,-0.00377628943021256
2023-09-29,Mowi ASA,NO0003054108,MOWI-NO,Food and Tobacco Production,Consumer Non-Cyclicals,0.00744238111862927,1.704e-4,0.0029654704434435,0.00741218557950025,-0.00701965324827245,67722.8061960402,11.12317827360531,0.2907509224073013,0.00727198111862927,0.0027950704434435
2023-10-02,Mowi ASA,NO0003054108,MOWI-NO,Food and Tobacco Production,Consumer Non-Cyclicals,0.00105062817663759,1.7e-4,-0.00843848842517511,8.044343043196404e-4,0.00751818906835211,67722.8061960402,11.12317827360531,0.2907509224073013,8.8062817663759e-4,-0.00860848842517511
2023-10-03,Mowi ASA,NO0003054108,MOWI-NO,Food and Tobacco Production,Consumer Non-Cyclicals,-0.0115942347530317,1.7e-4,-0.01640660155656973,0.00862566543547108,0.00436478240889422,67722.8061960402,11.12317827360531,0.2907509224073013,-0.0117642347530317,-0.01657660155656973
2023-10-04,Mowi ASA,NO0003054108,MOWI-NO,Food and Tobacco Production,Consumer Non-Cyclicals,-0.0178622058406579,1.7e-4,-0.01000445845734075,-0.01126108668852047,0.00119240321828317,67722.8061960402,11.12317827360531,0.2907509224073013,-0.0180322058406579,-0.01017445845734075
2023-10-05,Mowi ASA,NO0003054108,MOWI-NO,Food and Tobacco Production,Consumer Non-Cyclicals,0.00950391704025733,1.7e-4,0.0040343722320428,0.01483757730302044,0.00102703640441663,67722.8061960402,11.12317827360531,0.2907509224073013,0.00933391704025733,0.0038643722320428
2023-10-06,Mowi ASA,NO0003054108,MOWI-NO,Food and Tobacco Production,Consumer Non-Cyclicals,-0.0107545572296079,1.7e-4,-0.0022874424678145,4.748819307094336e-4,-0.00421661275262405,67722.8061960402,11.12317827360531,0.2907509224073013,-0.0109245572296079,-0.0024574424678145
2023-10-09,Mowi ASA,NO0003054108,MOWI-NO,Food and Tobacco Production,Consumer Non-Cyclicals,-0.00108828113929438,1.7e-4,0.01989684803847549,-0.00933007074130856,0.01478293959124178,67722.8061960402,11.12317827360531,0.2907509224073013,-0.00125828113929438,0.01972684803847549
2023-10-10,Mowi ASA,NO0003054108,MOWI-NO,Food and Tobacco Production,Consumer Non-Cyclicals,0.011155685938502,1.7e-4,0.01380545138036931,-0.00490992627586544,-0.00573513679802128,67722.8061960402,11.12317827360531,0.2907509224073013,0.010985685938502,0.01363545138036931
2023-10-11,Mowi ASA,NO0003054108,MOWI-NO,Food and Tobacco Production,Consumer Non-Cyclicals,0.0107632478296735,1.7e-4,-0.0024858375915652,0.00604210392156736,-0.01126620744498224,67722.8061960402,11.12317827360531,0.2907509224073013,0.0105932478296735,-0.0026558375915652
2023-10-12,Mowi ASA,NO0003054108,MOWI-NO,Food and Tobacco Production,Consumer Non-Cyclicals,0.00372535629618542,1.7e-4,0.00835521200133212,5.290093992318572e-4,0.00667156299200865,67722.8061960402,11.12317827360531,0.2907509224073013,0.00355535629618542,0.00818521200133212
2023-10-13,Mowi ASA,NO0003054108,MOWI-NO,Food and Tobacco Production,Consumer Non-Cyclicals,-0.00981259818129521,1.7e-4,-5.835821986137422e-4,0.02331810246689193,-0.01683308697376129,67722.8061960402,11.12317827360531,0.2907509224073013,-0.00998259818129521,-7.535821986137422e-4
2023-10-16,Mowi ASA,NO0003054108,MOWI-NO,Food and Tobacco Production,Consumer Non-Cyclicals,0.00911101924989111,1.7e-4,0.00199393253739573,0.01770138378602711,-0.01076024408040063,67722.8061960402,11.12317827360531,0.2907509224073013,0.00894101924989111,0.00182393253739572
2023-10-17,Mowi ASA,NO0003054108,MOWI-NO,Food and Tobacco Production,Consumer Non-Cyclicals,-0.00318857427551289,1.7e-4,-0.00540568177753698,0.00887508128466044,0.0219952988375905,67722.8061960402,11.12317827360531,0.2907509224073013,-0.00335857427551289,-0.00557568177753698
2023-10-18,Mowi ASA,NO0003054108,MOWI-NO,Food and Tobacco Production,Consumer Non-Cyclicals,-0.0157106442530363,1.7e-4,4.715625412901067e-4,-0.00211783599884835,0.01465821415079654,67722.8061960402,11.12317827360531,0.2907509224073013,-0.0158806442530363,3.015625412901067e-4
2023-10-19,Mowi ASA,NO0003054108,MOWI-NO,Food and Tobacco Production,Consumer Non-Cyclicals,-0.0143421349582488,1.7e-4,-0.01633274380554794,0.00627219214029044,7.861399161356811e-4,67722.8061960402,11.12317827360531,0.2907509224073013,-0.0145121349582488,-0.01650274380554794
2023-10-20,Mowi ASA,NO0003054108,MOWI-NO,Food and Tobacco Production,Consumer Non-Cyclicals,-0.033211599445901,1.7e-4,-0.01933475871797193,0.01539604048355054,0.01481959311262437,67722.8061960402,11.12317827360531,0.2907509224073013,-0.03338159944590099,-0.01950475871797193
2023-10-23,Mowi ASA,NO0003054108,MOWI-NO,Food and Tobacco Production,Consumer Non-Cyclicals,-0.0093726316786662,1.7e-4,-0.01196955576015233,0.0066107600162178,0.0057826715370552,67722.8061960402,11.12317827360531,0.2907509224073013,-0.0095426316786662,-0.01213955576015233
2023-10-24,Mowi ASA,NO0003054108,MOWI-NO,Food and Tobacco Production,Consumer Non-Cyclicals,0.0054448847369899,1.7e-4,0.00827500084940952,-0.00400752021117881,0.00344007207483086,67722.8061960402,11.12317827360531,0.2907509224073013,0.0052748847369899,0.00810500084940952
2023-10-25,Mowi ASA,NO0003054108,MOWI-NO,Food and Tobacco Production,Consumer Non-Cyclicals,0.00883940460338617,1.7e-4,-0.00626880419540088,-5.791755010669166e-4,0.01198564987951249,67722.8061960402,11.12317827360531,0.2907509224073013,0.00866940460338617,-0.00643880419540088
2023-10-26,Mowi ASA,NO0003054108,MOWI-NO,Food and Tobacco Production,Consumer Non-Cyclicals,5.6566751713194e-4,1.7e-4,-0.00163236017088233,-0.0126944163014852,-0.00389245489995715,67722.8061960402,11.12317827360531,0.2907509224073013,3.9566751713194e-4,-0.00180236017088233
2023-10-27,Mowi ASA,NO0003054108,MOWI-NO,Food and Tobacco Production,Consumer Non-Cyclicals,0.00564758814418731,1.7e-4,0.00834666470826499,0.00456615278657527,0.01371145492949509,67722.8061960402,11.12317827360531,0.2907509224073013,0.00547758814418731,0.00817666470826499
2023-10-30,Mowi ASA,NO0003054108,MOWI-NO,Food and Tobacco Production,Consumer Non-Cyclicals,5.6217279786374e-4,1.7e-4,0.0050516230181219,0.00799929971833381,-0.00991065463028423,67722.8061960402,11.12317827360531,0.2907509224073013,3.9217279786374e-4,0.0048816230181219
2023-10-31,Mowi ASA,NO0003054108,MOWI-NO,Food and Tobacco Production,Consumer Non-Cyclicals,0.0176809354918004,1.7e-4,0.00922781479401536,-0.00465086307134731,0.00503880879020634,67722.8061960402,11.12317827360531,0.2907509224073013,0.0175109354918004,0.00905781479401536
2023-11-01,Mowi ASA,NO0003054108,MOWI-NO,Food and Tobacco Production,Consumer Non-Cyclicals,-0.00855172731089304,1.7e-4,-0.00241701664771487,0.00141252285547269,0.01102067047865119,67722.8061960402,11.12317827360531,0.2907509224073013,-0.00872172731089304,-0.00258701664771487
2023-11-02,Mowi ASA,NO0003054108,MOWI-NO,Food and Tobacco Production,Consumer Non-Cyclicals,0.010574491287501,1.7e-4,0.01072276316112107,-0.00721298673990591,-0.02349155253303621,67722.8061960402,11.12317827360531,0.2907509224073013,0.010404491287501,0.01055276316112107
2023-11-03,Mowi ASA,NO0003054108,MOWI-NO,Food and Tobacco Production,Consumer Non-Cyclicals,-0.00605559669152045,1.7e-4,-0.00318437639956106,0.00339530867021256,-0.00692972792142044,67722.8061960402,11.12317827360531,0.2907509224073013,-0.00622559669152045,-0.00335437639956106
2023-11-06,Mowi ASA,NO0003054108,MOWI-NO,Food and Tobacco Production,Consumer Non-Cyclicals,-0.00636968422997841,1.7e-4,0.00417813276124461,0.01386943927131918,-0.01576544408540671,67722.8061960402,11.12317827360531,0.2907509224073013,-0.00653968422997841,0.00400813276124461
2023-11-07,Mowi ASA,NO0003054108,MOWI-NO,Food and Tobacco Production,Consumer Non-Cyclicals,-0.021742289071899,1.7e-4,-0.0200795461351481,0.0024616339951418,-0.00404440598314768,67722.8061960402,11.12317827360531,0.2907509224073013,-0.021912289071899,-0.0202495461351481
2023-11-08,Mowi ASA,NO0003054108,MOWI-NO,Food and Tobacco Production,Consumer Non-Cyclicals,0.0569807509505704,1.7e-4,0.01016917489107337,-0.01419951294807202,-0.01128810841504489,67722.8061960402,11.12317827360531,0.2907509224073013,0.05681075095057039,0.00999917489107337
2023-11-09,Mowi ASA,NO0003054108,MOWI-NO,Food and Tobacco Production,Consumer Non-Cyclicals,0.0229103315702794,1.7e-4,0.00947528944590916,-0.00544939036305578,-0.00128489263302335,67722.8061960402,11.12317827360531,0.2907509224073013,0.0227403315702794,0.00930528944590916
2023-11-10,Mowi ASA,NO0003054108,MOWI-NO,Food and Tobacco Production,Consumer Non-Cyclicals,-0.00869292861578019,1.7e-4,-0.00658739243796797,0.00681374119088488,-0.00611814903611756,67722.8061960402,11.12317827360531,0.2907509224073013,-0.00886292861578019,-0.00675739243796797
2023-11-13,Mowi ASA,NO0003054108,MOWI-NO,Food and Tobacco Production,Consumer Non-Cyclicals,-0.00345888417726781,1.7e-4,0.00737351337644964,-0.00465744049393326,0.00737111472153796,67722.8061960402,11.12317827360531,0.2907509224073013,-0.00362888417726781,0.00720351337644964
2023-11-14,Mowi ASA,NO0003054108,MOWI-NO,Food and Tobacco Production,Consumer Non-Cyclicals,0.00533983012665407,1.7e-4,0.00814983804277852,-0.01324951223072596,-0.01867997633441258,67722.8061960402,11.12317827360531,0.2907509224073013,0.00516983012665407,0.00797983804277852
2023-11-15,Mowi ASA,NO0003054108,MOWI-NO,Food and Tobacco Production,Consumer Non-Cyclicals,0.00504036162243193,1.7e-4,0.00248759780438356,0.01267797139201599,-0.01669347759356879,67722.8061960402,11.12317827360531,0.2907509224073013,0.00487036162243193,0.00231759780438356
2023-11-16,Mowi ASA,NO0003054108,MOWI-NO,Food and Tobacco Production,Consumer Non-Cyclicals,-0.00950718957126806,1.7e-4,-0.01818557114966293,0.01424242266056156,-0.00700154174453596,67722.8061960402,11.12317827360531,0.2907509224073013,-0.00967718957126806,-0.01835557114966293
2023-11-17,Mowi ASA,NO0003054108,MOWI-NO,Food and Tobacco Production,Consumer Non-Cyclicals,0.00133388912046684,1.7e-4,0.01156714517894558,-0.00512077089426813,0.00189591422288184,67722.8061960402,11.12317827360531,0.2907509224073013,0.00116388912046684,0.01139714517894558
2023-11-20,Mowi ASA,NO0003054108,MOWI-NO,Food and Tobacco Production,Consumer Non-Cyclicals,0.00214803097160932,1.7e-4,0.00745361426092677,-0.00290352269901575,0.00998713331989167,67722.8061960402,11.12317827360531,0.2907509224073013,0.00197803097160932,0.00728361426092677
2023-11-21,Mowi ASA,NO0003054108,MOWI-NO,Food and Tobacco Production,Consumer Non-Cyclicals,-0.00240927821347869,1.7e-4,-0.01365597571020091,0.01131477363068438,-0.00608023116450314,67722.8061960402,11.12317827360531,0.2907509224073013,-0.00257927821347869,-0.01382597571020091
2023-11-22,Mowi ASA,NO0003054108,MOWI-NO,Food and Tobacco Production,Consumer Non-Cyclicals,0.011536945429915,1.7e-4,-0.00271780228698814,0.00287829592971557,-0.00610142859904359,67722.8061960402,11.12317827360531,0.2907509224073013,0.011366945429915,-0.00288780228698814
2023-11-23,Mowi ASA,NO0003054108,MOWI-NO,Food and Tobacco Production,Consumer Non-Cyclicals,0.0127390982189413,1.7e-4,0.01534839251619964,0.00137385976417691,0.0058899816947685,67722.8061960402,11.12317827360531,0.2907509224073013,0.0125690982189413,0.01517839251619964
2023-11-24,Mowi ASA,NO0003054108,MOWI-NO,Food and Tobacco Production,Consumer Non-Cyclicals,0.00916993648247311,1.7e-4,0.00548443249160825,-0.00600857279466725,0.00563027520184879,67722.8061960402,11.12317827360531,0.2907509224073013,0.00899993648247311,0.00531443249160825
2023-11-27,Mowi ASA,NO0003054108,MOWI-NO,Food and Tobacco Production,Consumer Non-Cyclicals,0.00103647533940543,1.7e-4,-0.00180250485368564,-0.00370930715254532,-0.00524917425814682,67722.8061960402,11.12317827360531,0.2907509224073013,8.6647533940543e-4,-0.00197250485368564
2023-11-28,Mowi ASA,NO0003054108,MOWI-NO,Food and Tobacco Production,Consumer Non-Cyclicals,-0.00804180235084584,1.7e-4,-0.00923390154389676,0.00318763329069769,6.2033702348167e-5,67722.8061960402,11.12317827360531,0.2907509224073013,-0.00821180235084584,-0.00940390154389676
2023-11-29,Mowi ASA,NO0003054108,MOWI-NO,Food and Tobacco Production,Consumer Non-Cyclicals,0.00522979740619367,1.7e-4,-0.00386780427643445,-0.0020560533293298,-0.01270638824421594,67722.8061960402,11.12317827360531,0.2907509224073013,0.00505979740619367,-0.00403780427643445
2023-11-30,Mowi ASA,NO0003054108,MOWI-NO,Food and Tobacco Production,Consumer Non-Cyclicals,2.6362653266542e-4,1.7e-4,0.00830517629574199,-0.00627691603041448,0.00361038346506058,67722.8061960402,11.12317827360531,0.2907509224073013,9.362653266542e-5,0.00813517629574199
2023-12-01,Mowi ASA,NO0003054108,MOWI-NO,Food and Tobacco Production,Consumer Non-Cyclicals,-0.00416312567906285,1.7e-4,0.00120739734148804,0.00989752659344442,-0.00683186534879695,67722.8061960402,11.12317827360531,0.2907509224073013,-0.00433312567906285,0.00103739734148804
2023-12-04,Mowi ASA,NO0003054108,MOWI-NO,Food and Tobacco Production,Consumer Non-Cyclicals,-0.00548221924556025,1.7e-4,-0.00942925339422506,0.00895278377215642,-0.01294407736664279,67722.8061960402,11.12317827360531,0.2907509224073013,-0.00565221924556025,-0.00959925339422506
2023-12-05,Mowi ASA,NO0003054108,MOWI-NO,Food and Tobacco Production,Consumer Non-Cyclicals,7.8749137832723e-4,1.7e-4,0.00232617886306467,-0.00674776892050093,-0.00156122269331284,67722.8061960402,11.12317827360531,0.2907509224073013,6.1749137832723e-4,0.00215617886306467
2023-12-06,Mowi ASA,NO0003054108,MOWI-NO,Food and Tobacco Production,Consumer Non-Cyclicals,-0.0215114449135526,1.7e-4,7.375145021696306e-4,0.00708824656853462,-0.00992794002635784,67722.8061960402,11.12317827360531,0.2907509224073013,-0.0216814449135526,5.675145021696306e-4
2023-12-07,Mowi ASA,NO0003054108,MOWI-NO,Food and Tobacco Production,Consumer Non-Cyclicals,-0.0088458765459486,1.7e-4,-0.00181198467635367,-0.00209466773055474,-0.00662655522280255,67722.8061960402,11.12317827360531,0.2907509224073013,-0.0090158765459486,-0.00198198467635367
2023-12-08,Mowi ASA,NO0003054108,MOWI-NO,Food and Tobacco Production,Consumer Non-Cyclicals,-0.00649078141174497,1.7e-4,0.00437903981724117,0.00164553697398992,0.00121895866995914,67722.8061960402,11.12317827360531,0.2907509224073013,-0.00666078141174497,0.00420903981724117
2023-12-11,Mowi ASA,NO0003054108,MOWI-NO,Food and Tobacco Production,Consumer Non-Cyclicals,0.0111627383064403,1.7e-4,0.00189213885031923,-0.00915866150260981,7.77500387663197e-4,67722.8061960402,11.12317827360531,0.2907509224073013,0.0109927383064403,0.00172213885031923
2023-12-12,Mowi ASA,NO0003054108,MOWI-NO,Food and Tobacco Production,Consumer Non-Cyclicals,-0.00269582314508987,1.7e-4,-0.00482478096791756,-0.00257607822347942,7.274971579173013e-4,67722.8061960402,11.12317827360531,0.2907509224073013,-0.00286582314508987,-0.00499478096791756
2023-12-13,Mowi ASA,NO0003054108,MOWI-NO,Food and Tobacco Production,Consumer Non-Cyclicals,-0.00512697357765579,1.7e-4,-8.465282896416553e-4,-0.00262560815705656,-0.00755972525853437,67722.8061960402,11.12317827360531,0.2907509224073013,-0.00529697357765579,-0.00101652828964165
2023-12-14,Mowi ASA,NO0003054108,MOWI-NO,Food and Tobacco Production,Consumer Non-Cyclicals,0.011126392904258,1.7e-4,0.01256197405982234,-0.00799605786175902,-0.00357772829318406,67722.8061960402,11.12317827360531,0.2907509224073013,0.010956392904258,0.01239197405982234
2023-12-15,Mowi ASA,NO0003054108,MOWI-NO,Food and Tobacco Production,Consumer Non-Cyclicals,-0.0225464559147665,1.8e-4,-0.00732174591140939,0.01439126406582563,-0.00464464239269463,67722.8061960402,11.12317827360531,0.2907509224073013,-0.02272645591476649,-0.00750174591140938
2023-12-18,Mowi ASA,NO0003054108,MOWI-NO,Food and Tobacco Production,Consumer Non-Cyclicals,0.00851433634752574,1.8e-4,0.00867592114909981,3.276479459094683e-4,0.02604882367863036,67722.8061960402,11.12317827360531,0.2907509224073013,0.00833433634752574,0.00849592114909981
2023-12-19,Mowi ASA,NO0003054108,MOWI-NO,Food and Tobacco Production,Consumer Non-Cyclicals,0.00408324181239617,1.8e-4,-0.00731922472385859,0.01448272631469216,-0.00965374865553005,67722.8061960402,11.12317827360531,0.2907509224073013,0.00390324181239617,-0.00749922472385859
2023-12-20,Mowi ASA,NO0003054108,MOWI-NO,Food and Tobacco Production,Consumer Non-Cyclicals,-0.0398586493156832,1.8e-4,-0.00358442566348247,0.01555444036354103,0.00937536913103269,67722.8061960402,11.12317827360531,0.2907509224073013,-0.0400386493156832,-0.00376442566348247
2023-12-21,Mowi ASA,NO0003054108,MOWI-NO,Food and Tobacco Production,Consumer Non-Cyclicals,-0.0011333496909578,1.8e-4,-0.00407085787537112,-0.00111979902382878,0.00583057771912264,67722.8061960402,11.12317827360531,0.2907509224073013,-0.0013133496909578,-0.00425085787537112
2023-12-22,Mowi ASA,NO0003054108,MOWI-NO,Food and Tobacco Production,Consumer Non-Cyclicals,-0.00564978360042101,1.8e-4,0.00287184482906902,0.01010178006595121,0.00821941536414624,67722.8061960402,11.12317827360531,0.2907509224073013,-0.00582978360042101,0.00269184482906902
2023-12-27,Mowi ASA,NO0003054108,MOWI-NO,Food and Tobacco Production,Consumer Non-Cyclicals,0.0201865728704693,1.8e-4,0.01103416327046352,-0.016881643650482,-0.00870870980806888,67722.8061960402,11.12317827360531,0.2907509224073013,0.0200065728704693,0.01085416327046352
2023-12-28,Mowi ASA,NO0003054108,MOWI-NO,Food and Tobacco Production,Consumer Non-Cyclicals,0.00501597038847823,1.8e-4,-0.00104273648544646,8.832340009679654e-4,-0.00924787732713055,67722.8061960402,11.12317827360531,0.2907509224073013,0.00483597038847823,-0.00122273648544646
2023-12-29,Mowi ASA,NO0003054108,MOWI-NO,Food and Tobacco Production,Consumer Non-Cyclicals,0.00942541132196695,1.8e-4,0.00180742830168684,0.00664114669684021,-7.245684827023539e-4,67722.8061960402,11.12317827360531,0.2907509224073013,0.00924541132196695,0.00162742830168684
