sector,p_date,ret,cum_ret
Energi,2020-01-01,0,0
Energi,2020-01-02,0.002601226,0.002601225999999901
Energi,2020-01-03,0.00960945,0.012235672351185611
Energi,2020-01-06,0.003502858,0.015781390173966292
Energi,2020-01-07,-0.0019088666666666667,0.01384239893764283
Energi,2020-01-08,-0.006038832857142858,0.007719974146973563
Energi,2020-01-09,-0.01161384,-0.003983524397573435
Energi,2020-01-10,0.002674591428571429,-0.0013195872692112198
Energi,2020-01-13,0.005091998333333333,0.0037656917279467184
Energi,2020-01-14,-0.008181608333333333,-0.004446726020208902
Energi,2020-01-15,-0.0028976983333333334,-0.007331539082964689
Energi,2020-01-16,5.403814285714285e-4,-0.006795119481956546
Energi,2020-01-17,0.00569315875,-0.0011406464258925109
Energi,2020-01-20,0.00277889,0.0016350738431609724
Energi,2020-01-21,-0.010126703333333334,-0.008508187397910039
Energi,2020-01-22,-0.005563618571428571,-0.014024469659922434
Energi,2020-01-23,-0.009635504999999999,-0.023524841812391895
Energi,2020-01-24,0.0071687325,-0.016524752610449722
Energi,2020-01-27,-0.013828499999999999,-0.03012474006897614
Energi,2020-01-28,-0.007416176666666667,-0.03731750634125386
Energi,2020-01-29,-0.00905026,-0.046030033206313825
Energi,2020-01-30,-0.012667870000000001,-0.058114800729560656
Energi,2020-01-31,-0.00845674,-0.06608007896963886
Energi,2020-02-03,-0.0070467242857142854,-0.07266115515807592
Energi,2020-02-04,0.005859364285714286,-0.06722753904985357
Energi,2020-02-05,0.015095065000000001,-0.05314727812160125
Energi,2020-02-06,-0.006923965,-0.05970325322804204
Energi,2020-02-10,-0.00685314,-0.06614723847521486
Energi,2020-02-11,0.01566075,-0.05152240384016571
Energi,2020-02-12,0.016508433333333333,-0.0358645246758007
Energi,2020-02-13,-0.0033724659999999993,-0.03911603878572534
Energi,2020-02-14,-0.00639182375,-0.04525783971000885
Energi,2020-02-17,-0.0020240433333333337,-0.047190279214596065
Energi,2020-02-18,-0.008670918571428573,-0.05545201471759187
Energi,2020-02-19,0.006604369999999999,-0.04921387034003222
Energi,2020-02-20,0.005438282857142857,-0.044043226430293236
Energi,2020-02-21,-0.009747508,-0.05336142272831812
Energi,2020-02-25,-0.00545824,-0.05852840327632547
Energi,2020-02-26,0.004456981666666667,-0.05433228163004067
Energi,2020-02-27,-0.0192113,-0.07249978786796152
Energi,2020-02-28,0.004867754,-0.06798494500035501
Energi,2020-03-02,-0.005264511666666667,-0.07289154913090956
Energi,2020-03-03,0.00865434,-0.06486803738021507
Energi,2020-03-04,-0.0080026525,-0.07235157351870425
Energi,2020-03-05,-0.00849423,-0.08023123261237453
Energi,2020-03-10,-0.0144784,-0.0935480127341195
Energi,2020-03-11,-0.01912395,-0.11088295521599278
Energi,2020-03-12,0.0122311,-0.10000807572953518
Energi,2020-03-13,-0.007395466666666667,-0.10666393600574664
Energi,2020-03-16,-0.0125664,-0.11788995432032401
Energi,2020-03-17,0.0038839100000000004,-0.11446391829280811
Energi,2020-03-18,0.0143628,-0.10174514065846407
Energi,2020-03-19,0.008147749999999999,-0.09442638462826403
Energi,2020-03-23,0.002025815,-0.0925918600146397
Energi,2020-03-25,-0.007197063333333333,-0.09912253386729653
Energi,2020-03-26,-0.004082033333333334,-0.10279994571329909
Energi,2020-03-27,0,-0.10279994571329909
Energi,2020-03-30,0.010246203333333335,-0.09360705152639992
Energi,2020-03-31,-0.007419139999999999,-0.10033170770613842
Energi,2020-04-01,0.0028978339999999997,-0.09772461834000723
Energi,2020-04-02,-0.01465825,-0.1109503964532248
Energi,2020-04-03,0.010433304999999999,-0.10167467077929215
Energi,2020-04-06,-0.0035749666666666665,-0.10488615388707856
Energi,2020-04-07,0.0034855375,-0.1017662010096827
Energi,2020-04-08,-0.003081144,-0.10453378869003893
Energi,2020-04-09,0,-0.10453378869003893
Energi,2020-04-10,0,-0.10453378869003893
Energi,2020-04-13,0,-0.10453378869003893
Energi,2020-04-14,-0.0029446500000000005,-0.10717062326917282
Energi,2020-04-15,6.5279e-4,-0.10658779318033673
Energi,2020-04-16,0.005384600000000001,-0.10177712581149567
Energi,2020-04-17,0.005039454999999999,-0.09725057205705212
Energi,2020-04-20,4.322116666666664e-4,-0.09686039322221851
Energi,2020-04-21,-0.00824619,-0.10430785401623344
Energi,2020-04-22,0.006544445000000001,-0.09844604602991058
Energi,2020-04-23,0.014941466666666667,-0.08497550767846496
Energi,2020-04-24,-0.012346352,-0.09627272214928795
Energi,2020-04-27,-0.007553840000000001,-0.10309933340980781
Energi,2020-04-28,0.01156562,-0.09272612112227885
Energi,2020-04-30,0.0031606725000000004,-0.08985852552334173
Energi,2020-05-01,0,-0.08985852552334173
Energi,2020-05-04,-3.230500000000003e-4,-0.09015254672667139
Energi,2020-05-05,0.00861993,-0.08230972536877701
Energi,2020-05-06,-0.006009983333333333,-0.08782502862447272
Energi,2020-05-07,0.0020920000000000005,-0.08591675858435521
Energi,2020-05-08,0.006316178,-0.08014324612475698
Energi,2020-05-11,8.159779999999999e-4,-0.07939266325044325
Energi,2020-05-12,0.007375596666666667,-0.07260263484620433
Energi,2020-05-14,-0.00790972,-0.07993808833330862
Energi,2020-05-15,0.004325066666666666,-0.0759587592278893
Energi,2020-05-18,0.00721028,-0.06929616315037501
Energi,2020-05-19,-3.72779999999997e-5,-0.06933085792800509
Energi,2020-05-20,0.012795049999999999,-0.05742289972173675
Energi,2020-05-21,0,-0.05742289972173675
Energi,2020-05-22,-0.0188145,-0.07515701657492202
Energi,2020-05-25,0.007133959999999999,-0.06855922372488688
Energi,2020-05-26,-6.777180000000001e-4,-0.06919047790490251
Energi,2020-05-27,8.972579999999996e-4,-0.06835530161472658
Energi,2020-05-28,-0.0020174750000000003,-0.07023487150260144
Energi,2020-05-29,-0.004461195,-0.07438273504502835
Energi,2020-06-01,0,-0.07438273504502835
Energi,2020-06-02,0.010676099999999999,-0.06450075256264265
Energi,2020-06-03,-0.011054095,-0.07484185011624367
Energi,2020-06-04,-0.009298176,-0.08344413342169732
Energi,2020-06-08,0.01098784,-0.07337316420867346
Energi,2020-06-10,-0.008841598333333334,-0.08156602649562794
Energi,2020-06-12,0.0011179600000000003,-0.08053925405060902
Energi,2020-06-15,-0.0171628,-0.09631977494118926
Energi,2020-06-17,-0.0194445,-0.11389138507734531
Energi,2020-06-18,-9.271333333333289e-5,-0.11397353916073028
Energi,2020-06-19,0.0035873880000000004,-0.110795018467433
Energi,2020-06-22,-0.008815606666666666,-0.11863389983066475
Energi,2020-06-23,0.005280750000000001,-0.11397962579719556
Energi,2020-06-24,-0.008619,-0.12161623540244948
Energi,2020-06-25,0.00850562,-0.11414503688661326
Energi,2020-06-26,-0.00900511,-0.12212225827349532
Energi,2020-06-29,0.005769167142857142,-0.11705763485048104
Energi,2020-06-30,0.011215,-0.10715543622532919
Energi,2020-07-01,0.0043822466666666665,-0.10324277111187619
Energi,2020-07-02,0.0011900585714285715,-0.10217557748514727
Energi,2020-07-03,-0.008963781666666667,-0.11022347958357148
Energi,2020-07-06,0.008845435,-0.10235301920770179
Energi,2020-07-07,0.006384791428571428,-0.09662173045885603
Energi,2020-07-08,-0.0030197314285714282,-0.09934969021127793
Energi,2020-07-09,-0.007650228,-0.10623987042943228
Energi,2020-07-10,-1.9385600000000014e-4,-0.10641313119311036
Energi,2020-07-13,0.004120703333333333,-0.10273092480419499
Energi,2020-07-14,-2.070150000000004e-4,-0.10291667296179663
Energi,2020-07-15,0.01175034,-0.0923756388607665
Energi,2020-07-16,1.233879999999998e-4,-0.09226364890609418
Energi,2020-07-17,0.006044127999999999,-0.08677717420982967
Energi,2020-07-20,-0.010484381666666667,-0.09635175086212555
Energi,2020-07-21,0.0125739,-0.08498936814229086
Energi,2020-07-22,-0.013730595000000002,-0.09755300854902316
Energi,2020-07-23,-0.0010714800000000003,-0.09851996245142303
Energi,2020-07-24,-0.006828833333333333,-0.10467601938116933
Energi,2020-07-27,-0.003572022,-0.10787413633706733
Energi,2020-07-28,-0.002153428,-0.10979526515140314
Energi,2020-07-29,-0.0027408740000000003,-0.1122352041638266
Energi,2020-07-30,0.00336695,-0.109246144484486
Energi,2020-07-31,0.0036324671428571427,-0.10601051037195264
Energi,2020-08-03,0.00495946,-0.10157680525772184
Energi,2020-08-04,0.010254695999999999,-0.09236374851629092
Energi,2020-08-05,0.01537145,-0.07841206325842176
Energi,2020-08-06,-0.00962363,-0.08728108457408601
Energi,2020-08-07,0.002170366666666667,-0.08530014986400958
Energi,2020-08-10,0.010671205,-0.07553920024973915
Energi,2020-08-11,0.0111251575,-0.06525442824994154
Energi,2020-08-12,0.0022828166666666668,-0.06312057547965777
Energi,2020-08-13,0.0019888133333333335,-0.06125729718844608
Energi,2020-08-14,-0.010934341428571429,-0.07152183041456761
Energi,2020-08-17,-0.006134216666666667,-0.07721731667707477
Energi,2020-08-18,-0.009065508333333335,-0.08558281078259433
Energi,2020-08-19,-3.1532249999999983e-4,-0.08587114709674137
Energi,2020-08-20,-0.0030152900000000003,-0.08862751068561203
Energi,2020-08-21,-0.003990513333333333,-0.09226435475585426
Energi,2020-08-24,0.0013947760000000003,-0.0909982668635233
Energi,2020-08-25,-0.0035958633333333326,-0.09426691286564515
Energi,2020-08-26,3.1075800000000033e-4,-0.09398544906295359
Energi,2020-08-27,-0.007660251999999999,-0.10092574883879812
Energi,2020-08-28,0.001311107142857143,-0.09974696616614176
Energi,2020-08-31,8.134728571428572e-4,-0.09901463475855732
Energi,2020-09-01,-0.0048192999999999995,-0.10335675352926543
Energi,2020-09-02,-0.00895606,-0.11138714424325213
Energi,2020-09-03,0.001872732,-0.10972301051266509
Energi,2020-09-04,-0.007751658571428571,-0.11662413376917014
Energi,2020-09-07,0.00154048,-0.11526331091475883
Energi,2020-09-08,-0.00980675,-0.1239397024404455
Energi,2020-09-09,0.003273425,-0.12107198476090664
Energi,2020-09-10,0.004354093333333334,-0.11724505014927433
Energi,2020-09-11,-7.260033333333334e-4,-0.11788593318538243
Energi,2020-09-14,-0.008265903333333333,-0.1251774027906456
Energi,2020-09-15,0.0037312659999999996,-0.12191320697764663
Energi,2020-09-16,0.0070017385714285715,-0.11576507280988013
Energi,2020-09-17,0.00800175,-0.10868964598123654
Energi,2020-09-18,-0.004870063333333333,-0.11303038385496356
Energi,2020-09-21,-0.0108303,-0.12263653088869919
Energi,2020-09-22,1.4841999999999977e-4,-0.12250631260261369
Energi,2020-09-23,-0.0018502483333333332,-0.12412989383523132
Energi,2020-09-24,-0.003121582,-0.12686399419297334
Energi,2020-09-25,-0.0025576142857142857,-0.12909713931479694
Energi,2020-09-28,0.011270538000000002,-0.11928159552913564
Energi,2020-09-29,-0.004676327500000001,-0.12340012322371885
Energi,2020-09-30,-0.002714303333333333,-0.12577948119125237
Energi,2020-10-01,-0.0049937975,-0.13014516143252808
Energi,2020-10-02,0.00344425,-0.12714916390479203
Energi,2020-10-05,0.0023158999999999996,-0.1251277286534792
Energi,2020-10-06,0.0072050859999999994,-0.1188241986994123
Energi,2020-10-07,-0.009335318,-0.12705025501845812
Energi,2020-10-08,0.006597982,-0.1212905483141653
Energi,2020-10-09,0.006495702000000001,-0.11558271357143068
Energi,2020-10-12,-0.009532848,-0.12401372913152675
Energi,2020-10-13,-0.0017107480000000002,-0.12551232089244246
Energi,2020-10-14,-0.0010233314285714285,-0.12640721161837176
Energi,2020-10-15,-0.0156367,-0.1400673199724587
Energi,2020-10-16,0.0077903387499999996,-0.13336815309284877
Energi,2020-10-19,0.00437979,-0.1295724875960833
Energi,2020-10-20,-0.011659893999999999,-0.1397215801253967
Energi,2020-10-21,2.0474000000000102e-5,-0.13970396678502806
Energi,2020-10-22,-0.006775314285714286,-0.1455327427888129
Energi,2020-10-23,0.00453902,-0.14165429881898617
Energi,2020-10-26,-0.015828933333333333,-0.15524099569993377
Energi,2020-10-27,-0.010593114285714285,-0.16418962437637052
Energi,2020-10-28,0.007936480000000001,-0.1575562320464412
Energi,2020-10-29,-0.0017667500000000003,-0.15904461957347316
Energi,2020-10-30,-0.0016017940000000004,-0.16039165685610812
Energi,2020-11-02,0,-0.16039165685610812
Energi,2020-11-03,0.0026806825,-0.1581409334637882
Energi,2020-11-04,0.005317797142857143,-0.1536640977250736
Energi,2020-11-05,-0.002625762,-0.15588637437650288
Energi,2020-11-06,-0.017356566666666667,-0.17053728879387875
Energi,2020-11-10,0.008473166666666667,-0.16350911299804405
Energi,2020-11-11,-0.0026299450000000003,-0.1657090380238605
Energi,2020-11-12,-0.007024276666666667,-0.17156932856128038
Energi,2020-11-13,0.0015567499999999998,-0.17027966911351822
Energi,2020-11-16,0.00593406,-0.16535605888681792
Energi,2020-11-17,0.002404548,-0.16334911746750225
Energi,2020-11-18,3.7869499999999975e-4,-0.16303228196154163
Energi,2020-11-19,-0.008481045,-0.17013064284177315
Energi,2020-11-20,0.0071815771428571425,-0.16417087203484804
Energi,2020-11-23,0.00787401,-0.15758954512295908
Energi,2020-11-25,-0.009863124999999999,-0.16589834474071818
Energi,2020-11-26,-0.0036179800000000002,-0.16891610784741318
Energi,2020-11-27,0.004246005000000001,-0.16538732148591384
Energi,2020-11-30,-0.0167713,-0.1793848611010772
Energi,2020-12-01,0.006324346000000001,-0.17419500702984236
Energi,2020-12-02,-0.006638092,-0.17967677654723757
Energi,2020-12-03,0.005160476666666667,-0.17544351769348487
Energi,2020-12-04,-0.0111111,-0.1846052472240408
Energi,2020-12-07,-0.006410616,-0.18983242987250248
Energi,2020-12-08,-0.0031715075000000002,-0.1924018823974185
Energi,2020-12-09,0.008552286666666666,-0.18549507178422087
Energi,2020-12-10,-0.0016189660000000003,-0.1868137275698346
Energi,2020-12-11,-0.008942753333333333,-0.19408585181823046
Energi,2020-12-14,0.007001433333333334,-0.18844329763734569
Energi,2020-12-15,-0.006741951666666667,-0.1939147736994341
Energi,2020-12-16,0.005538862857142857,-0.18944997817978626
Energi,2020-12-17,0.007388381666666667,-0.18346132525865355
Energi,2020-12-18,0.003559605,-0.18055477010935095
Energi,2020-12-22,0.008357412857142858,-0.17370632800933838
Energi,2020-12-23,0.00524861,-0.16936943477959154
Energi,2020-12-24,0,-0.16936943477959154
Energi,2020-12-25,0,-0.16936943477959154
Energi,2020-12-28,-6.693139999999997e-4,-0.1699253874457215
Energi,2020-12-29,-0.0034225666666666665,-0.17276637314549592
Energi,2020-12-30,0.005791028571428571,-0.16797583957713502
Energi,2020-12-31,0,-0.16797583957713502
Energi,2021-01-01,0,-0.16797583957713502
Energi,2021-01-04,-0.0026350699999999998,-0.1701682814815404
Energi,2021-01-05,0.009926602,-0.16193087228483172
Energi,2021-01-06,0.00456417,-0.15810578231418793
Energi,2021-01-07,0.0035587566666666665,-0.15510968565437044
Energi,2021-01-08,0.0064307328571428565,-0.14967642174922613
Energi,2021-01-11,-0.008257601666666666,-0.15669805514619572
Energi,2021-01-12,0.0060425224999999996,-0.15160238417012284
Energi,2021-01-13,-0.01114372,-0.16105668964959852
Energi,2021-01-14,-0.001753525,-0.16252779771788073
Energi,2021-01-15,-0.015809925,-0.17576817042554593
Energi,2021-01-18,0.0056412,-0.1711185138285506
Energi,2021-01-19,0.0015881399999999998,-0.16980213398510224
Energi,2021-01-20,-0.006528766,-0.17522230158601282
Energi,2021-01-21,-4.714249999999999e-4,-0.17561112241248766
Energi,2021-01-22,-0.01130466,-0.18493055838139605
Energi,2021-01-25,-0.013771566666666665,-0.19615534153460945
Energi,2021-01-26,-0.00392176,-0.19930782736239272
Energi,2021-01-27,-0.004821176666666666,-0.20316810578229583
Energi,2021-01-28,0.001349704285714286,-0.2020926183596764
Energi,2021-01-29,-4.668771428571429e-4,-0.20246514307828112
Energi,2021-02-01,-1.0573166666666697e-4,-0.20254946776792826
Energi,2021-02-02,-0.0104257,-0.2108634477818202
Energi,2021-02-03,0.0045030725,-0.20730990867478172
Energi,2021-02-04,0.004451015,-0.20378163318794196
Energi,2021-02-05,0.0022366885714285717,-0.20200074066653184
Energi,2021-02-08,-0.001871086,-0.20349386590868102
Energi,2021-02-09,-0.010962986666666667,-0.2122259520366423
Energi,2021-02-10,-4.324375000000002e-4,-0.21256661507650843
Energi,2021-02-11,0.007160182857142857,-0.20692844805263733
Energi,2021-02-12,-0.010504644,-0.21525938237237185
Energi,2021-02-15,0.010114334999999999,-0.2073222528775791
Energi,2021-02-16,2.3447142857142857e-4,-0.20713639259381467
Energi,2021-02-17,-6.3247e-4,-0.20763785503959087
Energi,2021-02-18,-0.013956550000000002,-0.21869649693383797
Energi,2021-02-19,0.002398604,-0.2168224592261695
Energi,2021-02-22,0.001930833333333333,-0.21531027392452529
Energi,2021-02-23,0.00206581,-0.2136892540415014
Energi,2021-02-24,-0.002900233333333334,-0.21596973867728841
Energi,2021-02-25,0.0014621,-0.21482340803220856
Energi,2021-02-26,-0.010953675000000001,-0.22342397723823137
Energi,2021-03-01,0.00451412,-0.21991841988236194
Energi,2021-03-02,-0.010505819999999999,-0.22811381654839347
Energi,2021-03-03,0.00235598,-0.22629526813790513
Energi,2021-03-04,0.0013220457142857141,-0.22527239511302433
Energi,2021-03-05,0.00966179,-0.21778713968740337
Energi,2021-03-08,-0.00834148,-0.22431195261744374
Energi,2021-03-09,-0.0020078966666666666,-0.2258694540621563
Energi,2021-03-10,0.0010639816666666662,-0.2250457933536718
Energi,2021-03-11,0.003939653333333333,-0.2219927424302769
Energi,2021-03-12,-0.006902823999999999,-0.22736318960000335
Energi,2021-03-15,-0.0019207400000000002,-0.22884722402721103
Energi,2021-03-16,-0.010762745,-0.23714694471104825
Energi,2021-03-17,9.8082e-4,-0.23639872317735966
Energi,2021-03-18,-0.0067643266666666665,-0.24156397165687182
Energi,2021-03-19,-0.00900934,-0.24839697970446462
Energi,2021-03-22,-0.00359492,-0.25109893243418546
Energi,2021-03-23,-0.017774633333333335,-0.26441037431310965
Energi,2021-03-24,0.010997745000000001,-0.25632054718515973
Energi,2021-03-25,-0.0041575299999999996,-0.259412416820621
Energi,2021-03-26,0.00954639,-0.2523424789224332
Energi,2021-03-29,0.01004192,-0.24483456190837405
Energi,2021-03-30,-0.006482234,-0.24972972098679658
Energi,2021-03-31,-0.0052372071428571434,-0.2536590418511179
Energi,2021-04-01,0,-0.2536590418511179
Energi,2021-04-02,0,-0.2536590418511179
Energi,2021-04-05,0,-0.2536590418511179
Energi,2021-04-06,0.0064968725000000005,-0.24881015980449672
Energi,2021-04-07,-0.0019410633333333332,-0.25026826685967274
Energi,2021-04-08,-0.004190657499999999,-0.25341013577014526
Energi,2021-04-09,-0.002080515714285714,-0.25496342771480185
Energi,2021-04-12,0.002287438,-0.253259202747967
Energi,2021-04-13,-0.0063245440000000005,-0.25798199777678255
Energi,2021-04-14,0.006504225,-0.2531557457362723
Energi,2021-04-15,0.011468053333333334,-0.24459089599668227
Energi,2021-04-16,-0.007020200000000001,-0.24989401898860641
Energi,2021-04-19,-0.0043976057142857145,-0.253192689337022
Energi,2021-04-20,0.0036945999999999997,-0.2504335350470466
Energi,2021-04-21,-0.004463836666666666,-0.25377947731740724
Energi,2021-04-22,-0.004074904285714286,-0.25682025452337454
Energi,2021-04-23,0.006640817142857143,-0.25188493372938925
Energi,2021-04-26,0.010382267999999998,-0.24411780261652993
Energi,2021-04-27,-0.005220601666666666,-0.24806396247599372
Energi,2021-04-28,0.0165973,-0.23558385448039665
Energi,2021-04-29,0.0019486533333333334,-0.23409427241037606
Energi,2021-04-30,-0.007404226666666667,-0.2397652120227478
Energi,2021-05-03,-0.00328774,-0.24226466634457222
Energi,2021-05-04,0.006355574285714286,-0.23744882314261462
Energi,2021-05-05,-0.003861226666666667,-0.24039320608139447
Energi,2021-05-06,-0.002054054,-0.2419534794548701
Energi,2021-05-07,0.012596193333333333,-0.23240497892642298
Energi,2021-05-10,0.011115664,-0.2238726505840961
Energi,2021-05-11,-0.0112429325,-0.23259859798498306
Energi,2021-05-12,7.119871428571426e-4,-0.23205221805333787
Energi,2021-05-13,0,-0.23205221805333787
Energi,2021-05-14,-5.277866666666666e-4,-0.2324575306533455
Energi,2021-05-17,0,-0.2324575306533455
Energi,2021-05-18,0.003285221666666667,-0.22993598350296107
Energi,2021-05-19,-0.00781256,-0.2359521548356852
Energi,2021-05-20,-0.007029361666666667,-0.24132292346998252
Energi,2021-05-21,0.0090299725,-0.23447209033253602
Energi,2021-05-24,0,-0.23447209033253602
Energi,2021-05-25,-0.00479884,-0.23814573628656466
Energi,2021-05-26,-0.008296957142857143,-0.244466808461698
Energi,2021-05-27,0.0011260774999999998,-0.24361601953420353
Energi,2021-05-28,0.00274903,-0.24153669728038374
Energi,2021-05-31,-1.3862857142857098e-4,-0.24164184196452076
Energi,2021-06-01,0.0153545,-0.22999763162696496
Energi,2021-06-02,0.003667078,-0.2271739728819563
Energi,2021-06-03,0.00865392,-0.22048599826935888
Energi,2021-06-04,0.0015228071428571427,-0.21929894877956624
Energi,2021-06-07,0.0030572716666666666,-0.21691213357553318
Energi,2021-06-08,-0.011457863749999998,-0.22588464765330296
Energi,2021-06-09,0.0018289799999999998,-0.22446880615616793
Energi,2021-06-10,0.0038349642857142857,-0.22149467172531945
Energi,2021-06-11,0.00190944,-0.22000816251129873
Energi,2021-06-14,0.007427204999999999,-0.21421500323594345
Energi,2021-06-15,-0.008592023999999998,-0.22096648678698017
Energi,2021-06-16,-0.0034720585714285712,-0.22367133677396156
Energi,2021-06-17,-0.008580520000000001,-0.23033264039534584
Energi,2021-06-18,-2.5463e-4,-0.23052862079512193
Energi,2021-06-21,-0.0018742074999999999,-0.23197076982506315
Energi,2021-06-22,0.005237731666666666,-0.22794803880525016
Energi,2021-06-23,0.005467402857142856,-0.22372691970675118
Energi,2021-06-24,-0.002814057142857143,-0.22591139651315806
Energi,2021-06-25,0.003817624,-0.22295621728236026
Energi,2021-06-28,-0.010433399999999999,-0.23106342588496642
Energi,2021-06-29,-0.00399965,-0.2341389030536256
Energi,2021-06-30,0.00213064125,-0.23250712780870153
Energi,2021-07-01,0.011274418333333334,-0.22385409209976526
Energi,2021-07-02,0.0016849957142857142,-0.22254628957129297
Energi,2021-07-05,-0.0016862987500000002,-0.22385730879137178
Energi,2021-07-06,-0.005278932857142858,-0.22795451394582433
Energi,2021-07-07,-0.0029973399999999994,-0.23026859676299394
Energi,2021-07-08,-0.0025841366666666666,-0.23225768790558343
Energi,2021-07-09,0.0139957,-0.22151259682820368
Energi,2021-07-12,-0.0060845485714285715,-0.2262493412450478
Energi,2021-07-13,-0.0082909275,-0.2326644518598624
Energi,2021-07-14,0.007213541666666667,-0.22712924491103892
Energi,2021-07-15,-0.0117165425,-0.23618461796004586
Energi,2021-07-16,-0.008923555000000001,-0.24300056653152535
Energi,2021-07-19,-0.0128572,-0.25273345964751626
Energi,2021-07-20,0.00695742,-0.24753441247433705
Energi,2021-07-21,0.008645604999999999,-0.24102889222849733
Energi,2021-07-22,-0.004279008,-0.2442765356704205
Energi,2021-07-23,9.097262499999999e-4,-0.24358903419717892
Energi,2021-07-26,0.010184124999999999,-0.23588565037007225
Energi,2021-07-27,-0.00550282,-0.2400904340955028
Energi,2021-07-28,0.0031400150000000003,-0.23770430665991915
Energi,2021-07-29,0.010328915000000001,-0.2298306192385433
Energi,2021-07-30,-0.00956762,-0.23719930720930427
Energi,2021-08-02,0.007772046,-0.2312707851361031
Energi,2021-08-03,-0.0028400000000000005,-0.23345397610631657
Energi,2021-08-04,-0.005285196666666666,-0.23750532259664603
Energi,2021-08-05,0.006535015000000001,-0.2325224084423949
Energi,2021-08-06,0.004384628571428572,-0.22915730426652026
Energi,2021-08-09,-0.00208344,-0.23076330877251916
Energi,2021-08-10,0.00608163,-0.22608509583404945
Energi,2021-08-11,-1.1043833333333336e-4,-0.22617056570620742
Energi,2021-08-12,0.007342538333333332,-0.2204886934214435
Energi,2021-08-13,-0.004995925,-0.22438307344576203
Energi,2021-08-16,-0.012574762499999998,-0.23413627208816146
Energi,2021-08-17,0.006547259999999999,-0.22912196313695332
Energi,2021-08-18,-0.002271195714285714,-0.23087277803051365
Energi,2021-08-19,-0.0076521424999999995,-0.2367582491336533
Energi,2021-08-20,-0.009426713333333333,-0.24395311032310185
Energi,2021-08-23,-8.450749999999998e-4,-0.24459202664839552
Energi,2021-08-24,7.212014285714287e-4,-0.24404722533886014
Energi,2021-08-25,0.00393147375,-0.2410752168490402
Energi,2021-08-26,0.0024193257142857143,-0.23923913060595436
Energi,2021-08-27,-5.461685714285713e-4,-0.23965463428319
Energi,2021-08-30,5.590937499999998e-4,-0.23922952994137636
Energi,2021-08-31,-0.014116678333333332,-0.24996908195269263
Energi,2021-09-01,0.003575715714285715,-0.24728718461283072
Energi,2021-09-02,-0.0013359799999999998,-0.24829279387993175
Energi,2021-09-03,-5.987214285714288e-4,-0.24874285709224742
Energi,2021-09-06,-0.00516283,-0.2526214700073658
Energi,2021-09-07,-0.00477413,-0.2561895522687595
Energi,2021-09-08,-0.009847551666666666,-0.2635142640829994
Energi,2021-09-09,-0.01731326,-0.2762652331152218
Energi,2021-09-10,-0.004976574285714286,-0.2798669529457779
Energi,2021-09-13,0.010428213333333334,-0.2723572519027132
Energi,2021-09-14,0.0037393875,-0.2696363137060125
Energi,2021-09-15,0.004561114,-0.2663050416713655
Energi,2021-09-16,0.0016599016666666668,-0.2650871801872108
Energi,2021-09-17,-0.007011324,-0.27023989207867183
Energi,2021-09-20,-0.011173565000000002,-0.2783939140789379
Energi,2021-09-21,0.0019113887500000002,-0.27701464432437684
Energi,2021-09-22,0.013556599999999999,-0.2672134210516246
Energi,2021-09-23,-0.002530227142857143,-0.26906753754360124
Energi,2021-09-24,-0.001969965,-0.2705074489120042
Energi,2021-09-28,-0.0023883375,-0.27224972332773834
Energi,2021-09-29,0.0045482585714285715,-0.26893972689400425
Energi,2021-09-30,0.014810400000000001,-0.25811243182519517
Energi,2021-10-01,0.009805411666666666,-0.2508379188088591
Energi,2021-10-04,0.00595167,-0.2463791533250962
Energi,2021-10-05,8.770480000000002e-4,-0.24571819166876163
Energi,2021-10-06,-0.013934199999999999,-0.2562285052424108
Energi,2021-10-07,-3.622883333333334e-4,-0.25649796497762734
Energi,2021-10-08,0.008192246666666667,-0.25040701290955547
Energi,2021-10-11,0.0063100342857142855,-0.24567705546068375
Energi,2021-10-12,-0.0015052725,-0.24681251704521778
Energi,2021-10-13,-0.00409663,-0.24989804748351485
Energi,2021-10-14,-0.005852676,-0.2542881511785612
Energi,2021-10-15,-0.006568328,-0.25918623119510686
Energi,2021-10-18,-0.0020097066666666663,-0.2606750495650325
Energi,2021-10-19,0.003377502857142857,-0.2581779774325814
Energi,2021-10-20,0.003555795714285714,-0.2555402098639734
Energi,2021-10-21,0.008180786666666667,-0.24944994313895907
Energi,2021-10-22,-0.004528678,-0.2528489426693644
Energi,2021-10-25,0.009249,-0.24593854254011327
Energi,2021-10-26,-0.004968604,-0.24968517531389434
Energi,2021-10-27,0.00507672,-0.24587603703711391
Energi,2021-10-28,-0.00743422,-0.2514823604850519
Energi,2021-10-29,-0.008410208,-0.2577775495250416
Energi,2021-11-01,0.007104040000000001,-0.2525047715479696
Energi,2021-11-02,-0.004379218333333334,-0.2557782163564859
Energi,2021-11-03,-0.002682468,-0.2577745674760126
Energi,2021-11-04,0.007463015,-0.2522353279397046
Energi,2021-11-05,0.009495366,-0.24513502869662218
Energi,2021-11-08,-0.00243058,-0.24696978839857275
Energi,2021-11-09,-0.0010640424999999998,-0.24777104454750065
Energi,2021-11-10,0.005881442857142858,-0.2433468529305186
Energi,2021-11-11,-0.00437145,-0.24665452433027557
Energi,2021-11-12,-0.008167368,-0.25280737406120524
Energi,2021-11-15,0.00370298625,-0.2500405300412525
Energi,2021-11-16,0.0024759599999999997,-0.24818366039201345
Energi,2021-11-17,-0.0013445674999999998,-0.2491945282082193
Energi,2021-11-18,-0.0186552,-0.26320095444558933
Energi,2021-11-19,-0.007152435,-0.2684708617269792
Energi,2021-11-22,0.007604153999999999,-0.2629082015040639
Energi,2021-11-23,5.167071428571433e-4,-0.2625273409068396
Energi,2021-11-24,0.008735945714285714,-0.2560848197912319
Energi,2021-11-25,-0.005761891999999999,-0.2603711787167553
Energi,2021-11-29,0.0131839,-0.25061998629983906
Energi,2021-11-30,-0.0036824619999999996,-0.25337954972384946
Energi,2021-12-01,0.007463521666666667,-0.24780713181643688
Energi,2021-12-02,-0.00652879,-0.252718041092305
Energi,2021-12-03,0.00259959,-0.25077541438474815
Energi,2021-12-06,-0.0011452462499999998,-0.2516334610318318
Energi,2021-12-07,0.0154243,-0.24009043102482508
Energi,2021-12-08,-0.0027048150000000006,-0.2421458458256327
Energi,2021-12-09,-0.0016775785714285712,-0.24341720571494374
Energi,2021-12-10,-0.0046275199999999996,-0.24691830772715373
Energi,2021-12-13,-0.00444518,-0.2502658914040111
Energi,2021-12-14,-0.0026464066666666663,-0.25224999274722704
Energi,2021-12-15,-0.012824442,-0.26183946934573976
Energi,2021-12-16,0.003373615,-0.25934919990711647
Energi,2021-12-17,-0.006760378333333333,-0.2643562795286304
Energi,2021-12-20,-0.00326953,-0.2667614887420231
Energi,2021-12-21,0.010244850000000002,-0.25924957017996186
Energi,2021-12-22,-8.77249999999998e-5,-0.2593145525114178
Energi,2021-12-23,-0.0020305928571428575,-0.2608185830904778
Energi,2021-12-24,0,-0.2608185830904778
Energi,2021-12-27,-0.0032308657142857138,-0.26320677898700795
Energi,2021-12-28,0.0045109899999999994,-0.2598831121349505
Energi,2021-12-29,-0.010572592857142857,-0.2677080666570434
Energi,2021-12-30,-9.116174999999998e-4,-0.26837563679858767
Energi,2021-12-31,0,-0.26837563679858767
Energi,2022-01-03,-0.003425115,-0.27088153437935425
Energi,2022-01-04,0.00363406,-0.26823187412818084
Energi,2022-01-05,0.0028604733333333333,-0.2661386709179413
Energi,2022-01-06,-0.009451916,-0.27307506655607316
Energi,2022-01-07,-0.002142777142857143,-0.2746327046880298
Energi,2022-01-10,-0.0021434133333333334,-0.2761874666203654
Energi,2022-01-11,1.2644999999999952e-4,-0.27609594052551956
Energi,2022-01-12,0.0149655,-0.26526235432345424
Energi,2022-01-13,-0.01406741,-0.27559821002762097
Energi,2022-01-14,0.0078599225,-0.2699044680995768
Energi,2022-01-17,-0.002726732,-0.27189524294946665
Energi,2022-01-18,0.0029383433333333335,-0.2697558211906188
Energi,2022-01-19,-0.014956100000000002,-0.2806774261533098
Energi,2022-01-20,5.74438e-4,-0.2802642199326346
Energi,2022-01-21,-0.00483766,-0.2837460569264353
Energi,2022-01-24,-6.0689e-4,-0.2841807442819472
Energi,2022-01-25,0.011071156666666667,-0.276255797156876
Energi,2022-01-27,0.0016029960000000002,-0.2750956380946953
Energi,2022-01-28,-0.005743119999999999,-0.2792588508336409
Energi,2022-01-31,-0.003096315,-0.28149049246492186
Energi,2022-02-01,0.002442438,-0.27973557754035683
Energi,2022-02-02,0.002838434285714286,-0.27769115430886726
Energi,2022-02-03,6.655200000000016e-5,-0.27764308321056885
Energi,2022-02-04,0.0010064249999999996,-0.2769160851505891
Energi,2022-02-07,0.0014356033333333337,-0.2758780234721515
Energi,2022-02-08,-5.843179999999999e-4,-0.27630114097723235
Energi,2022-02-09,0.00724226875,-0.27105991934612106
Energi,2022-02-10,0.008028866666666667,-0.26520735663056194
Energi,2022-02-11,-0.00024118166666666687,-0.2653845751449442
Energi,2022-02-14,-0.004726350000000001,-0.2688566247582078
Energi,2022-02-15,0.003319153333333333,-0.2664298477871294
Energi,2022-02-16,0.015185225,-0.2552904199724927
Energi,2022-02-17,5.768366666666667e-4,-0.25486084418071486
Energi,2022-02-18,0.0015525685714285714,-0.25370396454604904
Energi,2022-02-21,0.0013722633333333335,-0.2526798498607835
Energi,2022-02-22,0.001327756666666667,-0.2516875905493018
Energi,2022-02-23,-0.004005195714285714,-0.25468472820458055
Energi,2022-02-24,-0.0018724850000000001,-0.25608031987128843
Energi,2022-02-25,0.004630915,-0.2526352910657852
Energi,2022-02-28,0.008026678571428572,-0.24663643477154107
Energi,2022-03-01,0.00491202,-0.24293589787186765
Energi,2022-03-02,0.0115173,-0.23421656348842734
Energi,2022-03-03,0.0025306949999999995,-0.23227859917456484
Energi,2022-03-04,-0.001231206,-0.2332238223695895
Energi,2022-03-07,3.9979000000000013e-4,-0.23291727292153475
Energi,2022-03-08,0.0039682400000000005,-0.22987330456063282
Energi,2022-03-09,-0.0191235,-0.24460082242086756
Energi,2022-03-10,-1.4602666666666672e-4,-0.24471113084477214
Energi,2022-03-11,-2.4956666666666664e-4,-0.24489962577021762
Energi,2022-03-14,-0.0016412280000000002,-0.24613891764721396
Energi,2022-03-15,-0.011089366666666666,-0.2544987596051542
Energi,2022-03-16,0.007334747142857142,-0.2490306965121718
Energi,2022-03-17,0.009493274999999999,-0.2419015383976033
Energi,2022-03-18,0.005151480000000001,-0.23799620933462773
Energi,2022-03-21,0.0170616,-0.22499520545981144
Energi,2022-03-22,0.0021113125,-0.22335892814953873
Energi,2022-03-23,0.014760885,-0.21189501860167737
Energi,2022-03-24,0.0010380699999999999,-0.2110769104636373
Energi,2022-03-25,-0.0024212166666666667,-0.21298706419674085
Energi,2022-03-28,-0.00531161,-0.21716736997668273
Energi,2022-03-29,-0.013938866666666667,-0.22807916962889385
Energi,2022-03-30,0.010591159999999999,-0.21990363260710055
Energi,2022-03-31,0.0070152514285714285,-0.2144310604513241
Energi,2022-04-01,0.006002211428571429,-0.2097159095844343
Energi,2022-04-04,-0.002463384,-0.21166268276821865
Energi,2022-04-05,-9.561257142857145e-4,-0.21241643234875496
Energi,2022-04-06,-5.2617e-4,-0.21283083519454604
Energi,2022-04-07,-0.0036754599999999998,-0.2157240439730218
Energi,2022-04-08,0.013146875,-0.20541326601362975
Energi,2022-04-11,-7.3266e-4,-0.20599542793015224
Energi,2022-04-12,0.0106339625,-0.19755201308593284
Energi,2022-04-13,0.0018305025,-0.19608313003976663
Energi,2022-04-14,0,-0.19608313003976663
Energi,2022-04-15,0,-0.19608313003976663
Energi,2022-04-18,0,-0.19608313003976663
Energi,2022-04-19,-0.00222643,-0.19787299467655228
Energi,2022-04-20,1.5206428571428541e-4,-0.1977510198064356
Energi,2022-04-21,0.00776842625,-0.19151880776966423
Energi,2022-04-22,-0.009097776,-0.19887418855678873
Energi,2022-04-26,0.005638254444444445,-0.19435723738985988
Energi,2022-04-27,0.012998063333333332,-0.18388544173741173
Energi,2022-04-28,-0.009705181666666667,-0.19180598178616148
Energi,2022-04-29,0.004364928333333334,-0.18827827281722942
Energi,2022-05-02,-0.00299373,-0.19070834850354834
Energi,2022-05-03,0.0111284,-0.18170222728903518
Energi,2022-05-05,0.005457158,-0.17723664705230335
Energi,2022-05-06,-0.0039812599999999995,-0.18051228187885981
Energi,2022-05-09,-0.01552615,-0.19323577111356638
Energi,2022-05-10,-0.00457213,-0.19692440204738493
Energi,2022-05-11,0.012895049999999998,-0.18656870205800602
Energi,2022-05-12,0.0016379583333333333,-0.1852363354849479
Energi,2022-05-13,2.2489e-4,-0.18505310328443514
Energi,2022-05-16,0.00456687,-0.18133134675023188
Energi,2022-05-17,0,-0.18133134675023188
Energi,2022-05-18,0.0011767825000000003,-0.18036795180578902
Energi,2022-05-19,-0.002771827142857143,-0.18263983016412932
Energi,2022-05-20,0.0036806757142857143,-0.17963139243718995
Energi,2022-05-23,0.005000992857142856,-0.1755287348905441
Energi,2022-05-24,0.00167260125,-0.174149723221933
Energi,2022-05-25,0.0068352199999999995,-0.16850485489309408
Energi,2022-05-26,0,-0.16850485489309408
Energi,2022-05-27,0.0022985755555555553,-0.1665936004779882
Energi,2022-05-30,0.00264157875,-0.16439209184289683
Energi,2022-05-31,0.0020327440000000004,-0.16269351488123784
Energi,2022-06-01,-0.004296035,-0.16629061284703506
Energi,2022-06-02,0.00562540625,-0.16160065884986108
Energi,2022-06-03,0.013059844000000001,-0.15065129424473744
Energi,2022-06-06,0,-0.15065129424473744
Energi,2022-06-07,-0.001488208,-0.15191530178343204
Energi,2022-06-08,0.00493984375,-0.14772589588747642
Energi,2022-06-09,-0.007109020000000001,-0.1537847295390944
Energi,2022-06-10,-0.01534832,-0.1667727122990149
Energi,2022-06-14,0.003819673333333334,-0.16359005624757783
Energi,2022-06-15,-0.002481553333333333,-0.16566565213152984
Energi,2022-06-16,-0.010552983333333332,-0.17447036859901333
Energi,2022-06-17,-0.0014028428571428572,-0.175628456945784
Energi,2022-06-20,0.005506776666666666,-0.1710888269678289
Energi,2022-06-21,6.09615e-4,-0.17058351028308094
Energi,2022-06-23,-0.006317090000000001,-0.1758230088961069
Energi,2022-06-24,-0.0051840428571428565,-0.1800955777398604
Energi,2022-06-27,0.0183487,-0.16505139746713582
Energi,2022-06-28,0.004997776,-0.16087851138016362
Energi,2022-06-29,-6.505474999999998e-4,-0.16142439976678158
Energi,2022-06-30,-0.017391300000000002,-0.17600831960311747
Energi,2022-07-01,-0.0088495,-0.1833002339787897
Energi,2022-07-05,-0.0084092,-0.19016802565121527
Energi,2022-07-06,-0.0122378,-0.20007858738690076
Energi,2022-07-07,0.0186046,-0.18519636947379914
Energi,2022-07-08,0.002186043333333333,-0.18341517342931146
Energi,2022-07-11,9.510349999999999e-4,-0.18263857267877392
Energi,2022-07-12,-0.010646617999999998,-0.19134070756339772
Energi,2022-07-13,4.872725000000002e-4,-0.1909466701283239
Energi,2022-07-14,-0.006446203333333333,-0.19616199240018717
Energi,2022-07-15,0.010121685999999998,-0.18802579649239626
Energi,2022-07-18,0.0194174,-0.17225936859320767
Energi,2022-07-19,-0.0019154999999999999,-0.1738449057726673
Energi,2022-07-20,-0.0010702300000000001,-0.17472908173916224
Energi,2022-07-21,-0.004747633333333333,-0.17864716545972792
Energi,2022-07-22,0.0138452,-0.16727537119495095
Energi,2022-07-25,-2.0260000000000118e-5,-0.16729224219593053
Energi,2022-07-26,0.0140790025,-0.15556854759203775
Energi,2022-07-27,-2.1164285714286224e-5,-0.1555864193805626
Energi,2022-07-28,0.008225205714285715,-0.1486409439720311
Energi,2022-07-29,0.0033095825,-0.14582330093898443
Energi,2022-08-01,-0.0016035339999999998,-0.14719300231793653
Energi,2022-08-02,0.0038307062500000004,-0.14392614922187208
Energi,2022-08-03,0.0059204925,-0.13885777040889402
Energi,2022-08-04,-0.0196877,-0.15581168028241488
Energi,2022-08-05,0.00732726625,-0.149626087698704
Energi,2022-08-08,0.005300176666666667,-0.1451189557307826
Energi,2022-08-09,0.019230550000000003,-0.12867912306491114
Energi,2022-08-10,-0.00992909,-0.1373305464708786
Energi,2022-08-11,-0.0135454,-0.14901574928671202
Energi,2022-08-12,0.00636206,-0.14360173642461893
Energi,2022-08-15,-0.016729800000000003,-0.15792910809458238
Energi,2022-08-16,0.011039425,-0.14863312963870934
Energi,2022-08-17,-0.008510535,-0.1558787171867595
Energi,2022-08-18,0.011318264,-0.14632472965986065
Energi,2022-08-19,-2.1333375000000005e-4,-0.1465068474065645
Energi,2022-08-22,-0.005461521666666667,-0.1511682187518052
Energi,2022-08-23,0.00740278,-0.14488450381821671
Energi,2022-08-24,1.1856374999999982e-4,-0.14478311811830613
Energi,2022-08-25,-0.003687943333333334,-0.14793710951639594
Energi,2022-08-26,0.005672211428571428,-0.14310402865113314
Energi,2022-08-29,-0.0041636275,-0.14667182428208048
Energi,2022-08-30,-0.003484845,-0.14964554070859026
Energi,2022-08-31,-0.009932857142857143,-0.15809199007352337
Energi,2022-09-01,0.007087516666666667,-0.1521249530213693
Energi,2022-09-02,0.006308039999999999,-0.14677652331002633
Energi,2022-09-05,0.0015445580000000003,-0.14545867016331704
Energi,2022-09-06,-0.012081886666666666,-0.15578314166238638
Energi,2022-09-07,-0.008221406666666667,-0.1627237917696357
Energi,2022-09-08,0.004747851250000001,-0.15874852887779378
Energi,2022-09-09,0.00779965,-0.15218706184105557
Energi,2022-09-12,0.008713041999999999,-0.1448000321027334
Energi,2022-09-13,0.005529366250000001,-0.14007131826324115
Energi,2022-09-14,0.016230266666666666,-0.12611444644433834
Energi,2022-09-15,-0.001348258,-0.12729266963300423
Energi,2022-09-16,-0.008511794999999999,-0.13472097552408535
Energi,2022-09-19,-0.0100232725,-0.1433939029749417
Energi,2022-09-20,-0.00200978,-0.1451154927766206
Energi,2022-09-21,0.012388578,-0.1345246893778923
Energi,2022-09-22,-0.0014448616666666667,-0.13577518147765666
Energi,2022-09-26,0.0030611749999999997,-0.1331296380688165
Energi,2022-09-27,0.00873936,-0.1255537459025695
Energi,2022-09-28,-0.001001421428571429,-0.12642943511955662
Energi,2022-09-29,-0.012085508,-0.1369869791699837
Energi,2022-09-30,0.01011989,-0.12825338233061634
Energi,2022-10-03,0.005380815000000001,-0.1235626750540616
Energi,2022-10-04,0.0033569000000000003,-0.12062056259795062
Energi,2022-10-05,-0.0031795085714285713,-0.1234165570567084
Energi,2022-10-06,0.014586475000000002,-0.1106302945808022
Energi,2022-10-07,0.0116025625,-0.10031132698806933
Energi,2022-10-10,-0.009811046666666667,-0.10913821454446082
Energi,2022-10-11,-0.008161176666666665,-0.11640869496114559
Energi,2022-10-12,-0.010239411666666667,-0.12545615007852562
Energi,2022-10-13,0.007647938,-0.11876769293604483
Energi,2022-10-14,-0.006491632000000001,-0.12448832878001503
Energi,2022-10-17,0.006646657142857143,-0.11866910287684596
Energi,2022-10-18,-2.709462499999999e-4,-0.11890789617843056
Energi,2022-10-19,0.00367045,-0.11567389166595876
Energi,2022-10-20,0.005196520000000001,-0.11107847335747878
Energi,2022-10-21,-0.0021173277777777775,-0.11296061159810356
Energi,2022-10-24,-0.003893437142857143,-0.1164142437000848
Energi,2022-10-25,0.0038821428571428574,-0.1129840375675919
Energi,2022-10-26,0.004364888,-0.10911231223736217
Energi,2022-10-27,-0.002995376666666667,-0.11178085642990698
Energi,2022-10-28,0.0029502033333333334,-0.10916042935181614
Energi,2022-10-31,-0.00122515,-0.11025184145179578
Energi,2022-11-01,0.010907533333333332,-0.10054688375415932
Energi,2022-11-02,0.003327125,-0.09755429080476985
Energi,2022-11-03,0.005569422000000001,-0.09252818981817235
Energi,2022-11-04,0.002408986666666667,-0.09034210232706852
Energi,2022-11-07,0.0033030077777777777,-0.08733749521593792
Energi,2022-11-08,-0.0061726459999999995,-0.09297103777544324
Energi,2022-11-09,-0.0064293928571428575,-0.09880268330639141
Energi,2022-11-10,-0.0033770266666666663,-0.1018460506767942
Energi,2022-11-11,-0.005707052222222222,-0.10697186216917687
Energi,2022-11-14,-0.0031254057142857143,-0.10976293741417131
Energi,2022-11-15,0.004638468571428572,-0.10563360077824613
Energi,2022-11-16,-0.00111984625,-0.10663515363654053
Energi,2022-11-17,-0.00623274,-0.11220326444906392
Energi,2022-11-18,0.0027666233333333333,-0.10974706528523137
Energi,2022-11-21,-0.001191633333333333,-0.11080792035733544
Energi,2022-11-23,-0.0014499812499999998,-0.11209723220046575
Energi,2022-11-24,-0.0020394449999999995,-0.11390806106074058
Energi,2022-11-25,-0.0022834033333333334,-0.11593136634775436
Energi,2022-11-28,-0.013569553333333333,-0.12792778282242556
Energi,2022-11-29,0.012901103333333332,-0.11667708903448859
Energi,2022-11-30,0.0032891625,-0.11377169644035001
Energi,2022-12-01,0.004022639999999999,-0.11020671901731882
Energi,2022-12-02,-2.8076999999999996e-4,-0.11045654627682033
Energi,2022-12-05,0.0020126444444444444,-0.10866621158659251
Energi,2022-12-06,-0.0124181075,-0.11973489038949248
Energi,2022-12-07,-0.01378688,-0.1318709998238794
Energi,2022-12-08,-0.001178305,-0.13289392056543192
Energi,2022-12-09,-0.00645840625,-0.13849404388826514
Energi,2022-12-12,-0.0017469766666666667,-0.13999907469178674
Energi,2022-12-13,0.009037391666666667,-0.13222690949608074
Energi,2022-12-14,-0.0032446166666666664,-0.1350425005284146
Energi,2022-12-15,0.010328721111111112,-0.1261085957434085
Energi,2022-12-16,-0.0048040125,-0.13030678097309967
Energi,2022-12-19,-7.560412500000002e-4,-0.13096430492152922
Energi,2022-12-20,0.010413815714285714,-0.12191432734384589
Energi,2022-12-21,0.008425155714285714,-0.11451631882123436
Energi,2022-12-22,0.005692763333333334,-0.109475469788755
Energi,2022-12-23,0.0012848042857142858,-0.10833132005580581
Energi,2022-12-26,0,-0.10833132005580581
Energi,2022-12-27,0.006978385714285714,-0.10210891207780726
Energi,2022-12-28,-0.015034825,-0.11560854745377691
Energi,2022-12-29,0.0041038362499999995,-0.11197914975162748
Energi,2022-12-30,-0.0028985825000000004,-0.11455315144779254
Energi,2023-01-02,0.010566724000000001,-0.10519687898247154
Energi,2023-01-03,-0.01611485,-0.1196164970572009
Energi,2023-01-05,0.00890776125,-0.11177425100454785
Energi,2023-01-06,0.013915135714285714,-0.09941446916235308
Energi,2023-01-09,0.004203431428571429,-0.09562891963791331
Energi,2023-01-10,-0.0010835333333333334,-0.09660883584918833
Energi,2023-01-11,-0.0064237025000000005,-0.1024119519288218
Energi,2023-01-12,0.006182995,-0.09686216951553794
Energi,2023-01-13,-0.001447253333333333,-0.0981692387511659
Energi,2023-01-16,-0.00365434,-0.10146483497522796
Energi,2023-01-17,0.011446006666666666,-0.09118019548612
Energi,2023-01-18,0.005315338,-0.08634951104403488
Energi,2023-01-19,-0.0117539,-0.0970884675261744
Energi,2023-01-20,0.00403439375,-0.09344576688275907
Energi,2023-01-23,0.004441651428571429,-0.08941916897815638
Energi,2023-01-24,-0.007461772,-0.0962137155268119
Energi,2023-01-25,-0.010894208,-0.10605975129740985
Energi,2023-01-26,-7.171750000000001e-4,-0.10670086289527314
Energi,2023-01-27,-0.00121802,-0.10778891911024957
Energi,2023-01-30,-0.004442534285714286,-0.11175259742719645
Energi,2023-01-31,0.0029258699999999997,-0.10915370099943067
Energi,2023-02-01,0.0016253544444444442,-0.10770576000803322
Energi,2023-02-02,-0.01520465,-0.12127278162412714
Energi,2023-02-03,0.006253468,-0.11577768908328467
Energi,2023-02-06,-0.008929162857142858,-0.12367305409937912
Energi,2023-02-07,0.007995151666666667,-0.11666668725731688
Energi,2023-02-08,0.008782179999999999,-0.10890909510481428
Energi,2023-02-09,0.010670698333333332,-0.09940053287110062
Energi,2023-02-10,0.0063295725,-0.09370012325044685
Energi,2023-02-13,0.0033086260000000003,-0.09070151591443654
Energi,2023-02-14,0.002408932857142857,-0.0885110769191727
Energi,2023-02-15,-0.00685779,-0.09476187654098711
Energi,2023-02-16,0.00264148,-0.09237070814263248
Energi,2023-02-17,-0.009202479999999999,-0.10072314854836406
Energi,2023-02-20,8.167249999999999e-4,-0.09998868666186234
Energi,2023-02-21,-0.00815951,-0.107332337973158
Energi,2023-02-22,-0.011992558,-0.11803770668473934
Energi,2023-02-23,0.014845573333333332,-0.10494447078209279
Energi,2023-02-24,-0.0037123511111111112,-0.10826723117049109
Energi,2023-02-27,0.012117461428571428,-0.09746169373960623
Energi,2023-02-28,0.0037182514285714285,-0.09410582939301315
Energi,2023-03-01,0.00364870625,-0.09080048767088089
Energi,2023-03-02,0.004516028333333333,-0.0866945169125497
Energi,2023-03-03,-0.0048123183333333335,-0.09108963363274525
Energi,2023-03-06,0.003889711111111111,-0.08755423488168246
Energi,2023-03-07,-0.0018109257142857145,-0.08920660638062627
Energi,2023-03-08,-0.00371361,-0.092588937835105245
Energi,2023-03-09,-0.0015205699999999997,-0.09396871987390132
Energi,2023-03-10,-0.00622270875,-0.09960668864851563
Energi,2023-03-14,0.004418662,-0.09562815493859278
Energi,2023-03-16,-0.011632044444444444,-0.10614784843465119
Energi,2023-03-17,3.835000000000027e-5,-0.10611356920463866
Energi,2023-03-20,0.006444835714285713,-0.10035261801093331
Energi,2023-03-21,0.007908876,-0.09323741842305733
Energi,2023-03-22,-0.0010607999999999998,-0.0941993121695941
Energi,2023-03-23,-0.006306802222222222,-0.09991201796049332
Energi,2023-03-24,-0.0184659,-0.11653295262803665
Energi,2023-03-27,0.011464152,-0.10640475210997324
Energi,2023-03-28,0.00795513,-0.09929608574562576
Energi,2023-03-29,-0.00420388625,-0.10308254254608096
Energi,2023-03-30,0.0023259299999999995,-0.1009963753242652
Energi,2023-03-31,0.0077733866666666665,-0.09400807253492571
Energi,2023-04-03,-0.0019145000000000002,-0.0957425940800577
Energi,2023-04-04,-0.00427876875,-0.09961170241046402
Energi,2023-04-05,-0.004684731111111111,-0.10382977948026206
Energi,2023-04-06,0,-0.10382977948026206
Energi,2023-04-07,0,-0.10382977948026206
Energi,2023-04-10,0,-0.10382977948026206
Energi,2023-04-11,5.9704875e-4,-0.10329472217031355
Energi,2023-04-12,0.004252691111111111,-0.09948131160600071
Energi,2023-04-13,-0.004241951666666667,-0.10330126835709807
Energi,2023-04-14,-0.005864817142857142,-0.10856024245041562
Energi,2023-04-17,0.007996845,-0.10143153688245399
Energi,2023-04-18,-0.006093898571428571,-0.1069073219561768
Energi,2023-04-19,-0.011997294,-0.11762201738391598
Energi,2023-04-20,-0.002212182222222222,-0.11957399827033954
Energi,2023-04-21,0.00196267,-0.11784601256952487
Energi,2023-04-24,0.009963613333333333,-0.10905657133830926
Energi,2023-04-25,-0.010427949999999998,-0.11834728486522195
Energi,2023-04-26,-0.01151171857142857,-0.1284966227995894
Energi,2023-04-27,2.0477875000000017e-4,-0.1283181574273855
Energi,2023-04-28,0.011135075,-0.11861191473420118
Energi,2023-05-01,0,-0.11861191473420118
Energi,2023-05-02,-0.019310400000000002,-0.1356318712159178
Energi,2023-05-03,-0.013010995999999999,-0.14687816148205501
Energi,2023-05-04,-0.0029221025,-0.14937107093919288
Energi,2023-05-08,0.006800307142857143,-0.14358653295697987
Energi,2023-05-09,-0.00873105125,-0.15106392282892267
Energi,2023-05-10,0.002542183333333333,-0.148905771682473
Energi,2023-05-11,-0.0023356622222222225,-0.15089364031910568
Energi,2023-05-12,0.010282118,-0.1421630285343164
Energi,2023-05-15,2.5713499999999986e-4,-0.14194244862465855
Energi,2023-05-16,0.00187820125,-0.14033084385909333
Energi,2023-05-17,0,-0.14033084385909333
Energi,2023-05-18,0,-0.14033084385909333
Energi,2023-05-19,0.006307616666666667,-0.1349083803619997
Energi,2023-05-22,-0.0011876442857142859,-0.13593580148068207
Energi,2023-05-23,0.011465643333333332,-0.12602874956335708
Energi,2023-05-24,0.007204541249999999,-0.1197321876382722
Energi,2023-05-25,-0.00956652,-0.12815328727058695
Energi,2023-05-26,-0.0015515037499999997,-0.1295059607148119
Energi,2023-05-29,0,-0.1295059607148119
Energi,2023-05-30,-0.009983371428571428,-0.13819642603535331
Energi,2023-05-31,-0.013768609999999999,-0.15006226334187867
Energi,2023-06-01,-0.00342284,-0.15297146422442154
Energi,2023-06-02,-0.0117493,-0.16292345659980956
Energi,2023-06-05,0.002188,-0.16109193312284986
Energi,2023-06-06,-0.013135245,-0.17211119611375758
Energi,2023-06-07,0.009143601999999999,-0.1645413103907658
Energi,2023-06-08,0.006254495714285714,-0.1593159375971419
Energi,2023-06-09,0.002299328,-0.1573829291933052
Energi,2023-06-12,-0.0088570225,-0.16484600754832424
Energi,2023-06-13,0.014748905000000001,-0.15252840065328366
Energi,2023-06-14,-0.00799801375,-0.15930649015759324
Energi,2023-06-15,5.037183333333334e-4,-0.15888301742397115
Energi,2023-06-16,0.002686704,-0.15662318506241624
Energi,2023-06-19,-0.005286468571428572,-0.1610816700884553
Energi,2023-06-20,0.00211267375,-0.15930930935445742
Energi,2023-06-21,0.0038704375,-0.15605546857948194
Energi,2023-06-22,-0.0134389925,-0.16739723280765828
Energi,2023-06-23,-0.0030042966666666664,-0.1698986185257917
Energi,2023-06-26,0.00572465,-0.16514657865233529
Energi,2023-06-27,-0.00450651375,-0.16890885707487313
Energi,2023-06-28,0.001133275,-0.1679670022598747
Energi,2023-06-29,0.009206282,-0.16030707184937365
Energi,2023-06-30,0.0031635825,-0.1576506339965026
Energi,2023-07-03,0.006170337142857143,-0.15245305441618895
Energi,2023-07-04,-8.961577777777778e-4,-0.15321259020350564
Energi,2023-07-05,-0.0031970777777777775,-0.155919835413868
Energi,2023-07-06,-0.01097383,-0.16518262764640823
Energi,2023-07-07,0.00440657,-0.1615039464579161
Energi,2023-07-10,0.005409087142857143,-0.15696844823536515
Energi,2023-07-11,0.00500118375,-0.15275229253794265
Energi,2023-07-12,0.00832694,-0.14569731171276856
Energi,2023-07-13,-0.0028906228571428574,-0.14816677859045024
Energi,2023-07-14,-0.006236303333333333,-0.15347906894857066
Energi,2023-07-17,-0.0025323233333333335,-0.15562273365442725
Energi,2023-07-18,0.012007475,-0.14548389473821433
Energi,2023-07-19,0.0053933900000000005,-0.14087515612125645
Energi,2023-07-20,0.004646364444444445,-0.13688334899331933
Energi,2023-07-21,0.00753585625,-0.13037902598435147
Energi,2023-07-24,0.007739277777777778,-0.1236487877050626
Energi,2023-07-25,0.0045346525,-0.11967483948935131
Energi,2023-07-26,-0.008864862,-0.12747880055240612
Energi,2023-07-27,0.002065491111111111,-0.1256766157706911
Energi,2023-07-28,-0.00485259625,-0.12991935414628952
Energi,2023-07-31,0.0015522399999999994,-0.12856878016456952
Energi,2023-08-01,-0.0024656042857142857,-0.13071738471490102
Energi,2023-08-02,-0.008265347777777779,-0.13790230784740853
Energi,2023-08-03,0.00357350375,-0.1348215985116349
Energi,2023-08-04,0.012199854,-0.12426654832952355
Energi,2023-08-07,6.963312499999999e-4,-0.1236567477604551
Energi,2023-08-08,-0.006332278333333333,-0.12920599714917447
Energi,2023-08-10,-0.008839989999999999,-0.13690380742643582
Energi,2023-08-11,0.00899135,-0.12914340747533937
Energi,2023-08-14,-5.791414285714287e-4,-0.12964775660641492
Energi,2023-08-15,-7.89987777777778e-4,-0.13033532424105732
Energi,2023-08-16,0.006947065,-0.12429370721035593
Energi,2023-08-17,0.00253894,-0.12207034147534057
Energi,2023-08-18,-0.011059639999999999,-0.1317799274439463
Energi,2023-08-21,0.0060183885714285715,-0.12655464168178998
Energi,2023-08-22,-0.0018410412500000002,-0.12816269061607477
Energi,2023-08-23,-0.01172726,-0.13838695342092056
Energi,2023-08-24,-0.004555888571428572,-0.14231236645282386
Energi,2023-08-25,0.00267294,-0.14001981886961024
Energi,2023-08-28,0.009151034285714286,-0.1321501107470514
Energi,2023-08-29,-0.0013515925000000002,-0.13332309014849153
Energi,2023-08-30,0.003761038888888889,-0.1300634845864379
Energi,2023-08-31,-9.088857142857145e-4,-0.13085415745763285
Energi,2023-09-01,0.011399386666666667,-0.12094642792876664
Energi,2023-09-04,-1.0159375000000011e-4,-0.12103573427760417
Energi,2023-09-05,0.003792247142857143,-0.11770248455224497
Energi,2023-09-06,0.00539756,-0.11294023077476478
Energi,2023-09-07,-0.005197485000000001,-0.11755071061941635
Energi,2023-09-08,0.0092245075,-0.10941055053115556
Energi,2023-09-11,0.0014473162500000002,-0.10812158594886079
Energi,2023-09-12,-0.0012519033333333335,-0.1092381315083395
Energi,2023-09-13,-0.0067968433333333335,-0.11529250037578453
Energi,2023-09-14,0.009978534,-0.10646441651072924
Energi,2023-09-15,5.273675e-4,-0.10599319488390357
Energi,2023-09-18,-0.0010120257142857143,-0.10689795275942748
Energi,2023-09-19,0.00591769125,-0.10161285058911473
Energi,2023-09-20,-0.005080864444444444,-0.10617743391390233
Energi,2023-09-21,-0.005950459999999999,-0.11149608934049504
Energi,2023-09-22,-0.0047948999999999995,-0.11575637674171635
Energi,2023-09-25,-0.0026196457142857142,-0.11807278175976943
Energi,2023-09-26,-0.004144041111111111,-0.12172752440916479
Energi,2023-09-27,0.008092819999999999,-0.11461982335325382
Energi,2023-09-28,-0.00237275625,-0.11672061470101847
Energi,2023-09-29,-0.0010109128571428572,-0.11761353318806644
Energi,2023-10-02,-0.00417216875,-0.12129499843032221
Energi,2023-10-03,-0.006119052000000001,-0.12667184002758702
Energi,2023-10-04,-0.015913725,-0.140569744200144
Energi,2023-10-05,0.001707284285714286,-0.1391024524297496
Energi,2023-10-06,8.604777777777803e-5,-0.1390283741088869
Energi,2023-10-10,0.008683428,-0.13155218898541832
Energi,2023-10-11,-0.00263802375,-0.13384317493651032
Energi,2023-10-12,0.014869073333333333,-0.12096422558647402
Energi,2023-10-13,0.009081825,-0.11298097651451089
Energi,2023-10-16,0.0072943274999999995,-0.10651076925847769
Energi,2023-10-17,2.0915285714285717e-4,-0.10632389343304172
Energi,2023-10-18,0.00366699875,-0.1030467842673558
Energi,2023-10-19,-0.003114388571428572,-0.10584024511153967
Energi,2023-10-20,-0.008766477500000001,-0.11367887648417485
Energi,2023-10-23,-0.013589978571428572,-0.12572396156015941
Energi,2023-10-24,0.009813549999999999,-0.11714420994312802
Energi,2023-10-25,-0.0012403349999999995,-0.11823924687948817
Energi,2023-10-26,-0.010071353750000001,-0.12711977134703134
Energi,2023-10-27,0.010740516666666667,-0.11774458670318022
Energi,2023-10-30,0.012411525714285714,-0.10679445095447904
Energi,2023-10-31,0.009078622000000001,-0.09868537540639222
Energi,2023-11-01,0.002236217142857143,-0.09666984019176816
Energi,2023-11-02,0.003667327142857143,-0.093357032977742
Energi,2023-11-03,-0.009590326,-0.10205203459709267
Energi,2023-11-06,0.004007243749999999,-0.09845373822490655
Energi,2023-11-07,-0.0125448,-0.10976345576962276
Energi,2023-11-08,-0.00286482625,-0.11231382879024321
Energi,2023-11-09,0.00783598,-0.10535793770636692
Energi,2023-11-10,0.00332120875,-0.10238664466095915
Energi,2023-11-13,0.010888926,-0.09261259925806065
Energi,2023-11-14,-4.868250000000008e-5,-0.09265677314519727
Energi,2023-11-15,-2.6234125e-4,-0.0928948067015094
Energi,2023-11-16,-0.016085633333333335,-0.10748616823567136
Energi,2023-11-17,0.007953267142857143,-0.10038776730295473
Energi,2023-11-20,0.011643698333333332,-0.08991295384845399
Energi,2023-11-21,-0.0166715,-0.10508547003836943
Energi,2023-11-22,-0.0059304325,-0.1103927002515761
Energi,2023-11-23,0.0073094349999999995,-0.10389017351853946
Energi,2023-11-24,0.010912444285714286,-0.09411142496317948
Energi,2023-11-27,-0.008370813333333333,-0.10169444912561199
Energi,2023-11-28,-0.01036805125,-0.11100812711523711
Energi,2023-11-29,-0.0098246775,-0.119742185566451
Energi,2023-11-30,0.011179264,-0.10990155107083532
Energi,2023-12-01,-0.0056218449999999994,-0.11490554658545549
Energi,2023-12-04,-0.0078485349999999985,-0.1218522413813855
Energi,2023-12-05,-0.00105713125,-0.12278055881913863
Energi,2023-12-06,-0.009828174,-0.13140202412324697
Energi,2023-12-07,9.4412499999999e-6,-0.1313938234726072
Energi,2023-12-08,0.00445235,-0.12752648476254547
Energi,2023-12-11,-0.00196321625,-0.12923933894535422
Energi,2023-12-12,-0.01055722375,-0.13843215407680598
Energi,2023-12-13,0.0021921855555555557,-0.1365434374898421
Energi,2023-12-14,0.0027471125,-0.13417142517376335
Energi,2023-12-15,-0.009526726666666666,-0.1424199373463224
Energi,2023-12-18,0.016876,-0.1279474162089791
Energi,2023-12-19,-0.007897911666666667,-0.134834810484449
Energi,2023-12-20,0.008218171111111111,-0.12772473491763325
Energi,2023-12-21,0.005867221428571429,-0.12260690279072928
Energi,2023-12-22,9.102666666666667e-4,-0.12180824110077626
Energi,2023-12-25,0,-0.12180824110077626
Energi,2023-12-26,0,-0.12180824110077626
Energi,2023-12-27,0.01121438,-0.11195986500361199
Energi,2023-12-28,-0.0096579075,-0.12053647448369453
Energi,2023-12-29,2.3288444444444437e-4,-0.12033166110914562
Energi,2024-01-01,0,-0.12033166110914562
Energi,2024-01-02,0.009803908571428571,-0.11170747314147922
Energi,2024-01-03,0.001151011111111111,-0.11068503857314815
Energi,2024-01-04,0.009666018571428571,-0.102088903640147
Energi,2024-01-05,-0.0015353699999999999,-0.10346752940016501
Energi,2024-01-08,-0.00586101,-0.10872211517567543
Energi,2024-01-09,-0.00181887625,-0.11034323935253265
Energi,2024-01-10,-0.006556774444444444,-0.11617651806507312
Energi,2024-01-11,-0.0022987342857142858,-0.11820819340551636
Energi,2024-01-12,0.00605208875,-0.11287151113298377
Energi,2024-01-15,-9.128619999999999e-4,-0.11368133701958782
Energi,2024-01-16,0.00856167,-0.10609296911230837
Energi,2024-01-17,-0.010152567142857142,-0.11516842026286767
Energi,2024-01-18,-0.00359663,-0.11835083206749764
Energi,2024-01-19,-2.3788857142857157e-4,-0.11856056632855838
Energi,2024-01-22,-0.008523886666666668,-0.12607385616470457
Energi,2024-01-23,0.0031623988888888886,-0.12331015309846882
Energi,2024-01-24,-0.0026949400000000003,-0.12567277963447776
Energi,2024-01-25,0.0064806925,-0.120006533774909
Energi,2024-01-26,0.0073412,-0.11354632574065737
Energi,2024-01-29,-0.001778692857142857,-0.11512305455925054
Energi,2024-01-30,-0.001525268,-0.11647272904806905
Energi,2024-01-31,-0.005021877142857143,-0.12090969445515354
Energi,2024-02-01,0.00251431125,-0.11869938781015621
Energi,2024-02-02,-0.011822225714285714,-0.12911832256960276
Energi,2024-02-05,-0.001296505,-0.1302474250187996
Energi,2024-02-06,0.01474425,-0.11742357561513317
Energi,2024-02-07,-0.003435966666666667,-0.12045607879010545
Energi,2024-02-08,8.261742857142855e-4,-0.11972942221924543
Energi,2024-02-09,-0.00157088125,-0.12111222276480793
Energi,2024-02-12,0.0074971625,-0.11452305827961196
Energi,2024-02-13,-0.005052487142857142,-0.11899691914295063
Energi,2024-02-14,0.007387353333333333,-0.11248863809690446
Energi,2024-02-15,-0.009470107142857143,-0.12089346578462978
Energi,2024-02-16,0.009381716,-0.11264593794687683
Energi,2024-02-19,0.011088265714285714,-0.10280672032418114
Energi,2024-02-20,-0.011124672,-0.11278770128117888
Energi,2024-02-21,-8.228414285714285e-4,-0.11351773631650286
Energi,2024-02-22,-0.00429389,-0.11732419364371083
Energi,2024-02-23,-0.005644067142857143,-0.12230607516016123
Energi,2024-02-26,0.006290795,-0.11678468260624841
Energi,2024-02-27,0.00440150875,-0.11289720265860581
Energi,2024-02-28,0.0059125325,-0.10765217853848386
Energi,2024-02-29,-0.003006955,-0.11033542828196674
Energi,2024-03-01,0.010933725714285714,-0.10060807987708431
Energi,2024-03-04,-0.003586732857142857,-0.10383395842843801
Energi,2024-03-05,6.116900000000001e-4,-0.10328578262246912
Energi,2024-03-06,0.009937355,-0.09437481511084156
Energi,2024-03-07,0.0060241025000000005,-0.08891923617048769
Energi,2024-03-08,7.71299999999997e-5,-0.08884896451117352
Energi,2024-03-11,-0.004354081428571428,-0.09281619031341903
Energi,2024-03-12,0.012562519999999999,-0.0814196755605553
Energi,2024-03-13,0.010140834999999999,-0.0721045040561683
Energi,2024-03-14,-0.0022916399999999997,-0.07423090649049313
Energi,2024-03-15,0.00595009,-0.06872249706489308
Energi,2024-03-18,0.00636705125,-0.06279300547573319
Energi,2024-03-19,0.0011758111111111111,-0.06169102707816054
Energi,2024-03-20,2.919714285714303e-5,-0.06166363113703399
Energi,2024-03-21,0.006644262,-0.05542907845817979
Energi,2024-03-22,6.868833333333333e-4,-0.05478026843502137
Energi,2024-03-25,0.005070843333333333,-0.04998720726068007
Energi,2024-03-26,-0.0032595000000000002,-0.053083773958613856
Energi,2024-03-27,0.0018418055555555557,-0.05133973839284511
Energi,2024-03-28,0,-0.05133973839284511
Energi,2024-03-29,0,-0.05133973839284511
Energi,2024-04-01,0,-0.05133973839284511
Energi,2024-04-02,0,-0.05133973839284511
Energi,2024-04-03,0.004335192857142857,-0.04722711320287043
Energi,2024-04-04,-0.005151451428571429,-0.0521352764516656
Energi,2024-04-05,-1.2443250000000017e-4,-0.05225322162887858
Energi,2024-04-08,-0.004259796666666666,-0.056290430196227925
Energi,2024-04-09,0.0013931800000000002,-0.054975672897768724
Energi,2024-04-10,0.00285097125,-0.05228143571064969
Energi,2024-04-11,0.004505303333333334,-0.04801167610389501
Energi,2024-04-12,0.004291535,-0.0439261848923036
Energi,2024-04-15,-0.010549326666666668,-0.05401211988532095
Energi,2024-04-16,-0.006098257142857143,-0.05978099723228658
Energi,2024-04-17,5.627262499999998e-4,-0.05925191131868024
Energi,2024-04-18,-0.0026195811111111105,-0.06171627724210382
Energi,2024-04-19,-0.011952984285714285,-0.07293156783577037
Energi,2024-04-22,-0.0024341825,-0.075188221589647
Energi,2024-04-23,-0.00841968625,-0.08297484660416676
Energi,2024-04-24,0.003136487777777778,-0.08009860841862593
Energi,2024-04-25,0.0049635575,-0.07553262496718172
Energi,2024-04-26,0.007816799999999999,-0.06830624839002519
Energi,2024-04-29,-0.001607895,-0.06980431411477017
Energi,2024-04-30,-0.004862011428571429,-0.07432693617035202
Energi,2024-05-01,0,-0.07432693617035202
Energi,2024-05-02,-0.00479810125,-0.07876840925500439
Energi,2024-05-03,-0.0042307049999999995,-0.08266586835212719
Energi,2024-05-06,0.004868545,-0.0781997858521637
Energi,2024-05-07,0.00286891,-0.07555522399979286
Energi,2024-05-08,-0.003270362,-0.07857849306632247
Energi,2024-05-09,0,-0.07857849306632247
Energi,2024-05-10,0.0143644,-0.06534282597212426
Energi,2024-05-13,-0.0033509433333333335,-0.06847480919838511
Energi,2024-05-14,0.0029862633333333334,-0.06569302967701796
Energi,2024-05-15,-0.00626253,-0.07154415510787471
Energi,2024-05-16,0.005033511428571429,-0.0668707620016864
Energi,2024-05-17,0,-0.0668707620016864
Energi,2024-05-20,0,-0.0668707620016864
Energi,2024-05-21,2.410733333333334e-4,-0.0666458094258513
Energi,2024-05-22,-0.00865120875,-0.07472045136619565
Energi,2024-05-23,0.005826694,-0.06932913057184831
Energi,2024-05-24,-5.296199999999999e-4,-0.06982203247771479
Energi,2024-05-27,0.00691702,-0.06338797287280384
Energi,2024-05-28,0.0013879277777777777,-0.06208802302335337
Energi,2024-05-29,4.286566666666667e-4,-0.061685980801675755
Energi,2024-05-30,0.0018994833333333334,-0.05990366896077559
Energi,2024-05-31,0.00573385,-0.05451329761304646
Energi,2024-06-03,-0.0016750814285714285,-0.05609706482917609
Energi,2024-06-04,-9.000900000000001e-4,-0.05694666242209401
Energi,2024-06-05,0.0038631555555555556,-0.05330350068184475
Energi,2024-06-06,0.0019661271428571426,-0.05144217499848758
Energi,2024-06-07,0.0066768,-0.04510884411251759
Energi,2024-06-10,0.0013448200000000003,-0.043824687388257066
Energi,2024-06-11,-0.005587348571428572,-0.0491671721552136
Energi,2024-06-12,0.0023177175,-0.04696341027054318
Energi,2024-06-13,-0.009853585,-0.05635423731555256
Energi,2024-06-14,-0.007972871666666666,-0.06387780388022946
Energi,2024-06-17,7.770828571428571e-4,-0.0631503593694338
Energi,2024-06-18,0.011122002857142856,-0.05273071498962745
Energi,2024-06-19,-0.007320401428571428,-0.05966510641685918
Energi,2024-06-20,0.010150167142857143,-0.05012055007672944
Energi,2024-06-21,-0.00545283,-0.05530008123765451
Energi,2024-06-24,0.004018447499999999,-0.05150385421085368
Energi,2024-06-25,-9.011100000000002e-4,-0.05235855357278585
Energi,2024-06-26,0.006206762857142857,-0.04647676784121213
Energi,2024-06-27,0.008141887142857143,-0.03871328929688289
Energi,2024-06-28,0.0045567725,-0.03433292444893554
Energi,2024-07-01,0.0072805775,-0.027302310466187696
Energi,2024-07-02,0.005877573333333334,-0.02158520846478873
Energi,2024-07-03,-0.002407833333333333,-0.0239410682136737
Energi,2024-07-04,-0.007430314285714286,-0.03119349283822459
Energi,2024-07-05,-0.00728859625,-0.038254732313299566
Energi,2024-07-08,-0.00399756,-0.04209936672559311
Energi,2024-07-09,-0.0035955125,-0.045543510426289235
Energi,2024-07-10,-0.001431478888888889,-0.04690979474147694
Energi,2024-07-11,-1.6772000000000022e-4,-0.04706964703070282
Energi,2024-07-12,0.011393922,-0.03621203291753827
Energi,2024-07-15,-0.0032437525,-0.03933832254523195
Energi,2024-07-16,-0.0038459074999999997,-0.043032938495517814
Energi,2024-07-17,0.002263525,-0.04086681962762584
Energi,2024-07-18,0.007154581249999999,-0.03400462335908083
Energi,2024-07-19,5.480222222222222e-4,-0.033475236426117605
Energi,2024-07-22,-8.916900000000002e-4,-0.034337076892548835
Energi,2024-07-23,-0.005741315714285714,-0.03988125260768871
Energi,2024-07-24,-0.004285325555555555,-0.04399567401225701
Energi,2024-07-25,-0.00893528625,-0.052537846321195736
Energi,2024-07-26,0.00407042,-0.04868127742161854
Energi,2024-07-29,0.0016638687499999996,-0.04709840792783049
Energi,2024-07-30,-0.009909863333333333,-0.05654153247538152
Energi,2024-07-31,0.00487897,-0.05193842691608286
Energi,2024-08-01,-0.00793798875,-0.05946412901753029
Energi,2024-08-02,-0.018080099999999998,-0.07646911161848047
Energi,2024-08-06,0.005264444444444445,-0.07160723456386742
Energi,2024-08-07,0.01397539,-0.058632583593719034
Energi,2024-08-08,0.003233876,-0.05558831809862086
Energi,2024-08-09,0.006545547142857143,-0.04940662691247044
Energi,2024-08-12,0.006889667499999999,-0.042857354644193824
Energi,2024-08-13,-0.00780026,-0.05032331613505692
Energi,2024-08-14,0.00639392,-0.04425115939255919
Energi,2024-08-15,0.00172019625,-0.04260708382100442
Energi,2024-08-16,0.005255216666666666,-0.03757577661135203
Energi,2024-08-19,0.0022553812499999997,-0.0354051430633755
Energi,2024-08-20,-0.015840325,-0.050684639090580186
Energi,2024-08-21,0.004140788571428571,-0.04675372489344476
Energi,2024-08-22,-0.0015477271428571428,-0.04822909002725462
Energi,2024-08-23,0.010189064999999999,-0.03853143436043316
Energi,2024-08-26,0.010891123333333332,-0.028059961630929497
Energi,2024-08-27,-0.008074512857142857,-0.03590790396711252
Energi,2024-08-28,-0.00432932,-0.040081767160309645
Energi,2024-08-29,1.3136500000000023e-4,-0.03995566750165258
Energi,2024-08-30,-0.01224364,-0.05171010469280257
Energi,2024-09-02,-0.007897948,-0.059199648974864294
Energi,2024-09-03,-0.0135719,-0.07196809725894227
Energi,2024-09-04,0.002495636666666667,-0.06965206681462532
Energi,2024-09-05,-0.005864366666666667,-0.07510796822239985
Energi,2024-09-06,-0.00253503125,-0.07745259842583208
Energi,2024-09-09,-0.004892381428571429,-0.08196605220027031
Energi,2024-09-10,-0.013487896666666667,-0.09434839922468519
Energi,2024-09-11,0.00755773,-0.08750372895195746
Energi,2024-09-12,0.0105661675,-0.07786214050893858
Energi,2024-09-13,0.013653870000000002,-0.06527139005336935
Energi,2024-09-16,-7.736833333333333e-4,-0.06599457400007491
Energi,2024-09-17,0.0035312925,-0.06269632764428212
Energi,2024-09-18,-0.004823292222222222,-0.06721721715701579
Energi,2024-09-19,-7.187062500000002e-4,-0.06788761397293752
Energi,2024-09-20,0.0025052824999999995,-0.06555240912419058
Energi,2024-09-23,0.0028016080000000006,-0.06293445327801228
Energi,2024-09-24,0.0018076162500000005,-0.06124059836844242
Energi,2024-09-25,-0.01443864,-0.07479500741521583
Energi,2024-09-26,0.00400269,-0.07109169864344655
Energi,2024-09-27,0.011905964,-0.06003214984819416
Energi,2024-09-30,0.00542525,-0.054932589269158116
Energi,2024-10-01,0.010009626,-0.04547281794295399
Energi,2024-10-02,0.01767795,-0.028598734144908655
Energi,2024-10-03,-0.0032992125,-0.031803593343733616
Energi,2024-10-04,0.01472145,-0.017550338352963823
Energi,2024-10-07,0.0045359275,-0.013094017915333156
Energi,2024-10-09,-0.00987807,-0.022842744289784278
Energi,2024-10-10,0.0159639,-0.007243503575351862
Energi,2024-10-11,0.01042920142857143,0.003110153895383494
Energi,2024-10-14,-0.00685853625,-0.0037697134578510427
Energi,2024-10-15,-0.0190954,-0.02279312927148791
Energi,2024-10-16,-5.740111111111116e-5,-0.02284922203165307
Energi,2024-10-17,0.00235791625,-0.02054518233358138
Energi,2024-10-18,-0.004213132857142856,-0.02467175560797863
Energi,2024-10-21,0.013062355714285713,-0.011931671141540257
Energi,2024-10-22,-6.411624999999999e-4,-0.012565183501441979
Energi,2024-10-23,-0.01030087625,-0.02273662735113513
Energi,2024-10-24,-0.0029144985714285713,-0.025584860054629677
Energi,2024-10-25,0.01273868,-0.01317209739971037
Energi,2024-10-28,-0.01208662,-0.025099511263837138
Energi,2024-10-29,0.002390063333333333,-0.02276943735206005
Energi,2024-10-30,0.007380598,-0.015556891415841934
Energi,2024-10-31,-0.0029769557142857147,-0.018487534953330664
Energi,2024-11-01,-0.0061279425,-0.024502186902169987
Energi,2024-11-04,-7.031299999999997e-4,-0.025188088679493403
Energi,2024-11-05,0.007261608888888889,-0.0181093858392537
Energi,2024-11-06,-0.0022286,-0.020297627261972373
Energi,2024-11-07,0.007158001666666667,-0.013284916045076423
Energi,2024-11-08,-0.004558948,-0.01778329880364249
Energi,2024-11-11,0.0068851822222222225,-0.011020557834195643
Energi,2024-11-12,-0.009097524285714286,-0.02001782232737115
Energi,2024-11-13,-0.006004493749999999,-0.025902119188317863
Energi,2024-11-14,0.010850900000000002,-0.015332280493418282
Energi,2024-11-15,0.0103907325,-0.00510086161864054
Energi,2024-11-18,-2.7381333333333335e-4,-0.005373278268051118
Energi,2024-11-19,-0.0010912349999999999,-0.00645864975874022
Energi,2024-11-20,0.006774775714285714,2.7237005201286024e-4
Energi,2024-11-21,0.005413264285714286,0.005687108748802183
Energi,2024-11-22,-0.00373541,0.001930455065910941
Energi,2024-11-25,-0.0025133371428571433,-5.877339613660215e-4
Energi,2024-11-26,-0.007637168571428572,-0.008220413909456492
Energi,2024-11-27,0.004092333333333333,-0.0041617212499786005
Energi,2024-11-28,-0.0026735466666666665,-0.006824141360669778
Energi,2024-11-29,-0.006804404444444445,-0.013582111587310153
Energi,2024-12-02,-0.005089509999999999,-0.01860249529456548
Energi,2024-12-03,0.006274249999999999,-0.01244496200066747
Energi,2024-12-04,-0.007405999999999999,-0.019758794612090513
Energi,2024-12-05,-0.00219717375,-0.021912554857237088
Energi,2024-12-06,-0.0092418,-0.030951843407757473
Energi,2024-12-09,0.011107335000000001,-0.02018830090135504
Energi,2024-12-10,-0.008099165,-0.02812395752128527
Energi,2024-12-11,0.00210301375,-0.026080088840656934
Energi,2024-12-12,-0.004500891428571428,-0.03046359662090914
Energi,2024-12-13,-0.005031031666666666,-0.03534136496829543
Energi,2024-12-16,-0.004571247142857142,-0.03975105799751655
Energi,2024-12-17,-0.0061517939999999995,-0.04565831167743384
Energi,2024-12-18,0.0026064862499999997,-0.043170833189019375
Energi,2024-12-19,0.0038570755555555553,-0.039480270798870065
Energi,2024-12-20,-0.00390725,-0.04323326151079121
Energi,2024-12-23,0.006847290000000001,-0.036682002190001395
Energi,2024-12-24,0,-0.036682002190001395
Energi,2024-12-25,0,-0.036682002190001395
Energi,2024-12-26,0,-0.036682002190001395
Energi,2024-12-27,0.006720026666666667,-0.030208479556238177
Energi,2024-12-30,0.0076446975,-0.022794716744380605
Energi,2024-12-31,0,-0.022794716744380605
Energi,2025-01-01,0,-0.022794716744380605
Energi,2025-01-03,0.01147655,-0.011579771450833332
Energi,2025-01-06,0.0016511677777777776,-0.009947723818549248
Energi,2025-01-07,-0.0019568249999999997,-0.011885082863888008
Energi,2025-01-08,-0.002019732222222222,-0.013880810401286192
Energi,2025-01-09,0.003812942857142857,-0.0101207942810142
Energi,2025-01-10,0.011856575000000001,0.0016157827625333798
Energi,2025-01-13,0.00694079625,0.008567793831472326
Energi,2025-01-14,-0.005160538571428571,0.003363040829504449
Energi,2025-01-15,0.00380194125,0.007177768163159737
Energi,2025-01-16,-0.00205835,0.005104643804060949
Energi,2025-01-17,-0.00205373,0.0030404302439412945
Energi,2025-01-20,-0.00968951,-0.006678540035311542
Energi,2025-01-21,-0.007316334999999999,-0.013946012599102331
Energi,2025-01-22,7.725125000000015e-5,-0.013869838696008108
Energi,2025-01-23,0.0039022216666666663,-0.010021740214414154
Energi,2025-01-24,-0.013689409999999999,-0.023573958503705583
Energi,2025-01-27,0.004176131428571429,-0.0194962750241372
Energi,2025-01-28,-4.658900000000001e-4,-0.019953081904566128
Energi,2025-01-29,0.00204680875,-0.01794711329719778
Energi,2025-01-30,-9.8265125e-4,-0.018912128793882377
Energi,2025-01-31,0.002444713333333333,-0.016513650193973106
Energi,2025-02-03,-0.006965367777777778,-0.0233639943247963
Energi,2025-02-04,0.009346672857142857,-0.014235697079243548
Energi,2025-02-05,-2.009900000000003e-4,-0.014433825846487558
Energi,2025-02-06,-0.014448996250000002,-0.028674267800958497
Energi,2025-02-07,0.004999644444444444,-0.023817984500223655
Energi,2025-02-10,0.0033425516666666668,-0.020555045677344785
Energi,2025-02-11,0.0168579,-0.004043660581868891
Energi,2025-02-12,1.066849999999997e-4,-0.003937406979798053
Energi,2025-02-13,-0.013978636,-0.017861003400843622
Energi,2025-02-14,6.0452e-4,-0.017267280734619472
Energi,2025-02-17,-0.0029610871428571426,-0.020177237954501215
Energi,2025-02-18,0.00482279,-0.015451758535935944
Energi,2025-02-19,0.009354968333333333,-0.006241340914400539
Energi,2025-02-20,-0.0013658828571428572,-0.007598698830982853
Energi,2025-02-21,-0.0030969775,-0.0106721433316741
Energi,2025-02-24,-0.0010979457142857147,-0.0117583716119265
Energi,2025-02-25,-0.010173941428571429,-0.021812684056422782
Energi,2025-02-26,-0.007992171428571428,-0.029630524774698075
Energi,2025-02-27,-6.044999999999999e-4,-0.030217113122471773
Energi,2025-02-28,-0.004092195,-0.03418565380323757
Energi,2025-03-03,-4.8424666666666645e-4,-0.03465334618100213
Energi,2025-03-05,-0.0011695985714285711,-0.035782414248242245
Energi,2025-03-06,-0.00526737,-0.04086130503290353
Energi,2025-03-07,0.004901364,-0.03616021716238482
Energi,2025-03-10,0.002490842,-0.033759444550022
Energi,2025-03-11,-0.00695654,-0.04048113562363198
Energi,2025-03-12,0.00416886,-0.036481035810687845
Energi,2025-03-13,0.011154795714285714,-0.02573317859831592
Energi,2025-03-14,6.465750000000003e-4,-0.02510324202826819
Energi,2025-03-17,0.011653972857142859,-0.013741821672349164
Energi,2025-03-18,0.012393781666666668,-0.0015183531431919306
Energi,2025-03-19,0.006148528571428571,0.004620839790554276
Energi,2025-03-20,0.0046862150000000005,0.009328709039293503
Energi,2025-03-21,-0.006957498571428571,0.0023063059880505943
Energi,2025-03-24,-0.00447085,-0.0021748551600759836
Energi,2025-03-25,6.826312499999999e-4,-0.001493708534172633
Energi,2025-03-26,0.010291975,0.008782893254936308
Energi,2025-03-27,-0.00179952,0.006967568262866042
Energi,2025-03-28,-0.006939445714285715,-2.0228513140319038e-5
Energi,2025-03-31,-0.0070404299999999994,-0.007060516095709568
Energi,2025-04-01,0.0016474755555555554,-0.005424672567831301
Energi,2025-04-02,-0.012002113333333333,-0.017361678366209277
Energi,2025-04-07,0.00153222875,-0.015856051678950323
Energi,2025-04-08,0.0031900099999999996,-0.012716622642366726
Energi,2025-04-10,0.0138654875,9.725426853433028e-4
Energi,2025-04-11,-0.001992985,-0.0010223805776404804
Energi,2025-04-14,0.01104118,0.01000751113437337
Energi,2025-04-15,0.0011404544444444443,0.011159378689368893
Energi,2025-04-16,-0.0036656575,0.007452814729180801
Energi,2025-04-17,0,0.007452814729180801
Energi,2025-04-18,0,0.007452814729180801
Energi,2025-04-21,0,0.007452814729180801
Energi,2025-04-22,-0.0012869250000000002,0.006156298515585412
Energi,2025-04-23,-3.78581666666667e-4,0.005775386187166109
Energi,2025-04-24,-0.0012018062499999998,0.0045666390419503156
Energi,2025-04-25,0.0033774316666666665,0.007959494219927254
Energi,2025-04-28,0.0012173757142857145,0.009186559629174473
Energi,2025-04-29,-5.544111111111099e-5,0.009130609204990092
Energi,2025-04-30,-2.780088888888889e-4,0.008850061925581354
Energi,2025-05-01,0,0.008850061925581354
Energi,2025-05-02,0.0012441750000000004,0.010105247951377683
Energi,2025-05-05,-0.0073914128571428575,0.0026391430346024425
Energi,2025-05-06,0.008465256666666665,0.01112674072443709
Energi,2025-05-07,-3.8155666666666655e-4,0.010740938575668713
Energi,2025-05-08,0.007168535714285714,0.01798647109173901
Energi,2025-05-09,0.012466275,0.030676970386648295
Energi,2025-05-12,0.0182724,0.04950991226034129
Energi,2025-05-13,0.004666884285714285,0.0544078535775705
Energi,2025-05-14,0.0061511925,0.060893719258437784
Energi,2025-05-15,-0.0035156500000000004,0.05716398825432689
Energi,2025-05-16,0.011305085,0.06911531700048124
Energi,2025-05-19,-0.011348448,0.05698251741949778
Energi,2025-05-20,7.522000000000014e-5,0.057062023644458115
Energi,2025-05-21,0.0016179074999999998,0.05877225222047766
Energi,2025-05-22,-0.014594004,0.04332052573648304
Energi,2025-05-23,0.00106029125,0.04442674936086677
Energi,2025-05-26,0.013650998571428572,0.05868421742435359
Energi,2025-05-27,0.00396874375,0.06288586379548033
Energi,2025-05-28,0.0050011633333333335,0.06820152960501247
Energi,2025-05-29,0,0.06820152960501247
Energi,2025-05-30,-7.1808e-4,0.06743447545063375
Energi,2025-06-02,0.005357036666666667,0.073152761074887
Energi,2025-06-03,0.003644795,0.07706418289268901
Energi,2025-06-04,0.012976752857142858,0.09104097860536786
Energi,2025-06-05,-0.007433825000000001,0.08293037090258681
Energi,2025-06-06,0.005317554444444444,0.08868891210940366
Energi,2025-06-09,0,0.08868891210940366
Energi,2025-06-10,-0.0132979,0.07421163582506418
Energi,2025-06-11,0.008396101111111111,0.08323082533418336
Energi,2025-06-12,0.00898534111111111,0.09296402380188162
Energi,2025-06-13,0.002218464,0.09538872514198116
Energi,2025-06-16,-0.0011655666666666664,0.09411197655691317
Energi,2025-06-17,0.01738435,0.11313240209657027
Energi,2025-06-18,-0.00326945125,0.10949306997312025
Energi,2025-06-19,0.01160765,0.12237167720679354
Energi,2025-06-20,-0.009815867142857143,0.11135462593842615
Energi,2025-06-23,0.0013684488888888891,0.11287545794145304
Energi,2025-06-24,-0.01463395,0.09658969413371077
Energi,2025-06-25,-0.0021101133333333334,0.09427576559892326
Energi,2025-06-26,-0.0037294355555555557,0.09019473465111583
Energi,2025-06-27,-0.0020835144444444446,0.08792329817421307
Energi,2025-06-30,-0.004718782857142857,0.08278962436490223
Energi,2025-07-01,-0.002409648888888889,0.08018048154965096
Energi,2025-07-02,0.01116459,0.09224025375215517
Energi,2025-07-03,0.009007464,0.10207856851717856
Energi,2025-07-04,-0.0027031888888888887,0.09909944197608045
Energi,2025-07-07,-0.00380803625,0.09491403145868071
Energi,2025-07-08,0.00552806625,0.10096678876263887
Energi,2025-07-09,0.0037501428571428573,0.10509557150146853
Energi,2025-07-10,0.004380818571428571,0.10993679470430551
Energi,2025-07-11,0.009732954,0.12073975847007001
Energi,2025-07-14,-0.0021847125000000003,0.11829126431049342
Energi,2025-07-15,-0.013136062857142855,0.10360131996991706
Energi,2025-07-16,-0.004515658333333334,0.09861783347271724
Energi,2025-07-17,-0.001236967142857143,0.09725887931015453
Energi,2025-07-18,0.008504461111111111,0.10659047477806927
Energi,2025-07-21,-0.007742135,0.0980231019326232
Energi,2025-07-22,0.004282011111111111,0.1027248490553554
Energi,2025-07-23,0.006357697142857143,0.10973563967755218
Energi,2025-07-24,0.00758532875,0.11815334933009813
Energi,2025-07-25,-0.006239528571428572,0.11117659955971426
Energi,2025-07-28,0.008657350000000001,0.12079644429391267
Energi,2025-07-29,7.277314285714286e-4,0.12161208309145644
Energi,2025-07-30,-0.009787796250000001,0.11063397255061913
Energi,2025-07-31,0.001415088888888889,0.11220561834479792
Energi,2025-08-01,-0.013698300000000002,0.09697029212302533
Energi,2025-08-04,-0.010224995714285715,0.08575377558736874
Energi,2025-08-05,0.006042006250000001,0.0923139066854286
Energi,2025-08-06,0.010217787499999999,0.10347493806723529
Energi,2025-08-07,-0.006389335714285714,0.09642446623562306
Energi,2025-08-08,-2.8918888888888835e-5,0.09639275885830889
Energi,2025-08-11,-0.00829661875,0.08729640613780076
Energi,2025-08-12,0.00895361375,0.09703163819012173
Energi,2025-08-13,-0.00485379,0.09170687699499092
Energi,2025-08-14,-0.004232763333333334,0.0870859401552988
Energi,2025-08-15,0.00450032,0.09197817475349845
Energi,2025-08-18,-0.00238117125,0.08937798771814776
Energi,2025-08-19,0.00890931,0.09908359391790489
Energi,2025-08-20,0.0063331011111111115,0.10604420144775051
Energi,2025-08-21,0.010538844999999998,0.117700629849957
Energi,2025-08-22,0.00608332,0.12449996044553568
Energi,2025-08-25,-0.004661668571428572,0.11925791432135413
Energi,2025-08-26,0.004602572857142858,0.1244093804179518
Energi,2025-08-27,-2.8418875000000025e-4,0.12408983592164269
Energi,2025-08-28,-0.010582298333333334,0.11219438192445197
Energi,2025-08-29,0.0124250425,0.12601344438812467
Energi,2025-09-01,0.0011698988888888889,0.12733076626558826
Energi,2025-09-02,-0.0035794933333333336,0.12329549330327905
Energi,2025-09-03,-0.009846083333333333,0.11223543226825727
Energi,2025-09-04,0.0027177812499999997,0.1152582448716617
Energi,2025-09-05,-0.0108768025,0.10312780120569598
Energi,2025-09-08,-7.636837499999997e-4,0.10228536042974179
Energi,2025-09-09,0.011206308,0.11463790968260867
Energi,2025-09-10,0.00336381,0.11838733982957805
Energi,2025-09-11,-0.0088244,0.10851824258798581
Energi,2025-09-12,-0.0016896114285714283,0.10664527749652941
Energi,2025-09-15,-0.004952261111111111,0.10116488112498856
Energi,2025-09-16,0.0033039174999999997,0.10480303904612276
Energi,2025-09-17,7.410433333333335e-4,0.10562174597285434
Energi,2025-09-18,0.003323968888888889,0.10929679825934713
Energi,2025-09-19,-0.00575874125,0.102908645028718
Energi,2025-09-22,-0.009874085555555556,0.09201843070774252
Energi,2025-09-23,0.00887907,0.10171453879528691
Energi,2025-09-24,0.0053371239999999995,0.10759452590144014
Energi,2025-09-25,0.002916095,0.11082437676044865
Energi,2025-09-26,0.00951103625,0.12138946767520098
Energi,2025-09-29,-0.005069886,0.11570415091248698
Energi,2025-09-30,-0.014384399999999999,0.09965541612410145
Energi,2025-10-01,0.006167700000000001,0.10643776083413004
Energi,2025-10-02,0.005298546666666667,0.11230027294367173
Energi,2025-10-03,-1.1435555555555459e-5,0.11228755317210593
Energi,2025-10-06,0.0050596600000000005,0.11791535001338871
Energi,2025-10-07,-0.00696747125,0.11012630695223669
Energi,2025-10-08,0.002326468571428571,0.11270898091567716
Energi,2025-10-09,-0.0035939224999999996,0.10870999107321233
Energi,2025-10-10,-0.00227964,0.10618253142916201
Energi,2025-10-13,-0.00962228,0.095538533380642
Energi,2025-10-14,-0.01015444,0.08441395307574018
Energi,2025-10-15,0.006486006250000001,0.09144746875297671
Energi,2025-10-16,-0.0036140525,0.08750292029991136
Energi,2025-10-17,-0.01352875,0.07279036516690396
Energi,2025-10-20,0.00293806625,0.07594229433212596
Energi,2025-10-21,0.0026191133333333333,0.07876030914110865
Energi,2025-10-22,0.011279682,0.09092838238244205
Energi,2025-10-23,0.00103736,0.0920600678491903
Energi,2025-10-24,-0.006236171111111112,0.08524979440247105
Energi,2025-10-27,-1.7021888888888885e-4,0.08506506438830108
Energi,2025-10-28,-0.007961909999999999,0.07642587400149714
Energi,2025-10-29,0.00855607125,0.08563585047479738
Energi,2025-10-30,0.00416810375,0.09016089333429589
Energi,2025-10-31,-3.064283333333333e-4,0.08982683714868633
Energi,2025-11-03,6.579299999999999e-4,0.09054386691965166
Energi,2025-11-04,-0.0037547685714285715,0.08644912708237751
Energi,2025-11-05,0.00413632125,0.09094302969377233
Energi,2025-11-06,-5.563328571428573e-4,0.09033610224108268
Energi,2025-11-07,0.003256325,0.09388659094921281
Energi,2025-11-10,4.880375000000006e-5,0.09393997671692578
Energi,2025-11-11,0.0010333999999999999,0.09507045428886518
Energi,2025-11-12,-0.004542243333333334,0.09009637781834146
Energi,2025-11-13,1.4009000000000005e-4,0.09024908941990994
Energi,2025-11-14,-0.00227053,0.08777364615490924
Energi,2025-11-17,0.007387602,0.0958096849187906
Energi,2025-11-18,-0.013137613333333333,0.08141336099140584
Energi,2025-11-19,0.0028086139999999996,0.08445063369687333
Energi,2025-11-20,0.007952301666666666,0.09307451227863894
Energi,2025-11-21,-0.01132215,0.08069855868944331
Finans,2020-01-01,0,0
Finans,2020-01-02,0.010631035,0.010631035000000066
Finans,2020-01-03,-5.4639875e-4,0.010078827465764828
Finans,2020-01-06,-0.002696122222222222,0.007355531492838185
Finans,2020-01-07,0.0016526522222222223,0.009020339850527748
Finans,2020-01-08,0.00195450625,0.010992476411142649
Finans,2020-01-09,6.706366666666666e-4,0.011670485035548017
Finans,2020-01-10,3.359722222222222e-4,0.012010378216562145
Finans,2020-01-13,0.0018627344444444444,0.013895484806201397
Finans,2020-01-14,-0.0031304411111111106,0.010721544698194085
Finans,2020-01-15,-0.0010542000000000004,0.009656042045773194
Finans,2020-01-16,0.00431182,0.014009497160986983
Finans,2020-01-17,0.0101158975,0.02426711329829412
Finans,2020-01-20,-0.0012548644444444442,0.02298179691620228
Finans,2020-01-21,-0.00491282,0.017956071484676484
Finans,2020-01-22,-7.472333333333334e-4,0.01719542077619396
Finans,2020-01-23,-0.00699103625,0.010084170716213592
Finans,2020-01-24,0.00800503625,0.01816993111834808
Finans,2020-01-27,-0.01228408,0.005662650230895849
Finans,2020-01-28,0.0013048699999999999,0.006974909253302464
Finans,2020-01-29,0.003374891428571428,0.010373340243327922
Finans,2020-01-30,-0.00305207,0.007289610082771514
Finans,2020-01-31,0.0014483955555555554,0.00874856387717271
Finans,2020-02-03,0.0038751566666666666,0.012657622599471674
Finans,2020-02-04,0.003802611111111111,0.016508365726919827
Finans,2020-02-05,0.001900655,0.018440397434780653
Finans,2020-02-06,0.002073295,0.020551924818580147
Finans,2020-02-07,-0.0036600685714285714,0.01681663479304074
Finans,2020-02-10,-0.003719918571428571,0.013034159709536475
Finans,2020-02-11,0.009317879999999999,0.022473490445610755
Finans,2020-02-12,-0.0037996711111111113,0.018588427462087775
Finans,2020-02-13,-9.986025000000003e-4,0.017571262511953067
Finans,2020-02-14,0.0029635055555555555,0.02058684060158078
Finans,2020-02-17,0.0011368044444444445,0.021747048257918067
Finans,2020-02-18,-0.003874965,0.017787814207065544
Finans,2020-02-19,0.003766525,0.021621337453971767
Finans,2020-02-20,0.003562932222222223,0.02526130503609636
Finans,2020-02-21,0.00200410625,0.027316037625402245
Finans,2020-02-24,-0.0187342,0.008070093513320442
Finans,2020-02-25,-0.005951418571428572,0.0020706464374835587
Finans,2020-02-26,-0.00834938,-0.00629602217646863
Finans,2020-02-28,-0.009419634999999999,-0.01565635094561435
Finans,2020-03-02,0.0026661133333333335,-0.013031979218288359
Finans,2020-03-03,0.013994872,7.805119006449868e-4
Finans,2020-03-04,-0.007597346666666667,-0.006822764585508234
Finans,2020-03-05,-0.014199540000000002,-0.02092542446686574
Finans,2020-03-10,-0.003023343333333333,-0.023885503057640034
Finans,2020-03-13,0.0111387,-0.013012856510548065
Finans,2020-03-18,0.019264999999999997,0.006001450808776232
Finans,2020-03-19,-0.0014981,0.004494360035319778
Finans,2020-03-20,0.0034001800000000005,0.007909821668424799
Finans,2020-03-23,7.931666666666666e-4,0.008709262141978202
Finans,2020-03-24,0.00638294,0.015147792839674601
Finans,2020-03-25,0.010032263333333333,0.025332022819694267
Finans,2020-03-26,0.00499121,0.030449670265312312
Finans,2020-03-27,0,0.030449670265312312
Finans,2020-03-30,-0.001955435,0.02843469291433709
Finans,2020-03-31,-0.00168633,0.026700412638634985
Finans,2020-04-01,-0.008464066666666666,0.018010351899367283
Finans,2020-04-02,-0.002470666666666667,0.015495187656608067
Finans,2020-04-03,0.0030242800000000003,0.018566329442734064
Finans,2020-04-07,0.0014418999999999999,0.02003500023315774
Finans,2020-04-08,-0.004369115,0.015578350013113917
Finans,2020-04-09,0,0.015578350013113917
Finans,2020-04-10,0,0.015578350013113917
Finans,2020-04-13,0,0.015578350013113917
Finans,2020-04-14,0.00806555,0.023769547974062277
Finans,2020-04-15,0.0022497049999999994,0.02607272744498723
Finans,2020-04-16,-0.009467940000000001,0.016357932425901778
Finans,2020-04-17,0.00889324,0.025396647444869025
Finans,2020-04-20,-7.407539999999997e-4,0.024637080776687803
Finans,2020-04-21,2.0298999999999984e-4,0.024845071857714673
Finans,2020-04-22,0.0028047320000000003,0.027719487625796235
Finans,2020-04-23,0.00384811,0.03167426526332395
Finans,2020-04-24,0.004414573333333333,0.036228666963441736
Finans,2020-04-27,0.0013966850000000004,0.03767595199915963
Finans,2020-04-28,0.009756016666666667,0.047799535881462685
Finans,2020-04-29,8.161759999999998e-4,0.048654724715460285
Finans,2020-04-30,-0.004238146666666667,0.04421037218942314
Finans,2020-05-01,0,0.04421037218942314
Finans,2020-05-04,-0.011715113333333334,0.031977329335382
Finans,2020-05-05,0.002436124,0.034491354074831726
Finans,2020-05-06,-0.002582481666666666,0.031819799118608216
Finans,2020-05-07,0.0016571366666666666,0.03352966554112036
Finans,2020-05-08,0.010466868333333334,0.04434748446893333
Finans,2020-05-11,-0.004030781666666667,0.040137947774906424
Finans,2020-05-12,0.0024293,0.04266475489143606
Finans,2020-05-13,-0.011701393333333334,0.030464124479647747
Finans,2020-05-14,-0.006530474,0.023734705306800663
Finans,2020-05-15,0.005857906666666667,0.029731647661915384
Finans,2020-05-18,0.018411999999999998,0.048691066758666635
Finans,2020-05-19,-0.006453318888888889,0.041923528888943906
Finans,2020-05-20,0.003779374285714286,0.04586134788170737
Finans,2020-05-21,0,0.04586134788170737
Finans,2020-05-22,-0.004337322,0.04132511044859033
Finans,2020-05-25,0.008488325,0.05016421641673885
Finans,2020-05-26,0.0044463950000000006,0.05483366133779333
Finans,2020-05-27,0.0049529050000000005,0.060058152253201325
Finans,2020-05-28,0.0070803724999999994,0.06756375884281574
Finans,2020-05-29,-0.0012747140000000001,0.06620292037352615
Finans,2020-06-01,0,0.06620292037352615
Finans,2020-06-02,0.008984998333333332,0.07578275183607741
Finans,2020-06-03,0.0026676499999999993,0.07865256369401297
Finans,2020-06-04,0.002554408888888889,0.0814078833907359
Finans,2020-06-05,0.007797986666666666,0.0898406876466451
Finans,2020-06-08,0.00111115,0.09105166412672361
Finans,2020-06-09,-0.009137925,0.08108171584880841
Finans,2020-06-10,-0.004378938333333333,0.07634772568181236
Finans,2020-06-12,8.154499999999997e-4,0.07722543343471955
Finans,2020-06-15,0.0028724366666666667,0.08031969526798322
Finans,2020-06-16,0.009033995,0.09007929799343573
Finans,2020-06-17,-0.005600378333333334,0.08397444151133793
Finans,2020-06-18,-0.00563386625,0.07786747448944475
Finans,2020-06-19,-0.009444432857142858,0.06768762749773116
Finans,2020-06-22,-0.0117494,0.0551429384872093
Finans,2020-06-23,0.011487707142857143,0.06726411155840406
Finans,2020-06-24,-6.174200000000001e-4,0.06660516135064576
Finans,2020-06-25,-0.0010279999999999998,0.0655086912447771
Finans,2020-06-26,-0.0053506299999999994,0.059807548476142
Finans,2020-06-29,0.003039252857142857,0.06302857159586961
Finans,2020-06-30,-0.0011412728571428572,0.06181536594074011
Finans,2020-07-01,0.001872826,0.06380396136527344
Finans,2020-07-02,0.0058035479999999995,0.06997779871764709
Finans,2020-07-03,-0.012278244285714286,0.05684034992470077
Finans,2020-07-06,0.008536133333333333,0.06586168006370485
Finans,2020-07-07,-0.0025946237499999995,0.0630961700343966
Finans,2020-07-08,-0.002437382857142857,0.06050499765406059
Finans,2020-07-09,-0.007564834285714286,0.05248245308763577
Finans,2020-07-10,0.0044097175,0.0571236033794591
Finans,2020-07-13,0.0173776,0.07549387450954614
Finans,2020-07-14,0.0017216766666666666,0.07734552721843202
Finans,2020-07-15,0.0035302075,0.0811487804787101
Finans,2020-07-16,-9.928500000000002e-4,0.08007536191201181
Finans,2020-07-17,-0.006504551428571428,0.07304995617372212
Finans,2020-07-20,-0.0027971466666666667,0.07004847806564407
Finans,2020-07-21,-0.00338047125,0.06643120994943685
Finans,2020-07-22,-0.0034222699999999994,0.06278159441256337
Finans,2020-07-23,-0.0020257055555555556,0.06062871183241958
Finans,2020-07-24,-0.008902191428571429,0.05118679200504839
Finans,2020-07-27,-0.005870773333333333,0.04501551261819281
Finans,2020-07-28,5.055344444444445e-4,0.04554380395480018
Finans,2020-07-29,-0.00203910375,0.04341183166336671
Finans,2020-07-30,-0.008310743333333332,0.03474030373944914
Finans,2020-07-31,0.011481810000000002,0.046620995306327906
Finans,2020-08-03,0.012315924285714286,0.05951110024035944
Finans,2020-08-04,0.0035758744444444445,0.0632997789073142
Finans,2020-08-05,0.0032264549999999996,0.06673046779546876
Finans,2020-08-06,0.0028796914285714285,0.06980232238017514
Finans,2020-08-07,-0.0017632199999999998,0.06791602552930809
Finans,2020-08-10,0.00311706875,0.07124479320010968
Finans,2020-08-11,0.0101878275,0.08215845036350555
Finans,2020-08-12,0.004894562,0.08745514199263371
Finans,2020-08-13,-0.0018228811111111111,0.08547284055511484
Finans,2020-08-14,-0.006559778888888888,0.07835237873117906
Finans,2020-08-17,-0.005909837777777777,0.0719794911055971
Finans,2020-08-18,-0.005303037777777778,0.06629474336726116
Finans,2020-08-19,-0.004838942222222222,0.06113500471224764
Finans,2020-08-20,-0.008910112222222221,0.05168017273733305
Finans,2020-08-21,0.0071912600000000005,0.05924307829633202
Finans,2020-08-24,0.00941887875,0.06921996041758205
Finans,2020-08-25,-0.0017501355555555559,0.06734868054814558
Finans,2020-08-26,-0.00199213,0.06522238322116514
Finans,2020-08-27,0.002161668888888889,0.06752504130672232
Finans,2020-08-28,0.0054473874999999995,0.07334026387267367
Finans,2020-08-31,-0.004899294285714286,0.06808165405125499
Finans,2020-09-01,-0.002718095,0.06517850664778657
Finans,2020-09-02,-0.0023802175,0.0626431501256397
Finans,2020-09-03,-4.647633333333332e-4,0.06214927255304348
Finans,2020-09-04,0.004504518571428571,0.06693374367688798
Finans,2020-09-07,0.009191637142857144,0.07674061150423617
Finans,2020-09-08,-0.0047052150000000004,0.07167431542787717
Finans,2020-09-09,0.007502243333333334,0.07971427691630062
Finans,2020-09-10,-0.004015073333333333,0.07537914491543485
Finans,2020-09-11,-0.00624224875,0.06866636079231037
Finans,2020-09-14,3.590877777777777e-4,0.06905010582099291
Finans,2020-09-15,-0.00759445875,0.06093124889065238
Finans,2020-09-16,0.0043890974999999995,0.06558777958283035
Finans,2020-09-17,0.00331236875,0.06911739924430238
Finans,2020-09-18,0.0017992375,0.07104099536092523
Finans,2020-09-21,-0.004170483333333333,0.0665742367404556
Finans,2020-09-22,-0.004465331249999999,0.06181162947069363
Finans,2020-09-23,-0.0038645944444444446,0.05770815814639474
Finans,2020-09-24,-0.00213807125,0.05544670274257135
Finans,2020-09-25,-0.004609697142857142,0.05058141309250086
Finans,2020-09-28,0.00822816625,0.059225771618585776
Finans,2020-09-29,-2.109287499999997e-4,0.05900235045061053
Finans,2020-09-30,0.00536513888888889,0.06468404514443793
Finans,2020-10-01,-0.008092818333333333,0.056067750584685605
Finans,2020-10-02,0.001586625,0.05774333407945709
Finans,2020-10-05,0.00346422,0.06140758969224169
Finans,2020-10-06,-0.0022784224999999997,0.058989254758216036
Finans,2020-10-07,0.00207367125,0.0611852503298671
Finans,2020-10-08,0.004233994444444444,0.06567830278429021
Finans,2020-10-09,4.5428874999999994e-4,0.0661624284483644
Finans,2020-10-12,0.00286608125,0.06921813659399478
Finans,2020-10-13,-0.009676218333333333,0.058872148458351425
Finans,2020-10-14,0.00277209125,0.0618074386759615
Finans,2020-10-15,-0.014399740000000001,0.04651768762896191
Finans,2020-10-16,0.009897842222222222,0.056875954583878174
Finans,2020-10-19,0.006428475,0.06367005523602187
Finans,2020-10-20,2.7335375000000025e-4,0.0639608134343832
Finans,2020-10-21,-8.339712500000001e-4,0.0630735007048524
Finans,2020-10-22,-0.012297482857142857,0.05000037255405165
Finans,2020-10-23,0.00508413375,0.05533871488566633
Finans,2020-10-26,-0.011970209999999998,0.04270608884735472
Finans,2020-10-27,-0.013037606666666668,0.02911169699202465
Finans,2020-10-28,0.0024184,0.03160050072003018
Finans,2020-10-29,0.00621430625,0.038011182159157775
Finans,2020-10-30,-0.0019456719999999996,0.03599155286634392
Finans,2020-11-02,0.0030281400000000003,0.039128680327240595
Finans,2020-11-03,0.006367436,0.0457452656949886
Finans,2020-11-04,0.004338145714285714,0.05028186103759791
Finans,2020-11-05,-2.7382833333333353e-4,0.04999426410605978
Finans,2020-11-06,-0.0021894525,0.04769535153952709
Finans,2020-11-09,0.0172234,0.06574022765723297
Finans,2020-11-10,0.0015945874999999995,0.06743964370250244
Finans,2020-11-11,0.0028607322222222228,0.07049330268651954
Finans,2020-11-12,6.109755555555557e-4,0.07114734792684696
Finans,2020-11-13,-0.001347138888888889,0.06970436367872446
Finans,2020-11-16,0.0041458300000000005,0.07413917612079457
Finans,2020-11-17,0.0011201599999999998,0.07534238386031777
Finans,2020-11-18,0.010010655714285714,0.08610726624012277
Finans,2020-11-19,-0.0064208725,0.0791335099622712
Finans,2020-11-20,0.0024735877777777777,0.08180284142310423
Finans,2020-11-23,0.00331216,0.08538594552235224
Finans,2020-11-24,-0.003990435,0.08105478345683181
Finans,2020-11-25,0.002786185555555556,0.08406680267926347
Finans,2020-11-26,-0.0045908599999999996,0.07909000375751529
Finans,2020-11-27,0.0025163025,0.08180532063169532
Finans,2020-11-30,-0.006019791111111112,0.0752930785786039
Finans,2020-12-01,0.004788845000000001,0.08044249046148955
Finans,2020-12-02,-0.0021717055555555555,0.07809608750249608
Finans,2020-12-03,1.6136888888888863e-4,0.07827005867025183
Finans,2020-12-04,0.0011870785714285714,0.07955004995111215
Finans,2020-12-07,-0.00686362,0.07214042863726688
Finans,2020-12-08,0.0028879425000000003,0.07523670854709641
Finans,2020-12-09,-4.9821e-4,0.07470101486653125
Finans,2020-12-10,-7.233155555555555e-4,0.07392366690490682
Finans,2020-12-11,-0.003828124285714286,0.0698125536346248
Finans,2020-12-14,0.0067982037500000005,0.07708535734854083
Finans,2020-12-15,-1.4507777777777775e-4,0.0769290961984197
Finans,2020-12-16,0.00258181125,0.07970952385443719
Finans,2020-12-17,3.6319624999999996e-4,0.08010167030459026
Finans,2020-12-18,0.0020987533333333332,0.08236853728548121
Finans,2020-12-21,-0.01674655,0.06424259845740288
Finans,2020-12-22,0.002857361666666667,0.06728352446226893
Finans,2020-12-23,0.00741749,0.07520008933213251
Finans,2020-12-24,0,0.07520008933213251
Finans,2020-12-25,0,0.07520008933213251
Finans,2020-12-28,0.009478921428571428,0.08539182649890464
Finans,2020-12-29,0.004547651428571429,0.09032781018924196
Finans,2020-12-30,0.0018073677777777778,0.09229843354059297
Finans,2020-12-31,0,0.09229843354059297
Finans,2021-01-01,0,0.09229843354059297
Finans,2021-01-04,-0.009281,0.08216081177890278
Finans,2021-01-05,0.0024180462499999995,0.08477752667172167
Finans,2021-01-06,0.009735975000000001,0.09533889355195946
Finans,2021-01-07,0.001363256,0.09683212087062754
Finans,2021-01-08,0.008291125,0.10592609308878087
Finans,2021-01-11,-0.00231074,0.10337058542843702
Finans,2021-01-12,0.0060490349999999995,0.11004491271766415
Finans,2021-01-13,-0.008335697142857142,0.10079191451028047
Finans,2021-01-14,0.008447576,0.1100909378682915
Finans,2021-01-15,-0.0026229185714285713,0.10717925973138209
Finans,2021-01-18,0.0066168066666666666,0.11450525083836793
Finans,2021-01-19,0.009535001428571428,0.12513205999726207
Finans,2021-01-20,0.0040835925,0.12972664083897634
Finans,2021-01-21,0.002402602857142857,0.1324409252940466
Finans,2021-01-22,-0.007564858333333333,0.12387417012332813
Finans,2021-01-25,-0.016116096,0.10576170610570035
Finans,2021-01-26,-0.002079574285714286,0.10346219249555544
Finans,2021-01-27,-0.00757912375,0.09509891598518516
Finans,2021-01-28,0.004962928571428571,0.10053381368386849
Finans,2021-01-29,0.0044665477777777775,0.10544940054374763
Finans,2021-02-01,0.0026795075,0.10841146050337502
Finans,2021-02-02,0.015301866666666665,0.12537222488380295
Finans,2021-02-03,0.00365195875,0.12948203782747414
Finans,2021-02-04,0.005191670000000001,0.13534593583880206
Finans,2021-02-05,-0.007630562857142857,0.1266826073107825
Finans,2021-02-08,0.00318861,0.13027515873927986
Finans,2021-02-09,-0.00561206375,0.12393198249339354
Finans,2021-02-10,-0.0038537724999999994,0.11960060432739006
Finans,2021-02-11,0.004671928333333334,0.12483129811276439
Finans,2021-02-12,-0.0057969250000000005,0.11831073543995219
Finans,2021-02-15,0.0012038749999999999,0.11965704177657988
Finans,2021-02-16,-3.290887499999999e-4,0.11928857524027303
Finans,2021-02-17,-6.205214285714286e-4,0.11859403269458135
Finans,2021-02-18,-0.00511431375,0.11287319185250344
Finans,2021-02-19,0.006781525,0.12042016922488097
Finans,2021-02-22,-0.0028730588888888887,0.1172011360983991
Finans,2021-02-23,0.0019306533333333334,0.11935806419581119
Finans,2021-02-24,0.005057572222222222,0.1250192984480083
Finans,2021-02-25,0.0073674585714285715,0.1333078315213816
Finans,2021-02-26,-0.00531175,0.127287983647298
Finans,2021-03-01,0.014779966666666667,0.1439492624693388
Finans,2021-03-02,0.005944908888888889,0.15074993660823077
Finans,2021-03-03,0.008159737142857143,0.16013975360811372
Finans,2021-03-04,-0.0027689644444444444,0.15692736787978623
Finans,2021-03-05,0.006993564285714285,0.1650184138009556
Finans,2021-03-08,0.0107515,0.17754410927693653
Finans,2021-03-09,-0.0031537675,0.17383040893528268
Finans,2021-03-10,0.00409991,0.17864300796718058
Finans,2021-03-11,-0.003987296249999999,0.17394340912142425
Finans,2021-03-12,0.00986293125,0.18552193225697966
Finans,2021-03-15,4.558366666666667e-4,0.18606233662283977
Finans,2021-03-16,0.00262624,0.1891772209737721
Finans,2021-03-17,9.165074999999998e-4,0.19026711081562375
Finans,2021-03-18,0.009218391111111111,0.20123945856981407
Finans,2021-03-19,-7.835777777777778e-4,0.20029819402428894
Finans,2021-03-22,0.002365322857142857,0.2031372867780019
Finans,2021-03-23,-0.007323474999999999,0.1943261409367154
Finans,2021-03-24,0.007905614444444445,0.2037680229278822
Finans,2021-03-25,-0.007221425,0.19507510243291026
Finans,2021-03-26,0.011617269999999999,0.20895861256815085
Finans,2021-03-29,0.002636035,0.21214546978443205
Finans,2021-03-30,0.0013991599999999998,0.2138414552399357
Finans,2021-03-31,-5.834600000000001e-4,0.2131332273044615
Finans,2021-04-01,0,0.2131332273044615
Finans,2021-04-02,0,0.2131332273044615
Finans,2021-04-05,0,0.2131332273044615
Finans,2021-04-06,0.003988351249999999,0.2179716287279978
Finans,2021-04-07,0.0021099522222222224,0.22054149067263618
Finans,2021-04-08,-0.003692618888888889,0.21603449610950576
Finans,2021-04-09,0.004117375555555556,0.2210413668184994
Finans,2021-04-12,0.0022845085714285713,0.22383084628706484
Finans,2021-04-13,0.00455445125,0.22940472421472569
Finans,2021-04-14,-0.0021801675,0.22672441599064608
Finans,2021-04-15,0.00395635,0.2315777671338506
Finans,2021-04-16,0.010637533333333333,0.24467871668432917
Finans,2021-04-19,-0.007291313333333334,0.23560337416165256
Finans,2021-04-20,-0.0073632079999999996,0.22650536951219835
Finans,2021-04-21,-0.007285266666666667,0.21756995082720354
Finans,2021-04-22,0.0013930125,0.21926604098833002
Finans,2021-04-23,0.005730133750000001,0.2262525984800261
Finans,2021-04-26,0.0050074333333333335,0.23239297661674185
Finans,2021-04-27,-0.003460102222222222,0.22812877093969908
Finans,2021-04-28,0.005385771111111112,0.2347431913949507
Finans,2021-04-29,0.0019978866666666667,0.23721006835379588
Finans,2021-04-30,-0.008548366,0.22663394387062263
Finans,2021-05-03,0.005523758888888889,0.23340957402149076
Finans,2021-05-04,-0.002942555,0.22978019851240594
Finans,2021-05-05,0.0038936549999999998,0.2345685383312448
Finans,2021-05-06,0.00231789625,0.23743014011661057
Finans,2021-05-07,0.0040998712500000005,0.24250344437195803
Finans,2021-05-10,0.00230207,0.24536377427614342
Finans,2021-05-11,-0.013716197142857142,0.2282821192335993
Finans,2021-05-12,-0.004986985555555556,0.22215669404683425
Finans,2021-05-13,0,0.22215669404683425
Finans,2021-05-14,0.00876599625,0.2328701150437611
Finans,2021-05-17,0,0.2328701150437611
Finans,2021-05-18,0.006899508888888889,0.2413763133613509
Finans,2021-05-19,-0.011529297777777779,0.22706411619032796
Finans,2021-05-20,0.014429748333333334,0.24477034257581853
Finans,2021-05-21,0.005580474285714285,0.2517167514641825
Finans,2021-05-24,0,0.2517167514641825
Finans,2021-05-25,-0.0029491812500000002,0.24802521189045335
Finans,2021-05-26,-0.007706335714285715,0.23840751062773302
Finans,2021-05-27,0.00933204625,0.2499643867932584
Finans,2021-05-28,0.004895554999999999,0.25608365619684603
Finans,2021-05-31,-0.00353812,0.25163948149118287
Finans,2021-06-01,0.006789375714285715,0.2601373321898601
Finans,2021-06-02,-0.0019764824999999996,0.25764669280519015
Finans,2021-06-03,0.00167886125,0.25975810710393143
Finans,2021-06-04,0.002738487777777778,0.2632079392831921
Finans,2021-06-07,-5.100122222222222e-4,0.26256368779494954
Finans,2021-06-08,-0.00557434625,0.2555257206365036
Finans,2021-06-09,-0.0032551822222222225,0.25143875563114504
Finans,2021-06-10,0.00428845,0.2568054881627313
Finans,2021-06-11,-0.004534915,0.2511059821023798
Finans,2021-06-14,0.013530519999999999,0.2680340966153356
Finans,2021-06-15,-0.0012827088888888892,0.2664075780081929
Finans,2021-06-16,-3.927422222222221e-4,0.2659102062817671
Finans,2021-06-17,0.00232690625,0.26885586065270295
Finans,2021-06-18,-0.005960925000000001,0.2612923060315415
Finans,2021-06-21,0.00782568,0.2711627760050066
Finans,2021-06-22,0.007507517777777778,0.2807060531443135
Finans,2021-06-23,3.795457142857142e-4,0.2811921396380441
Finans,2021-06-24,-0.004337578888888889,0.2756348676605398
Finans,2021-06-25,0.005677841111111112,0.2828777197549095
Finans,2021-06-28,-0.01245628857142857,0.26689782467578627
Finans,2021-06-29,-0.00653346125,0.2586205968305577
Finans,2021-06-30,-0.006901985714285714,0.24993361545152748
Finans,2021-07-01,0.00551946375,0.25683257873191856
Finans,2021-07-02,0.007116142222222222,0.2657763781116971
Finans,2021-07-05,0.006024294285714286,0.2734017875133474
Finans,2021-07-06,-0.010496565,0.26003544287959746
Finans,2021-07-07,-5.978814285714284e-4,0.25928209108895794
Finans,2021-07-08,-0.005930433333333334,0.2518140025998943
Finans,2021-07-09,0.00569837,0.2589473019578894
Finans,2021-07-12,0.0057466225000000004,0.26618199684963506
Finans,2021-07-13,-0.0019097787500000003,0.263763869378419
Finans,2021-07-14,0.0054781412500000005,0.2706869463615207
Finans,2021-07-15,0.0022862514285714288,0.27359205620790683
Finans,2021-07-16,-0.0037320600000000006,0.2688389342386155
Finans,2021-07-20,0.010285323749999999,0.2818893534638647
Finans,2021-07-21,5.358916666666666e-4,0.2825763072859746
Finans,2021-07-22,-0.0023417877777777776,0.27957278576550504
Finans,2021-07-23,-0.003469824444444444,0.27513289283500986
Finans,2021-07-26,0.00863769625,0.2861471034417027
Finans,2021-07-27,-0.003957662222222222,0.2810569676381909
Finans,2021-07-28,0.004745955,0.28713680635903804
Finans,2021-07-29,0.0032166466666666664,0.2912770706767571
Finans,2021-07-30,-0.0028696187499999996,0.287571597783298
Finans,2021-08-02,-7.104987499999999e-4,0.28665677977253745
Finans,2021-08-03,-0.0019974844444444447,0.2840867028696028
Finans,2021-08-04,0.0017533022222222222,0.28633809493927
Finans,2021-08-05,-3.748262499999999e-4,0.2858559416549118
Finans,2021-08-06,0.00680544,0.2946067571144879
Finans,2021-08-09,0.00135835375,0.29636529105778964
Finans,2021-08-10,0.006478735,0.30476409824175077
Finans,2021-08-11,9.121733333333332e-4,0.3059542692584576
Finans,2021-08-12,-8.03265e-4,0.30490524190236146
Finans,2021-08-13,3.753050000000001e-4,0.3053949793641737
Finans,2021-08-16,-0.00352489875,0.30079359423315655
Finans,2021-08-17,-0.0017035614285714287,0.2985776124394883
Finans,2021-08-18,0.002489707777777778,0.30181069122122683
Finans,2021-08-19,-0.01202459,0.2861569514016751
Finans,2021-08-20,1.8807444444444434e-4,0.28639884465577814
Finans,2021-08-23,0.0019449374999999998,0.28890081000870604
Finans,2021-08-24,-9.963000000000003e-5,0.28877239682100475
Finans,2021-08-25,0.00438503,0.29442370244423666
Finans,2021-08-26,0.00304320875,0.2983629039817224
Finans,2021-08-27,-0.0032836199999999997,0.2940995735829499
Finans,2021-08-30,-0.005991417777777778,0.28634608239157044
Finans,2021-08-31,-0.006949427142857143,0.2774067140114904
Finans,2021-09-01,0.0033758757142857143,0.28171908031458726
Finans,2021-09-02,0.00477298,0.2878366998505473
Finans,2021-09-03,-0.0035953511111111113,0.28320647474080984
Finans,2021-09-06,0.003968907777777778,0.28829940289890366
Finans,2021-09-07,-0.006117311111111111,0.28041847464711234
Finans,2021-09-08,-0.004109288888888889,0.27515686523611693
Finans,2021-09-09,7.854225000000001e-4,0.2761584021291026
Finans,2021-09-10,-0.00785143111111111,0.2661387323479205
Finans,2021-09-13,-0.00188525375,0.2637517395547413
Finans,2021-09-14,-5.226787499999999e-4,0.2630912033752004
Finans,2021-09-15,-0.001496225,0.2612013347394304
Finans,2021-09-16,0.00365614875,0.2658124744229362
Finans,2021-09-17,-0.0011863275,0.2643108062746853
Finans,2021-09-20,-0.0176081,0.24204869516672
Finans,2021-09-21,-2.488566666666667e-4,0.24173960306860298
Finans,2021-09-22,0.01423733,0.25941865957155974
Finans,2021-09-23,0.01430754,0.27743784242012626
Finans,2021-09-24,0.001076055,0.2788124357976516
Finans,2021-09-27,0.010348018571428572,0.29204561063265944
Finans,2021-09-28,-8.111225e-4,0.2909976033668491
Finans,2021-09-29,-0.00114748125,0.28951620782319076
Finans,2021-09-30,0.0058950255555555555,0.2971179388226117
Finans,2021-10-01,-0.0010278357142857143,0.2957847146794492
Finans,2021-10-04,0.008732457499999999,0.3071000996295372
Finans,2021-10-05,0.00144872,0.30899372168587247
Finans,2021-10-06,-7.475562499999999e-4,0.30801517524801536
Finans,2021-10-07,0.01136106125,0.3228756157699375
Finans,2021-10-08,-0.0021037114285714286,0.32009266721846363
Finans,2021-10-11,7.347444444444445e-4,0.32106259797185444
Finans,2021-10-12,0.0082979675,0.3320247324752903
Finans,2021-10-13,2.0205666666666663e-4,0.332293876952652
Finans,2021-10-14,0.01356049625,0.3503604430749663
Finans,2021-10-15,0.0011891333333333331,0.3519662016898415
Finans,2021-10-18,-9.719874999999996e-5,0.35183479226499514
Finans,2021-10-19,0.0030350211111111114,0.35593763939825385
Finans,2021-10-20,0.0020513775000000002,0.3587191793631186
Finans,2021-10-21,0.0062305699999999995,0.367184774320483
Finans,2021-10-22,0.008934345,0.3793996747730093
Finans,2021-10-25,-0.0035563788888888894,0.3744940068903062
Finans,2021-10-26,-0.003969595555555556,0.3690378215894168
Finans,2021-10-27,0.0024469142857142857,0.3723877397927471
Finans,2021-10-28,0.0016986771428571428,0.37471898347747024
Finans,2021-10-29,-0.009074295555555554,0.3622443771155628
Finans,2021-11-01,1.8854166666666656e-4,0.3625012169408317
Finans,2021-11-02,0.005990545000000001,0.3706633417934704
Finans,2021-11-03,0.004349725,0.37662535039785294
Finans,2021-11-04,0.0024766387500000002,0.3800347540848805
Finans,2021-11-05,0.007040902,0.38975144354498625
Finans,2021-11-08,0.00124758875,0.3914852818112493
Finans,2021-11-09,0.002798411111111111,0.3953792296848173
Finans,2021-11-10,-0.0014739225,0.3933225488421521
Finans,2021-11-11,0.00255488,0.3968823207557379
Finans,2021-11-12,-0.0015375625,0.39473452688243094
Finans,2021-11-15,-0.005747256666666667,0.3867186295745757
Finans,2021-11-16,0.0011447877777777777,0.3883061281129292
Finans,2021-11-17,-0.0033598911111111106,0.3836415706935816
Finans,2021-11-18,-0.0034334555555555557,0.3788908988557862
Finans,2021-11-19,0.0033618987500000004,0.38352659044503556
Finans,2021-11-22,0.00651746375,0.3925436748454223
Finans,2021-11-23,0.0045561544444444445,0.3988883188986523
Finans,2021-11-24,-0.0031503471428571427,0.3944813350800336
Finans,2021-11-25,-0.0013081222222222223,0.39265718305714126
Finans,2021-11-26,-0.0053780500000000005,0.3851674030938008
Finans,2021-11-29,0.0029320214285714287,0.3892287436018307
Finans,2021-11-30,-0.013565840000000001,0.37038268874272706
Finans,2021-12-01,0.004090378333333334,0.3759880724011353
Finans,2021-12-02,-0.002433705,0.3726393233493923
Finans,2021-12-03,1.0457777777777781e-4,0.37278287091951867
Finans,2021-12-06,-0.00234204625,0.3695677499446173
Finans,2021-12-07,0.003066934,0.3737681238422259
Finans,2021-12-08,-0.00564928,0.3660073230555667
Finans,2021-12-09,-0.00791088,0.3552010030437529
Finans,2021-12-10,0.004710673333333333,0.3615849122700976
Finans,2021-12-13,-0.0084314,0.35010484524078356
Finans,2021-12-14,-0.010715595555555554,0.3356376677615873
Finans,2021-12-15,-0.0016137122222222222,0.33348233293266016
Finans,2021-12-16,0.01362236,0.3516475093255087
Finans,2021-12-17,-0.008387226250000001,0.34031093585454686
Finans,2021-12-20,-0.00789212,0.3297330411114705
Finans,2021-12-21,0.007524714285714286,0.33973890232210824
Finans,2021-12-22,0.0019130375,0.3423018730824592
Finans,2021-12-23,0.008346112857142856,0.35350487600355973
Finans,2021-12-24,0,0.35350487600355973
Finans,2021-12-27,0.004720727777777778,0.3598944040690677
Finans,2021-12-28,0.0114934875,0.3755243334035552
Finans,2021-12-29,0.006599838888888889,0.384602572391765
Finans,2021-12-30,0.004694966666666666,0.3911032353157251
Finans,2021-12-31,0,0.3911032353157251
Finans,2022-01-03,-0.0016281824999999997,0.3888382653722908
Finans,2022-01-04,-2.453657142857143e-4,0.3884974920792805
Finans,2022-01-05,0.00785385125,0.39940254484306914
Finans,2022-01-06,-0.0022993999999999996,0.39618475863145686
Finans,2022-01-07,0.00958112125,0.4095617740913071
Finans,2022-01-10,0.0020229325,0.4124132224148742
Finans,2022-01-11,8.075762500000003e-4,0.4135538537884822
Finans,2022-01-12,0.01070508,0.4286860608775962
Finans,2022-01-13,0.004154463333333334,0.4346214847323564
Finans,2022-01-14,-0.0025270585714285716,0.43099611221260803
Finans,2022-01-17,-0.0011219777777777779,0.42939056637461914
Finans,2022-01-18,-0.0023920300000000003,0.42597142125813403
Finans,2022-01-19,-0.007611578571428571,0.41511752774461597
Finans,2022-01-20,-0.007563438888888889,0.40441437280292414
Finans,2022-01-21,-0.012762715714285715,0.3864902314177836
Finans,2022-01-25,0.009921857142857142,0.4002467894238779
Finans,2022-01-26,0.015463974999999998,0.42190017076935904
Finans,2022-01-27,0.0018524462499999999,0.42453416440857517
Finans,2022-01-28,-0.0060060475,0.4159783445517644
Finans,2022-01-31,-0.00340752375,0.4111533647132186
Finans,2022-02-01,0.006372354285714286,0.42014573390464927
Finans,2022-02-02,0.011035515000000001,0.43581777345334016
Finans,2022-02-03,0.002542,0.4394676222334586
Finans,2022-02-04,2.290242857142855e-4,0.4397972952774496
Finans,2022-02-07,0.008101508888888888,0.45146182586333805
Finans,2022-02-08,-0.005608332857142857,0.44332154481446007
Finans,2022-02-09,0.0018858542857142857,0.4460434389354122
Finans,2022-02-10,-0.0032682942857142853,0.441317343427045
Finans,2022-02-11,0.00280328125,0.4453577613111739
Finans,2022-02-14,-0.008521358,0.43304135038896296
Finans,2022-02-15,-6.522644444444443e-4,0.4321066284686854
Finans,2022-02-16,-0.00211899125,0.42907200705389337
Finans,2022-02-17,-0.010867098888888888,0.4135421402338957
Finans,2022-02-18,8.123685714285714e-4,0.4146904574430115
Finans,2022-02-21,-0.007596515714285715,0.4039437391521956
Finans,2022-02-22,0.0019782744444444443,0.40672112517279824
Finans,2022-02-23,5.022074999999999e-4,0.40742759107226867
Finans,2022-02-24,-0.013550876666666666,0.3883557133683846
Finans,2022-02-25,0.005171726666666667,0.39553590963403074
Finans,2022-02-28,-0.0038133657142857143,0.3902142208431778
Finans,2022-03-01,-0.010235334285714286,0.375984913564094
Finans,2022-03-02,0.0013724233333333336,0.37787334736578426
Finans,2022-03-03,-0.005539888333333334,0.37024008288390164
Finans,2022-03-04,-0.00652482,0.36129951298629903
Finans,2022-03-07,-0.00713432,0.3515875666448107
Finans,2022-03-08,0.00418231125,0.35724032653014914
Finans,2022-03-09,0.00668689,0.36631604329722034
Finans,2022-03-10,-1.0871249999999943e-5,0.36630118973393455
Finans,2022-03-11,0.009825594285714286,0.3797259108963491
Finans,2022-03-14,0.012793494999999998,0.3973774274387718
Finans,2022-03-15,-0.008526236666666666,0.3854630567797712
Finans,2022-03-16,0.012205786666666668,0.402373723285373
Finans,2022-03-17,0.0029577114285714284,0.40652154007386243
Finans,2022-03-18,5.980988888888891e-4,0.40736277904417895
Finans,2022-03-21,0.009668099999999999,0.4209693031282562
Finans,2022-03-22,0.014011023333333332,0.44087853719033654
Finans,2022-03-23,-0.00811095,0.42919164341911253
Finans,2022-03-24,-0.0023534771428571424,0.42582807355356334
Finans,2022-03-25,0.0024364,0.42930196107196905
Finans,2022-03-28,0.008431603333333332,0.4413532682512833
Finans,2022-03-29,-0.0019616500000000005,0.4385258376126182
Finans,2022-03-30,0.0042033,0.4445723932658552
Finans,2022-03-31,-0.01354869125,0.42500032792122244
Finans,2022-04-01,6.056988888888889e-4,0.42586344903651074
Finans,2022-04-04,-0.006304362500000001,0.4168742889782844
Finans,2022-04-05,-0.005980136666666667,0.40840118709070805
Finans,2022-04-06,-0.00814803375,0.3969254866847529
Finans,2022-04-07,0.0038265262499999997,0.40227085872884594
Finans,2022-04-08,8.662639999999998e-4,0.4034855954920118
Finans,2022-04-11,-8.223888888888876e-5,0.4033701743960669
Finans,2022-04-12,-0.008959402222222223,0.3907968165369824
Finans,2022-04-13,0.0026270912499999997,0.3944505666842344
Finans,2022-04-14,0,0.3944505666842344
Finans,2022-04-15,0,0.3944505666842344
Finans,2022-04-18,0,0.3944505666842344
Finans,2022-04-19,2.5886500000000016e-4,0.39481154113017913
Finans,2022-04-20,0.006836881249999999,0.4043477020030155
Finans,2022-04-21,0.009088279999999999,0.41711080713617554
Finans,2022-04-22,-0.00597901625,0.40863787859225775
Finans,2022-04-25,-0.0158002,0.38638111838292444
Finans,2022-04-26,7.201520000000002e-4,0.3873795235180899
Finans,2022-04-27,0.003442475,0.3921555428433128
Finans,2022-04-28,-0.007591555,0.38158691747126294
Finans,2022-04-29,0.005090418333333333,0.3886197728450522
Finans,2022-05-02,-0.011453793333333333,0.3727148089483048
Finans,2022-05-03,0.00830383,0.384113599360294
Finans,2022-05-04,-0.0077072799999999995,0.37344584829821637
Finans,2022-05-05,-0.0016599955555555554,0.37116593429424527
Finans,2022-05-06,-0.00213275,0.3682415801478791
Finans,2022-05-09,-0.00996285,0.354609994521103
Finans,2022-05-10,0.0068862737500000005,0.3639382097678612
Finans,2022-05-11,-0.0018252762499999997,0.36144864574710445
Finans,2022-05-12,0.00759334375,0.3717865933122342
Finans,2022-05-13,0.005706024,0.379614040536552
Finans,2022-05-16,0.0047419714285714286,0.3861561308992323
Finans,2022-05-17,0,0.3861561308992323
Finans,2022-05-18,0.005435111666666667,0.39369004425810417
Finans,2022-05-19,-0.009978598333333333,0.3797829711052869
Finans,2022-05-20,0.005083231428571429,0.386796727268617
Finans,2022-05-23,0.014119492857142858,0.4063775937535954
Finans,2022-05-24,-0.002416478888888889,0.4029791119884836
Finans,2022-05-25,0.00410988,0.40874518778126245
Finans,2022-05-26,0,0.40874518778126245
Finans,2022-05-27,0.014142506249999999,0.4286683754041165
Finans,2022-05-30,-0.004940638888888889,0.4216098408692692
Finans,2022-05-31,0.0014969475,0.4237379161665338
Finans,2022-06-01,-0.010030052499999999,0.40945775012114294
Finans,2022-06-02,0.0014514033333333331,0.41150344179786114
Finans,2022-06-03,0.0016889555555555558,0.41388740837757143
Finans,2022-06-06,0,0.41388740837757143
Finans,2022-06-07,-0.002851992222222222,0.4098550124857807
Finans,2022-06-08,9.894033333333332e-4,0.41124992773465063
Finans,2022-06-09,0.001838858888888889,0.41384501720870936
Finans,2022-06-10,-0.0170426,0.3897494221184281
Finans,2022-06-13,-0.008987296666666667,0.3772593317695214
Finans,2022-06-14,0.004301468571428571,0.3831835694998349
Finans,2022-06-15,0.004926741666666667,0.38999815762433854
Finans,2022-06-16,-0.018110400000000002,0.3648247349904987
Finans,2022-06-17,0.004554002222222222,0.3710401498665892
Finans,2022-06-20,0.007639622857142857,0.3815143795335707
Finans,2022-06-21,-0.005941632857142858,0.3733059283035185
Finans,2022-06-22,-0.015967020000000002,0.35137832508017763
Finans,2022-06-23,-0.00432456125,0.34553420674144597
Finans,2022-06-24,0.0014485625,0.34748329713579884
Finans,2022-06-27,0.007853061666666666,0.3580651665630099
Finans,2022-06-28,0.007653988333333334,0.36845978150378933
Finans,2022-06-29,-0.01298894,0.3506849395094236
Finans,2022-06-30,-0.014478016666666666,0.33112970044379053
Finans,2022-07-01,-0.009804675,0.3180784063480917
Finans,2022-07-04,0.0074546675,0.32790424260634676
Finans,2022-07-05,-0.004754215000000001,0.321591100337584
Finans,2022-07-06,-0.005351336666666667,0.3145188214240071
Finans,2022-07-07,0.0104441175,0.3282478104509212
Finans,2022-07-08,0.0033466942857142854,0.3326930498081697
Finans,2022-07-11,-0.001732521111111111,0.33038413096474617
Finans,2022-07-12,0.0035629475,0.3351242197782067
Finans,2022-07-13,-0.00702789125,0.32574111195636424
Finans,2022-07-14,-0.012438699999999999,0.3092506159870727
Finans,2022-07-15,-0.00213525,0.30645503860928613
Finans,2022-07-18,0.007680256,0.3164889477582955
Finans,2022-07-19,0.009230567777777778,0.32864088821927373
Finans,2022-07-20,-0.0019266875,0.32608101242795273
Finans,2022-07-21,-0.0036430875000000003,0.321249983267589
Finans,2022-07-22,0.009817195555555555,0.33422095273110153
Finans,2022-07-25,0.0043319211111111115,0.34000069264312405
Finans,2022-07-26,-0.011113262857142859,0.32510891271702747
Finans,2022-07-27,0.006604853333333334,0.3338610627362162
Finans,2022-07-28,0.0038756599999999995,0.3390306547026205
Finans,2022-07-29,0.008535061428571428,0.35045936359524776
Finans,2022-08-01,3.392275000000003e-4,0.35091747654901173
Finans,2022-08-02,-0.004796913333333334,0.3444372424935209
Finans,2022-08-03,0.00462598,0.350656582288551
Finans,2022-08-04,0.0019436362499999998,0.35328176738318806
Finans,2022-08-05,0.008746572499999999,0.3651183444745334
Finans,2022-08-08,0.00233017125,0.3682993039936753
Finans,2022-08-09,0.004690742222222222,0.37471764331155577
Finans,2022-08-10,0.005895630000000001,0.38282246989099256
Finans,2022-08-11,5.114233333333334e-4,0.38352967756795264
Finans,2022-08-12,0.003659051111111111,0.388592083371913
Finans,2022-08-15,-0.0069873757142857144,0.37888946877151053
Finans,2022-08-16,0.01067107875,0.3936037068803169
Finans,2022-08-17,-0.007097975714285715,0.38371194161354194
Finans,2022-08-18,-0.0014430674999999999,0.3817151518812374
Finans,2022-08-19,9.26118888888889e-4,0.3829947843824588
Finans,2022-08-22,-0.01142986875,0.3671873355150328
Finans,2022-08-23,0.00475095875,0.3736827861495873
Finans,2022-08-24,-0.0014616722222222226,0.37167491217892756
Finans,2022-08-25,-9.34591111111111e-4,0.3703929569986708
Finans,2022-08-26,-0.006517625,0.3614612496023124
Finans,2022-08-29,-0.012120678000000001,0.34495941618640513
Finans,2022-08-30,-0.0018979274999999997,0.34240678072404096
Finans,2022-08-31,0.002046644285714286,0.34515420989091417
Finans,2022-09-01,0.003138215,0.3493755930097071
Finans,2022-09-02,0.0060503375,0.35753977076167853
Finans,2022-09-05,-0.0017922988888888888,0.3551066537389198
Finans,2022-09-06,-0.01300246,0.3374869336779456
Finans,2022-09-07,-0.0074837675,0.32747749243201185
Finans,2022-09-08,0.0116604575,0.34295648731472217
Finans,2022-09-09,0.0027011971428571426,0.3465840775412383
Finans,2022-09-12,0.010893982857142857,0.36125374139767397
Finans,2022-09-13,-0.0029175671428571426,0.3572821922086806
Finans,2022-09-14,-0.009644707142857143,0.3441916029546128
Finans,2022-09-15,0.0017828971428571424,0.34658815832297307
Finans,2022-09-16,-0.011519018333333332,0.33107678463980106
Finans,2022-09-19,-8.493899999999999e-4,0.329946181329696
Finans,2022-09-20,-0.0011186377777777777,0.32845845328884926
Finans,2022-09-21,0.0024433777777777776,0.3317043791523162
Finans,2022-09-22,-0.0055378833333333335,0.32432955566608146
Finans,2022-09-23,-0.011186116666666666,0.30951545075128584
Finans,2022-09-26,-0.0044006424999999995,0.3037527414043031
Finans,2022-09-27,-5.671788888888887e-4,0.3030132803730474
Finans,2022-09-28,-0.013680954,0.28518681562287473
Finans,2022-09-29,0.00257136,0.28849149359309467
Finans,2022-09-30,0.009152012000000001,0.30028378320435656
Finans,2022-10-03,0.00447476375,0.3061022459421523
Finans,2022-10-04,0.0114221875,0.32102079068947464
Finans,2022-10-05,-0.00709102375,0.3116534008884517
Finans,2022-10-06,-0.007388437142857143,0.30196233218277246
Finans,2022-10-07,-0.004691568750000001,0.29585408639142674
Finans,2022-10-10,0.007636574444444445,0.30574997259129244
Finans,2022-10-11,-0.00317094875,0.3016095063478914
Finans,2022-10-12,-0.002998077142857143,0.2977071806379843
Finans,2022-10-13,0.010154094285714286,0.31088422170543084
Finans,2022-10-14,0.0027299933333333336,0.3144629268914585
Finans,2022-10-17,0.00592331375,0.32224890322018007
Finans,2022-10-18,0.01461451,0.3415729230387803
Finans,2022-10-19,0.00734458375,0.3514262177287708
Finans,2022-10-20,-0.00480369,0.3449343851209292
Finans,2022-10-21,-0.002938071111111111,0.34098287225766555
Finans,2022-10-24,0.0038141575000000005,0.34609759213725844
Finans,2022-10-25,-0.005955395,0.33808104926753235
Finans,2022-10-26,-8.372077777777778e-4,0.33696079740578844
Finans,2022-10-27,0.007300108,0.3467207556186167
Finans,2022-10-28,1.4398833333333351e-4,0.3469146676956838
Finans,2022-10-31,-0.0010557837499999998,0.34549261707689394
Finans,2022-11-01,5.109999999999956e-6,0.34549949254416723
Finans,2022-11-02,-0.0066630199999999995,0.3365344025153558
Finans,2022-11-03,0.0045976,0.34267925308436054
Finans,2022-11-04,0.006883405714285714,0.3519214591274942
Finans,2022-11-07,0.00316228,0.3561966133192638
Finans,2022-11-08,0.008803474444444445,0.36813585554626216
Finans,2022-11-09,-0.004068922222222222,0.3625690171606111
Finans,2022-11-10,0.004227078888888889,0.3683287038877048
Finans,2022-11-11,-0.00398853625,0.36287107525033324
Finans,2022-11-14,0.006013572222222222,0.37106679889092886
Finans,2022-11-15,-0.0014081244444444445,0.3691361662164443
Finans,2022-11-16,0.0022368875,0.3721987697924518
Finans,2022-11-17,-0.00327879125,0.3676996164727957
Finans,2022-11-18,0.0036826100000000002,0.3727363207574146
Finans,2022-11-21,-0.009800478888888887,0.3592828474258205
Finans,2022-11-22,0.010338655714285714,0.37333600480369
Finans,2022-11-23,0.0018541344444444443,0.3758823543939924
Finans,2022-11-24,0.0065514944444444445,0.38489643999501366
Finans,2022-11-25,5.1726625e-4,0.38561280018316824
Finans,2022-11-28,-0.00738005,0.37538690843717637
Finans,2022-11-29,0.011276435,0.3908963695100194
Finans,2022-11-30,-0.0042356166666666665,0.38500506566571646
Finans,2022-12-01,0.005762794444444445,0.39298656516366237
Finans,2022-12-02,-0.003967951111111111,0.38745926257465824
Finans,2022-12-05,1.9159999999999997e-4,0.38772509976936753
Finans,2022-12-06,-0.00313347375,0.38337669959702425
Finans,2022-12-07,-0.013921866666666666,0.3641175136354611
Finans,2022-12-08,-0.007655933333333333,0.3536739208922355
Finans,2022-12-09,0.007782703750000001,0.3642091639926408
Finans,2022-12-12,-0.008384385000000001,0.35277110914119825
Finans,2022-12-13,0.00848846111111111,0.3642540540933781
Finans,2022-12-14,-0.0021572433333333337,0.36131102613021215
Finans,2022-12-15,-1.7743833333333316e-4,0.36106947737058737
Finans,2022-12-16,0.00821894125,0.3722560274422644
Finans,2022-12-19,-0.0013641728571428566,0.37038403301657685
Finans,2022-12-20,0.003180573333333333,0.3747426399284155
Finans,2022-12-21,0.0106896425,0.3894381472787565
Finans,2022-12-22,0.00831501125,0.40099134110455825
Finans,2022-12-23,0.005752205,0.4090501305018168
Finans,2022-12-26,0,0.4090501305018168
Finans,2022-12-27,0.003941484444444445,0.4146038796726321
Finans,2022-12-28,-3.211255555555557e-4,0.41414961421588137
Finans,2022-12-29,0.004389187777777778,0.4203565824185467
Finans,2022-12-30,0.00105854,0.42186008667530017
Finans,2023-01-02,0.0016137488888888886,0.4241546118103281
Finans,2023-01-03,-0.002376932222222222,0.4207694928240897
Finans,2023-01-04,0.0029779799999999994,0.4250005159583301
Finans,2023-01-05,-0.0047933925,0.4181699291726393
Finans,2023-01-06,0.0037786150000000004,0.4235286473395601
Finans,2023-01-09,0.0085857675,0.4357507333352071
Finans,2023-01-10,-0.007179073333333333,0.4254433735322065
Finans,2023-01-11,-0.0025699857142857142,0.4217800044257056
Finans,2023-01-12,0.00762977,0.4326278588500727
Finans,2023-01-13,0.007015842222222223,0.44267894987092493
Finans,2023-01-16,-0.005348636666666667,0.4349625843414171
Finans,2023-01-17,-0.00536953,0.4272575096959186
Finans,2023-01-18,-0.0051919255555555556,0.4198472949569696
Finans,2023-01-19,-0.004830078888888889,0.412989320512152
Finans,2023-01-20,0.004073875,0.41874566238025346
Finans,2023-01-23,0.006158364444444444,0.4274828152231658
Finans,2023-01-24,0.00180168,0.4300546824616971
Finans,2023-01-25,-0.001273985714285714,0.4282328132255935
Finans,2023-01-26,-7.771233333333334e-4,0.4271229001810035
Finans,2023-01-27,0.00552184125,0.4350032462800426
Finans,2023-01-30,-0.0048505399999999995,0.4280427056338316
Finans,2023-01-31,-0.0018811225,0.42535638236930273
Finans,2023-02-01,0.0061006122222222224,0.4340519289366074
Finans,2023-02-02,0.0029883455555555554,0.43833737164488107
Finans,2023-02-03,0.006844448888888889,0.448181998270083
Finans,2023-02-06,-5.327733333333333e-4,0.4474104455195913
Finans,2023-02-07,-0.0038286362499999997,0.4418688374192463
Finans,2023-02-08,0.007768064,0.45306936682792465
Finans,2023-02-09,-0.0032667812499999997,0.44832250706542176
Finans,2023-02-10,9.230511111111111e-4,0.4496593827648159
Finans,2023-02-13,0.00583555,0.4581189425759091
Finans,2023-02-14,0.0024322455555555555,0.4616654458934608
Finans,2023-02-15,0.007920824444444445,0.47324304128689354
Finans,2023-02-16,0.0019151062499999998,0.4760644582430311
Finans,2023-02-17,-0.00799367375,0.4642652805298657
Finans,2023-02-20,-0.0019056022222222221,0.4614749733573651
Finans,2023-02-21,-0.00135112,0.4595003452913624
Finans,2023-02-22,-2.7716777777777777e-4,0.4590958188239922
Finans,2023-02-23,0.0066019075,0.4687286344535049
Finans,2023-02-24,3.253011111111112e-4,0.4692064135102132
Finans,2023-02-27,0.011626339999999999,0.48628790680386347
Finans,2023-02-28,0.003036611111111111,0.49080118517597415
Finans,2023-03-01,0.00244163375,0.49444117566423973
Finans,2023-03-02,-0.0017786744444444446,0.49178305133636036
Finans,2023-03-03,-2.9180555555555557e-4,0.49134774075429677
Finans,2023-03-06,4.3435375000000005e-4,0.49199551323804736
Finans,2023-03-07,-0.0054136012499999995,0.48391844446258747
Finans,2023-03-08,-9.621933333333333e-4,0.48249062802811515
Finans,2023-03-09,-0.00787535125,0.4708154936075606
Finans,2023-03-10,-0.006961678571428571,0.46057614890318765
Finans,2023-03-13,-0.016386750000000002,0.43664205269514844
Finans,2023-03-14,0.0090541,0.44964955350445557
Finans,2023-03-16,-0.0033920114285714287,0.44473232565154475
Finans,2023-03-17,-4.678888888888804e-6,0.44472556590951884
Finans,2023-03-20,0.009247394285714285,0.45808551285213595
Finans,2023-03-21,0.012776374285714286,0.47671455910491245
Finans,2023-03-22,-0.0025505344444444445,0.472948147757303
Finans,2023-03-23,-0.00955075857142857,0.45888037560983985
Finans,2023-03-24,-0.015484199999999998,0.4362907800978222
Finans,2023-03-27,0.011182257499999999,0.45235175344575196
Finans,2023-03-28,-0.0023187677777777777,0.44898408699786296
Finans,2023-03-29,0.013500064285714286,0.46854546532131125
Finans,2023-03-30,0.00712467,0.479008367141722
Finans,2023-03-31,0.006362503750000001,0.4884185634239424
Finans,2023-04-03,0.009400022857142858,0.5024097319411234
Finans,2023-04-04,-0.004266783333333333,0.49599927513703923
Finans,2023-04-05,-4.811657142857145e-4,0.4952794515772472
Finans,2023-04-06,0,0.4952794515772472
Finans,2023-04-07,0,0.4952794515772472
Finans,2023-04-10,0,0.4952794515772472
Finans,2023-04-11,0.0011317766666666669,0.4969717739706885
Finans,2023-04-12,-4.157255555555554e-4,0.49634944454830343
Finans,2023-04-13,-3.5418777777777757e-4,0.49581945586375986
Finans,2023-04-14,0.009077228333333333,0.5093973506100777
Finans,2023-04-17,-0.0052582325,0.501460588405686
Finans,2023-04-18,0.00598498875,0.5104468131358624
Finans,2023-04-19,0.004957711111111111,0.5179351720840886
Finans,2023-04-20,0.00293828125,0.522395292538939
Finans,2023-04-21,-4.76808888888889e-4,0.5216694009310539
Finans,2023-04-24,0.00447005625,0.5284713487471193
Finans,2023-04-25,1.6148250000000007e-4,0.5287181701216934
Finans,2023-04-26,-0.0021705225,0.5254000529372853
Finans,2023-04-27,0.00235215,0.528988022671802
Finans,2023-04-28,0.008076857142857143,0.5413374405040616
Finans,2023-05-01,0,0.5413374405040616
Finans,2023-05-02,0.0014594628571428573,0.5435869652488012
Finans,2023-05-03,0.0036822114285714287,0.5492707788132343
Finans,2023-05-04,-0.009760725999999999,0.5341487712414317
Finans,2023-05-05,0.0056935785714285715,0.5428835678107553
Finans,2023-05-08,0.005504147777777778,0.5513758269718907
Finans,2023-05-09,-0.004827305555555555,0.5438868618235946
Finans,2023-05-10,-0.004599809999999999,0.5367852755977098
Finans,2023-05-11,-0.0014695999999999997,0.5345268159566916
Finans,2023-05-12,0.0021999785714285716,0.5379027420690787
Finans,2023-05-15,0.00446152125,0.5447641278332536
Finans,2023-05-16,-0.003778214444444444,0.5389276776922143
Finans,2023-05-17,0,0.5389276776922143
Finans,2023-05-18,0,0.5389276776922143
Finans,2023-05-19,0.013948901250000001,0.5603940278992348
Finans,2023-05-22,-0.0051827999999999996,0.5523068177314385
Finans,2023-05-23,0.006276654444444445,0.5620501112180938
Finans,2023-05-24,-0.00828187875,0.5491134015955617
Finans,2023-05-25,0.003003002857142857,0.5537653935665914
Finans,2023-05-26,-0.0034848975,0.5483506804309646
Finans,2023-05-29,0,0.5483506804309646
Finans,2023-05-30,-4.570555555555538e-5,0.5482799122029205
Finans,2023-05-31,-0.00125163125,0.5463420366810601
Finans,2023-06-01,0.0015208642857142856,0.5486938130581469
Finans,2023-06-02,0.010568155,0.5650606493220867
Finans,2023-06-05,1.9580999999999993e-4,0.5653671038478303
Finans,2023-06-06,-0.0012853614285714288,0.5633550413509898
Finans,2023-06-07,0.008236545714285715,0.5762316866167361
Finans,2023-06-08,-0.0019302911111111108,0.5731891006030083
Finans,2023-06-09,7.064455555555555e-4,0.5743004730511778
Finans,2023-06-12,-0.006344525555555556,0.5643122834677814
Finans,2023-06-13,0.00318621375,0.5692965167746604
Finans,2023-06-14,-7.703255555555555e-4,0.5680876475635446
Finans,2023-06-15,-0.00297273625,0.5634261365704551
Finans,2023-06-16,0.0046393499999999996,0.5706794176171532
Finans,2023-06-19,-0.005555401111111111,0.5619536634353235
Finans,2023-06-20,0.0024690675,0.5658102324622178
Finans,2023-06-21,-0.0011829566666666665,0.5639579468089917
Finans,2023-06-22,-0.00479956375,0.5564516309409628
Finans,2023-06-23,-0.006338696666666667,0.5465857561760894
Finans,2023-06-26,0.0026377988888888885,0.550665338365302
Finans,2023-06-27,0.0028214588888888894,0.5550404768679247
Finans,2023-06-28,0.00881254875,0.5687443468785465
Finans,2023-06-29,0.010458043333333333,0.5851503432371237
Finans,2023-06-30,0.003448866666666667,0.5906173154175696
Finans,2023-07-03,0.0010395555555555557,0.5922708504845748
Finans,2023-07-04,2.5097111111111115e-4,0.592670464469111
Finans,2023-07-05,-0.0051244544444444436,0.5845088972289267
Finans,2023-07-06,-0.0062176425,0.5746569873678882
Finans,2023-07-07,-0.0040589785714285715,0.5682654883988116
Finans,2023-07-10,-0.0043745166666666665,0.5614050848820529
Finans,2023-07-11,0.0027204687500000002,0.5656528386215656
Finans,2023-07-12,-8.948762499999997e-4,0.5642517730805381
Finans,2023-07-13,9.4401e-4,0.5657284423968438
Finans,2023-07-14,-0.002341522,0.5620622548029459
Finans,2023-07-17,3.9921125000000015e-4,0.5626858476282635
Finans,2023-07-18,0.0059754575,0.5720236104966177
Finans,2023-07-19,0.0050905222222222225,0.5800260316197086
Finans,2023-07-20,0.007032137777777778,0.5911369923665337
Finans,2023-07-21,0.004696188888888889,0.5986092722307854
Finans,2023-07-24,0.0028145787500000003,0.6031086839179591
Finans,2023-07-25,-7.601122222222221e-4,0.6018901414137625
Finans,2023-07-26,0.00108103,0.6036218327133349
Finans,2023-07-27,0.0043876,0.610657883866548
Finans,2023-07-28,-4.037799999999999e-4,0.6100075324262004
Finans,2023-07-31,0.006169357777777777,0.6199402449186546
Finans,2023-08-01,0.0012441611111111111,0.6219557115737064
Finans,2023-08-02,-0.008247115714285715,0.6085792551369114
Finans,2023-08-03,-0.0013280166666666668,0.6064430350764352
Finans,2023-08-04,0.006829471111111111,0.6174141913761355
Finans,2023-08-07,0.00153491125,0.6198967786143885
Finans,2023-08-08,-0.015060800000000001,0.595499837211033
Finans,2023-08-09,0.0110153075,0.6130747585341123
Finans,2023-08-10,7.547942857142858e-4,0.6142922981442838
Finans,2023-08-11,0.0035227144444444445,0.6199789889405121
Finans,2023-08-14,0.003930101111111111,0.6263456701649237
Finans,2023-08-15,-0.005137190000000001,0.6179908234516092
Finans,2023-08-16,0.004968976666666667,0.6260305821002212
Finans,2023-08-17,0.001929288888888889,0.6291676648352607
Finans,2023-08-18,-0.008796930000000001,0.6148359909294412
Finans,2023-08-21,5.655949999999999e-4,0.6157493340917313
Finans,2023-08-22,-0.0024203825,0.611838602679109
Finans,2023-08-23,0.002987578888888889,0.6166540976607693
Finans,2023-08-24,-0.0018967755555555556,0.6135876676865375
Finans,2023-08-25,0.005837838888888888,0.6230075325235895
Finans,2023-08-28,0.008771272857142857,0.6372433744405523
Finans,2023-08-29,2.4174125000000015e-4,0.6376391637004437
Finans,2023-08-30,0.00334834375,0.6431225425589753
Finans,2023-08-31,0.005300747777777778,0.6518323207250611
Finans,2023-09-01,4.6913222222222205e-4,0.6526072484924212
Finans,2023-09-04,-0.003609323333333333,0.6466424545896019
Finans,2023-09-05,0.0014177788888888887,0.6489770294992672
Finans,2023-09-06,-0.00582186,0.6393769160903067
Finans,2023-09-07,-0.003133327777777778,0.6342402108608733
Finans,2023-09-08,5.957811111111112e-4,0.6352138603095223
Finans,2023-09-11,0.0015721044444444445,0.6377845872869323
Finans,2023-09-12,0.00397711,0.6442982367468768
Finans,2023-09-13,-0.00237009,0.6404011019389455
Finans,2023-09-14,0.008832568888888889,0.6548900576772303
Finans,2023-09-15,0.00547295,0.6639471882183949
Finans,2023-09-18,-0.00422132625,0.6569231242741547
Finans,2023-09-19,5.121949999999998e-4,0.6577717920137924
Finans,2023-09-20,0.003190438888888889,0.663060811607936
Finans,2023-09-21,2.1755499999999997e-4,0.6634226188028056
Finans,2023-09-22,-0.0014637333333333336,0.6609878116682433
Finans,2023-09-25,-0.010832725000000001,0.6429947874760893
Finans,2023-09-26,-0.0010335455555555556,0.6412966775156925
Finans,2023-09-27,-0.00440869,0.6340607092664958
Finans,2023-09-28,-8.99118888888889e-4,0.6325914944172031
Finans,2023-09-29,0.0018020733333333333,0.635533544013519
Finans,2023-10-02,-0.001787257142857143,0.6326104250045985
Finans,2023-10-03,-0.008097786249999999,0.6193898947533896
Finans,2023-10-04,-0.008286852222222222,0.605970250005408
Finans,2023-10-05,0.006151202222222223,0.6158488977760643
Finans,2023-10-06,0.0064589687499999994,0.6262856153115219
Finans,2023-10-09,9.130374999999989e-5,0.6264341012867711
Finans,2023-10-10,0.010806234444444444,0.6440097294937153
Finans,2023-10-11,0.007564198888888889,0.6564453460628741
Finans,2023-10-12,0.006761097777777778,0.6676447350111498
Finans,2023-10-13,-0.006446246666666666,0.6568946856969
Finans,2023-10-16,6.887788888888891e-4,0.6580359197775203
Finans,2023-10-17,-0.0015894549999999998,0.6554005462946504
Finans,2023-10-18,0.004924771428571428,0.6635530156078837
Finans,2023-10-19,-0.01038848857142857,0.6462712141172757
Finans,2023-10-20,-0.0099050275,0.6299648524689856
Finans,2023-10-23,-0.006531211249999999,0.6193192076874356
Finans,2023-10-24,-0.0036031775,0.6134845131529783
Finans,2023-10-25,-0.0071290642857142865,0.6019818783347064
Finans,2023-10-26,-0.0020445125,0.5987066063596775
Finans,2023-10-27,0.00435635375,0.6056711378794424
Finans,2023-10-30,7.153475000000002e-4,0.6068197507137463
Finans,2023-10-31,0.011012965,0.6245156003896655
Finans,2023-11-01,-0.0024058624999999997,0.6206072392260231
Finans,2023-11-02,0.0018818557142857143,0.6236569882197733
Finans,2023-11-03,0.005778244285714286,0.6330388749339144
Finans,2023-11-06,0.0021886577777777776,0.6366130381689521
Finans,2023-11-07,2.4034142857142854e-4,0.6370063840845643
Finans,2023-11-08,0.0038594487499999997,0.6433243263273616
Finans,2023-11-09,0.005185084285714285,0.6518451014681335
Finans,2023-11-10,-0.006405951111111111,0.6412634625050002
Finans,2023-11-13,0.004207341111111111,0.6481688177449623
Finans,2023-11-14,0.006113058888888889,0.6582441707866677
Finans,2023-11-15,0.0035383688888888888,0.6641116503707605
Finans,2023-11-16,-0.00899815625,0.649137713723279
Finans,2023-11-17,0.0039021487500000003,0.655572894391462
Finans,2023-11-20,-0.0021043266666666664,0.6520890282011835
Finans,2023-11-21,-0.003378567777777778,0.6465073334444829
Finans,2023-11-22,0.0010236355555555555,0.6481927568934793
Finans,2023-11-23,0.00404421125,0.6548583965830768
Finans,2023-11-24,0.002800383333333333,0.6594926344558949
Finans,2023-11-27,-0.00219127625,0.6558562276589617
Finans,2023-11-28,-0.0034355466666666666,0.6501674563155486
Finans,2023-11-29,0.0020947455555555554,0.653624137260588
Finans,2023-11-30,0.005240316666666666,0.6622896513874768
Finans,2023-12-01,0.0030212011111111115,0.6673117627292371
Finans,2023-12-04,8.090350000000002e-4,0.6686606763011969
Finans,2023-12-05,0.005208912222222222,0.6773525832927239
Finans,2023-12-06,3.366177777777776e-4,0.6779172099918616
Finans,2023-12-07,-0.004081617777777778,0.6710685932779195
Finans,2023-12-08,0.004252905,0.678175489253614
Finans,2023-12-11,0.00381861,0.6845837869586326
Finans,2023-12-12,4.6092625e-4,0.6853602558463663
Finans,2023-12-13,0.002196205,0.6890616524670572
Finans,2023-12-14,-0.0011161542857142858,0.6871763990648203
Finans,2023-12-15,0.0018978200000000001,0.6903783561784935
Finans,2023-12-18,-4.911728571428571e-4,0.6895480882116369
Finans,2023-12-19,-0.0037422833333333335,0.6832253205602572
Finans,2023-12-20,-0.0027247722222222227,0.6786389149630534
Finans,2023-12-21,-0.006396425555555556,0.6679016261088337
Finans,2023-12-22,0.003818745,0.6742709171040289
Finans,2023-12-25,0,0.6742709171040289
Finans,2023-12-26,0,0.6742709171040289
Finans,2023-12-27,0.00751343375,0.6868504407192417
Finans,2023-12-28,0.00246215125,0.6910037216404217
Finans,2023-12-29,0.00454454375,0.6986885620348295
Finans,2024-01-01,0,0.6986885620348295
Finans,2024-01-02,-0.00555797,0.6892473019676968
Finans,2024-01-03,0.0011962066666666668,0.6912679908519592
Finans,2024-01-04,0.004335472222222222,0.6986004362466314
Finans,2024-01-05,-0.004162048888888889,0.6915307781882847
Finans,2024-01-08,5.6963333333333405e-5,0.6916271334198463
Finans,2024-01-09,0.003277245555555556,0.697171010924504
Finans,2024-01-10,0.0018096400000000002,0.7002422794727134
Finans,2024-01-11,-0.0018227122222222222,0.6971432270891795
Finans,2024-01-12,0.008185755555555556,0.7110356266888984
Finans,2024-01-15,-0.006923073333333334,0.6991900015693853
Finans,2024-01-16,-0.006760878571428572,0.6877019842989891
Finans,2024-01-17,-0.0066058455555555555,0.6765532856469052
Finans,2024-01-18,0.005327542222222223,0.6854851940639948
Finans,2024-01-19,0.0016082211111111112,0.6881958269355535
Finans,2024-01-22,0.010625362499999999,0.7061335195677307
Finans,2024-01-23,1.163244444444443e-4,0.7063319846015426
Finans,2024-01-24,-0.0028021400000000003,0.7015506034942112
Finans,2024-01-25,2.0836888888888888e-4,0.7019051537028496
Finans,2024-01-26,0.0032583887499999997,0.707450622309242
Finans,2024-01-29,-0.007167167777777777,0.6952130372268805
Finans,2024-01-30,-0.003132538888888889,0.6899027164628158
Finans,2024-01-31,-0.0045280985714285715,0.6822506703865474
Finans,2024-02-01,-0.0018577585714285715,0.6791254547843453
Finans,2024-02-02,0.00823343,0.6929504166775304
Finans,2024-02-05,-0.007467697777777778,0.6803079746130196
Finans,2024-02-06,0.004601348571428571,0.688039657311565
Finans,2024-02-07,-0.007202545714285714,0.6758814745122514
Finans,2024-02-08,-0.00433239,0.6686209023708893
Finans,2024-02-09,9.963155555555553e-4,0.6702833753322464
Finans,2024-02-12,0.0072431,0.6823814048481154
Finans,2024-02-13,-0.00228458875,0.67853785521739
Finans,2024-02-14,0.0024944066666666665,0.6827248112336965
Finans,2024-02-15,0.002366297777777778,0.6867066392151304
Finans,2024-02-16,0.0037501022222222223,0.693031961531088
Finans,2024-02-19,-0.004198074444444444,0.6859244873197567
Finans,2024-02-20,-0.0027999611111111113,0.6812039643189913
Finans,2024-02-21,-0.004698528888888889,0.6733047789245241
Finans,2024-02-22,-0.002650458888888889,0.6688697533994032
Finans,2024-02-23,0.00253319625,0.6730973280004529
Finans,2024-02-26,-0.0020163788888888892,0.6697237298692165
Finans,2024-02-27,0.0011872144444444442,0.6717060499995489
Finans,2024-02-28,0.004364811111111111,0.6790027311410989
Finans,2024-02-29,0.0013829333333333334,0.6813246799847514
Finans,2024-03-01,0.002338177777777778,0.685255915988721
Finans,2024-03-04,-0.0030800088888888887,0.6800653127874232
Finans,2024-03-05,-0.0023625488888888886,0.6760960763494366
Finans,2024-03-06,-0.0020238455555555554,0.6727039167546327
Finans,2024-03-07,0.003263706666666667,0.6781631316791044
Finans,2024-03-08,0.008553258888888889,0.6925168954021441
Finans,2024-03-11,8.759400000000001e-4,0.6939994386515027
Finans,2024-03-12,0.010930256666666667,0.7125152873091529
Finans,2024-03-13,0.006628406666666666,0.7238665350563214
Finans,2024-03-14,-0.004845768888888889,0.7155130762321489
Finans,2024-03-15,-2.1034374999999997e-4,0.7151522287785201
Finans,2024-03-18,-0.00142415,0.7127095947319053
Finans,2024-03-19,0.0023362155555555555,0.7167108535292672
Finans,2024-03-20,2.0256999999999984e-4,0.7170586076468664
Finans,2024-03-21,0.006023222222222222,0.7274008332093032
Finans,2024-03-22,0.0029490644444444447,0.7324950495878246
Finans,2024-03-25,0.00300151,0.737695150804113
Finans,2024-03-26,0.006443963333333334,0.7488927946404058
Finans,2024-03-27,-6.543688888888889e-4,0.747748373605591
Finans,2024-03-28,0,0.747748373605591
Finans,2024-03-29,0,0.747748373605591
Finans,2024-04-01,0,0.747748373605591
Finans,2024-04-02,9.209525e-4,0.7493579668396342
Finans,2024-04-03,0.0069664614285714285,0.7615448016403865
Finans,2024-04-04,-2.9971428571429398e-6,0.7615395220389667
Finans,2024-04-05,0.009403814444444445,0.7781047128407763
Finans,2024-04-08,0.004018841111111111,0.7852506331606013
Finans,2024-04-09,0.0019664844444444445,0.7887613007601462
Finans,2024-04-10,0.00942645875,0.805622985375358
Finans,2024-04-11,-0.013543449999999999,0.781168620754076
Finans,2024-04-12,0.0030954371428571427,0.7866821162604498
Finans,2024-04-15,-0.0017448337499999997,0.783564653003477
Finans,2024-04-16,-0.007627894285714286,0.7699598103786298
Finans,2024-04-17,1.7431111111111116e-4,0.7702683340397991
Finans,2024-04-18,-0.0016865266666666668,0.7672827292872855
Finans,2024-04-19,0.0016042522222222222,0.7701178965330393
Finans,2024-04-22,0.004467086,0.7780251654069916
Finans,2024-04-23,-2.0776777777777763e-4,0.7776557490695419
Finans,2024-04-24,8.106728571428571e-4,0.7790968463346566
Finans,2024-04-25,0.0023438757142857144,0.7832668282261428
Finans,2024-04-26,0.002060578888888889,0.7869413902056417
Finans,2024-04-29,0.0051998675,0.7962332486649768
Finans,2024-04-30,0.00368869625,0.8028590075134527
Finans,2024-05-01,0,0.8028590075134527
Finans,2024-05-02,-0.00167381125,0.7998413618245128
Finans,2024-05-03,8.233766666666667e-4,0.8013233092055407
Finans,2024-05-06,0.010263640000000001,0.8198114431748351
Finans,2024-05-07,0.005152019999999999,0.8291871481263007
Finans,2024-05-08,0.0028269149999999997,0.8343581047131461
Finans,2024-05-09,0,0.8343581047131461
Finans,2024-05-10,0.007384484444444445,0.8479038936029408
Finans,2024-05-13,0.00636083375,0.859658103056127
Finans,2024-05-14,-0.00642216,0.8477150811730041
Finans,2024-05-15,-0.002213,0.8436260876983683
Finans,2024-05-16,0.001366708888888889,0.846145787860213
Finans,2024-05-17,0,0.846145787860213
Finans,2024-05-20,0,0.846145787860213
Finans,2024-05-21,-0.0052500866666666665,0.8364533624746453
Finans,2024-05-22,0.004675633333333333,0.8450399450313437
Finans,2024-05-23,0.0018696425,0.848489510126772
Finans,2024-05-24,0.0027172733333333337,0.8535123613795861
Finans,2024-05-27,0.0037735322222222224,0.8605066499995393
Finans,2024-05-28,-0.00242812875,0.8559891003131093
Finans,2024-05-29,-0.005400254444444444,0.8459662869253028
Finans,2024-05-30,0.00759382875,0.8599842387864869
Finans,2024-05-31,0.00446615375,0.8682912143694839
Finans,2024-06-03,-0.002161657777777778,0.8642526081347881
Finans,2024-06-04,-0.0077177525,0.8498647679077245
Finans,2024-06-05,-0.004840281111111111,0.8409109024135106
Finans,2024-06-06,0.0031246775,0.846663155289787
Finans,2024-06-07,-0.0018214433333333332,0.843299562996672
Finans,2024-06-10,-0.004896915,0.8342730817171402
Finans,2024-06-11,-0.007697657142857143,0.8201534764277096
Finans,2024-06-12,0.010106644285714285,0.8385491201593707
Finans,2024-06-13,-0.007835312222222222,0.8241435137670301
Finans,2024-06-14,-6.473488888888889e-4,0.822962656490219
Finans,2024-06-17,0.009343664,0.839995807037011
Finans,2024-06-18,0.00268794125,0.844941607666573
Finans,2024-06-19,0.00208917375,0.8487960112435928
Finans,2024-06-20,6.174244444444445e-4,0.8499375030937257
Finans,2024-06-21,-0.0010074455555555556,0.8480737917781784
Finans,2024-06-24,0.010247154999999999,0.8670112903739673
Finans,2024-06-25,-0.004687474444444444,0.8582597226628501
Finans,2024-06-26,-0.00890762,0.8417070511920641
Finans,2024-06-27,8.951333333333336e-5,0.8418719085292399
Finans,2024-06-28,0.003563144444444444,0.8484347641874941
Finans,2024-07-01,0.008950148571428571,0.8649785299515655
Finans,2024-07-02,0.0038632966666666668,0.8721834952897325
Finans,2024-07-03,-0.003946585555555555,0.8647947629498725
Finans,2024-07-04,0.0055380425,0.8751220756008662
Finans,2024-07-05,-0.00353096625,0.8685010828372897
Finans,2024-07-08,0.0015356399999999998,0.8713704278401377
Finans,2024-07-09,-0.006817901428571429,0.8586116087267801
Finans,2024-07-10,-0.00242854625,0.8540978844742002
Finans,2024-07-11,0.00993544375,0.872519169712388
Finans,2024-07-12,0.005290635714285714,0.8824259865073527
Finans,2024-07-15,-0.0050964375,0.8728323201187422
Finans,2024-07-16,8.146355555555554e-4,0.8743579959163046
Finans,2024-07-17,0.002051958888888889,0.8782041014669852
Finans,2024-07-18,0.005089828571428572,0.8877638383656061
Finans,2024-07-19,0.0014606214285714284,0.8905211466800054
Finans,2024-07-22,0.004043235555555555,0.8981649689987914
Finans,2024-07-23,8.136988888888888e-4,0.8997095037249938
Finans,2024-07-24,-0.0016072144444444444,0.8966562631703585
Finans,2024-07-25,-0.006949551111111111,0.8834753535292472
Finans,2024-07-26,0.0025787577777777776,0.8883323802464136
Finans,2024-07-29,0.008524975714285715,0.9044303679285137
Finans,2024-07-30,0.0013762588888888891,0.9070513571506451
Finans,2024-07-31,0.005845001428571428,0.9181980750575496
Finans,2024-08-01,-0.009554824444444445,0.8998700292007034
Finans,2024-08-02,-0.0163218,0.8688607305580953
Finans,2024-08-06,0.0032793222222222223,0.874989327082053
Finans,2024-08-07,0.0114024,0.8963687053851732
Finans,2024-08-08,-0.004094066249999999,0.8886048462708998
Finans,2024-08-09,-3.5170888888888893e-4,0.8879406071588676
Finans,2024-08-12,0.0043927775,0.8962339101793315
Finans,2024-08-13,0.006884543333333334,0.9092886147040973
Finans,2024-08-14,0.011787284444444443,0.9317939426921538
Finans,2024-08-15,0.0030195833333333333,0.9376271554849411
Finans,2024-08-16,0.006284499999999999,0.9498041733435865
Finans,2024-08-19,2.961766666666668e-4,0.9503816598443
Finans,2024-08-20,-0.0046066325,0.9413969683026573
Finans,2024-08-21,-0.002476883333333333,0.9365883545084848
Finans,2024-08-22,0.0010351388888888888,0.9385929924260059
Finans,2024-08-23,0.0038211244444444443,0.9460005974971935
Finans,2024-08-26,0.0025991855555555555,0.9510586141413107
Finans,2024-08-27,-0.00523532,0.9408441979575244
Finans,2024-08-28,-3.635211111111112e-4,0.9401386601181891
Finans,2024-08-29,-0.00318341,0.9339624033061824
Finans,2024-08-30,0.009509065555555555,0.9523525785812008
Finans,2024-09-02,-0.0033017888888888887,0.9459063225300479
Finans,2024-09-03,-0.011546892857142856,0.9234371507137566
Finans,2024-09-04,5.908333333333364e-5,0.9235507937920779
Finans,2024-09-05,0.003173847142857143,0.9296558499830954
Finans,2024-09-06,-0.00847806888888889,0.9132960947550912
Finans,2024-09-09,0.00351033,0.9200123954353927
Finans,2024-09-10,-0.005681201111111112,0.9091044188810979
Finans,2024-09-11,-0.0020359711111111113,0.9052175374361615
Finans,2024-09-12,0.004395414444444444,0.91359175812001725
Finans,2024-09-13,0.00639265125,0.9258246828645531
Finans,2024-09-16,0.0016264688888888888,0.9289569767966868
Finans,2024-09-17,-0.005323726250000001,0.9186877379041936
Finans,2024-09-18,-0.0015198944444444443,0.9157715350707294
Finans,2024-09-19,0.0074183224999999995,0.929983346154204
Finans,2024-09-20,-1.911655555555556e-4,0.9296143998156234
Finans,2024-09-23,-9.583275e-4,0.9277651972718841
Finans,2024-09-24,-0.0026739922222222224,0.9226103681281086
Finans,2024-09-25,-0.00944962625,0.9044424187249229
Finans,2024-09-26,0.00455151625,0.9131105193409388
Finans,2024-09-27,0.006390818888888888,0.9253368621844749
Finans,2024-09-30,0.0073281622222222224,0.9394460430429872
Finans,2024-10-01,-0.002751343333333333,0.9341099611021011
Finans,2024-10-02,0.00144509,0.9369049240657901
Finans,2024-10-03,-0.00331884,0.9304766465276035
Finans,2024-10-04,0.008030662222222222,0.9459796524037549
Finans,2024-10-07,0.0010399377777777776,0.9480033501590766
Finans,2024-10-08,2.120000000000001e-4,0.9484163268693107
Finans,2024-10-09,0.006824778888888888,0.9617138374836947
Finans,2024-10-10,0.006554275555555556,0.9745714505357093
Finans,2024-10-11,0.0026235585714285714,0.9797518543896602
Finans,2024-10-14,-0.0011347733333333333,0.9775052847786816
Finans,2024-10-15,0.0023374828571428572,0.9821276694817609
Finans,2024-10-16,0.008012696666666666,0.9980098572519254
Finans,2024-10-17,0.005325334444444444,1.0086499279650885
Finans,2024-10-18,0.0010311844444444442,1.0107212165251402
Finans,2024-10-21,0.00462232375,1.0200154209589134
Finans,2024-10-22,0.00942202,1.0390480466554965
Finans,2024-10-23,0.003982131428571429,1.0471678039664507
Finans,2024-10-24,-7.179125000000002e-4,1.045698116610386
Finans,2024-10-25,0.00118513375,1.0481225424906921
Finans,2024-10-28,1.9204444444444454e-4,1.0485158730465192
Finans,2024-10-29,9.994044444444445e-4,1.0505631689145565
Finans,2024-10-30,4.4141375000000024e-4,1.051468315692559
Finans,2024-10-31,-0.007820088888888889,1.0354256511111042
Finans,2024-11-01,0.0064747912500000004,1.048604607306944
Finans,2024-11-04,-0.008627321111111112,1.0309306375300054
Finans,2024-11-05,-6.363124999999998e-5,1.0308014068748759
Finans,2024-11-06,0.0050410125,1.0410387021519498
Finans,2024-11-07,8.090516666666665e-4,1.042690007915657
Finans,2024-11-08,-0.0019081225000000001,1.0387923051510275
Finans,2024-11-11,0.0036873411111111114,1.0463100278348278
Finans,2024-11-12,-0.00294613375,1.0402813247988605
Finans,2024-11-13,-0.009215754285714285,1.0214785934357824
Finans,2024-11-14,0.00235811625,1.0262454749559904
Finans,2024-11-15,0.006289632857142857,1.0389898150719108
Finans,2024-11-18,-0.006930075555555556,1.0248594615964541
Finans,2024-11-19,-0.007654949999999999,1.0093592636609063
Finans,2024-11-20,0.006092233333333333,1.0216007491456232
Finans,2024-11-21,0.0035651655555555555,1.0288080905035626
Finans,2024-11-22,9.271155555555555e-4,1.0306890300435052
Finans,2024-11-25,0.008612055,1.0481774356581366
Finans,2024-11-26,-0.011912341666666668,1.0237788462506194
Finans,2024-11-27,0.005845308888888889,1.0356084587297532
Finans,2024-11-28,0.0022544666666666664,1.0401976701463442
Finans,2024-11-29,-0.0028446644444444446,1.0343939923744405
Finans,2024-12-02,0.0012302555555555555,1.036896816885748
Finans,2024-12-03,0.011532112222222222,1.0603865395631615
Finans,2024-12-04,0.003760237777777778,1.0681340828660515
Finans,2024-12-05,-0.00119724,1.0656580300166811
Finans,2024-12-06,-0.0095382075,1.0459553551023406
Finans,2024-12-09,0.002798107142857143,1.0516801573954195
Finans,2024-12-10,-0.0027955799999999998,1.0459445213810077
Finans,2024-12-11,0.0019943844444444444,1.0500249213086468
Finans,2024-12-12,-0.001338052857142857,1.0472818796054755
Finans,2024-12-13,0.005963825555555555,1.0594915115984929
Finans,2024-12-16,0.0017069374999999997,1.0630069348905722
Finans,2024-12-17,-0.01076627,1.0407960452176677
Finans,2024-12-18,0.0016952088888888888,1.0442556208139302
Finans,2024-12-19,-0.0026046366666666663,1.0389310776679186
Finans,2024-12-20,-0.003389957777777778,1.0320191874028257
Finans,2024-12-23,0.004588865555555556,1.0413438502601262
Finans,2024-12-24,0,1.0413438502601262
Finans,2024-12-25,0,1.0413438502601262
Finans,2024-12-26,0,1.0413438502601262
Finans,2024-12-27,0.009386271111111111,1.060504457069667
Finans,2024-12-30,0.0022572766666666667,1.0651555857021728
Finans,2024-12-31,0,1.0651555857021728
Finans,2025-01-01,0,1.0651555857021728
Finans,2025-01-02,0.00415178,1.0737296573597792
Finans,2025-01-03,0.0026824855555555556,1.0792924072117742
Finans,2025-01-06,-0.006626936666666666,1.065513068117701
Finans,2025-01-07,0.0042177199999999995,1.0742248238953622
Finans,2025-01-08,0.0017337987499999995,1.0778211123022508
Finans,2025-01-09,0.003349882857142857,1.0847815696265615
Finans,2025-01-10,-0.00451263,1.0753737217720176
Finans,2025-01-13,9.674987499999998e-4,1.0773816432536147
Finans,2025-01-14,0.01368135125,1.1058030311952693
Finans,2025-01-15,0.007502004444444444,1.121600774894421
Finans,2025-01-16,-0.005435583333333334,1.110068637082418
Finans,2025-01-17,0.0070339788888888885,1.1249108153297622
Finans,2025-01-20,-0.002878897777777778,1.1187934143055331
Finans,2025-01-21,0.00628899125,1.132118487548658
Finans,2025-01-22,0.008848987499999999,1.1509855773934952
Finans,2025-01-23,-2.3819625000000017e-4,1.1504732206951558
Finans,2025-01-24,-0.0036981949999999996,1.142520351382747
Finans,2025-01-27,0.004453724444444445,1.1520625466444203
Finans,2025-01-28,0.012437896666666668,1.1788296782197873
Finans,2025-01-29,0.0030125888888888883,1.185393596299173
Finans,2025-01-30,0.0037169399999999997,1.1935165731730013
Finans,2025-01-31,-0.002907445555555556,1.187139043161292
Finans,2025-02-03,-0.010891818749999999,1.1633171211221307
Finans,2025-02-04,0.004566123333333333,1.173195093906286
Finans,2025-02-05,-1.5877555555555536e-4,1.1728500436479203
Finans,2025-02-06,-0.0022591755555555555,1.1679411939434234
Finans,2025-02-07,-0.0017333575000000002,1.1641833768153425
Finans,2025-02-10,1.8996555555555558e-4,1.164594497112843
Finans,2025-02-11,0.006596181111111111,1.178872554447914
Finans,2025-02-12,-0.003881183333333333,1.1704159506041334
Finans,2025-02-13,-0.0020537466666666667,1.1659584660802995
Finans,2025-02-14,-0.005119818571428572,1.1548691517007188
Finans,2025-02-17,0.006632867777777778,1.1691621138623618
Finans,2025-02-18,0.001230777777777778,1.1718318703885013
Finans,2025-02-19,-0.004056875,1.1630210199693192
Finans,2025-02-20,-0.002663772222222222,1.1572592246602418
Finans,2025-02-21,0.0072317511111111114,1.172859986455133
Finans,2025-02-24,0.003493676666666666,1.1804512566897452
Finans,2025-02-25,2.178744444444445e-4,1.1809263212959347
Finans,2025-02-26,0.01084772875,1.2045844184530883
Finans,2025-02-27,-0.00378259,1.1962453794776917
Finans,2025-02-28,-0.0034117222222222222,1.188752400311075
Finans,2025-03-03,0.0049559488888888895,1.1995997453374496
Finans,2025-03-04,-0.012717810000000001,1.1716256537001994
Finans,2025-03-05,3.8150555555555547e-4,1.172454140951673
Finans,2025-03-06,1.7976666666666682e-4,1.1728446757910782
Finans,2025-03-07,0.008183691428571428,1.1906265661399664
Finans,2025-03-10,-0.0021495044444444444,1.1859178045999306
Finans,2025-03-11,-0.006015533333333334,1.1727683431824327
Finans,2025-03-12,0.009073534444444444,1.1924830315840969
Finans,2025-03-13,0.015649275,1.2267938014781898
Finans,2025-03-14,0.01236219142857143,1.2543218527240199
Finans,2025-03-17,0.005793476666666667,1.267382213776933
Finans,2025-03-18,0.003343235,1.27496260535241
Finans,2025-03-19,0.00445384375,1.2850949333337423
Finans,2025-03-20,-9.743033333333333e-4,1.2828685577232117
Finans,2025-03-21,7.876577777777778e-4,1.2846666768983468
Finans,2025-03-24,-7.0488625e-4,1.283056246771968
Finans,2025-03-25,0.0103663825,1.3067232810950205
Finans,2025-03-26,0.01481466875,1.3408966224023562
Finans,2025-03-27,-0.0016023166666666666,1.3371457647293372
Finans,2025-03-28,-0.007088920000000001,1.320577925374832
Finans,2025-03-31,-0.0036956433333333333,1.3120018970354397
Finans,2025-04-01,0.0017177244444444445,1.3159732792095795
Finans,2025-04-02,-0.004539895555555555,1.3054590024125106
Finans,2025-04-03,-0.00884037,1.2850778918113526
Finans,2025-04-07,-0.009416231666666667,1.2635610690056787
Finans,2025-04-08,0.007965401666666667,1.2815912421173383
Finans,2025-04-09,-0.016753149999999998,1.24336740179946
Finans,2025-04-11,0.006599968888888888,1.2581735568576842
Finans,2025-04-14,0.014247133333333334,1.290346056612043
Finans,2025-04-15,0.00868751,1.3102434608823206
Finans,2025-04-16,-0.00701158875,1.294044983822237
Finans,2025-04-17,0,1.294044983822237
Finans,2025-04-18,0,1.294044983822237
Finans,2025-04-21,0,1.294044983822237
Finans,2025-04-22,0.0045622225,1.304510927463443
Finans,2025-04-23,0.012339853999999999,1.3329482558497463
Finans,2025-04-24,-0.00683823,1.316995019098147
Finans,2025-04-25,0.007366315,1.3340627342622553
Finans,2025-04-28,0.010074646666666666,1.357577591607781
Finans,2025-04-29,0.0015072775000000002,1.3611311152661156
Finans,2025-04-30,0.0121477525,1.3898135516744174
Finans,2025-05-01,0,1.3898135516744174
Finans,2025-05-02,0.014026472000000002,1.4233342045421993
Finans,2025-05-05,0.0028152266666666664,1.4301564396170718
Finans,2025-05-06,-6.861688888888888e-4,1.4284889418730735
Finans,2025-05-07,0.0044826662500000005,1.439375047291306
Finans,2025-05-08,-8.375042857142858e-4,1.437332060234735
Finans,2025-05-09,-0.0041659775,1.4271781897117686
Finans,2025-05-12,0.005882068571428572,1.4414550182587287
Finans,2025-05-13,0.0011312333333333333,1.4442168735572172
Finans,2025-05-14,0.00862984,1.4653100741013159
Finans,2025-05-15,0.009024371666666666,1.487557948483584
Finans,2025-05-16,0.009051268888888889,1.5100735043520017
Finans,2025-05-19,-5.047212499999999e-4,1.508806616915293
Finans,2025-05-20,7.3731e-4,1.5106563851220112
Finans,2025-05-21,0.010332827142857144,1.5365985635645876
Finans,2025-05-22,-0.01121119625,1.5081602592609968
Finans,2025-05-23,-0.0029663922222222224,1.500720072175838
Finans,2025-05-26,0.0048720225,1.5129036366336805
Finans,2025-05-27,-0.001908807777777778,1.508106986627268
Finans,2025-05-28,-0.011809203333333334,1.4784882412404325
Finans,2025-05-29,0,1.4784882412404325
Finans,2025-05-30,0.0070598833333333335,1.4959860790666286
Finans,2025-06-02,0.005605288888888889,1.5099768021024422
Finans,2025-06-03,-0.0026996188888888887,1.5032008213168133
Finans,2025-06-04,0.007680182222222221,1.5224258597633433
Finans,2025-06-05,-0.0030610055555555554,1.5147047001931306
Finans,2025-06-06,0.005076455555555556,1.5274704868390079
Finans,2025-06-09,0,1.5274704868390079
Finans,2025-06-10,8.937874999999998e-5,1.5276963889917834
Finans,2025-06-11,0.001440357777777778,1.5313371761455286
Finans,2025-06-12,-0.0022615833333333333,1.5256123461769104
Finans,2025-06-13,-0.00632962625,1.5096261639732251
Finans,2025-06-16,0.0083704025,1.530632745090212
Finans,2025-06-17,-0.007041348888888889,1.5128136770223852
Finans,2025-06-18,0.005992281111111111,1.527871162954948
Finans,2025-06-19,-0.001641846666666667,1.5237207861122877
Finans,2025-06-20,0.0084036475,1.544929245987198
Finans,2025-06-23,0.0031393575000000003,1.5529186887025577
Finans,2025-06-24,0.0060402387499999995,1.568338927091658
Finans,2025-06-25,0.00614856,1.5841305130852166
Finans,2025-06-26,-6.181522222222222e-4,1.582533127066041
Finans,2025-06-27,0.006113338888888888,1.5983210272635775
Finans,2025-06-30,0.005722851250000001,1.6131908320023545
Finans,2025-07-01,-0.004134685714285715,1.6023861092005718
Finans,2025-07-02,0.00380617875,1.6122912559087066
Finans,2025-07-03,0.0077836625,1.6326244493964013
Finans,2025-07-04,-0.0021324675,1.6270104633183582
Finans,2025-07-07,0.002933676666666667,1.6347172626176847
Finans,2025-07-08,0.00356709875,1.6441155592717718
Finans,2025-07-09,9.723111111111112e-4,1.6466864622091135
Finans,2025-07-10,0.0031884977777777777,1.6551254161123419
Finans,2025-07-11,-0.011238483333333334,1.6252858333754534
Finans,2025-07-14,0.010083401428571427,1.6517576442981197
Finans,2025-07-15,-0.0065496074999999996,1.6343896725428424
Finans,2025-07-16,0.003431046666666667,1.6434283864475216
Finans,2025-07-17,-0.0034618833333333334,1.634277145773619
Finans,2025-07-18,-0.0058843977777777775,1.6187760111909775
Finans,2025-07-21,-0.0057277855555555555,1.6037762237808426
Finans,2025-07-22,9.220911111111112e-4,1.6061771426921139
Finans,2025-07-23,0.007171852222222223,1.6248682600244346
Finans,2025-07-24,0.004688944444444444,1.637176121469675
Finans,2025-07-25,-0.0023130366666666664,1.6310762364042577
Finans,2025-07-28,-0.0023764750000000003,1.6248235495053485
Finans,2025-07-29,0.003897117777777778,1.6350527960236558
Finans,2025-07-30,-0.004749455555555556,1.6225377298823993
Finans,2025-07-31,-0.0019153875000000001,1.6175145538963043
Finans,2025-08-01,-0.00792676375,1.5967661344153816
Finans,2025-08-04,0.010623922857142856,1.6243539775054514
Finans,2025-08-05,-0.00455987375,1.6123872546927158
Finans,2025-08-06,0.0028648555555555555,1.6198713668325846
Finans,2025-08-07,0.00132536875,1.6233436624712043
Finans,2025-08-08,-0.007315390000000001,1.604152880476199
Finans,2025-08-11,8.927111111111112e-4,1.6064776366876323
Finans,2025-08-12,0.00636241625,1.623061132358555
Finans,2025-08-13,-0.002551863333333333,1.6163674388337976
Finans,2025-08-14,0.003525577777777778,1.6255916457346515
Finans,2025-08-15,0.00562719,1.6403663487876132
Finans,2025-08-18,0.0022037066666666665,1.6461849417128787
Finans,2025-08-19,-0.0012544937499999998,1.6428653192421558
Finans,2025-08-20,0.004427513333333333,1.6545666406813049
Finans,2025-08-21,0.009641185,1.6801598087589418
Finans,2025-08-22,-0.001986308888888889,1.6748361835071615
Finans,2025-08-25,3.4756250000000015e-5,1.6749291507822646
Finans,2025-08-26,-0.006579678888888889,1.6573289759195888
Finans,2025-08-27,-0.008372580000000001,1.6350802764823844
Finans,2025-08-28,-0.0010459377777777778,1.6323241464737346
Finans,2025-08-29,-5.146877777777777e-4,1.6309693214083953
Finans,2025-09-01,-0.00609552,1.614932195290364
Finans,2025-09-02,-0.006653168888888889,1.597534609762104
Finans,2025-09-03,-0.013274473333333335,1.5630537058524068
Finans,2025-09-04,0.00834159875,1.5844336714413276
Finans,2025-09-05,-0.0034404911111111107,1.5755419503674775
Finans,2025-09-08,-0.0015223285714285714,1.5716211292695204
Finans,2025-09-09,0.0060824166666666665,1.5872628004865414
Finans,2025-09-10,0.011155008749999999,1.6161237396645185
Finans,2025-09-11,-0.007119517777777778,1.5974982001911107
Finans,2025-09-12,0.003386347777777778,1.6062942324491094
Finans,2025-09-15,0.010705671666666668,1.6341963627684368
Finans,2025-09-16,-4.368477777777779e-4,1.6330456199411314
Finans,2025-09-17,-0.004605351111111111,1.6209195203697289
Finans,2025-09-18,-0.003919907142857143,1.610645759220978
Finans,2025-09-19,0.0015802099999999996,1.6147711277561565
Finans,2025-09-22,-0.00437386,1.6033344849113091
Finans,2025-09-23,7.703855555555555e-4,1.6053400561947644
Finans,2025-09-24,-0.003278164444444445,1.5967993230568602
Finans,2025-09-25,-0.0030774477777777776,1.5888078087507842
Finans,2025-09-26,0.0127382,1.6217845603802132
Finans,2025-09-29,0.0012025587499999997,1.6249374103439136
Finans,2025-09-30,0.005419852222222223,1.6391641832005601
Finans,2025-10-01,-0.0011354511111111112,1.6361675412963401
Finans,2025-10-02,-0.012774346666666667,1.6024922232524066
Finans,2025-10-03,0.0046973833333333334,1.614717126847042
Finans,2025-10-06,0.00591246375,1.6301765470760294
Finans,2025-10-07,-0.0022309262499999997,1.6243088171750228
Finans,2025-10-08,-0.004573054444444444,1.6123077100750463
Finans,2025-10-09,0.005257037777777778,1.6260407103940908
Finans,2025-10-10,0.007637120000000001,1.6460960984242559
Finans,2025-10-13,-0.012286054285714285,1.6135860181137986
Finans,2025-10-14,0.00239475875,1.6198449260995544
Finans,2025-10-15,0.006767588888888889,1.6375749595120377
Finans,2025-10-16,-0.0064561666666666665,1.6205463359776013
Finans,2025-10-17,-0.007542855555555556,1.600779933488682
Finans,2025-10-20,-0.0019085277777777779,1.595816272741732
Finans,2025-10-21,0.0083812,1.617572328086835
Finans,2025-10-22,-0.004470903333333334,1.6058694152399506
Finans,2025-10-23,0.0017453728571428574,1.610417628986569
Finans,2025-10-24,-0.0041163300000000005,1.599672288587843
Finans,2025-10-27,0.003536513333333333,1.6088660642987311
Finans,2025-10-28,-0.006681064444444444,1.5914360619962271
Finans,2025-10-29,0.004907005,1.6041522517096225
Finans,2025-10-30,-0.004220085555555556,1.5931625064077153
Finans,2025-10-31,-0.0062914749999999995,1.576847689327714
Finans,2025-11-03,0.01165445875,1.6068794544280167
Finans,2025-11-04,-0.00246978625,1.6004410193960625
Finans,2025-11-05,-0.006273062222222222,1.5841282910761723
Finans,2025-11-06,-0.0021273944444444443,1.5786308309060049
Finans,2025-11-07,-0.004162136666666667,1.567898216974894
Finans,2025-11-10,0.0039432477777777775,1.57802407591254
Finans,2025-11-11,0.006502285,1.5947871231909851
Finans,2025-11-12,0.0060911222222222216,1.6105922886989896
Finans,2025-11-13,0.0010636211111111113,1.6133689697697537
Finans,2025-11-14,-0.00878002375,1.5904235281476624
Finans,2025-11-17,0.003814681111111111,1.6003051678502649
Finans,2025-11-18,-0.016984483333333335,1.5561403280653314
Finans,2025-11-19,0.0030503275,1.563937393201888
Finans,2025-11-20,0.010383415,1.5905598191895214
Finans,2025-11-21,-0.003733567777777778,1.5808877885221895
Industri,2020-01-01,0,0
Industri,2020-01-02,0.00251043,0.0025104300000000634
Industri,2020-01-03,-4.7647500000000035e-4,0.0020327588428656895
Industri,2020-01-06,-0.004736652,-0.0027135216283727948
Industri,2020-01-07,0.005999825000000001,0.0032700227167232754
Industri,2020-01-08,0.004024356,0.007307538452263396
Industri,2020-01-09,0.0031629,0.010493551465634132
Industri,2020-01-10,0.00663233,0.017195478161825983
Industri,2020-01-13,0.003974092,0.021237906574025134
Industri,2020-01-14,-0.011060245,0.009942765124029362
Industri,2020-01-15,-0.0050861,0.004806095226332019
Industri,2020-01-16,0.00253996,0.007358262515962943
Industri,2020-01-17,0.0017626160000000003,0.009133848307205872
Industri,2020-01-20,-6.1839e-4,0.008509810026751108
Industri,2020-01-21,-0.007922027500000001,5.203675776994654e-4
Industri,2020-01-22,-0.0050512479999999995,-0.004533508927986651
Industri,2020-01-23,-0.0028619450000000003,-0.0073824792747778645
Industri,2020-01-24,0.0018216525,-0.005574275086604796
Industri,2020-01-27,-0.0192462,-0.024713191473432983
Industri,2020-01-28,0.0016923374999999999,-0.023062677034108248
Industri,2020-01-29,0.012931083333333333,-0.010429819099392668
Industri,2020-01-30,-0.0070831,-0.017439043647729746
Industri,2020-01-31,0.005205124,-0.012324692032357643
Industri,2020-02-03,-0.00663937,-0.018882233841818752
Industri,2020-02-04,-0.004913896666666666,-0.023703345162550904
Industri,2020-02-05,0.005629375,-0.018207405181225322
Industri,2020-02-06,-0.0124999,-0.030479714437200545
Industri,2020-02-07,-0.004924673333333333,-0.035254285133637375
Industri,2020-02-10,-0.0045853099999999996,-0.03967794330747121
Industri,2020-02-11,0.008807989999999998,-0.031219436235343956
Industri,2020-02-12,0.00354862,-0.027781602151157547
Industri,2020-02-13,0.004839093333333333,-0.02307694658358317
Industri,2020-02-14,0.00766552,-0.015588323379158608
Industri,2020-02-17,0.0036508300000000003,-0.011994403697800915
Industri,2020-02-18,-0.005177373333333334,-0.01710967752528003
Industri,2020-02-19,0.001112796,-0.016015921105991593
Industri,2020-02-20,-5.723549999999997e-4,-0.016579109313466955
Industri,2020-02-21,-0.008860346,-0.025292558668577714
Industri,2020-02-25,0.00723325,-0.01824225606856711
Industri,2020-02-26,-0.011065366666666665,-0.029105765483007917
Industri,2020-02-28,0.006316775,-0.022972845054766933
Industri,2020-03-02,-0.0015944999999999998,-0.02453071485332714
Industri,2020-03-03,-0.0012469999999999992,-0.025747125051905018
Industri,2020-03-04,-0.009587943333333333,-0.03508820640924448
Industri,2020-03-05,-0.00892866,-0.04370357574420658
Industri,2020-03-10,0.0036814719999999994,-0.04018299723460872
Industri,2020-03-13,0.007542253333333333,-0.03294381424611137
Industri,2020-03-17,-3.3752666666666674e-4,-0.03327022149696823
Industri,2020-03-20,1.375866666666666e-4,-0.03313721236917666
Industri,2020-03-23,-0.00588238,-0.038824666693880405
Industri,2020-03-25,0.0187499,-0.020802725311924064
Industri,2020-03-26,0.01024175,-0.010774031623887348
Industri,2020-03-27,-0.011445799999999999,-0.022096514212726626
Industri,2020-03-30,-0.0112904,-0.03313743572865935
Industri,2020-03-31,-0.010862199999999999,-0.04363969027428749
Industri,2020-04-01,-0.002247626,-0.04578923057179496
Industri,2020-04-02,0.0022934599999999998,-0.04360078634054221
Industri,2020-04-03,0.0035797799999999994,-0.040177087563468494
Industri,2020-04-06,-0.01548115,-0.05503625004433532
Industri,2020-04-07,0.01214998,-0.043554959381648994
Industri,2020-04-08,0.006459715,-0.03737659700609097
Industri,2020-04-09,0,-0.03737659700609097
Industri,2020-04-10,0,-0.03737659700609097
Industri,2020-04-13,0,-0.03737659700609097
Industri,2020-04-14,0.0090772,-0.02863867185243474
Industri,2020-04-16,-7.763533333333337e-4,-0.029392791457413248
Industri,2020-04-17,0.015968,-0.013894135551405173
Industri,2020-04-20,0.00563198,-0.008340407044947984
Industri,2020-04-21,-0.0158192,-0.02402766847782256
Industri,2020-04-22,0.006533736666666666,-0.017650922269703995
Industri,2020-04-23,-0.00399166,-0.021572125789316887
Industri,2020-04-24,-0.00749618,-0.02890659725141742
Industri,2020-04-27,5.851266666666666e-4,-0.028338384605645084
Industri,2020-04-28,-0.00987583,-0.03793434953680519
Industri,2020-04-29,-0.008034413333333334,-0.04566398262642868
Industri,2020-04-30,-0.006457323333333333,-0.05182643885925542
Industri,2020-05-01,0,-0.05182643885925542
Industri,2020-05-04,-0.009846810000000001,-0.06116292376283172
Industri,2020-05-05,0.0062380675,-0.05530639470976162
Industri,2020-05-06,-0.004639262,-0.05968907585442762
Industri,2020-05-07,0.0049531666666666665,-0.05503155912864721
Industri,2020-05-08,0.006032346666666667,-0.049331181904251675
Industri,2020-05-11,-0.0054040975,-0.05446868888745082
Industri,2020-05-12,0.0020799133333333332,-0.052502065706383716
Industri,2020-05-13,-0.01226815,-0.06412611248898803
Industri,2020-05-14,-0.0198896,-0.08274026976202697
Industri,2020-05-15,-0.0017879333333333327,-0.08438026900904383
Industri,2020-05-18,0.008428940000000001,-0.07666256523370496
Industri,2020-05-19,0.0018457800000000002,-0.07495828746336197
Industri,2020-05-20,-0.012703236666666666,-0.08670931126425352
Industri,2020-05-21,0,-0.08670931126425352
Industri,2020-05-22,5.795766666666668e-4,-0.08617998929117832
Industri,2020-05-25,0.0191011,-0.06872502188462792
Industri,2020-05-26,9.874099999999998e-4,-0.06780547165848694
Industri,2020-05-27,-0.001903565,-0.06957996453582938
Industri,2020-05-28,0.004339736666666667,-0.0655421865925242
Industri,2020-05-29,0.0030487799999999996,-0.06269323030016372
Industri,2020-06-01,0,-0.06269323030016372
Industri,2020-06-02,-0.0027749849999999998,-0.0652942425264792
Industri,2020-06-03,0.008575913333333334,-0.05727828695821846
Industri,2020-06-04,0.0057160250000000004,-0.05188966607842893
Industri,2020-06-05,-0.00537548,-0.056986214216217634
Industri,2020-06-08,0.0027777550000000002,-0.05436675295768778
Industri,2020-06-09,-0.010544310000000001,-0.0643378030608085
Industri,2020-06-10,-0.0026091359999999997,-0.0667790729826816
Industri,2020-06-11,-0.0185186,-0.0840610180417446
Industri,2020-06-12,0.0027779049999999994,-0.08151662656406777
Industri,2020-06-15,-0.012734116666666667,-0.09321270099779444
Industri,2020-06-16,-0.0051020399999999995,-0.09783916606879572
Industri,2020-06-17,0.0029653333333333337,-0.09516395847591175
Industri,2020-06-18,0.0026851800000000006,-0.09273431083393213
Industri,2020-06-19,0.0035524375,-0.08951130617727521
Industri,2020-06-22,-0.0043478,-0.09346992892027761
Industri,2020-06-23,-0.0015332375000000002,-0.0948598548201347
Industri,2020-06-24,0.0012997419999999996,-0.09368340615755832
Industri,2020-06-25,0.006189506666666666,-0.08807375355785996
Industri,2020-06-26,-0.0054505925,-0.0930442919172707
Industri,2020-06-29,9.78662e-4,-0.09215668883008699
Industri,2020-06-30,0.004110910000000001,-0.08842462668376538
Industri,2020-07-01,-0.0058873025,-0.09379134665802846
Industri,2020-07-02,0.0010366833333333332,-0.09285189525058646
Industri,2020-07-03,-0.0010234274999999999,-0.09378029556755985
Industri,2020-07-06,0.009200410000000001,-0.08544270273670251
Industri,2020-07-07,0.001375172,-0.08418502914911041
Industri,2020-07-08,-0.00324801,-0.08715960533258382
Industri,2020-07-09,0.00467519,-0.08289190304783867
Industri,2020-07-10,-0.0028366499999999996,-0.08549341773105801
Industri,2020-07-13,0.006515485,-0.07953496381188352
Industri,2020-07-14,0.0017871850000000004,-0.07788992250618365
Industri,2020-07-15,0.009754035,-0.06889562853645625
Industri,2020-07-16,0.005472459999999999,-0.06380019710779683
Industri,2020-07-17,-0.0013265000000000002,-0.06504206614633334
Industri,2020-07-20,0.0019169899999999997,-0.06324976113671521
Industri,2020-07-21,4.2893600000000004e-4,-0.06284795523625808
Industri,2020-07-22,0.00638138,-0.05686763192084354
Industri,2020-07-23,0.005112375,-0.05204598558058493
Industri,2020-07-24,-0.005263584,-0.05703562116361882
Industri,2020-07-27,0.004014495,-0.0532500953796019
Industri,2020-07-28,0.0014911859999999998,-0.05183831517633075
Industri,2020-07-29,0.0031105875,-0.04888897529153935
Industri,2020-07-30,-0.016173975,-0.06427222122739829
Industri,2020-07-31,0.0073793025000000005,-0.05736720289018227
Industri,2020-08-03,0.002384255,-0.05511972593050918
Industri,2020-08-04,1.338339999999998e-4,-0.054993268823909314
Industri,2020-08-05,0.0012306099999999998,-0.05383033409045679
Industri,2020-08-06,-0.001700895,-0.05543966934435396
Industri,2020-08-07,-0.0018863475000000002,-0.05722143836268556
Industri,2020-08-10,0.0017801,-0.055543198245115
Industri,2020-08-11,-0.0019338259999999998,-0.057369613364225414
Industri,2020-08-12,7.23956e-4,-0.056687190440038115
Industri,2020-08-13,0.0026101674999999998,-0.054224986002190945
Industri,2020-08-14,-0.004465915,-0.058448736823829006
Industri,2020-08-17,-0.00434097,-0.06253598261073878
Industri,2020-08-18,-8.976899999999995e-4,-0.06337753468450891
Industri,2020-08-19,-0.003987976666666667,-0.06711276322166293
Industri,2020-08-20,-0.010912249999999998,-0.07729266197119722
Industri,2020-08-21,0.00264515,-0.07485196265601035
Industri,2020-08-24,-0.00726935,-0.08157718754127685
Industri,2020-08-25,-0.00977993,-0.0905592983575263
Industri,2020-08-26,-0.005739413333333333,-0.09577895444640916
Industri,2020-08-27,6.826200000000004e-4,-0.09516171507629334
Industri,2020-08-28,4.676699999999999e-4,-0.09473854935558312
Industri,2020-08-31,-0.007095056666666667,-0.1011614306460541
Industri,2020-09-01,-0.0094163475,-0.10962520696149369
Industri,2020-09-02,0.001461416666666667,-0.10832399839936735
Industri,2020-09-03,-0.009772300000000001,-0.11703772378980914
Industri,2020-09-04,-9.812549999999999e-4,-0.11790413493815177
Industri,2020-09-07,0.00501633,-0.11347925098736622
Industri,2020-09-08,-0.007763473999999999,-0.1203617317727863
Industri,2020-09-09,3.1630000000000026e-4,-0.12008350218854613
Industri,2020-09-10,0.0015546099999999999,-0.11871557520188347
Industri,2020-09-11,0.0060580124999999995,-0.11337674314040114
Industri,2020-09-14,-0.005352002,-0.1181219525843602
Industri,2020-09-15,0.009070846666666667,-0.1101225720375536
Industri,2020-09-16,0.007839013333333334,-0.10314681101472367
Industri,2020-09-17,-0.00332224,-0.10612637255329815
Industri,2020-09-18,-0.00358971,-0.10933511965247977
Industri,2020-09-21,-0.018425499999999997,-0.12574606540532296
Industri,2020-09-22,0.0060763100000000006,-0.12043382748000597
Industri,2020-09-23,-0.0036938200000000004,-0.1236827865993837
Industri,2020-09-24,0.0032020966666666674,-0.12087673417141098
Industri,2020-09-25,-4.640579999999996e-4,-0.12128469835590494
Industri,2020-09-28,-0.00359383,-0.12444265176841252
Industri,2020-09-29,-0.001206632,-0.12549912728262402
Industri,2020-09-30,9.908066666666666e-4,-0.12463266598792988
Industri,2020-10-01,-0.0045291475000000005,-0.1285973337603522
Industri,2020-10-02,-0.0035054075,-0.1316519552021087
Industri,2020-10-05,0.011950192,-0.12127502934394929
Industri,2020-10-06,-0.010077536666666666,-0.13013041245565116
Industri,2020-10-07,-8.706799999999998e-4,-0.13088779050813426
Industri,2020-10-08,0.0061962375,-0.12550256484397293
Industri,2020-10-09,0.00311687,-0.12277687002325821
Industri,2020-10-12,-1.0047500000000008e-4,-0.12286500901724262
Industri,2020-10-13,-0.0059974550000000005,-0.12812558665458718
Industri,2020-10-14,-0.0061793766666666675,-0.1335132270606776
Industri,2020-10-15,9.348700000000004e-4,-0.13270317457125969
Industri,2020-10-16,0.0011611425,-0.13169611936713932
Industri,2020-10-19,0.0051737525,-0.12720372999395546
Industri,2020-10-20,-0.006794024999999999,-0.1331335296722833
Industri,2020-10-21,-0.0035151550000000003,-0.13618069967978808
Industri,2020-10-22,-0.009444228,-0.14433880610281258
Industri,2020-10-23,0.0080549,-0.13744654075209006
Industri,2020-10-26,-0.011592303333333333,-0.14744552209290784
Industri,2020-10-27,-0.0013595666666666665,-0.1486046267425878
Industri,2020-10-28,-0.004035753333333334,-0.15204064845819598
Industri,2020-10-29,0.015887233333333334,-0.13856892038306934
Industri,2020-10-30,0.0035788666666666667,-0.13548597340659752
Industri,2020-11-02,-0.002651245,-0.1377780118970332
Industri,2020-11-03,0.005796785,-0.13277989640972765
Industri,2020-11-04,-0.00612684,-0.1380932152292087
Industri,2020-11-05,0.010062016666666666,-0.12942069479573182
Industri,2020-11-06,-0.0025970766666666666,-0.13168165599576076
Industri,2020-11-09,0.0107239,-0.12236989690649369
Industri,2020-11-10,0.00245059,-0.12021918535215381
Industri,2020-11-11,-0.0017780949999999997,-0.12178351921977504
Industri,2020-11-12,0.002170255,-0.11987756551127937
Industri,2020-11-13,-0.002759006666666667,-0.12230582917551658
Industri,2020-11-16,-0.00920005,-0.13038065943181043
Industri,2020-11-17,0.002760013333333333,-0.1279804984569176
Industri,2020-11-18,0.007076165,-0.12180994458078098
Industri,2020-11-19,-8.61795e-4,-0.12256676437959113
Industri,2020-11-20,-0.0058445599999999995,-0.1276949755711687
Industri,2020-11-23,0.003961210000000001,-0.12423959218535108
Industri,2020-11-24,-0.0014526033333333336,-0.12551172467294391
Industri,2020-11-25,-3.878174999999998e-4,-0.1258508665296606
Industri,2020-11-26,-0.004920805,-0.13015238395638717
Industri,2020-11-27,0.0017005725000000002,-0.12867314502135274
Industri,2020-11-30,2.1733333333333605e-5,-0.12865420818437112
Industri,2020-12-01,0.00555113,-0.12381725441904967
Industri,2020-12-02,0.0013296050000000004,-0.12265227745961149
Industri,2020-12-03,-0.001273406666666667,-0.12376949789847924
Industri,2020-12-04,-0.014809649999999999,-0.136746164953927
Industri,2020-12-07,-0.0055187475,-0.14151024489795294
Industri,2020-12-08,-0.00826851,-0.14860867602291172
Industri,2020-12-09,-0.005014722,-0.15287816682586874
Industri,2020-12-10,8.605924999999997e-4,-0.15214914012965286
Industri,2020-12-11,0.004939280000000001,-0.14796136733451226
Industri,2020-12-14,0.0033107133333333334,-0.14514051167283148
Industri,2020-12-15,-1.4017750000000023e-4,-0.1452603437387564
Industri,2020-12-16,0.0017352366666666666,-0.14377716814675778
Industri,2020-12-17,0.008398184,-0.13658645125985314
Industri,2020-12-18,0.002211365,-0.13467712875764348
Industri,2020-12-21,-0.0117647,-0.14485739274094833
Industri,2020-12-22,0.012434715999999998,-0.13422393728018256
Industri,2020-12-23,0.009827018,-0.12571594032786582
Industri,2020-12-24,0,-0.12571594032786582
Industri,2020-12-25,0,-0.12571594032786582
Industri,2020-12-28,0.00645849,-0.12006938547131385
Industri,2020-12-29,-0.00258239,-0.12234170949096668
Industri,2020-12-30,0.00483006,-0.11810256728831059
Industri,2020-12-31,0,-0.11810256728831059
Industri,2021-01-01,0,-0.11810256728831059
Industri,2021-01-04,-0.0038686200000000006,-0.12151429333444774
Industri,2021-01-05,4.686399999999998e-4,-0.12110259979287596
Industri,2021-01-06,0.0116075,-0.11090079821997179
Industri,2021-01-07,0.0081256925,-0.10367625150431181
Industri,2021-01-08,-0.0017775900000000008,-0.10526954763640028
Industri,2021-01-11,-0.006722005,-0.11128393021084071
Industri,2021-01-12,0.01253608,-0.10014291446267809
Industri,2021-01-13,-0.00735793,-0.10676399990806573
Industri,2021-01-14,0.0022980766666666668,-0.1047112750984277
Industri,2021-01-15,-0.007935106666666667,-0.11181548662798568
Industri,2021-01-18,1.0226799999999958e-4,-0.11172465377417218
Industri,2021-01-19,0.008258472,-0.10438885669907572
Industri,2021-01-20,-0.0027350060000000003,-0.10683835854967061
Industri,2021-01-21,0.0015056866666666663,-0.10549353697496067
Industri,2021-01-22,-0.0011256133333333333,-0.10650040537649452
Industri,2021-01-25,-0.011758079999999999,-0.11700624509004531
Industri,2021-01-26,-0.00593666,-0.12224827879506905
Industri,2021-01-27,-0.007062906666666666,-0.12844775727844548
Industri,2021-01-28,-0.006242059999999999,-0.13388803867064802
Industri,2021-01-29,-0.003151134,-0.1366172735197997
Industri,2021-02-01,0.00797196,-0.12973442095960863
Industri,2021-02-02,0.010776275,-0.1203561997568352
Industri,2021-02-03,0.002561252,-0.11810321031417481
Industri,2021-02-04,0.004110158,-0.11447847516887322
Industri,2021-02-05,0.0018096224999999996,-0.1128760154933045
Industri,2021-02-08,-0.005336315,-0.11760998851868742
Industri,2021-02-09,-0.004909393333333334,-0.12194198815845358
Industri,2021-02-10,0.0021780399999999996,-0.12002954268634225
Industri,2021-02-11,0.007183244,-0.11370850017866674
Industri,2021-02-12,-0.0019242675,-0.11541396210729915
Industri,2021-02-15,2.1050000000000013e-4,-0.1152277567463229
Industri,2021-02-16,0.008738873333333333,-0.10749584418367975
Industri,2021-02-17,-5.369225e-4,-0.10797504974628114
Industri,2021-02-18,-0.01325151,-0.1197957272948178
Industri,2021-02-19,0.009978170000000001,-0.11101289942703918
Industri,2021-02-22,-6.907749999999998e-4,-0.11162698949143757
Industri,2021-02-23,0.0062949650000000005,-0.10603471248334151
Industri,2021-02-24,0.003034325,-0.1033221312622975
Industri,2021-02-25,-0.00242429,-0.10549593845269967
Industri,2021-02-26,-0.0024763000000000003,-0.10771099886030921
Industri,2021-03-01,-4.254333333333336e-4,-0.1080906083443608
Industri,2021-03-02,0.002265896,-0.1060696344214459
Industri,2021-03-03,0.0096142025,-0.09747520686587474
Industri,2021-03-04,-0.004359792,-0.10141002723878256
Industri,2021-03-05,0.006689766666666667,-0.09539866999200364
Industri,2021-03-08,2.3742200000000026e-4,-0.09518389773503033
Industri,2021-03-09,-0.0018961,-0.09689951954653486
Industri,2021-03-10,-7.626760000000002e-4,-0.09758829260856527
Industri,2021-03-11,-8.852625e-4,-0.09838716385267987
Industri,2021-03-12,0.0019160224999999998,-0.09665965337233284
Industri,2021-03-15,-4.647199999999998e-4,-0.09707945369821769
Industri,2021-03-16,-0.0018011574999999996,-0.09870575581209318
Industri,2021-03-17,0.0026687700000000004,-0.09630040877203172
Industri,2021-03-18,-0.00151218,-0.09766696521989482
Industri,2021-03-19,-0.009868400000000001,-0.1065715485403188
Industri,2021-03-22,0.0080273,-0.09939973033191651
Industri,2021-03-23,0.010968493333333334,-0.08952150227806388
Industri,2021-03-24,0.0062429925,-0.08383739184537453
Industri,2021-03-25,0.002993483333333333,-0.0810948743472405
Industri,2021-03-26,0.0063981766666666665,-0.07521555701340854
Industri,2021-03-29,9.522300000000003e-4,-0.07433494952326336
Industri,2021-03-30,-0.0024862339999999995,-0.07663636944437036
Industri,2021-03-31,-5.5179999999999814e-5,-0.07668732064950445
Industri,2021-04-01,0,-0.07668732064950445
Industri,2021-04-02,0,-0.07668732064950445
Industri,2021-04-05,0,-0.07668732064950445
Industri,2021-04-06,0.0108303,-0.0666875673383347
Industri,2021-04-07,-0.0019981380000000004,-0.06855245437590851
Industri,2021-04-08,0.0021844275,-0.0665177747424397
Industri,2021-04-09,0.002795328,-0.06390838574067503
Industri,2021-04-12,0.0012233466666666667,-0.06276322118467625
Industri,2021-04-13,0.001810896666666667,-0.061065982226042204
Industri,2021-04-14,0.00282314,-0.05841524004310383
Industri,2021-04-15,-0.00332789,-0.06154873054991683
Industri,2021-04-16,-0.0030420000000000004,-0.06440349931158396
Industri,2021-04-19,-8.592966666666667e-4,-0.06520745426597041
Industri,2021-04-20,0.004439874999999999,-0.061057092211979525
Industri,2021-04-21,-0.005194514999999999,-0.06593444523062797
Industri,2021-04-22,0.0172018,-0.04986683637059619
Industri,2021-04-23,0.008840655000000001,-0.04146703686689002
Industri,2021-04-26,0.0011073850000000002,-0.040405571841510834
Industri,2021-04-27,-0.00484444,-0.045054269473058906
Industri,2021-04-28,-1.902999999999988e-5,-0.045072442090310805
Industri,2021-04-29,-0.0014540360000000001,-0.04646094113690369
Industri,2021-04-30,0.0045390759999999995,-0.04213275487975565
Industri,2021-05-03,0.0018876733333333337,-0.04032461442426882
Industri,2021-05-04,-0.012192349999999998,-0.052025312611593044
Industri,2021-05-05,-0.0016079299999999998,-0.05354958955068545
Industri,2021-05-06,-0.007391679999999999,-0.06054544812059548
Industri,2021-05-07,0.00368121,-0.05708711862967142
Industri,2021-05-10,-0.0015655566666666668,-0.05856330217718664
Industri,2021-05-11,-0.003070085,-0.061453592861622
Industri,2021-05-12,-0.006775590000000001,-0.06781279851236477
Industri,2021-05-13,0,-0.06781279851236477
Industri,2021-05-14,0.0034463675000000003,-0.0646001388372418
Industri,2021-05-17,0,-0.0646001388372418
Industri,2021-05-18,0.0074472475,-0.05763398455969704
Industri,2021-05-19,-0.00264969,-0.0601309623671491
Industri,2021-05-20,0.006522187499999999,-0.054000960278263066
Industri,2021-05-21,0.01671476666666667,-0.03818880706242345
Industri,2021-05-24,0,-0.03818880706242345
Industri,2021-05-25,0.007792450000000001,-0.03069394143201709
Industri,2021-05-26,0.0019788899999999996,-0.02877579136577746
Industri,2021-05-27,-0.0041150175,-0.032772395980731006
Industri,2021-05-28,0.0027035366666666666,-0.03015746068825287
Industri,2021-05-31,-0.0055314425,-0.03552208892850972
Industri,2021-06-01,0.0115744,-0.02435883579460396
Industri,2021-06-02,-0.0082079275,-0.032366827736417414
Industri,2021-06-03,4.852274999999999e-4,-0.03189730551132286
Industri,2021-06-04,-8.521533333333335e-4,-0.03272227744944034
Industri,2021-06-07,-0.008835215,-0.04126838409288491
Industri,2021-06-08,-0.0046710525,-0.04574666980419684
Industri,2021-06-09,-0.0032213660000000007,-0.048820669037476394
Industri,2021-06-10,8.165140000000003e-4,-0.04804401779723477
Industri,2021-06-11,-0.001042278,-0.049036220574453115
Industri,2021-06-14,0.003486072,-0.04572109236998345
Industri,2021-06-15,0.004384245,-0.04153729984060117
Industri,2021-06-16,-0.0038547766666666666,-0.045231959493045926
Industri,2021-06-17,-0.0035026180000000003,-0.048576147217550214
Industri,2021-06-18,-0.0148252,-0.06268119611982059
Industri,2021-06-21,0.006360958,-0.05671895057572862
Industri,2021-06-22,8.97119999999999e-5,-0.05663432694622261
Industri,2021-06-23,0.0019301500000000003,-0.05481348969237787
Industri,2021-06-24,0.0011391940000000003,-0.05373673889095443
Industri,2021-06-25,3.0027250000000004e-4,-0.05345260205588298
Industri,2021-06-28,0.004946275,-0.048770718325116924
Industri,2021-06-29,0.0020738433333333337,-0.04679801782084403
Industri,2021-06-30,-0.0010465400000000003,-0.047795581823273814
Industri,2021-07-01,0.009383072,-0.03886097920880338
Industri,2021-07-02,0.0014193259999999996,-0.037496809606979986
Industri,2021-07-05,-9.183999999999943e-6,-0.037505649236280525
Industri,2021-07-06,-7.604919999999997e-4,-0.03823761849008156
Industri,2021-07-07,0.0018358874999999998,-0.03647193095589729
Industri,2021-07-08,-0.0010274433333333334,-0.03746190144691619
Industri,2021-07-09,0.00296643,-0.03460659955522527
Industri,2021-07-12,0.012699844999999998,-0.022346253005553818
Industri,2021-07-13,-0.00618179,-0.02838990316218648
Industri,2021-07-14,0.00475351,-0.02377134485076704
Industri,2021-07-15,0.0021440575,-0.021678254480979375
Industri,2021-07-16,-0.009322114999999999,-0.03079828229970838
Industri,2021-07-19,-0.007584215,-0.03814891650511665
Industri,2021-07-20,0.006924972000000001,-0.031488124683744956
Industri,2021-07-21,0.015614133333333334,-0.016365651127640324
Industri,2021-07-22,4.169139999999999e-4,-0.015955560196714402
Industri,2021-07-23,-4.640449999999998e-4,-0.01641220109878294
Industri,2021-07-26,0.004424352,-0.012060462453538756
Industri,2021-07-27,-0.0047179625,-0.016721524143950228
Industri,2021-07-28,0.0022303775,-0.01452844195516656
Industri,2021-07-29,0.0034373125000000003,-0.011141068250304587
Industri,2021-07-30,0.0014192599999999999,-0.009737620322829432
Industri,2021-08-02,0.003088365,-0.006679328648617755
Industri,2021-08-03,0.003960679999999999,-0.002745103332009724
Industri,2021-08-04,-0.003054692,-0.005791409886822252
Industri,2021-08-05,0.008722879999999999,0.0028809523397042014
Industri,2021-08-06,-0.0026355000000000003,2.3785958981292765e-4
Industri,2021-08-09,-0.0067581740000000005,-0.0065219219066825485
Industri,2021-08-10,0.006659396666666667,9.404269497848006e-5
Industri,2021-08-11,0.001348746,0.001442915534687117
Industri,2021-08-12,-4.245499999999958e-5,0.0014003992757078976
Industri,2021-08-13,8.992700000000001e-4,0.002300928612764652
Industri,2021-08-16,-0.008184166,-0.005902068568956476
Industri,2021-08-17,0.0070010825,0.0010576930620715963
Industri,2021-08-18,0.005247394999999999,0.006310638195357043
Industri,2021-08-19,-0.006764223333333334,-4.962717041055997e-4
Industri,2021-08-20,0.0031913933333333334,0.0026935378310197766
Industri,2021-08-23,0.00412304,0.0068276833952387594
Industri,2021-08-24,-0.006752604,2.8974753033317313e-5
Industri,2021-08-25,-0.0034609600000000003,-0.0034320855274279083
Industri,2021-08-26,0.004144244,6.97935072717426e-4
Industri,2021-08-27,0.0016935,0.0023926170257630996
Industri,2021-08-30,-0.00768089,-0.005306650402423951
Industri,2021-08-31,-0.0154346,-0.020659344376122712
Industri,2021-09-01,0.0063397,-0.014450618421663952
Industri,2021-09-02,0.0033838824999999993,-0.01111563511645508
Industri,2021-09-03,-0.007376865999999999,-0.018410502565696096
Industri,2021-09-06,0.0036814599999999997,-0.014796820094471697
Industri,2021-09-07,-0.008551666,-0.02322194863116167
Industri,2021-09-08,0.004280516666666667,-0.019040833902643217
Industri,2021-09-09,0.006333314,-0.01282811148257057
Industri,2021-09-10,-0.0026023999999999995,-0.015397127605248362
Industri,2021-09-13,8.673400000000001e-4,-0.014543142149905375
Industri,2021-09-14,-8.643999999999997e-4,-0.015394971057830942
Industri,2021-09-15,-0.005238047500000001,-0.02055237896816897
Industri,2021-09-16,0.007092212,-0.013605928796915467
Industri,2021-09-17,-0.007171564,-0.020679917007768833
Industri,2021-09-20,-0.003739866666666667,-0.02434244354214876
Industri,2021-09-21,-0.002483365,-0.026765357369841758
Industri,2021-09-22,0.011965206666666665,-0.015120403735612409
Industri,2021-09-23,-8.030699999999998e-4,-0.015911330992984474
Industri,2021-09-24,-0.002202382,-0.018078670164009547
Industri,2021-09-27,0.004827056666666666,-0.013338880262682595
Industri,2021-09-28,-0.006425594999999999,-0.019678765020361033
Industri,2021-09-29,-4.486320000000001e-4,-0.02011856849665239
Industri,2021-09-30,0.0064378525,-0.013810236373145046
Industri,2021-10-01,-0.0023898799999999996,-0.016167111565441483
Industri,2021-10-04,-0.0063610475,-0.02242531930083591
Industri,2021-10-05,0.0051220275,-0.017418154902991256
Industri,2021-10-06,-0.0034500600000000005,-0.02080812122348663
Industri,2021-10-07,0.01291502,-0.008161838525250542
Industri,2021-10-08,0.0034131725,-0.0047765237880543765
Industri,2021-10-11,0.0028605049999999997,-0.001929682058232851
Industri,2021-10-12,-9.185100000000002e-4,-0.002846419625965546
Industri,2021-10-13,0.0087078275,0.005836621742939085
Industri,2021-10-14,0.00461534,0.010478899736734215
Industri,2021-10-15,0.0011067050000000004,0.01159720178746726
Industri,2021-10-18,0.00564639,0.017309074111667933
Industri,2021-10-19,0.00144011,0.018774111082386913
Industri,2021-10-20,0.00678033,0.025681735750982204
Industri,2021-10-21,-0.006716446666666666,0.01879279907583653
Industri,2021-10-22,0.0051904724999999995,0.024080815082637708
Industri,2021-10-25,-0.00673547,0.017183149475073156
Industri,2021-10-26,-0.0012921700000000003,0.015868775924815948
Industri,2021-10-27,0.0034332875000000003,0.019356545494839006
Industri,2021-10-28,4.391350000000002e-4,0.019804180631444623
Industri,2021-10-29,0.0031180749999999997,0.022984006551967084
Industri,2021-11-01,0.010818995,0.034051665403932674
Industri,2021-11-02,-0.005329605,0.0285405784777375
Industri,2021-11-03,0.008101293333333334,0.036873087409222016
Industri,2021-11-04,0.0069475,0.04407676318399778
Industri,2021-11-05,-0.0028627650000000006,0.04108781676904116
Industri,2021-11-08,0.002785986,0.043988272851330334
Industri,2021-11-09,0.0025522575,0.046652799750627194
Industri,2021-11-10,0.0033949633333333336,0.050206147628511166
Industri,2021-11-11,0.013153489999999999,0.06402002368928139
Industri,2021-11-12,-0.0031749033333333333,0.060641862969336824
Industri,2021-11-15,-0.0043620333333333336,0.05601530780833586
Industri,2021-11-16,0.0032588633333333335,0.05945671737439118
Industri,2021-11-17,-0.0017033,0.05765214474768743
Industri,2021-11-18,0.0024238675,0.0602157534076464
Industri,2021-11-19,0.01439869,0.07548147137407946
Industri,2021-11-22,-0.0052494183333333345,0.06983581922108817
Industri,2021-11-23,-0.0024076824999999997,0.06725999424127638
Industri,2021-11-24,-0.002854906,0.06421306728015685
Industri,2021-11-25,0.0028609066666666666,0.0672576815390924
Industri,2021-11-26,-0.00729125,0.05947603896857068
Industri,2021-11-29,0.007845135,0.0677877715235442
Industri,2021-11-30,0.008195840000000001,0.0765391892529077
Industri,2021-12-01,-3.431299999999996e-4,0.07616979636089938
Industri,2021-12-02,-0.0077186880000000005,0.06786317746776604
Industri,2021-12-03,-0.0020261749999999994,0.06569949979416045
Industri,2021-12-06,-0.0061148420000000005,0.059182915733440034
Industri,2021-12-07,0.01243915,0.07235825089968562
Industri,2021-12-08,-0.0013927675,0.07086470517947574
Industri,2021-12-09,0.0028311025,0.07389643292347126
Industri,2021-12-10,2.617624999999995e-4,0.07417753873849442
Industri,2021-12-13,-4.5559249999999995e-4,0.07368815150817665
Industri,2021-12-14,-0.0058415,0.06741620217114175
Industri,2021-12-15,0.00640166,0.07424943777593263
Industri,2021-12-16,0.0067348220000000006,0.08148431652295374
Industri,2021-12-17,-0.0029055200000000004,0.0783420422116099
Industri,2021-12-20,-7.700349999999994e-4,0.07751168109713569
Industri,2021-12-21,0.006102916666666667,0.08408764509423139
Industri,2021-12-22,0.0049006925000000005,0.0894004252858871
Industri,2021-12-23,0.0091946125,0.0994170400537262
Industri,2021-12-24,0,0.0994170400537262
Industri,2021-12-27,0.0036882399999999997,0.10347195395753395
Industri,2021-12-28,0.005602608333333333,0.10965427512237591
Industri,2021-12-29,0.006197375000000001,0.11653121878566242
Industri,2021-12-30,-7.780619999999999e-4,0.11566248827251169
Industri,2021-12-31,0,0.11566248827251169
Industri,2022-01-03,0.002425633333333333,0.1183686763928149
Industri,2022-01-04,-0.00152934,0.1166583104412604
Industri,2022-01-05,-0.007993710000000001,0.10773206773850297
Industri,2022-01-06,0.0026258199999999996,0.1106407727566121
Industri,2022-01-07,0.004257668,0.11536951243427307
Industri,2022-01-10,-0.0050831800000000005,0.10969988843605738
Industri,2022-01-11,0.004757252,0.1149790104497197
Industri,2022-01-12,0.0065601375,0.12229342606788385
Industri,2022-01-13,-0.00240006,0.11959985450771526
Industri,2022-01-14,-0.010560205,0.10777665052614371
Industri,2022-01-17,-0.008160104,0.09873707784907859
Industri,2022-01-18,-0.016059,0.08109245911590035
Industri,2022-01-19,-0.006517108000000001,0.07404686280185624
Industri,2022-01-20,-0.0011001499999999998,0.07286525014574496
Industri,2022-01-21,-0.0037951200000000004,0.06879359777761174
Industri,2022-01-25,0.004483512,0.07358554669877071
Industri,2022-01-26,0.012010665,0.0864800230490117
Industri,2022-01-27,0.00931704,0.09660280088296025
Industri,2022-01-28,-0.005788202500000001,0.09025544180938239
Industri,2022-01-31,0.004054433333333333,0.09467580981450263
Industri,2022-02-01,0.005252,0.10042504716764844
Industri,2022-02-02,0.005153793333333333,0.10609641043957407
Industri,2022-02-03,0.0013044699999999998,0.10753928002410018
Industri,2022-02-04,-0.0024453066666666663,0.1048310068390621
Industri,2022-02-07,0.0019176875,0.1069497274504898
Industri,2022-02-08,0.0033243133333333338,0.11062957518878314
Industri,2022-02-09,-0.01015601,0.09935001011687006
Industri,2022-02-10,0.005563998,0.10546679137446024
Industri,2022-02-11,0.0057212719999999995,0.11179146757488079
Industri,2022-02-14,-0.005442085,0.10574100390606356
Industri,2022-02-15,0.008393049999999999,0.11502154343889748
Industri,2022-02-16,-0.010049315999999999,0.10381633960207215
Industri,2022-02-17,0.0045697575,0.10886051259859131
Industri,2022-02-18,-0.00511848,0.10318483224206565
Industri,2022-02-21,-0.00260031,0.10031620969093824
Industri,2022-02-22,0.004548513333333334,0.10532101264160043
Industri,2022-02-23,0.003371655,0.10904777376047847
Industri,2022-02-24,0.00488386,0.11446420782083644
Industri,2022-02-25,0.0077881800000000004,0.12314385567490249
Industri,2022-02-28,-0.00879463,0.1132662210274682
Industri,2022-03-01,0.002012225,0.11550636314907536
Industri,2022-03-02,-0.0165698,0.09702264581296793
Industri,2022-03-03,-0.0033499533333333333,0.09334767114388454
Industri,2022-03-04,-0.00802286,0.08457589584697112
Industri,2022-03-07,-0.0150942,0.06820509035987787
Industri,2022-03-08,0.011859866666666668,0.08087386030420074
Industri,2022-03-09,0.006312379999999999,0.08769674684250783
Industri,2022-03-10,0.0037695775,0.09179690402622831
Industri,2022-03-11,-8.136500000000002e-4,0.09090856347526755
Industri,2022-03-14,0.013513500000000001,0.10565055634779053
Industri,2022-03-15,-0.005479137500000001,0.09959254492260938
Industri,2022-03-16,0.006127479999999999,0.10633027624977176
Industri,2022-03-17,0.010246143333333332,0.11766589483423329
Industri,2022-03-18,-0.0023162100000000004,0.11507714591195928
Industri,2022-03-21,0.006275275,0.12207456164877173
Industri,2022-03-22,0.00679484,0.12969887876324537
Industri,2022-03-23,0.0021618299999999996,0.13214109569032195
Industri,2022-03-24,-0.004705253333333333,0.12681408502602132
Industri,2022-03-25,0.006205128,0.1338061106558106
Industri,2022-03-28,-0.006848833333333333,0.1260408615716142
Industri,2022-03-29,-0.01835175,0.10537604119026733
Industri,2022-03-30,0.013932502499999999,0.12077669564759064
Industri,2022-03-31,-0.0014086824999999994,0.11919787713002417
Industri,2022-04-01,0.003590585,0.12321645223967903
Industri,2022-04-04,-0.009670999999999999,0.11235382593006893
Industri,2022-04-05,0.0073934825000000004,0.1205779944758909
Industri,2022-04-06,-0.004680665,0.11533294427737761
Industri,2022-04-07,0.0016676199999999999,0.1171928958019135
Industri,2022-04-08,-3.107066666666669e-4,0.11684577652123518
Industri,2022-04-11,-0.006099025,0.11003410620908771
Industri,2022-04-12,-0.004116633333333333,0.10546450280633057
Industri,2022-04-13,0.0084639025,0.11482104657529413
Industri,2022-04-14,0,0.11482104657529413
Industri,2022-04-15,0,0.11482104657529413
Industri,2022-04-18,0,0.11482104657529413
Industri,2022-04-19,3.047500000000003e-4,0.11516078828923804
Industri,2022-04-20,0.006489443333333333,0.12239756103239641
Industri,2022-04-21,1.9436666666666695e-4,0.1226157177050089
Industri,2022-04-22,-0.012784309999999998,0.10826385035899566
Industri,2022-04-25,-0.006364623333333334,0.10121016839751085
Industri,2022-04-26,0.004642156666666666,0.10632215852213833
Industri,2022-04-27,-0.0023818,0.1036871204049703
Industri,2022-04-28,0.001187325,0.10499755571520519
Industri,2022-04-29,0.010111246666666667,0.1161704585671055
Industri,2022-05-02,-7.67015e-4,0.11531433908282751
Industri,2022-05-03,-0.0041298674999999995,0.11070823864156543
Industri,2022-05-04,0.009111474000000001,0.12082842787953396
Industri,2022-05-05,-0.01149138,0.10794856249996743
Industri,2022-05-06,0.016283,0.12598928894315464
Industri,2022-05-09,-0.010065046666666667,0.11465615420377495
Industri,2022-05-10,0.0118485,0.1278631576468583
Industri,2022-05-11,0.010886125,0.1401412169638967
Industri,2022-05-12,-0.00545725,0.1339191813076206
Industri,2022-05-13,-0.00961536,0.12301614016844264
Industri,2022-05-16,0.0040436280000000005,0.12755719967727974
Industri,2022-05-17,0,0.12755719967727974
Industri,2022-05-18,-0.0093538,0.11701025514293839
Industri,2022-05-19,-0.0031448816666666667,0.11349739007006066
Industri,2022-05-20,0.004332222,0.11832130796026474
Industri,2022-05-23,0.010223003333333334,0.12975391041927997
Industri,2022-05-24,-0.0068587275,0.12200523620565473
Industri,2022-05-25,0.0029320249999999996,0.12529498360834057
Industri,2022-05-26,0,0.12529498360834057
Industri,2022-05-27,0.011787014999999998,0.13855885245955668
Industri,2022-05-30,-0.006756826666666667,0.1308658076436886
Industri,2022-05-31,0.0054221799999999995,0.13699756560857823
Industri,2022-06-01,-0.007695015,0.12824835228625653
Industri,2022-06-02,0.0029519566666666663,0.13157889253144384
Industri,2022-06-03,-0.007601282500000001,0.12297744169827518
Industri,2022-06-06,0,0.12297744169827518
Industri,2022-06-07,0.002276015,0.125533355200242
Industri,2022-06-08,0.009757013333333333,0.1365151991540423
Industri,2022-06-09,-0.006924357499999999,0.1286455616109159
Industri,2022-06-10,-0.011334054999999999,0.115853430740112
Industri,2022-06-13,-0.00903664,0.10576986499374863
Industri,2022-06-14,-0.003427106666666666,0.10198027371762941
Industri,2022-06-15,0.002986686,0.1052715427734181
Industri,2022-06-16,8.480333333333326e-5,0.10536527348448388
Industri,2022-06-17,-0.011247115,0.09293310313659742
Industri,2022-06-20,4.8096599999999977e-4,0.09345876679948062
Industri,2022-06-21,-0.00616457,0.08671806368943158
Industri,2022-06-22,-0.007242456666666667,0.07884755520427689
Industri,2022-06-23,-0.010835476666666666,0.06715772769297068
Industri,2022-06-24,0.006687585,0.07429443570532435
Industri,2022-06-27,-0.0105745,0.06293430919495835
Industri,2022-06-28,-0.0013203033333333333,0.061530913483413885
Industri,2022-06-29,-0.00482224,0.0564119566511776
Industri,2022-06-30,0.0108454,0.06786916688584244
Industri,2022-07-01,0.01352655,0.08231375256518203
Industri,2022-07-04,0.0026047125000000005,0.08513286872541026
Industri,2022-07-05,-0.004384,0.08037564622891802
Industri,2022-07-06,4.918999999999995e-4,0.08090708300929816
Industri,2022-07-07,0.0125786,0.09450338084363907
Industri,2022-07-08,6.733333333333332e-5,0.09457707740461596
Industri,2022-07-11,-7.215766666666663e-4,0.09378725612569272
Industri,2022-07-12,0.0014409499999999997,0.09536334887240705
Industri,2022-07-13,-7.519999999999998e-4,0.0945396356340551
Industri,2022-07-14,-0.003965145,0.090199627270519
Industri,2022-07-15,0.005879725,0.09660970127397195
Industri,2022-07-18,0.0071587299999999994,0.10446003404077309
Industri,2022-07-19,0.0057490325,0.1108096106714247
Industri,2022-07-20,0.0054486825000000004,0.11686205955792173
Industri,2022-07-21,-0.0011440124999999998,0.11558435540101186
Industri,2022-07-22,0.006062452,0.12234753200758153
Industri,2022-07-25,-0.0018646300000000002,0.12025476912897415
Industri,2022-07-26,3.507680000000002e-4,0.12064771865383195
Industri,2022-07-27,0.010955454,0.132924923185749
Industri,2022-07-28,0.0020179333333333336,0.13521109015240973
Industri,2022-07-29,0.006989546666666667,0.14314570104354774
Industri,2022-08-01,0.007090575,0.1512512613727246
Industri,2022-08-02,-0.0025153266666666668,0.14835548837496026
Industri,2022-08-03,-0.0017393899999999997,0.14635805032203564
Industri,2022-08-04,-0.007586873333333334,0.13766077699959545
Industri,2022-08-05,0.001186285,0.13901036691443824
Industri,2022-08-08,0.0034129299999999998,0.14289772956599167
Industri,2022-08-09,-0.0015105200000000002,0.1411713596875277
Industri,2022-08-10,0.00852394,0.15089863588722263
Industri,2022-08-11,-0.002541365,0.14797378237543102
Industri,2022-08-12,0.01036977,0.1598780064646943
Industri,2022-08-15,-0.002075764,0.15747037345448311
Industri,2022-08-16,0.00218046,0.1599941913049856
Industri,2022-08-17,-0.012517733333333331,0.14547369335001425
Industri,2022-08-18,-0.0017253739999999998,0.14349732282182415
Industri,2022-08-19,-9.608899999999998e-4,0.14239854767929794
Industri,2022-08-22,-0.00740642,0.13393746422779507
Industri,2022-08-23,-0.004479866,0.12885757633567474
Industri,2022-08-24,3.9932000000000005e-4,0.1293083517430571
Industri,2022-08-25,0.0031708119999999994,0.13288917621646434
Industri,2022-08-26,0.006108812,0.1398097832108054
Industri,2022-08-29,-0.005708328,0.13330337511062917
Industri,2022-08-30,7.954439999999999e-4,0.13420485448054076
Industri,2022-08-31,-4.876139999999999e-4,0.1336518003146281
Industri,2022-09-01,-0.01106536,0.12110753502949856
Industri,2022-09-02,8.236775000000002e-4,0.12203096608118269
Industri,2022-09-05,0.0013561625000000006,0.12355262240122089
Industri,2022-09-06,-0.007727735,0.11487010547674914
Industri,2022-09-07,-5.548499999999995e-4,0.11425151979872528
Industri,2022-09-08,0.004219507999999999,0.11895311300052835
Industri,2022-09-09,0.0018360599999999998,0.12100757805318407
Industri,2022-09-12,0.0012177266666666665,0.12237265887451487
Industri,2022-09-13,-0.0032738633333333333,0.11869816418028978
Industri,2022-09-14,-0.00907456,0.10854647056754585
Industri,2022-09-15,6.072666666666667e-4,0.10921965388757271
Industri,2022-09-16,-0.00894917,0.09929305863759152
Industri,2022-09-19,-2.1455e-4,0.0990572053118608
Industri,2022-09-20,0.0014151899999999998,0.10061258007824603
Industri,2022-09-21,9.2906e-4,0.10163511520189372
Industri,2022-09-22,-0.01229737,0.08808790058526328
Industri,2022-09-26,0.008744676666666666,0.09760287746079355
Industri,2022-09-27,0.005756406666666667,0.10392112598196124
Industri,2022-09-28,-0.0039079175,0.09960709329511674
Industri,2022-09-29,-0.00623426,0.09275185677767062
Industri,2022-09-30,-0.0121359,0.07949032951900259
Industri,2022-10-03,0.0093554075,0.08958940144396199
Industri,2022-10-04,0.007839255,0.09813097060717868
Industri,2022-10-05,-6.393400000000002e-4,0.09742889155243062
Industri,2022-10-06,0.00871169,0.106989351852679
Industri,2022-10-07,0.006610525000000001,0.11430713263783487
Industri,2022-10-10,0.007874766,0.12308204055948879
Industri,2022-10-11,0.004342286666666666,0.12795878472978295
Industri,2022-10-12,-0.0180123,0.10764165271159487
Industri,2022-10-13,0.0027221249999999997,0.11065679174548237
Industri,2022-10-14,-0.0013572333333333334,0.10914937132583225
Industri,2022-10-17,0.0065943799999999995,0.11646352375711588
Industri,2022-10-18,0.00358427,0.12046523047141267
Industri,2022-10-19,0.011315555,0.13314391641239953
Industri,2022-10-20,-0.004612765,0.1279169898148096
Industri,2022-10-21,-0.01080902,0.11572531251356155
Industri,2022-10-24,-0.0074339,0.10743112211286698
Industri,2022-10-25,0.0027057350000000003,0.11042753726005694
Industri,2022-10-26,0.0061260824999999994,0.1172301079635838
Industri,2022-10-27,0.0010859775000000003,0.1184433947231549
Industri,2022-10-28,-5.436649999999997e-4,0.11783533619496267
Industri,2022-10-31,-0.0018783925000000002,0.11573560268321925
Industri,2022-11-01,0.00386858,0.12005191512104751
Industri,2022-11-02,-0.0025963566666666665,0.11714386086421014
Industri,2022-11-03,-0.001094045,0.11592165520895104
Industri,2022-11-04,0.004966355,0.12146371830090619
Industri,2022-11-07,-0.0021820974999999998,0.1190165751248613
Industri,2022-11-08,0.004317153333333334,0.12384754126221664
Industri,2022-11-09,0.0031113599999999996,0.12734423554819818
Industri,2022-11-10,-0.0036608599999999997,0.12321718613004928
Industri,2022-11-11,-0.013452333333333334,0.10810729413649911
Industri,2022-11-14,-0.00417635,0.10347945023863203
Industri,2022-11-15,0.0019442860000000001,0.10562492988501893
Industri,2022-11-16,-0.005950673333333333,0.09904571709808363
Industri,2022-11-17,-0.006572021666666666,0.09182276483265772
Industri,2022-11-18,0.007564255,0.10008159064065691
Industri,2022-11-21,0.0014201683333333332,0.1016438916797675
Industri,2022-11-22,-0.0061812375,0.09483436914487076
Industri,2022-11-23,2.686379999999999e-4,0.09512848326012913
Industri,2022-11-24,0.0061741274999999995,0.10188994614465874
Industri,2022-11-25,0.006109806,0.10862227994895313
Industri,2022-11-28,-0.001670056,0.10677081865859073
Industri,2022-11-29,-0.0032003933333333333,0.10322871670902778
Industri,2022-11-30,0.0060975225,0.10995567863180722
Industri,2022-12-01,-2.2997499999999997e-4,0.10970041657461382
Industri,2022-12-02,0.0060361600000000005,0.11639874584112486
Industri,2022-12-05,-0.0011312375000000002,0.11513583371487646
Industri,2022-12-06,0.0032256533333333334,0.11873287533401822
Industri,2022-12-07,4.7059499999999976e-4,0.11925934543148586
Industri,2022-12-08,0.0064271175,0.1264529567575472
Industri,2022-12-09,0.006019235,0.13323334182071545
Industri,2022-12-12,-0.008077626666666667,0.12407950595926875
Industri,2022-12-13,0.004203106666666667,0.12880413202462937
Industri,2022-12-14,-0.00232003,0.1261852725742083
Industri,2022-12-15,-0.0018939825000000002,0.12405229737619505
Industri,2022-12-16,-4.790875e-4,0.12351377797117569
Industri,2022-12-19,0.0014579199999999997,0.1251517711783554
Industri,2022-12-20,0.0045199,0.13023734466890446
Industri,2022-12-21,0.0032056599999999995,0.1338605013152161
Industri,2022-12-22,-0.003180883333333334,0.1302538233442574
Industri,2022-12-23,-0.002324734,0.12762628385249908
Industri,2022-12-26,0,0.12762628385249908
Industri,2022-12-27,0.003712323333333333,0.13181239721732463
Industri,2022-12-28,2.055966666666667e-4,0.13204509407348475
Industri,2022-12-29,0.005257925,0.13799730227474094
Industri,2022-12-30,-0.003924895,0.1335307823530294
Industri,2023-01-02,-0.003877110000000001,0.12913595882146067
Industri,2023-01-03,-0.005569305,0.12284745628031657
Industri,2023-01-04,-0.0012532300000000001,0.12144027016268222
Industri,2023-01-05,-0.0037461,0.117239242766626
Industri,2023-01-06,0.01724995,0.13651156384238816
Industri,2023-01-09,0.0013139499999999993,0.13800488321169868
Industri,2023-01-10,3.32759999999997e-5,0.13804275146219247
Industri,2023-01-11,0.0027617825,0.14118577801743237
Industri,2023-01-12,6.890000000000008e-5,0.14126440571753784
Industri,2023-01-13,0.009052226666666666,0.15159538980469156
Industri,2023-01-16,0.003932748000000001,0.1561243242707553
Industri,2023-01-17,-0.0017973379999999999,0.15404637809001898
Industri,2023-01-18,0.009994936666666666,0.16558099854942476
Industri,2023-01-19,-0.0074393675,0.1569098131501987
Industri,2023-01-20,0.007061436,0.16507925775353094
Industri,2023-01-23,-0.00254965,0.1621087134239998
Industri,2023-01-24,-0.001874265,0.15993061373623418
Industri,2023-01-25,-0.007433393333333333,0.15130839324495793
Industri,2023-01-26,0.007428882,0.15986132744398418
Industri,2023-01-27,0.005284818,0.16599098346476415
Industri,2023-01-30,0.0015383539999999998,0.16778469035814103
Industri,2023-01-31,0.00258466,0.17080301673592202
Industri,2023-02-01,0.0035692000000000002,0.17498184686325602
Industri,2023-02-02,0.001760356666666667,0.17705023399059394
Industri,2023-02-03,-0.00788712,0.1677666975490819
Industri,2023-02-06,-0.007659951666666667,0.15882166108791318
Industri,2023-02-07,-0.007987756666666667,0.1495652756390804
Industri,2023-02-08,0.010316942499999999,0.1614252744878455
Industri,2023-02-09,0.010462726666666667,0.17357694967856996
Industri,2023-02-10,-0.003924986666666667,0.16897067579877434
Industri,2023-02-13,0.006142995,0.17615165681535294
Industri,2023-02-14,2.8417333333333335e-4,0.17648588775217577
Industri,2023-02-15,0.006357551666666667,0.18396545756866445
Industri,2023-02-16,0.009725465999999999,0.1954800733714228
Industri,2023-02-17,0.003729406666666667,0.19993850472692132
Industri,2023-02-20,5.717999999999999e-4,0.20062462956392424
Industri,2023-02-21,-0.001300788,0.19906287145328294
Industri,2023-02-22,-0.007227842,0.19039623447035225
Industri,2023-02-23,0.010848034,0.20330969329535842
Industri,2023-02-24,3.653424999999999e-4,0.20374931346698144
Industri,2023-02-27,0.012837871999999998,0.21920289307335827
Industri,2023-02-28,-0.00505988,0.21303387273875418
Industri,2023-03-01,0.00543569,0.21962754883046176
Industri,2023-03-02,-6.06588e-4,0.21888773739487166
Industri,2023-03-03,-0.0023792,0.2159877596900619
Industri,2023-03-06,-0.005663316666666667,0.20910123594414642
Industri,2023-03-07,-0.0025478900000000006,0.20602057899609671
Industri,2023-03-08,0.0010009799999999998,0.2072277814752601
Industri,2023-03-09,-5.534049999999999e-4,0.20655969558485276
Industri,2023-03-10,-0.010247204999999999,0.19419583103945715
Industri,2023-03-13,-0.01422499,0.1772084072848792
Industri,2023-03-14,0.01341405,0.192999539720619
Industri,2023-03-15,-0.014348766666666665,0.17588146769172708
Industri,2023-03-16,-0.0010714000000000003,0.17462162828724215
Industri,2023-03-17,-0.011851640000000002,0.16070043561256786
Industri,2023-03-20,0.005331533333333333,0.16688874867505077
Industri,2023-03-21,0.002920296,0.17029640922025147
Industri,2023-03-22,-0.004997913333333333,0.16444736919265757
Industri,2023-03-23,-0.0012409574999999997,0.16300233949650278
Industri,2023-03-24,-0.0026348933333333337,0.15993795238551223
Industri,2023-03-27,0.003981339999999999,0.1645560597528628
Industri,2023-03-28,-0.0080336425,0.15520043269759953
Industri,2023-03-29,0.006642362,0.1628736921541336
Industri,2023-03-30,0.007453037500000001,0.17154063338952175
Industri,2023-03-31,0.004319217500000001,0.17660077219521897
Industri,2023-04-03,0.00922425,0.18745403186814058
Industri,2023-04-04,1.9021166666666672e-4,0.1876798994786324
Industri,2023-04-05,-1.9282399999999997e-4,0.1874508862896953
Industri,2023-04-06,0,0.1874508862896953
Industri,2023-04-07,0,0.1874508862896953
Industri,2023-04-10,0,0.1874508862896953
Industri,2023-04-11,0.0106786,0.20013119932402867
Industri,2023-04-12,0.006521746,0.20795815017269526
Industri,2023-04-13,4.8647333333333355e-4,0.20854578960053693
Industri,2023-04-14,0.0029913316666666666,0.21216095089158582
Industri,2023-04-17,0.00519942,0.2184634847828708
Industri,2023-04-18,0.005723626000000001,0.22543751406442447
Industri,2023-04-19,0.0012940524999999997,0.22702329454309345
Industri,2023-04-20,-0.0086774825,0.21637582137760347
Industri,2023-04-21,0.003861864,0.22107329937265208
Industri,2023-04-24,0.005846768,0.22821263166507855
Industri,2023-04-25,-0.007736155999999999,0.21871098714534698
Industri,2023-04-26,-0.0028008449999999997,0.21529756657055588
Industri,2023-04-27,0.0047803,0.22110705352803306
Industri,2023-04-28,0.00885527,0.2319202861859282
Industri,2023-05-01,0,0.2319202861859282
Industri,2023-05-02,-0.004970916000000001,0.2257965139246021
Industri,2023-05-03,0.0031436700000000008,0.22965001365153137
Industri,2023-05-04,-0.008905995,0.21869875677820105
Industri,2023-05-05,0.004274345,0.2239078957157421
Industri,2023-05-08,0.005134145000000001,0.23019161631899165
Industri,2023-05-09,-0.00837465,0.21988919209938573
Industri,2023-05-10,0.006351084,0.22763681082910114
Industri,2023-05-11,8.852874999999997e-4,0.22872362235226795
Industri,2023-05-12,0.0013544374999999997,0.23038785170351783
Industri,2023-05-15,-0.0015202599999999998,0.22851734226808706
Industri,2023-05-16,-0.0017621620000000005,0.2263524956912013
Industri,2023-05-17,0,0.2263524956912013
Industri,2023-05-18,0,0.2263524956912013
Industri,2023-05-19,0.013985885,0.2435041206654014
Industri,2023-05-22,-0.0034734199999999996,0.2391849085825999
Industri,2023-05-23,0.004563185,0.24483953856967045
Industri,2023-05-24,-0.00697604,0.23615548815502696
Industri,2023-05-25,-0.00457823,0.23049608401449095
Industri,2023-05-26,0.0031162016666666666,0.2343305579623236
Industri,2023-05-29,0,0.2343305579623236
Industri,2023-05-30,0.001390686,0.23604712418865392
Industri,2023-05-31,-0.009009505999999999,0.2249109502069937
Industri,2023-06-01,0.006067866666666667,0.23234354653138967
Industri,2023-06-02,-4.4101000000000003e-4,0.23180007070393382
Industri,2023-06-05,-7.418399999999999e-4,0.23088627213948287
Industri,2023-06-06,-1.4714199999999963e-4,0.23070515707162764
Industri,2023-06-07,-0.00146285,0.2289048200326056
Industri,2023-06-08,0.00567102,0.23587396384510684
Industri,2023-06-09,0.003829325,0.24060652691170814
Industri,2023-06-12,0.005069944,0.24689633252918486
Industri,2023-06-13,0.00644111,0.254927728965602
Industri,2023-06-14,-0.0028130000000000004,0.25139761726402177
Industri,2023-06-15,8.34724e-4,0.25244218888869474
Industri,2023-06-16,-0.00282001,0.24891028939160686
Industri,2023-06-19,-0.006366144000000001,0.24095954664625818
Industri,2023-06-20,-7.85446e-4,0.23998483993418307
Industri,2023-06-21,-0.0034933940000000004,0.2356530843342659
Industri,2023-06-22,-0.0031759740000000002,0.23172868226540055
Industri,2023-06-23,-5.284000000000012e-6,0.23172217381104332
Industri,2023-06-26,0.00693097,0.24025920324606242
Industri,2023-06-27,-0.00553026,0.23340024738471898
Industri,2023-06-28,0.008470805999999999,0.24384814160066703
Industri,2023-06-29,0.002721105714285714,0.2472327838864803
Industri,2023-06-30,0.00599518,0.25471016892778087
Industri,2023-07-03,0.004757376666666667,0.2606792978088672
Industri,2023-07-04,-0.0049788328571428574,0.25440258629861656
Industri,2023-07-05,-0.009316185714285713,0.24271633884417843
Industri,2023-07-06,6.262539999999996e-4,0.2434945949222449
Industri,2023-07-07,-0.00100778,0.24224142593937414
Industri,2023-07-10,0.004502285,0.24783435087775962
Industri,2023-07-11,0.002230775,0.2506179885518387
Industri,2023-07-12,0.007195528,0.25961684530576723
Industri,2023-07-13,0.0027261625,0.2630507655138079
Industri,2023-07-14,-0.0012870985714285713,0.26142509467787334
Industri,2023-07-17,-0.0068160825,0.25282711716497874
Industri,2023-07-18,0.00372089,0.25748874905696684
Industri,2023-07-19,0.0017119899999999998,0.2596415572204649
Industri,2023-07-20,-0.0022672380000000004,0.2567856500155554
Industri,2023-07-21,-0.0011632471428571428,0.255323697698991
Industri,2023-07-24,-0.0047407379999999995,0.2493725369430091
Industri,2023-07-25,0.0013180019999999998,0.2510192124454451
Industri,2023-07-26,-0.0037456499999999997,0.24633333233234866
Industri,2023-07-27,0.006774748000000001,0.25477692658290074
Industri,2023-07-28,-0.003438566666666667,0.2504622924690503
Industri,2023-07-31,-0.00200641,0.2479533524208175
Industri,2023-08-01,0.0016711785714285713,0.2500389053215255
Industri,2023-08-02,-0.0032303760000000005,0.24600080964270865
Industri,2023-08-03,0.007963685,0.2559235676004481
Industri,2023-08-04,0.003605808,0.2604521868478904
Industri,2023-08-07,-8.497514285714289e-4,0.2593811158014705
Industri,2023-08-08,-0.002484244,0.25625250582082737
Industri,2023-08-09,0.007120679999999999,0.26519787791397564
Industri,2023-08-10,0.002682472,0.2685917357959393
Industri,2023-08-11,-0.0012376733333333335,0.2670216336336577
Industri,2023-08-14,0.0030711399999999995,0.2709128344535754
Industri,2023-08-15,-0.002412488333333333,0.26784677206777263
Industri,2023-08-16,-5.723700000000001e-4,0.2671210946108442
Industri,2023-08-17,8.647774999999999e-4,0.268216872423239
Industri,2023-08-18,-0.014102166666666667,0.2503322667188477
Industri,2023-08-21,0.004421677500000001,0.2558608327701226
Industri,2023-08-22,0.006619656666666667,0.26417420030417493
Industri,2023-08-23,-1.105800000000002e-4,0.26403440792110544
Industri,2023-08-24,-0.0019469080000000002,0.26157344922004855
Industri,2023-08-25,-0.002639644285714286,0.2582433440738061
Industri,2023-08-28,0.0043672475,0.2637384041726041
Industri,2023-08-29,-6.317557142857142e-4,0.2629400302144056
Industri,2023-08-30,0.005670629999999999,0.2701016958379403
Industri,2023-08-31,0.0042218966666666665,0.27546393395392643
Industri,2023-09-01,0.001633726666666667,0.27754769339519836
Industri,2023-09-04,-0.004108393333333333,0.2722990249686381
Industri,2023-09-05,-2.0197999999999993e-4,0.2720420460115749
Industri,2023-09-06,-0.007292494,0.26276568702328773
Industri,2023-09-07,8.609539999999996e-4,0.2638528701925933
Industri,2023-09-08,0.0021437400000000003,0.2665622421445397
Industri,2023-09-11,0.004599244285714285,0.2723874712992247
Industri,2023-09-12,-0.0066865542857142855,0.2638795833999197
Industri,2023-09-13,-0.0016327139999999995,0.26181602950978844
Industri,2023-09-14,0.0032458725,0.26591172346003344
Industri,2023-09-15,-0.001973,0.2634140796296467
Industri,2023-09-18,7.328319999999998e-4,0.2643399498964498
Industri,2023-09-19,0.0013800840000000004,0.2660848452318627
Industri,2023-09-20,0.001133428,0.26751986124582405
Industri,2023-09-21,0.0028127300000000007,0.27108505238514624
Industri,2023-09-22,0.004114208571428571,0.27631456140268384
Industri,2023-09-25,-0.014190802499999999,0.25820263353394424
Industri,2023-09-26,-0.002640245,0.2548806703217692
Industri,2023-09-27,0.007733,0.2645846625453674
Industri,2023-09-28,-0.00525342,0.25794126818745844
Industri,2023-09-29,-0.004561124285714286,0.25220364171912646
Industri,2023-10-02,0.0027177360000000005,0.2556068006355574
Industri,2023-10-03,-3.961666666666664e-4,0.25510937107470566
Industri,2023-10-04,-0.00817812,0.2448449360249323
Industri,2023-10-05,0.009433918,0.2565887010741068
Industri,2023-10-06,-0.0025148540000000004,0.25342856395285573
Industri,2023-10-09,7.633400000000002e-4,0.2543853561128635
Industri,2023-10-10,-9.0066e-4,0.25325558139802706
Industri,2023-10-11,-0.0041505485714285716,0.24805388323502053
Industri,2023-10-12,0.0032760224999999997,0.25214253583771074
Industri,2023-10-13,2.5613500000000016e-4,0.2524632533661275
Industri,2023-10-16,-0.004410985714285714,0.2469386558478619
Industri,2023-10-17,-4.0897199999999996e-4,0.2464286928519024
Industri,2023-10-18,9.6379e-4,0.24762998836178607
Industri,2023-10-19,5.252339999999997e-4,0.24828528605109312
Industri,2023-10-20,-0.012322992500000001,0.2329026758332251
Industri,2023-10-23,-0.002830988333333333,0.229412342741806
Industri,2023-10-24,0.005455812499999999,0.23611978596899097
Industri,2023-10-25,0.01222429,0.2512304727074137
Industri,2023-10-26,-0.01037458,0.23824948206987284
Industri,2023-10-27,0.005005913333333334,0.24444805166215966
Industri,2023-10-30,-6.938599999999999e-4,0.24358457893703322
Industri,2023-10-31,0.00318072,0.2475400732789499
Industri,2023-11-01,-5.214699999999999e-4,0.24688951855693708
Industri,2023-11-02,0.009019834,0.2581362550306605
Industri,2023-11-03,-0.002676996666666666,0.254768228469731
Industri,2023-11-06,1.396350000000001e-4,0.25494343803131336
Industri,2023-11-07,-0.0021943400000000004,0.25218966544750376
Industri,2023-11-08,0.0075156166666666665,0.26160064296696883
Industri,2023-11-09,0.0026189649999999996,0.26490473089487665
Industri,2023-11-10,-3.594799999999998e-4,0.26445002294221465
Industri,2023-11-13,-0.0016173533333333334,0.2624049604827756
Industri,2023-11-14,0.002738363333333333,0.26586188393837973
Industri,2023-11-15,0.003289638,0.270026111294535
Industri,2023-11-16,-0.008806040000000001,0.25884221055743106
Industri,2023-11-17,-0.0022403,0.2560220263531192
Industri,2023-11-20,0.005483612,0.26290956380909325
Industri,2023-11-21,-0.00376398,0.2581559974691072
Industri,2023-11-22,-2.7542857142857408e-5,0.2581213442582053
Industri,2023-11-23,0.0018387400000000004,0.26043470229874677
Industri,2023-11-24,0.009337795714285713,0.272204384060009
Industri,2023-11-27,-0.00912573,0.260594590346261
Industri,2023-11-28,-0.0107376075,0.24705882041849958
Industri,2023-11-29,-0.00796102,0.23713096020797142
Industri,2023-11-30,0.00309713,0.24096251561876048
Industri,2023-12-01,0.004150996666666667,0.246113746884552
Industri,2023-12-04,-0.013187260000000001,0.22968092091481118
Industri,2023-12-05,-0.0052831250000000005,0.22318436289950316
Industri,2023-12-06,0.0017096500000000003,0.22527558004553438
Industri,2023-12-07,-0.006430427999999999,0.21739653364789313
Industri,2023-12-08,0.008119455,0.22728113002000327
Industri,2023-12-11,-0.005802971666666667,0.22015925239546275
Industri,2023-12-12,-0.006147286666666667,0.21265858369200208
Industri,2023-12-13,-0.0033745050000000003,0.20856646123804046
Industri,2023-12-14,-8.247200000000001e-4,0.2075697323061283
Industri,2023-12-15,0.005905148,0.2147006102957163
Industri,2023-12-18,0.007812846666666666,0.2241908799098633
Industri,2023-12-19,-0.0035183257142857144,0.21988377765788236
Industri,2023-12-20,0.0025370440000000005,0.2229786764766868
Industri,2023-12-21,-0.005861450000000001,0.2158102481134525
Industri,2023-12-22,-0.01061502,0.20290439801352322
Industri,2023-12-25,0,0.20290439801352322
Industri,2023-12-26,0,0.20290439801352322
Industri,2023-12-27,0.0013263519999999998,0.20449987266763725
Industri,2023-12-28,0.003168491666666666,0.2083163204766858
Industri,2023-12-29,0.006428970000000001,0.21608454985154069
Industri,2024-01-01,0,0.21608454985154069
Industri,2024-01-02,0.0068743,0.2244442798725852
Industri,2024-01-03,-0.0017310980000000001,0.22232464682858621
Industri,2024-01-04,-0.00854836,0.21187577571062266
Industri,2024-01-05,0.004978536666666667,0.217909143695443
Industri,2024-01-08,-6.17125e-4,0.21715754151513988
Industri,2024-01-09,9.8324e-4,0.21835429949625929
Industri,2024-01-10,0.003727674285714286,0.22289592748938092
Industri,2024-01-11,0.00575021,0.22992783588058963
Industri,2024-01-12,0.004488685,0.23544859450858935
Industri,2024-01-15,-0.00768803,0.2259504286505496
Industri,2024-01-16,0.01177127,0.2403814221528111
Industri,2024-01-17,-4.6159749999999974e-4,0.2398088651892989
Industri,2024-01-18,5.36224e-4,0.24047368045822615
Industri,2024-01-19,-0.007736546666666666,0.23087669794058918
Industri,2024-01-22,0.0015926459999999999,0.2328370487900575
Industri,2024-01-23,0.0018206660000000003,0.23508163328832987
Industri,2024-01-24,0.0017759600000000003,0.23727508886578463
Industri,2024-01-25,0.0011157114285714285,0.23865553082271895
Industri,2024-01-26,0.003657933333333333,0.243186450177433
Industri,2024-01-29,0.0035740179999999996,0.24762962092772312
Industri,2024-01-30,0.0011051325000000002,0.24900841696977305
Industri,2024-01-31,-0.0012164457142857144,0.24748906603384335
Industri,2024-02-01,0.004537426666666667,0.2531494561884404
Industri,2024-02-02,-0.0038133200000000003,0.24837079630416792
Industri,2024-02-05,-0.005188098333333333,0.24189412585648018
Industri,2024-02-06,0.006784738,0.2503200521241553
Industri,2024-02-07,0.00180306,0.2525744541973385
Industri,2024-02-08,0.010489772,0.2657136746348929
Industri,2024-02-09,0.0010887675000000002,0.26709174254814094
Industri,2024-02-12,-0.00202525,0.2645255649965452
Industri,2024-02-13,0.006018679999999999,0.2721363397240786
Industri,2024-02-14,0.0020543299999999996,0.2747497275708639
Industri,2024-02-15,-0.013074904,0.2580824972588487
Industri,2024-02-16,0.01052692,0.2713262310608928
Industri,2024-02-19,0.005994482000000001,0.2789471732691151
Industri,2024-02-20,-0.006537202857142857,0.27058643615388545
Industri,2024-02-21,0.003839138,0.27546439282320856
Industri,2024-02-22,-4.1119285714285724e-4,0.27493993097533953
Industri,2024-02-23,0.01234427,0.2906781337170805
Industri,2024-02-26,-0.001026424,0.2893533507043582
Industri,2024-02-27,-0.0020084616666666668,0.28676373392468024
Industri,2024-02-28,0.006598294285714286,0.29525417971729984
Industri,2024-02-29,0.005868636666666666,0.3028555558890422
Industri,2024-03-01,0.0033940000000000003,0.3072774476457294
Industri,2024-03-04,-0.004036666666666667,0.30200040434873276
Industri,2024-03-05,-0.0030052799999999995,0.2980875285735516
Industri,2024-03-06,-0.001493553333333333,0.2961487656182922
Industri,2024-03-07,0.006378249999999999,0.3044159264825972
Industri,2024-03-08,-4.460340000000005e-4,0.3038341126292443
Industri,2024-03-11,-0.004416092,0.2980762612351353
Industri,2024-03-12,0.006139592,0.3060459198640044
Industri,2024-03-13,0.008276616666666667,0.3168555612917827
Industri,2024-03-14,0.0027165333333333337,0.3204328433192174
Industri,2024-03-15,0.004680142,0.326612656527415
Industri,2024-03-18,-0.0017356524999999998,0.32431011795358167
Industri,2024-03-19,0.0021646933333333332,0.32717684323718155
Industri,2024-03-20,0.003197742,0.33142081237022847
Industri,2024-03-21,-0.0017176339999999998,0.32913391871459363
Industri,2024-03-22,0.006800627500000001,0.33817286339338715
Industri,2024-03-25,0.006419585,0.3467633778346342
Industri,2024-03-26,0.002162743333333333,0.34967608135162354
Industri,2024-03-27,0.0035506383333333336,0.35446829298365357
Industri,2024-03-28,0,0.35446829298365357
Industri,2024-03-29,0,0.35446829298365357
Industri,2024-04-01,0,0.35446829298365357
Industri,2024-04-02,-0.0064127975,0.34578236210057867
Industri,2024-04-03,0.007443533333333333,0.3557997379722866
Industri,2024-04-04,-0.0031320700000000003,0.3515532782869757
Industri,2024-04-05,-0.001977034,0.3488812115029907
Industri,2024-04-08,0.0011336516666666668,0.3504103729365464
Industri,2024-04-09,-1.0287666666666668e-4,0.3502714472187467
Industri,2024-04-10,-0.00457899,0.3440885677646466
Industri,2024-04-11,0.0034517019999999996,0.34872796096217695
Industri,2024-04-12,0.007826496,0.35928377495373565
Industri,2024-04-15,9.810442857142857e-4,0.36061729253381825
Industri,2024-04-16,-0.008320916666666667,0.3492957094274187
Industri,2024-04-17,0.0059650933333333335,0.3573443842684194
Industri,2024-04-18,-0.0013722066666666665,0.3554818272553637
Industri,2024-04-19,0.003368298,0.3600474939831444
Industri,2024-04-22,0.0025986399999999997,0.36358176780290874
Industri,2024-04-23,0.006661245,0.372664920035777
Industri,2024-04-24,0.009627053333333333,0.38587963842975737
Industri,2024-04-25,-0.005354595,0.3784588142472194
Industri,2024-04-26,0.011253706666666665,0.3939715853948389
Industri,2024-04-29,2.645549999999999e-4,0.3943403675476129
Industri,2024-04-30,0.006553717999999999,0.40347848111253626
Industri,2024-05-01,0,0.40347848111253626
Industri,2024-05-02,0.0010412899999999998,0.404939909220134
Industri,2024-05-03,0.0059775900000000005,0.4133380639720894
Industri,2024-05-06,0.0076322675000000005,0.4241250381442565
Industri,2024-05-07,-0.0023365820000000002,0.42079745321437945
Industri,2024-05-08,0.004740033333333333,0.42753208050253066
Industri,2024-05-09,0,0.42753208050253066
Industri,2024-05-10,0.00805935,0.43903706117552876
Industri,2024-05-13,0.0046556666666666665,0.44573673805334146
Industri,2024-05-14,-0.004333435,0.43947173187187527
Industri,2024-05-15,-5.391600000000002e-4,0.43869562629291914
Industri,2024-05-16,0.00102243,0.4401665918621098
Industri,2024-05-17,0,0.4401665918621098
Industri,2024-05-20,0,0.4401665918621098
Industri,2024-05-21,0.007628555,0.45115298191729236
Industri,2024-05-22,0.003794964,0.4566600552421609
Industri,2024-05-23,0.0029093050000000005,0.46089792362417725
Industri,2024-05-24,0.003829835714285714,0.4664929226669987
Industri,2024-05-27,0.006487022,0.47600609451918374
Industri,2024-05-28,-0.008156231666666666,0.46396744687087343
Industri,2024-05-29,-0.003589558,0.4587124508102185
Industri,2024-05-30,7.529559999999999e-4,0.45981079710233064
Industri,2024-05-31,0.0049350539999999995,0.46701504221581347
Industri,2024-06-03,0.0012174774999999995,0.4688011000218728
Industri,2024-06-04,-8.328940000000001e-4,0.4675777443984712
Industri,2024-06-05,-0.003789212857142857,0.4620167799405399
Industri,2024-06-06,0.006076242000000001,0.4709003477035194
Industri,2024-06-07,9.414749999999997e-4,0.4722851636083736
Industri,2024-06-10,-0.006665450000000001,0.4624717204646003
Industri,2024-06-11,-0.0028089374999999994,0.45836372880629783
Industri,2024-06-12,0.003623135,0.4636475774748663
Industri,2024-06-13,-0.008317122500000001,0.45147424127617963
Industri,2024-06-14,0.0025209699999999995,0.4551333642942095
Industri,2024-06-17,0.0010638366666666666,0.45668138852203577
Industri,2024-06-18,0.0066992779999999995,0.4664401021011708
Industri,2024-06-19,5.836883333333332e-4,0.4672960460802995
Industri,2024-06-20,0.002776764285714286,0.4713703813376251
Industri,2024-06-21,3.0764799999999983e-4,0.4718230454927028
Industri,2024-06-24,0.00345104,0.47690236569562017
Industri,2024-06-25,-0.00829474,0.46465184456679
Industri,2024-06-26,-0.006731860000000001,0.45479201340042463
Industri,2024-06-27,0.007182914,0.4652416593205666
Industri,2024-06-28,0.00155794,0.4675244179112885
Industri,2024-07-01,0.003040255,0.47198606636046536
Industri,2024-07-02,0.0017561950000000001,0.4745711609302774
Industri,2024-07-03,-0.00747332,0.463551218781874
Industri,2024-07-04,0.0024049379999999997,0.4670709687228687
Industri,2024-07-05,-0.006174436000000001,0.45801263291903127
Industri,2024-07-08,0.0031558525000000004,0.4626139057316603
Industri,2024-07-09,-6.345771428571427e-4,0.4616857643782579
Industri,2024-07-10,0.001927354,0.4645029502829754
Industri,2024-07-11,0.002582303333333333,0.46828474113316787
Industri,2024-07-12,3.03348e-4,0.4687301423728212
Industri,2024-07-15,0.0048990100000000005,0.4759254660276069
Industri,2024-07-16,0.006860204,0.4860506158133515
Industri,2024-07-17,0.0013803499999999998,0.48810188578088964
Industri,2024-07-18,0.00434201,0.494563239049969
Industri,2024-07-19,0.0010142324999999998,0.49607907366031867
Industri,2024-07-22,-0.0026365733333333337,0.49213455147014784
Industri,2024-07-23,0.010205872,0.5073630857092297
Industri,2024-07-24,-0.005891383333333333,0.49848263194880027
Industri,2024-07-25,-0.004524885,0.4917021703647346
Industri,2024-07-26,0.0015962733333333332,0.4940833347605631
Industri,2024-07-29,0.007575712,0.5054020798087087
Industri,2024-07-30,-0.001638353333333333,0.5029356992932472
Industri,2024-07-31,0.0035081557142857146,0.508208231754927
Industri,2024-08-01,-0.003110518,0.5035169229023051
Industri,2024-08-02,-0.0197045,0.47389087369497673
Industri,2024-08-05,-0.0182599,0.4469777737303937
Industri,2024-08-06,0.006841857999999999,0.45687779018741326
Industri,2024-08-07,0.011987201999999999,0.4743416785477035
Industri,2024-08-08,-0.01047431,0.45889896676067443
Industri,2024-08-09,0.00397222,0.4646940344144206
Industri,2024-08-12,0.002259143333333333,0.4680029881776413
Industri,2024-08-13,0.0029404839999999997,0.47231962747632994
Industri,2024-08-14,0.00476745,0.4793388376843417
Industri,2024-08-15,-0.005789355,0.47077441998769975
Industri,2024-08-16,-0.005725502857142857,0.4623534968438474
Industri,2024-08-19,6.070049999999999e-4,0.4632411527281992
Industri,2024-08-20,5.300324999999999e-4,0.4640167180944825
Industri,2024-08-21,-0.002034055,0.46103882756895875
Industri,2024-08-22,0.006146301666666667,0.47001881294991077
Industri,2024-08-23,0.0019988566666666666,0.47295716985430114
Industri,2024-08-26,-0.004355235,0.4665420952346506
Industri,2024-08-27,1.4498000000000007e-4,0.46675471450761763
Industri,2024-08-28,-0.006478003999999999,0.4572530716000185
Industri,2024-08-29,0.00846796,0.46959303232020444
Industri,2024-08-30,0.00834797,0.4818611508662225
Industri,2024-09-02,-0.00973305,0.46743812219178404
Industri,2024-09-03,-0.014451642499999999,0.4462312310589971
Industri,2024-09-04,-0.005231749999999999,0.4386649108159042
Industri,2024-09-05,-0.00942845,0.42510053063752196
Industri,2024-09-06,0.004314035,0.4312484642052108
Industri,2024-09-09,7.518440000000001e-4,0.43232453977553265
Industri,2024-09-10,0.004637873333333333,0.4389674795632368
Industri,2024-09-11,2.331466666666667e-4,0.4393029700345388
Industri,2024-09-12,0.00916401,0.45249275684496504
Industri,2024-09-13,0.00657144,0.46203772584700653
Industri,2024-09-16,0.0027078314285714287,0.465996677550812
Industri,2024-09-17,3.2497999999999983e-4,0.46647309715108265
Industri,2024-09-18,-0.003521184,0.46130937554496376
Industri,2024-09-19,0.0100652575,0.476017830696988
Industri,2024-09-20,0.013050889999999999,0.49528117704345287
Industri,2024-09-23,-0.005834724285714286,0.4865566236457859
Industri,2024-09-24,0.0022866239999999997,0.4899558196987732
Industri,2024-09-25,0.0027499499999999997,0.49405312370515375
Industri,2024-09-26,-0.0025697324999999997,0.4902138068364421
Industri,2024-09-27,-0.00153657,0.4879239890072713
Industri,2024-09-30,-0.004112019999999999,0.4818056158059938
Industri,2024-10-01,0.00508104,0.48933472941212863
Industri,2024-10-02,-0.01081215,0.4732318189175153
Industri,2024-10-03,-0.00562817,0.46494021979123823
Industri,2024-10-04,-0.005889507499999999,0.4563124433797263
Industri,2024-10-07,-0.003915651428571428,0.45061003148036005
Industri,2024-10-08,0.002950633333333333,0.4548902497929137
Industri,2024-10-09,0.004855448571428572,0.4619543945778559
Industri,2024-10-10,-0.0018126879999999998,0.4593043273902575
Industri,2024-10-11,6.610483333333332e-4,0.4602689980837049
Industri,2024-10-14,-0.001318838,0.45834313983881025
Industri,2024-10-15,0.0041974433333333335,0.46446445252883906
Industri,2024-10-16,0.0021919624999999997,0.46767450369136543
Industri,2024-10-17,-2.5931799999999997e-4,0.46729390927441705
Industri,2024-10-18,-0.002441626,0.4637113263158912
Industri,2024-10-21,-0.006531542857142857,0.4541510330575733
Industri,2024-10-22,-3.0333666666666667e-4,0.45370993573037577
Industri,2024-10-23,-0.003520885,0.44859159022331174
Industri,2024-10-24,-0.0016563000000000005,0.4461922879724247
Industri,2024-10-25,-0.00291759,0.44197289181495925
Industri,2024-10-28,0.002167875,0.44509890879780256
Industri,2024-10-29,0.004172488333333333,0.45112856713527427
Industri,2024-10-30,-0.0030783566666666667,0.4466614758364429
Industri,2024-10-31,-0.007592698,0.4356774121421827
Industri,2024-11-01,-0.001991625,0.432818081116225
Industri,2024-11-04,-7.68075e-4,0.43171756936857153
Industri,2024-11-05,1.8441749999999985e-4,0.4319816031434207
Industri,2024-11-06,-0.0039855333333333335,0.4262743927313726
Industri,2024-11-07,0.013002616666666666,0.44481969192154125
Industri,2024-11-08,0.00855647,0.45718224827087717
Industri,2024-11-11,-0.006293975,0.4480107796298167
Industri,2024-11-12,-0.004605986,0.4413412622509927
Industri,2024-11-13,-0.00174709,0.4388231093451267
Industri,2024-11-14,-8.54886666666667e-4,0.4375930786532556
Industri,2024-11-15,-0.005472848571428571,0.4297253494264526
Industri,2024-11-18,-0.003483098,0.42474547592131584
Industri,2024-11-19,2.7602999999999997e-4,0.4251387484150344
Industri,2024-11-20,-0.004372888,0.4189067762837553
Industri,2024-11-21,0.002397435,0.4223085130509552
Industri,2024-11-22,0.0045873960000000005,0.428833205434491
Industri,2024-11-25,0.010443053333333334,0.44375458680328106
Industri,2024-11-26,-0.003479936666666667,0.4387304122789961
Industri,2024-11-27,0.00517058,0.4461694829741174
Industri,2024-11-28,0.004151666666666667,0.45217349661093187
Industri,2024-11-29,0.0030945428571428567,0.4566673097322016
Industri,2024-12-02,0.0083165625,0.468781774455296
Industri,2024-12-03,-0.0076492800000000005,0.45754665140359063
Industri,2024-12-04,0.004674995,0.46436067471116926
Industri,2024-12-05,0.0042546400000000005,0.4705910022122226
Industri,2024-12-06,-0.0027945466666666665,0.46648136702896026
Industri,2024-12-09,-0.0036708133333333334,0.46109818767378563
Industri,2024-12-10,-0.005078451666666667,0.45367807114743
Industri,2024-12-11,-4.955774999999998e-4,0.45295766100312607
Industri,2024-12-12,-0.007996054,0.44133973308603136
Industri,2024-12-13,-0.009916925,0.42704607505349723
Industri,2024-12-16,-0.006713938,0.4174649761824447
Industri,2024-12-17,-0.0015298849999999997,0.41529641777735793
Industri,2024-12-18,0.004581513333333333,0.42178061718602367
Industri,2024-12-19,0.0013513975,0.42370200795763724
Industri,2024-12-20,0.0035950716666666663,0.42882031870822224
Industri,2024-12-23,0.006395681999999999,0.43795859910181845
Industri,2024-12-24,0,0.43795859910181845
Industri,2024-12-25,0,0.43795859910181845
Industri,2024-12-26,0,0.43795859910181845
Industri,2024-12-27,0.007520250000000001,0.4487724072567141
Industri,2024-12-30,-0.007177876666666667,0.4383732975993555
Industri,2024-12-31,0,0.4383732975993555
Industri,2025-01-01,0,0.4383732975993555
Industri,2025-01-02,-0.010636453333333334,0.4230741071435271
Industri,2025-01-03,-0.0096543,0.40933532279093154
Industri,2025-01-06,0.0029990857142857146,0.4135620402241518
Industri,2025-01-07,0.0047095466666666665,0.420219276618816
Industri,2025-01-08,-0.0044226,0.41393821484604154
Industri,2025-01-09,-0.001798458,0.41139530635204613
Industri,2025-01-10,-0.004006223333333334,0.4057409415431814
Industri,2025-01-13,-0.0161232,0.38307589919449225
Industri,2025-01-14,-0.0021745700000000002,0.380068303836381
Industri,2025-01-15,-0.001326504,0.3782376377110688
Industri,2025-01-16,0.002254705,0.38134515700400407
Industri,2025-01-17,0.0014104666666666674,0.38329349830311976
Industri,2025-01-20,0.006712216666666667,0.39257846397732155
Industri,2025-01-21,-0.002348082857142857,0.38930857435883004
Industri,2025-01-22,0.004364052,0.39537158922137783
Industri,2025-01-23,0.0056728733333333324,0.40328735549996253
Industri,2025-01-24,-0.0017539483333333331,0.40082606198159576
Industri,2025-01-27,-2.5949999999999953e-5,0.40078971054528734
Industri,2025-01-28,3.9257833333333303e-4,0.4013396302352037
Industri,2025-01-29,0.003383855,0.40608156034967324
Industri,2025-01-30,0.0018496133333333331,0.4086822675514503
Industri,2025-01-31,-8.102242857142855e-4,0.40754091896742506
Industri,2025-02-03,-0.0049003200000000005,0.40064351805139076
Industri,2025-02-04,0.0011756380000000003,0.4022901677956656
Industri,2025-02-05,-0.0034142950000000004,0.3975023354872118
Industri,2025-02-06,-0.004451841428571429,0.3912808766935645
Industri,2025-02-07,0.0014854,0.39334748530780494
Industri,2025-02-10,-0.003710722,0.3881771601404287
Industri,2025-02-11,0.007190675,0.39815909094142143
Industri,2025-02-12,3.4885799999999985e-4,0.39864684992556887
Industri,2025-02-13,0.010096065000000001,0.4127676794344626
Industri,2025-02-14,0.003362172,0.4175176473687623
Industri,2025-02-17,-0.0034519166666666674,0.41262449457651584
Industri,2025-02-18,5.2420000000000227e-5,0.41269854435252173
Industri,2025-02-19,-0.0064235325,0.4036240293401705
Industri,2025-02-20,-0.006605251666666666,0.394352739380998
Industri,2025-02-21,-0.005709417999999999,0.38639179675242663
Industri,2025-02-24,-0.007768939999999999,0.375621002066965
Industri,2025-02-25,0.002662335,0.3792833660075028
Industri,2025-02-26,0.0012113249999999999,0.38095412643083204
Industri,2025-02-27,-0.0052123049999999995,0.37375617233286595
Industri,2025-02-28,4.4479333333333345e-4,0.3743672099199451
Industri,2025-03-03,-0.005152252499999999,0.36728612302671704
Industri,2025-03-04,-0.0134103,0.34895040593109194
Industri,2025-03-06,-0.0014288433333333335,0.3470229671365799
Industri,2025-03-07,0.005075123333333333,0.3538592748276306
Industri,2025-03-10,-6.583366666666669e-4,0.35296797962550475
Industri,2025-03-11,-0.0059662840000000005,0.34489578841615276
Industri,2025-03-12,0.00356293,0.34968755796757445
Industri,2025-03-13,0.0019811200000000003,0.3523614509824151
Industri,2025-03-14,0.0029045375,0.35628943553034786
Industri,2025-03-17,0.008324199999999999,0.36757946004958963
Industri,2025-03-18,0.005989065,0.37576998232849146
Industri,2025-03-19,0.009843764,0.38931273735281735
Industri,2025-03-20,-0.0092383025,0.3764778460180489
Industri,2025-03-21,0.0011649750000000004,0.3780814082967139
Industri,2025-03-24,-0.005812852500000001,0.37007082433729277
Industri,2025-03-25,-7.895499999999995e-5,0.36996265039535725
Industri,2025-03-26,-0.002074588333333333,0.36712054186374465
Industri,2025-03-27,-0.0067352620000000005,0.3579126268287105
Industri,2025-03-28,-0.00271365,0.3542277272289167
Industri,2025-03-31,-0.0047517425,0.34779278578276474
Industri,2025-04-01,0.005850523333333333,0.3556780789244849
Industri,2025-04-02,0.001055303333333333,0.35710873052010084
Industri,2025-04-03,-0.010802174999999999,0.34244900451899496
Industri,2025-04-07,0.0023454450000000003,0.3455976448243989
Industri,2025-04-08,0.0010574599999999999,0.34702056050989505
Industri,2025-04-09,-0.0112070275,0.33192446404519504
Industri,2025-04-10,0.010278105,0.34561412353872045
Industri,2025-04-11,-4.849875e-4,0.34496151750898063
Industri,2025-04-14,0.015447196666666668,0.3657374025790403
Industri,2025-04-15,0.0011481520000000002,0.3673054767092865
Industri,2025-04-16,-0.0034196559999999997,0.3626297623320245
Industri,2025-04-17,0,0.3626297623320245
Industri,2025-04-18,0,0.3626297623320245
Industri,2025-04-21,0,0.3626297623320245
Industri,2025-04-22,-0.0172414,0.3391361175477532
Industri,2025-04-23,0.0067476,0.3481720724145183
Industri,2025-04-24,0.0013812960000000002,0.3500342971054562
Industri,2025-04-25,0.004340515,0.3558941412225569
Industri,2025-04-28,0.005793384,0.36374935664600927
Industri,2025-04-29,-0.005289153333333333,0.35653627719047387
Industri,2025-04-30,-0.0031135800000000003,0.3523125929685391
Industri,2025-05-01,0,0.3523125929685391
Industri,2025-05-02,0.015091700000000001,0.3727212889278424
Industri,2025-05-05,0.00483577,0.37935945335520094
Industri,2025-05-06,-0.0016905239999999999,0.37702761309467703
Industri,2025-05-07,-0.004824706666666667,0.3703838587895949
Industri,2025-05-08,0.006305636666666666,0.3790250014969869
Industri,2025-05-09,0.007436890000000001,0.38928065874036966
Industri,2025-05-12,0.00809717,0.4005299004119025
Industri,2025-05-13,-0.0010220299999999997,0.3990985168377845
Industri,2025-05-14,0.0057926514285714294,0.40720300686005695
Industri,2025-05-15,-0.00242168,0.40379521148240416
Industri,2025-05-16,0.0030199449999999996,0.40803459581234436
Industri,2025-05-19,-6.334166666666626e-5,0.40794540855432126
Industri,2025-05-20,0.00111444,0.4095144792354306
Industri,2025-05-21,0.006640549999999999,0.41887443061051743
Industri,2025-05-22,-0.012042154000000001,0.40178812621044324
Industri,2025-05-23,-8.965128571428573e-4,0.40053140513230545
Industri,2025-05-26,0.007219015,0.4106418623539265
Industri,2025-05-27,-0.003012321666666667,0.40639255530805074
Industri,2025-05-28,0.007613266,0.4170997959320306
Industri,2025-05-29,0,0.4170997959320306
Industri,2025-05-30,-0.0012975,0.4152611089468088
Industri,2025-06-02,-3.0529600000000004e-4,0.4148290353912918
Industri,2025-06-03,-0.006396332,0.4057793191576895
Industri,2025-06-04,0.0030970000000000004,0.4101330177091207
Industri,2025-06-05,1.8729833333333345e-4,0.4103971332731158
Industri,2025-06-06,0.005158253333333334,0.41767231898714585
Industri,2025-06-09,0,0.41767231898714585
Industri,2025-06-10,0.0074514866666666665,0.42823608536978086
Industri,2025-06-11,0.010431820000000001,0.443135187129863
Industri,2025-06-12,0.0037693120000000004,0.44857481390833387
Industri,2025-06-13,-7.602983333333333e-4,0.44747346489161055
Industri,2025-06-16,-9.06600000000001e-5,0.4473422369472835
Industri,2025-06-17,0.009006804,0.46037816479638916
Industri,2025-06-18,-0.00443672,0.45389887578507393
Industri,2025-06-19,0.002355085714285714,0.45732293225745146
Industri,2025-06-20,-2.0147428571428593e-4,0.45702931916061984
Industri,2025-06-23,-0.0011928766666666666,0.4552912628831438
Industri,2025-06-24,-1.874500000000001e-5,0.4552639834484211
Industri,2025-06-25,0.003522458333333333,0.4603900901941189
Industri,2025-06-26,-0.0019015199999999999,0.4576131292298129
Industri,2025-06-27,0.008136808,0.469473447400635
Industri,2025-06-30,0.0012256960000000003,0.4712745751272205
Industri,2025-07-01,-0.0040707075,0.46528544667969074
Industri,2025-07-02,0.00975275,0.47957600931979605
Industri,2025-07-03,0.011938046666666667,0.4972392567659365
Industri,2025-07-04,-0.0018247374999999998,0.4945071881476435
Industri,2025-07-07,-0.0038056025000000005,0.48881968785616103
Industri,2025-07-08,-0.003400336,0.48375720067403494
Industri,2025-07-09,0.005964954999999999,0.4926077456069815
Industri,2025-07-10,0.009954153333333333,0.5074653919732746
Industri,2025-07-11,0.0017557680000000004,0.5101121514696085
Industri,2025-07-14,-0.005805881666666667,0.5013446190147808
Industri,2025-07-15,-0.0010410150000000002,0.499781696746217
Industri,2025-07-16,-0.0063430866666666676,0.4902684514626754
Industri,2025-07-17,0.003334515,0.4952377739681042
Industri,2025-07-18,0.002043048333333333,0.49829261701014693
Industri,2025-07-21,-0.006404577999999999,0.48869668507768127
Industri,2025-07-22,-0.0036888316666666672,0.4832051336037049
Industri,2025-07-23,0.0028665199999999996,0.48745677078328264
Industri,2025-07-24,0.0013222040000000002,0.48942349207543945
Industri,2025-07-25,-0.004137321428571429,0.483261268345458
Industri,2025-07-28,0.0034952180000000005,0.4884455898292819
Industri,2025-07-29,0.0066189766666666676,0.4982975764579649
Industri,2025-07-30,-0.005886212000000001,0.48947827928384724
Industri,2025-07-31,-7.713449999999998e-4,0.4883293776605131
Industri,2025-08-01,-0.010261232,0.47305728462392294
Industri,2025-08-04,0.009694332,0.48733759099608576
Industri,2025-08-05,0.0050032466666666674,0.4947791078404451
Industri,2025-08-06,0.0020311400000000003,0.497815213477544
Industri,2025-08-07,2.9503666666666706e-4,0.4982571238854112
Industri,2025-08-08,-0.00128167,0.496336852677441
Industri,2025-08-11,-0.0092844625,0.4824441692813892
Industri,2025-08-12,0.008060654,0.4943936388042838
Industri,2025-08-13,-6.675466666666668e-4,0.4933960613120121
Industri,2025-08-14,0.009270529999999999,0.5072406343002869
Industri,2025-08-15,-0.006920562,0.4968096820416923
Industri,2025-08-18,-0.0023666033333333337,0.49326732725880684
Industri,2025-08-19,0.01229324,0.5116244208969578
Industri,2025-08-20,0.0026131250000000004,0.5155744844618144
Industri,2025-08-21,0.00785887,0.5274851873105166
Industri,2025-08-22,0.00556026,0.5359784020981118
Industri,2025-08-25,5.513533333333332e-4,0.5368252689100366
Industri,2025-08-26,-0.0029162299999999997,0.532343532956083
Industri,2025-08-27,-0.006057636000000001,0.5230611536064811
Industri,2025-08-28,0.00249336,0.5268586933644372
Industri,2025-08-29,0.0015256516666666666,0.5291881478747331
Industri,2025-09-01,-0.00602275,0.5199782299571205
Industri,2025-09-02,-0.005948675,0.5109363734600305
Industri,2025-09-03,0.0017773960000000003,0.5136219057264728
Industri,2025-09-04,0.002683484,0.5176836858925395
Industri,2025-09-05,-0.005061538333333333,0.5100018717385197
Industri,2025-09-08,0.010279857142857143,0.5255244752654387
Industri,2025-09-09,1.4494999999999984e-4,0.5257456000381282
Industri,2025-09-10,-0.0011969159999999997,0.5239194107175129
Industri,2025-09-11,0.00738825,0.5351785083037466
Industri,2025-09-12,8.03349999999999e-5,0.5353018368692111
Industri,2025-09-15,0.01098373,0.5521651777138865
Industri,2025-09-16,0.005059748571428571,0.5600187432544455
Industri,2025-09-17,-8.380933333333336e-4,0.558711301945849
Industri,2025-09-18,0.00110366,0.5604315892613547
Industri,2025-09-19,3.770719999999999e-4,0.5610199843215806
Industri,2025-09-22,-0.004228373333333334,0.5544194090470749
Industri,2025-09-23,0.0010312400000000001,0.5560223885184608
Industri,2025-09-24,-0.004280305000000001,0.5493621381087732
Industri,2025-09-25,-0.006148142,0.5398364396742568
Industri,2025-09-26,-3.5883399999999993e-4,0.5392838940052627
Industri,2025-09-29,0.003935928,0.545342404583627
Industri,2025-09-30,-0.004739631666666667,0.5380180507870196
Industri,2025-10-01,0.008318556,0.5508121400715025
Industri,2025-10-02,-0.0010112916666666666,0.5492438166776825
Industri,2025-10-03,0.00693961,0.5599949645603373
Industri,2025-10-06,-0.00248906,0.5561120434938487
Industri,2025-10-07,-7.942525000000003e-4,0.5548760976130236
Industri,2025-10-08,-0.001025725,0.5532812223277996
Industri,2025-10-09,-0.005435633333333333,0.5448381551396739
Industri,2025-10-10,0.0012365100000000001,0.5467483629668857
Industri,2025-10-13,-0.011253151999999999,0.529342568532668
Industri,2025-10-14,-0.007587376,0.5177388714324049
Industri,2025-10-15,1.0262199999999989e-4,0.5178946248308691
Industri,2025-10-16,-0.001966466666666667,0.5149097356476267
Industri,2025-10-17,-0.010287005,0.4993258516224708
Industri,2025-10-20,0.007295325,0.5102639209909587
Industri,2025-10-21,-0.006986111666666667,0.4997130485927781
Industri,2025-10-22,0.00402168,0.5057444145660426
Industri,2025-10-23,0.006048606,0.5148520692664531
Industri,2025-10-24,-0.002157202857142857,0.511584226054483
Industri,2025-10-27,-0.0011627828571428571,0.5098265818292991
Industri,2025-10-28,4.365314285714285e-4,0.5104856685839603
Industri,2025-10-29,0.012914038333333332,0.5299921384100041
Industri,2025-10-30,-0.0040038700000000005,0.5238662487867884
Industri,2025-10-31,-0.0011737050000000001,0.522077679351256
Industri,2025-11-03,0.003825561666666666,0.5279004813750712
Industri,2025-11-04,-0.007342872499999999,0.5166813029476454
Industri,2025-11-05,0.0013531666666666666,0.5187336255307506
Industri,2025-11-06,0.0030273,0.52333128783532
Industri,2025-11-07,-0.001814672,0.5205669412005614
Industri,2025-11-10,0.009997934,0.5357694691212667
Industri,2025-11-11,-0.00316442,0.5309096494977898
Industri,2025-11-12,6.602657142857142e-4,0.5319204566510225
Industri,2025-11-13,6.054366666666669e-4,0.5328479374658956
Industri,2025-11-14,-0.006592562857142857,0.52274254108771
Industri,2025-11-17,0.00950762,0.5372201985262064
Industri,2025-11-18,-0.013885366666666668,0.5158753324222638
Industri,2025-11-19,0.005208317499999999,0.523770492443937
Industri,2025-11-20,0.0079335175,0.5358593523117245
Industri,2025-11-21,-0.009259367499999999,0.5216382661403582
Teknologi,2020-01-01,0,0
Teknologi,2020-01-02,0.004848515,0.004848514999999942
Teknologi,2020-01-03,0.005017356666666667,0.009890198395725358
Teknologi,2020-01-06,-0.012329650000000001,-0.0025613942889245456
Teknologi,2020-01-07,3.946000000000005e-4,-0.002167805015111046
Teknologi,2020-01-08,-0.007840660000000001,-0.009991467993041292
Teknologi,2020-01-09,0.0031222100000000003,-0.006900453454323885
Teknologi,2020-01-10,-0.006742153333333333,-0.013596082872398663
Teknologi,2020-01-13,0.003073796666666666,-0.010564077799944838
Teknologi,2020-01-14,-0.009661846666666666,-0.020123855966733717
Teknologi,2020-01-15,0.006208913333333332,-0.014039889911030223
Teknologi,2020-01-16,-0.0024828333333333334,-0.01648786453769613
Teknologi,2020-01-17,0.00610717,-0.010481388729364882
Teknologi,2020-01-20,0.0024543200000000003,-0.008052793411351122
Teknologi,2020-01-21,9.401233333333332e-4,-0.007120240697002345
Teknologi,2020-01-22,0.003622625,-0.003523409658957366
Teknologi,2020-01-23,-0.005950073333333333,-0.009452518446436464
Teknologi,2020-01-24,0.0144,0.00481136528793491
Teknologi,2020-01-27,-0.0189275,-0.014207201828552507
Teknologi,2020-01-28,-5.256333333333333e-4,-0.014725367383031429
Teknologi,2020-01-29,8.171299999999998e-4,-0.013920269922481188
Teknologi,2020-01-30,-0.011390039999999999,-0.025151757491253313
Teknologi,2020-01-31,0.00640015,-0.01891258251196104
Teknologi,2020-02-03,0.01014199,-0.008962403734671498
Teknologi,2020-02-04,0.0105507,0.0014937366322451684
Teknologi,2020-02-05,0.00171381,0.0032101066130227895
Teknologi,2020-02-06,-0.0018129049999999999,0.0013913819946935746
Teknologi,2020-02-07,0.013213999999999998,0.014623767716371416
Teknologi,2020-02-10,-0.014800399999999998,-3.9306989533793857e-4
Teknologi,2020-02-11,0.010189299999999998,0.009792224997577481
Teknologi,2020-02-12,-0.01298915,-0.003324117681749783
Teknologi,2020-02-13,-0.010042800000000001,-0.013333534232695565
Teknologi,2020-02-14,-0.006367873333333334,-0.01961650130894943
Teknologi,2020-02-17,-0.00775405,-0.027218443976974704
Teknologi,2020-02-18,0,-0.027218443976974704
Teknologi,2020-02-19,-0.007319236666666666,-0.034338462410475556
Teknologi,2020-02-20,-0.00519931,-0.03935923609948011
Teknologi,2020-02-21,-0.00158733,-0.040884090003242224
Teknologi,2020-02-24,-0.018312,-0.058447420547102835
Teknologi,2020-02-25,-0.01056297,-0.06839301219728644
Teknologi,2020-02-26,-0.011662205000000002,-0.07925760386847414
Teknologi,2020-02-27,-0.014953300000000001,-0.09302574114054774
Teknologi,2020-02-28,0,-0.09302574114054774
Teknologi,2020-03-02,-0.006958215,-0.09933666303315747
Teknologi,2020-03-04,-0.0148834,-0.1127415957425697
Teknologi,2020-03-05,-4.21225e-4,-0.11311533116390304
Teknologi,2020-03-10,8.019199999999998e-4,-0.11240412061027005
Teknologi,2020-03-11,-0.0146138,-0.12537526927249565
Teknologi,2020-03-13,4.1800666666666654e-4,-0.12500967030422006
Teknologi,2020-03-17,-0.0142232,-0.13745483276154913
Teknologi,2020-03-18,0.002061605,-0.1356766053320445
Teknologi,2020-03-20,-0.0010543500000000006,-0.1365879047032127
Teknologi,2020-03-23,0.0164834,-0.12235593777159759
Teknologi,2020-03-24,0.00540543,-0.11761189422830631
Teknologi,2020-03-25,0.009720875,-0.1090343097506129
Teknologi,2020-03-26,-0.0020015499999999995,-0.11081762212793167
Teknologi,2020-03-27,0.007512553333333333,-0.10413759209110751
Teknologi,2020-03-30,-1.7494999999999927e-4,-0.10429432321937127
Teknologi,2020-03-31,0.0032326,-0.10139886504861018
Teknologi,2020-04-02,-0.00115462,-0.10243640789104769
Teknologi,2020-04-03,0.0032416749999999994,-0.09952679843359802
Teknologi,2020-04-06,0.0104575,-0.09011009992821728
Teknologi,2020-04-08,0.01165346,-0.07950673437332678
Teknologi,2020-04-09,0,-0.07950673437332678
Teknologi,2020-04-10,0,-0.07950673437332678
Teknologi,2020-04-13,0,-0.07950673437332678
Teknologi,2020-04-14,0.00533617,-0.07459482582408761
Teknologi,2020-04-15,-0.010615699999999999,-0.08441864953158684
Teknologi,2020-04-16,6.141633333333337e-4,-0.08385633303744533
Teknologi,2020-04-17,0.00849259,-0.07607590049283586
Teknologi,2020-04-20,-0.004185863333333334,-0.07994332050374597
Teknologi,2020-04-21,-0.010262955,-0.08938582080286539
Teknologi,2020-04-22,-0.01434635,-0.10244981053259017
Teknologi,2020-04-23,-0.015086200000000001,-0.11599043220093341
Teknologi,2020-04-24,-0.010275695,-0.12507424489671848
Teknologi,2020-04-27,0.0128092,-0.11386714591444957
Teknologi,2020-04-28,-7.604349999999998e-4,-0.11454099235134607
Teknologi,2020-04-29,3.67905e-4,-0.11421522755513702
Teknologi,2020-04-30,-0.0078342,-0.12115464261942466
Teknologi,2020-05-01,0,-0.12115464261942466
Teknologi,2020-05-05,0.001363725,-0.11995613923443083
Teknologi,2020-05-06,0.011558215,-0.10978440308227233
Teknologi,2020-05-07,0.0191507,-0.09273615125037993
Teknologi,2020-05-08,0.00668907,-0.0866673998576244
Teknologi,2020-05-11,-0.01623635,-0.10149658761994607
Teknologi,2020-05-12,0.010061930000000002,-0.09245590917981683
Teknologi,2020-05-13,0.02,-0.07430502736341316
Teknologi,2020-05-14,-0.013195395,-0.0865199381768671
Teknologi,2020-05-15,-4.0650499999999977e-4,-0.08689127238939842
Teknologi,2020-05-18,-0.0031870749999999997,-0.08980141838744804
Teknologi,2020-05-20,0.005400455000000001,-0.08488593190638571
Teknologi,2020-05-21,0,-0.08488593190638571
Teknologi,2020-05-22,-0.0035318899999999998,-0.08811801413234477
Teknologi,2020-05-25,0.0143242,-0.07505603419037943
Teknologi,2020-05-26,-0.00372022,-0.07849702923086377
Teknologi,2020-05-27,0.009721735,-0.06953842154733336
Teknologi,2020-05-28,0,-0.06953842154733336
Teknologi,2020-05-29,0.003492745,-0.06628855652150079
Teknologi,2020-06-01,0,-0.06628855652150079
Teknologi,2020-06-02,0.013618600000000002,-0.05357271385734441
Teknologi,2020-06-03,0.0132714,-0.04101229877203072
Teknologi,2020-06-04,0.012231496666666666,-0.029282443901086586
Teknologi,2020-06-05,0.00857452,-0.020959006801965385
Teknologi,2020-06-08,0.0025076999999999994,-0.01850386570332263
Teknologi,2020-06-09,0.00141845,-0.017111662511629433
Teknologi,2020-06-10,0.00376928,-0.013406881158901318
Teknologi,2020-06-12,0.0015243300000000002,-0.011902987670058152
Teknologi,2020-06-15,0.004511766666666668,-0.00744492450639489
Teknologi,2020-06-16,-0.009158969999999999,-0.016535706666188643
Teknologi,2020-06-17,0.0193278,0.0024724945025085265
Teknologi,2020-06-18,-0.013212313333333335,-0.010772486202906828
Teknologi,2020-06-19,0.00210238,-0.008692754062450181
Teknologi,2020-06-22,-0.011449,-0.020042230721189158
Teknologi,2020-06-23,-0.002604185,-0.022594222044578505
Teknologi,2020-06-24,-4.495666666666668e-4,-0.023033631102154617
Teknologi,2020-06-25,-0.0064227500000000005,-0.029308441847993305
Teknologi,2020-06-26,-0.009939894999999999,-0.038957014013410673
Teknologi,2020-06-29,0.006475116666666667,-0.032734148557465925
Teknologi,2020-06-30,0.00265491,-0.030166144775812698
Teknologi,2020-07-01,0.0023457400000000002,-0.027891166708259085
Teknologi,2020-07-02,6.358950000000003e-4,-0.027273007561713025
Teknologi,2020-07-03,0.00440234,-0.02299073261382234
Teknologi,2020-07-06,-0.008838515,-0.03162604367875399
Teknologi,2020-07-07,0.0061110999999999995,-0.025708213594279217
Teknologi,2020-07-08,0.0151423,-0.010955195076987945
Teknologi,2020-07-09,-0.010663045,-0.021501424338898234
Teknologi,2020-07-10,-0.0049372,-0.026332467506652302
Teknologi,2020-07-13,0.0115556,-0.015081154968172195
Teknologi,2020-07-14,-0.008966245000000001,-0.02391217863784456
Teknologi,2020-07-15,0.01197045,-0.012227968176620085
Teknologi,2020-07-17,-0.018181799999999998,-0.030187441704826345
Teknologi,2020-07-20,0.0025321866666666664,-0.02773169527554531
Teknologi,2020-07-21,0.0013982049999999998,-0.02637226487053801
Teknologi,2020-07-22,0.0018388400000000002,-0.02458191924607256
Teknologi,2020-07-23,-0.015318433333333333,-0.039523796088229535
Teknologi,2020-07-24,0,-0.039523796088229535
Teknologi,2020-07-27,-0.0056074900000000006,-0.04490965679690284
Teknologi,2020-07-28,-0.008620639999999999,-0.053143146813133146
Teknologi,2020-07-29,-5.283166666666669e-4,-0.05364338706961924
Teknologi,2020-07-30,-0.014311899999999999,-0.0671875482782176
Teknologi,2020-07-31,0.01254718,-0.055483382540223
Teknologi,2020-08-03,0.01160086,-0.04452617749339871
Teknologi,2020-08-04,0.0013579333333333336,-0.04322870774068954
Teknologi,2020-08-05,5.278000000000001e-4,-0.04272372385263512
Teknologi,2020-08-06,0.00334573,-0.039520935897240594
Teknologi,2020-08-07,-0.006018574999999999,-0.04530165118047291
Teknologi,2020-08-10,0,-0.04530165118047291
Teknologi,2020-08-11,0.00634596,-0.03924317364679819
Teknologi,2020-08-12,3.4555500000000016e-4,-0.038911179321667655
Teknologi,2020-08-13,0.011603474999999999,-0.02775920921814712
Teknologi,2020-08-14,-0.005433759999999999,-0.03304213233746589
Teknologi,2020-08-17,0.008095396666666666,-0.02521422483878366
Teknologi,2020-08-18,0.0048464599999999995,-0.020489964570895802
Teknologi,2020-08-19,-0.0018262233333333332,-0.022278768652830627
Teknologi,2020-08-20,-0.003175255,-0.025383282881271896
Teknologi,2020-08-21,0.003931366666666667,-0.021551707206815207
Teknologi,2020-08-24,0.005781930000000001,-0.01589438766926554
Teknologi,2020-08-25,0.0036605600000000006,-0.012292010028992273
Teknologi,2020-08-26,0.0021987,-0.010120336471442948
Teknologi,2020-08-27,-0.0097192,-0.019741174897209723
Teknologi,2020-08-28,-9.124266666666668e-4,-0.02063558918946884
Teknologi,2020-08-31,-0.00966546,-0.030101596727581614
Teknologi,2020-09-01,-0.0031289933333333336,-0.033136402365431694
Teknologi,2020-09-02,-0.0032503000000000002,-0.03627899911682342
Teknologi,2020-09-03,-0.009968833333333333,-0.045886173154460974
Teknologi,2020-09-04,-0.008594889999999999,-0.05408667654367738
Teknologi,2020-09-07,0.006031335,-0.04838155640894892
Teknologi,2020-09-08,-0.002925215,-0.0511652449544181
Teknologi,2020-09-09,-0.0021120600000000002,-0.053169240887159575
Teknologi,2020-09-10,0.013380726666666667,-0.04049995729987832
Teknologi,2020-09-11,0.014008465000000001,-0.02705883453421498
Teknologi,2020-09-14,0.00681818,-0.020425146538659567
Teknologi,2020-09-15,0.0129798,-0.007710460855701928
Teknologi,2020-09-16,0.0028843849999999997,-0.004848315793337221
Teknologi,2020-09-17,-0.005792973333333333,-0.010613202962568069
Teknologi,2020-09-18,0.00958893,-0.0011260422228519529
Teknologi,2020-09-21,0.00185525,7.271186873141211e-4
Teknologi,2020-09-22,0.00723858,0.007970961994101744
Teknologi,2020-09-23,0.004482095,0.012488783603000764
Teknologi,2020-09-24,-0.00671044,0.005694538369959812
Teknologi,2020-09-25,0.00383562,0.009552000455222531
Teknologi,2020-09-28,0.01418695,0.023874464208080814
Teknologi,2020-09-29,-1.4803999999999992e-4,0.02372288983239934
Teknologi,2020-09-30,3.124466666666665e-4,0.02404274863691791
Teknologi,2020-10-01,7.250666666666665e-4,0.024785247899196117
Teknologi,2020-10-02,-0.0055255750000000005,0.019122720153035733
Teknologi,2020-10-05,0.018769499999999998,0.03825114404894814
Teknologi,2020-10-06,0.01063572,0.049293692506732434
Teknologi,2020-10-07,-0.001683186666666667,0.0475275353540876
Teknologi,2020-10-08,0.00373828,0.05144348658895126
Teknologi,2020-10-09,-0.001871075,0.04947615696728169
Teknologi,2020-10-12,0.009672159999999999,0.05962685827365455
Teknologi,2020-10-13,5.349566666666666e-4,0.06019371272566687
Teknologi,2020-10-14,-0.006295925,0.05351881262487468
Teknologi,2020-10-15,-0.012061256666666666,0.040812051822644024
Teknologi,2020-10-16,0.012213395,0.05352390053231448
Teknologi,2020-10-19,-6.500000000000062e-5,0.05345542147877991
Teknologi,2020-10-20,-0.0163166,0.03626661074867932
Teknologi,2020-10-22,0.0080357,0.04459373835267244
Teknologi,2020-10-23,-9.045999999999999e-4,0.043648798856958715
Teknologi,2020-10-27,0.0126582,0.056859514082649776
Teknologi,2020-10-28,-0.013872899999999999,0.04219780772973247
Teknologi,2020-10-29,0.0016857299999999997,0.04395467184015667
Teknologi,2020-10-30,0.008690475,0.053027133816916816
Teknologi,2020-11-02,-6.431166666666673e-4,0.05234991451670701
Teknologi,2020-11-03,0.0047338,0.05733152854204615
Teknologi,2020-11-05,0.0129629,0.07103761141338372
Teknologi,2020-11-06,0.014581165,0.08665458754660826
Teknologi,2020-11-09,0.00328946,0.09022909434615922
Teknologi,2020-11-10,-0.0196722,0.06878188955636277
Teknologi,2020-11-11,0.002253753333333333,0.07119066030255672
Teknologi,2020-11-12,0.010634783333333333,0.08258254088356454
Teknologi,2020-11-13,-0.002811450000000001,0.0795389141989975
Teknologi,2020-11-16,-0.007937015,0.07097059764391633
Teknologi,2020-11-17,-0.005143139999999999,0.06546244592435002
Teknologi,2020-11-18,0.007595246666666666,0.07355489601521548
Teknologi,2020-11-19,-3.2449e-4,0.07320653818700751
Teknologi,2020-11-20,0.0162338,0.09062875848662766
Teknologi,2020-11-23,0.014382366666666667,0.10631458118839365
Teknologi,2020-11-25,0.01423335,0.12206114383255162
Teknologi,2020-11-26,0.00171232,0.12398247157035902
Teknologi,2020-11-27,-2.6920500000000006e-4,0.12367988986909983
Teknologi,2020-11-30,0.00606012,0.13048952484329313
Teknologi,2020-12-01,-0.007042103333333332,0.12252850079209576
Teknologi,2020-12-02,-0.008376006666666666,0.11312619458593787
Teknologi,2020-12-03,-0.0121527,0.09959870588099329
Teknologi,2020-12-04,0.005142376666666667,0.10525325660881268
Teknologi,2020-12-07,0.0013452800000000001,0.1067401317098633
Teknologi,2020-12-08,0.00518131,0.11247449542169297
Teknologi,2020-12-09,-0.0021895999999999994,0.11003862126651764
Teknologi,2020-12-10,0.0073995549999999995,0.11825241309670331
Teknologi,2020-12-11,-0.007083025000000001,0.11033180329842907
Teknologi,2020-12-14,-0.004398434999999999,0.10544808103318815
Teknologi,2020-12-15,-0.0011530466666666666,0.1041734478081795
Teknologi,2020-12-16,-0.003265773333333333,0.10056746760695301
Teknologi,2020-12-17,0.0014441349999999998,0.10215683560678568
Teknologi,2020-12-18,0.00931686,0.11242547654217705
Teknologi,2020-12-21,-0.011888899999999997,0.09919996129411479
Teknologi,2020-12-22,0.006204309999999999,0.10601973860597136
Teknologi,2020-12-23,-0.0027429833333333336,0.10298594489663748
Teknologi,2020-12-24,0,0.10298594489663748
Teknologi,2020-12-25,0,0.10298594489663748
Teknologi,2020-12-28,-0.0051384199999999994,0.0973183398576618
Teknologi,2020-12-29,0.012820499999999999,0.11138650963380692
Teknologi,2020-12-30,0.0016576233333333332,0.11322876984452779
Teknologi,2020-12-31,0,0.11322876984452779
Teknologi,2021-01-01,0,0.11322876984452779
Teknologi,2021-01-04,-0.0147307,0.09683013080457892
Teknologi,2021-01-05,-0.0062854,0.08993611470041984
Teknologi,2021-01-06,-0.00503355,0.08444986677026955
Teknologi,2021-01-07,0.001608493333333333,0.08619419715130383
Teknologi,2021-01-08,0.007293920000000001,0.09411681072978961
Teknologi,2021-01-11,-0.008801633333333333,0.08448679573790985
Teknologi,2021-01-12,-0.00219619,0.08210505668197832
Teknologi,2021-01-13,-8.629250000000001e-4,0.08117128117594108
Teknologi,2021-01-14,-0.0111654,0.06909957135309908
Teknologi,2021-01-15,-0.007011535,0.06160354229007203
Teknologi,2021-01-18,0.00708723,0.06912737076309639
Teknologi,2021-01-19,0.007482895,0.07712753862014288
Teknologi,2021-01-20,-0.00553131,0.07116961229449803
Teknologi,2021-01-21,-0.0078698,0.06273972167966257
Teknologi,2021-01-22,-0.014421526666666667,0.04741339244373344
Teknologi,2021-01-25,-0.0016921966666666665,0.045640962992418155
Teknologi,2021-01-26,-0.00155038,0.04401982215621403
Teknologi,2021-01-27,0.0170807,0.06185241153251764
Teknologi,2021-01-28,0.01008432,0.0725604710431833
Teknologi,2021-01-29,0.00775522,0.0808784134594267
Teknologi,2021-02-01,0.009854535,0.09152996761560739
Teknologi,2021-02-02,0.0033916849999999998,0.09523209343381955
Teknologi,2021-02-03,-0.00597018,0.08869336069424283
Teknologi,2021-02-04,-0.0017816700000000002,0.08675366839429488
Teknologi,2021-02-05,0.00410898,0.09121911748265354
Teknologi,2021-02-08,-0.007560130000000001,0.08296935909599945
Teknologi,2021-02-09,0.006181839999999999,0.08966410239883338
Teknologi,2021-02-10,-0.013240400000000001,0.07523651381743202
Teknologi,2021-02-11,0.013885100000000001,0.09016628033543839
Teknologi,2021-02-12,-0.00341603,0.08644223961682407
Teknologi,2021-02-15,-0.00127071,0.08506168659852054
Teknologi,2021-02-16,-0.0087035,0.07561785220921036
Teknologi,2021-02-17,-0.0047385299999999995,0.0705210047479814
Teknologi,2021-02-18,-0.004609606666666667,0.06558632398768838
Teknologi,2021-02-19,0.005065549999999999,0.07098410479116435
Teknologi,2021-02-22,-0.00373348,0.06698560705560874
Teknologi,2021-02-23,0.004511595,0.07179941398547274
Teknologi,2021-02-24,-0.00123835,0.0704721511811639
Teknologi,2021-02-25,0.019310400000000002,0.09114339660933246
Teknologi,2021-02-26,-0.00541276,0.08523729927790136
Teknologi,2021-03-01,0.0134721,0.0998577246975032
Teknologi,2021-03-02,2.8225500000000014e-4,0.10016816503958759
Teknologi,2021-03-03,-0.004981063333333333,0.09468815773220829
Teknologi,2021-03-04,0.0020777400000000002,0.09696263510505476
Teknologi,2021-03-05,-0.0011013166666666667,0.09575453187230298
Teknologi,2021-03-08,-0.0174029,0.07668522532958244
Teknologi,2021-03-10,0.00946176,0.08687256252719688
Teknologi,2021-03-11,0.0019252499999999994,0.08896506392820247
Teknologi,2021-03-12,-0.010810900000000002,0.07719237151858116
Teknologi,2021-03-15,0.00242865,0.07980849477166951
Teknologi,2021-03-16,-0.009876310000000001,0.06914397133667127
Teknologi,2021-03-17,-0.004249220000000001,0.06460094339078792
Teknologi,2021-03-18,-0.007760535,0.05633907050857068
Teknologi,2021-03-19,-0.0063495999999999995,0.04963173994646963
Teknologi,2021-03-22,0.014836450000000001,0.06520454877459825
Teknologi,2021-03-23,-0.0033935766666666673,0.06158969547264981
Teknologi,2021-03-24,-0.0017981533333333336,0.059680794423103256
Teknologi,2021-03-25,-0.005877314999999999,0.05345271659482842
Teknologi,2021-03-26,0.013191,0.06734881137943072
Teknologi,2021-03-29,-0.010746106666666666,0.05587896720180763
Teknologi,2021-03-30,0.00283721,0.058874717566342216
Teknologi,2021-03-31,0.0086264,0.06800899442995667
Teknologi,2021-04-01,0,0.06800899442995667
Teknologi,2021-04-02,0,0.06800899442995667
Teknologi,2021-04-05,0,0.06800899442995667
Teknologi,2021-04-07,-9.7676e-4,0.06696580596455726
Teknologi,2021-04-08,0.010226925,0.07787758523972133
Teknologi,2021-04-09,0.00386579,0.08204443362996527
Teknologi,2021-04-12,-0.005886885,0.07567456248429538
Teknologi,2021-04-14,0.0031472599999999994,0.07905999000781971
Teknologi,2021-04-15,8.18433333333333e-5,0.07914830387426863
Teknologi,2021-04-16,0.0102564,0.0902164805381247
Teknologi,2021-04-19,-0.009396876666666667,0.0799718507305407
Teknologi,2021-04-20,-0.0136986,0.06517774833612333
Teknologi,2021-04-21,-0.0140635,0.050197621072398224
Teknologi,2021-04-22,0.019796499999999998,0.07098785827795795
Teknologi,2021-04-23,0.0166241,0.08879206753275648
Teknologi,2021-04-26,0.005023943333333333,0.09426209718182377
Teknologi,2021-04-27,0.0035924999999999998,0.09819323376594968
Teknologi,2021-04-28,0.003442373333333333,0.10197362486871264
Teknologi,2021-04-29,-0.013933500000000001,0.08661927536660441
Teknologi,2021-04-30,-0.003238606666666666,0.08310014293727352
Teknologi,2021-05-03,0.0035997299999999998,0.08699901101480911
Teknologi,2021-05-04,-0.0178862,0.06755672930399603
Teknologi,2021-05-05,-0.0066225500000000005,0.0604867814863439
Teknologi,2021-05-06,0.00441941,0.0651735073733124
Teknologi,2021-05-07,0.0170799,0.08336656436189771
Teknologi,2021-05-10,0.00900912,0.09312674374422181
Teknologi,2021-05-11,-0.0012754799999999998,0.0917324824451109
Teknologi,2021-05-12,-0.00656804,0.08456193983111215
Teknologi,2021-05-13,0,0.08456193983111215
Teknologi,2021-05-14,-0.008296969999999999,0.07556336195319147
Teknologi,2021-05-17,0,0.07556336195319147
Teknologi,2021-05-18,0.005638163333333334,0.08162756386323289
Teknologi,2021-05-19,-0.00713951,0.07390527305475558
Teknologi,2021-05-20,0.00386107,0.07805169648738897
Teknologi,2021-05-21,0.013755999999999999,0.09288137562426968
Teknologi,2021-05-24,0,0.09288137562426968
Teknologi,2021-05-25,0.003923655,0.0971694650981445
Teknologi,2021-05-26,-0.0016190666666666667,0.09539307458951973
Teknologi,2021-05-27,0.0033665266666666666,0.09908074458560723
Teknologi,2021-05-28,0.00827718,0.10817803374307644
Teknologi,2021-05-31,0.002116736666666667,0.11052375482029486
Teknologi,2021-06-01,0.00129247,0.11195907345768763
Teknologi,2021-06-02,-0.0018457900000000006,0.10990663051949023
Teknologi,2021-06-03,-3.0589000000000007e-4,0.10956712118028067
Teknologi,2021-06-04,0.01949215,0.1311949699413948
Teknologi,2021-06-07,-0.0032763600000000003,0.12748876798967768
Teknologi,2021-06-08,0.0160203,0.14555147629950294
Teknologi,2021-06-09,-0.013095013333333334,0.13055046444334129
Teknologi,2021-06-10,6.3496e-4,0.131268318766244
Teknologi,2021-06-11,-0.0032163999999999995,0.1276297073457644
Teknologi,2021-06-14,-0.00417324,0.1229238379458808
Teknologi,2021-06-15,0.0025564200000000002,0.12579450290368221
Teknologi,2021-06-16,-0.003823976666666667,0.12148949099311701
Teknologi,2021-06-17,-0.004998656666666667,0.11588355007236761
Teknologi,2021-06-18,-0.00833618,0.10658134393992524
Teknologi,2021-06-21,-0.00953418,0.09603099822216032
Teknologi,2021-06-22,0.012544563333333335,0.10978022849465474
Teknologi,2021-06-23,-0.0136612,0.09461929883714348
Teknologi,2021-06-24,-0.0011051466666666667,0.09340958396776466
Teknologi,2021-06-25,-0.0018442299999999997,0.09139308521072387
Teknologi,2021-06-28,0.005712733333333333,0.09762792286837674
Teknologi,2021-06-29,-0.004051583333333333,0.09318079186988193
Teknologi,2021-06-30,0.0037688633333333326,0.09730084087306445
Teknologi,2021-07-01,-0.0023894299999999997,0.09467891732485723
Teknologi,2021-07-02,0.01719305,0.11349978668436922
Teknologi,2021-07-05,-0.0038039266666666668,0.10926411515247292
Teknologi,2021-07-06,0.0177515,0.12895521709260205
Teknologi,2021-07-07,0.009042895,0.13916424058047272
Teknologi,2021-07-08,-0.00958885,0.12824096555218256
Teknologi,2021-07-09,-0.0012213366666666663,0.12686300349211832
Teknologi,2021-07-12,0.012994410000000001,0.14150592337332624
Teknologi,2021-07-13,0.0034825800000000003,0.14548130907194778
Teknologi,2021-07-14,0.00605385,0.15241588109487303
Teknologi,2021-07-15,-0.011209076666666666,0.1394983631317963
Teknologi,2021-07-16,6.315299999999997e-4,0.14021799053306472
Teknologi,2021-07-20,0.011756760000000002,0.15362325979544433
Teknologi,2021-07-22,0.001998185,0.1559284124888185
Teknologi,2021-07-23,-0.004367055,0.15088040953541726
Teknologi,2021-07-26,0.0014519233333333329,0.15255139965589803
Teknologi,2021-07-27,-0.011679043333333335,0.13909070191542283
Teknologi,2021-07-28,0.002505456666666666,0.14194464430847487
Teknologi,2021-07-29,0.0020482933333333332,0.14428368191044738
Teknologi,2021-07-30,0.0069625,0.15225075704574875
Teknologi,2021-08-02,0.007018443333333334,0.16033776368986485
Teknologi,2021-08-03,9.645033333333333e-4,0.16145691333073642
Teknologi,2021-08-04,0.004669245,0.16688004021602154
Teknologi,2021-08-05,0.00964953,0.1781398841704871
Teknologi,2021-08-06,-0.00697678,0.1699202613894042
Teknologi,2021-08-09,-0.00165528,0.16798371577913151
Teknologi,2021-08-10,0.0115292,0.18144963363509214
Teknologi,2021-08-11,-0.0079083,0.17210637549741592
Teknologi,2021-08-12,-0.00905746,0.16149006888560313
Teknologi,2021-08-13,-0.005610319999999999,0.15497373792233282
Teknologi,2021-08-16,-0.007218996666666666,0.14663598635818387
Teknologi,2021-08-17,-0.009147396666666667,0.13614725215869106
Teknologi,2021-08-18,0.006245376666666667,0.14324291969722025
Teknologi,2021-08-19,-0.0074684899999999995,0.13470462138389072
Teknologi,2021-08-20,0.01555235,0.15235194480227054
Teknologi,2021-08-23,0.0191846,0.17445935592252426
Teknologi,2021-08-24,8.056666666666666e-5,0.17455397819796636
Teknologi,2021-08-25,2.646866666666671e-4,0.1748648669752757
Teknologi,2021-08-26,0.00477552,0.18047545764481332
Teknologi,2021-08-27,0.0043144966666666664,0.1855686150719036
Teknologi,2021-08-30,0.0027840733333333333,0.18886932503796205
Teknologi,2021-09-01,0.010026776666666667,0.20078985224596857
Teknologi,2021-09-02,0.014167099999999998,0.21780156216172242
Teknologi,2021-09-03,-0.00253871,0.21470991715784682
Teknologi,2021-09-06,0.00207314,0.21722818087550344
Teknologi,2021-09-07,-0.009387000000000001,0.20580205994162504
Teknologi,2021-09-08,-0.005173026666666667,0.19956441373082545
Teknologi,2021-09-09,-0.0033857433333333332,0.1955029965141324
Teknologi,2021-09-10,0.013440349999999998,0.21157097521333124
Teknologi,2021-09-14,0.007415775,0.22055571296204368
Teknologi,2021-09-15,-0.0159629,0.20107210417160193
Teknologi,2021-09-16,-0.0034020733333333334,0.19698596879458918
Teknologi,2021-09-17,-0.0121049,0.18249657334092761
Teknologi,2021-09-21,-0.0019513766666666666,0.18018907711929688
Teknologi,2021-09-22,0.013054160000000002,0.19559545416226443
Teknologi,2021-09-23,0.006726315,0.20363740579952805
Teknologi,2021-09-24,-0.012246175,0.1888974514915609
Teknologi,2021-09-27,-0.011951239999999998,0.17468865271339684
Teknologi,2021-09-30,0.002531425,0.17766228893609193
Teknologi,2021-10-01,-0.015872999999999998,0.15896925542380913
Teknologi,2021-10-04,-0.010085509999999999,0.14728045940853973
Teknologi,2021-10-05,0.0068171,0.15510158502837368
Teknologi,2021-10-06,-0.01726,0.1351645316707839
Teknologi,2021-10-07,0.013926099999999999,0.15097294645528425
Teknologi,2021-10-08,0.00845218,0.16070117697385466
Teknologi,2021-10-11,-0.007718493333333334,0.1517423126773898
Teknologi,2021-10-12,0.007557556666666666,0.16044667047084693
Teknologi,2021-10-13,-0.0013227500000000001,0.1589116896374816
Teknologi,2021-10-14,0.0189258,0.1808450204932226
Teknologi,2021-10-15,7.678499999999999e-4,0.1817517323422082
Teknologi,2021-10-18,2.165933333333327e-4,0.18200769188908872
Teknologi,2021-10-19,0.005916283333333333,0.18900078429648381
Teknologi,2021-10-20,0.0083545,0.19893429134888896
Teknologi,2021-10-21,-0.004606455000000001,0.19341145448783337
Teknologi,2021-10-22,-0.005785139999999999,0.18650740214601758
Teknologi,2021-10-25,0.003624645,0.1908080702686692
Teknologi,2021-10-26,0.010741256666666667,0.20359884539216289
Teknologi,2021-10-27,0.0091145,0.21456904706848978
Teknologi,2021-10-28,0.012934649999999999,0.23027907259315428
Teknologi,2021-10-29,0.00636947,0.2381152982376642
Teknologi,2021-11-01,0.00554627,0.24498221997282088
Teknologi,2021-11-03,0.0117332,0.259589845356206
Teknologi,2021-11-04,0.0105541,0.27288368254308004
Teknologi,2021-11-05,0.0032261800000000004,0.27699023442202675
Teknologi,2021-11-08,-0.013422799999999999,0.25984944990342695
Teknologi,2021-11-09,0.004087606666666667,0.26499921891384837
Teknologi,2021-11-10,0.007743966666666666,0.2747953306984767
Teknologi,2021-11-11,0.00709975,0.2838460588476033
Teknologi,2021-11-12,-0.009607065,0.2715120663102606
Teknologi,2021-11-15,0.00487884,0.2777155702398577
Teknologi,2021-11-16,-8.870199999999999e-4,0.27658221097474356
Teknologi,2021-11-17,-0.0057471499999999995,0.26924550152094007
Teknologi,2021-11-18,-0.0023684766666666663,0.26623932316631604
Teknologi,2021-11-19,-0.00871736,0.25520105914011904
Teknologi,2021-11-22,0.005589400000000001,0.2622168799400768
Teknologi,2021-11-23,0.0037127700000000002,0.266903200905412
Teknologi,2021-11-24,-0.005640620000000001,0.2597570813723209
Teknologi,2021-11-25,0,0.2597570813723209
Teknologi,2021-11-26,-0.017323949999999998,0.23793311268248085
Teknologi,2021-11-29,0.00577551,0.24508280775410984
Teknologi,2021-11-30,0.0161091,0.26513997121250155
Teknologi,2021-12-01,0.0016170866666666668,0.26718581219141635
Teknologi,2021-12-02,-6.742799999999999e-4,0.26633137414197194
Teknologi,2021-12-03,-0.00835633,0.255749491290288
Teknologi,2021-12-06,-0.0159074,0.23577378183253694
Teknologi,2021-12-07,0.011758485,0.2503046093096082
Teknologi,2021-12-08,-0.005023870000000001,0.2440232414920358
Teknologi,2021-12-09,-4.130900000000004e-4,0.24350934793120782
Teknologi,2021-12-10,-0.001842705,0.2412179270382282
Teknologi,2021-12-13,-0.009611114999999998,0.22928843880140226
Teknologi,2021-12-15,5.4148e-4,0.22995407390524458
Teknologi,2021-12-16,0.009576116666666667,0.241732257611603
Teknologi,2021-12-17,0.007483119999999999,0.25102428910318153
Teknologi,2021-12-20,0.011139856666666668,0.2649605203703098
Teknologi,2021-12-21,0.005425533333333333,0.2718236058389294
Teknologi,2021-12-22,0.010176113333333334,0.2847658269919551
Teknologi,2021-12-23,0.008740375,0.2959951621070498
Teknologi,2021-12-24,0,0.2959951621070498
Teknologi,2021-12-27,-8.219499999999991e-5,0.29588863778470054
Teknologi,2021-12-28,-4.80200000000001e-5,0.29582640921231396
Teknologi,2021-12-29,-0.0069028299999999996,0.28688153980001085
Teknologi,2021-12-30,0.011751689999999999,0.3020045727224634
Teknologi,2021-12-31,0,0.3020045727224634
Teknologi,2022-01-03,-0.0047043,0.2958795526110052
Teknologi,2022-01-04,-0.00513926,0.2892196906614535
Teknologi,2022-01-05,-0.003713303333333333,0.2844324268867213
Teknologi,2022-01-06,-0.00378782,0.27956722805151135
Teknologi,2022-01-07,0.004753346666666667,0.2856494546697459
Teknologi,2022-01-11,0.00285923,0.28932542216002144
Teknologi,2022-01-12,-0.0192445,0.26451299907326287
Teknologi,2022-01-13,0.00451838,0.2702265493180156
Teknologi,2022-01-14,-0.00248444,0.26707074766982775
Teknologi,2022-01-17,-0.004814805,0.26097004909859334
Teknologi,2022-01-18,-0.00996268,0.24840740800983996
Teknologi,2022-01-19,0.006289360000000001,0.25625909162548055
Teknologi,2022-01-20,-0.005,0.24997779616735327
Teknologi,2022-01-24,-0.011642999999999999,0.2354243046865767
Teknologi,2022-01-25,-0.00658983,0.22728306854082403
Teknologi,2022-01-26,0.0147849,0.24542832598089315
Teknologi,2022-01-27,-0.007418166666666667,0.2361895310873794
Teknologi,2022-01-28,-0.01340835,0.2196142691882239
Teknologi,2022-01-31,0.016700499999999997,0.23998243729080193
Teknologi,2022-02-01,0,0.23998243729080193
Teknologi,2022-02-02,0.01493735,0.25850448895046774
Teknologi,2022-02-03,-0.0171053,0.2369773921156233
Teknologi,2022-02-04,-0.00401598,0.23200971564843487
Teknologi,2022-02-07,1.466233333333335e-4,0.2321903570196422
Teknologi,2022-02-09,-0.0199429,0.2076169079486352
Teknologi,2022-02-10,-0.010332760000000002,0.19513889226685976
Teknologi,2022-02-11,-0.012765899999999998,0.17988186868207046
Teknologi,2022-02-14,-0.015488900000000002,0.16160679640624065
Teknologi,2022-02-15,0.00916028,0.1722474399112246
Teknologi,2022-02-16,-0.013644905,0.1562522349571427
Teknologi,2022-02-17,-0.0040925833333333335,0.15152017633122772
Teknologi,2022-02-18,-0.007621330000000001,0.14274406106574933
Teknologi,2022-02-21,-5.0503333333333416e-5,0.14268634868151864
Teknologi,2022-02-22,0.00884078,0.1527885872992154
Teknologi,2022-02-23,-0.011414749999999998,0.13962979377234164
Teknologi,2022-02-25,-0.00452495,0.1344730259370115
Teknologi,2022-02-28,0.0147442,0.15119992312603192
Teknologi,2022-03-01,0.0048880600000000005,0.15682705742226744
Teknologi,2022-03-02,-0.009495905,0.14584193758355601
Teknologi,2022-03-03,0.014642599999999999,0.16262004273881692
Teknologi,2022-03-04,-0.010507899999999999,0.1504033475917217
Teknologi,2022-03-07,-0.0127854,0.1356949806314227
Teknologi,2022-03-08,0.00943398,0.14640910436479992
Teknologi,2022-03-09,0.0186917,0.1678374394208555
Teknologi,2022-03-10,0.00611627,0.174980248516462
Teknologi,2022-03-11,0.009743235,0.18642835719811623
Teknologi,2022-03-14,0.0066423666666666666,0.19430904937035698
Teknologi,2022-03-15,-0.011210949999999999,0.18091971033331844
Teknologi,2022-03-16,0.0044053799999999995,0.18612211040682647
Teknologi,2022-03-17,0.003261765,0.1899909619922775
Teknologi,2022-03-18,0.013005899999999999,0.20546786544485296
Teknologi,2022-03-21,0.0025094450000000003,0.20849292075245418
Teknologi,2022-03-22,0.002041075,0.21095954544067896
Teknologi,2022-03-23,-0.00859069,0.20055656738325722
Teknologi,2022-03-24,-0.0102041,0.18830596811402156
Teknologi,2022-03-25,0.00935868,0.1994269434116911
Teknologi,2022-03-28,-0.006134214999999999,0.1920694006640109
Teknologi,2022-03-29,-0.0149254,0.17427728803134035
Teknologi,2022-03-30,0.0121212,0.1885109378950256
Teknologi,2022-03-31,-0.005504789999999999,0.18196843476921054
Teknologi,2022-04-01,-0.010589999999999999,0.16945138904500445
Teknologi,2022-04-04,0.0020740433333333334,0.1718768819021106
Teknologi,2022-04-05,-0.010752600000000001,0.15927615854177013
Teknologi,2022-04-07,0.00204089,0.16164211366097625
Teknologi,2022-04-08,0.00641024,0.16908851840365036
Teknologi,2022-04-11,5.51045e-4,0.16973273878627393
Teknologi,2022-04-12,0.0026078,0.17278316782248093
Teknologi,2022-04-13,0.0035898966666666667,0.17699333820736962
Teknologi,2022-04-14,0,0.17699333820736962
Teknologi,2022-04-15,0,0.17699333820736962
Teknologi,2022-04-18,0,0.17699333820736962
Teknologi,2022-04-19,-0.00161028,0.17509804937472118
Teknologi,2022-04-20,-9.2544e-4,0.17401056663590775
Teknologi,2022-04-21,0.002215583333333333,0.1766116848805035
Teknologi,2022-04-22,-6.543099999999996e-4,0.1758418160889692
Teknologi,2022-04-25,-0.0079175099999999991,0.1665320767516667
Teknologi,2022-04-26,-0.006797300000000001,0.15860280826636264
Teknologi,2022-04-27,-0.0076906299999999995,0.149692422751025
Teknologi,2022-04-29,0.0100524,0.16124959086148727
Teknologi,2022-05-02,-0.00354612,0.15713166046234162
Teknologi,2022-05-03,-0.00421861,0.15225017326819867
Teknologi,2022-05-04,-0.00362319,0.148075351962915
Teknologi,2022-05-05,-0.014488400000000002,0.13144157703353554
Teknologi,2022-05-06,-0.005649439999999999,0.12504956573057924
Teknologi,2022-05-09,-0.014733000000000001,0.10847421047867067
Teknologi,2022-05-10,0.006269749999999999,0.11542406665981919
Teknologi,2022-05-11,-9.646800000000001e-4,0.11434803937119375
Teknologi,2022-05-12,0.0043996,0.11925072500521128
Teknologi,2022-05-16,-0.0119089,0.10592168004619662
Teknologi,2022-05-17,0,0.10592168004619662
Teknologi,2022-05-18,-0.005476443333333333,0.09986516263431877
Teknologi,2022-05-19,-0.0012136233333333328,0.09853034060942534
Teknologi,2022-05-20,0.012497119999999999,0.1122588060996621
Teknologi,2022-05-23,0.0011953499999999995,0.11358834466353329
Teknologi,2022-05-24,-0.005395649999999999,0.10757981171164954
Teknologi,2022-05-25,-0.0066747049999999995,0.10018704320451888
Teknologi,2022-05-26,0,0.10018704320451888
Teknologi,2022-05-30,-0.00531918,0.09433495028804617
Teknologi,2022-05-31,-0.0060275599999999995,0.087738780715088
Teknologi,2022-06-01,0.004132693333333333,0.09223407152255736
Teknologi,2022-06-02,-0.01504495,0.07580146452820413
Teknologi,2022-06-03,0.006575880000000001,0.08287580586276588
Teknologi,2022-06-06,0,0.08287580586276588
Teknologi,2022-06-07,-0.01083051,0.0711477086186112
Teknologi,2022-06-08,-0.00556594,0.06518576474130233
Teknologi,2022-06-09,-0.0149254,0.04928744112823269
Teknologi,2022-06-10,-0.0145202,0.034051577625562546
Teknologi,2022-06-13,-0.00970876,0.02401221903077455
Teknologi,2022-06-15,-0.006172630000000001,0.017691370487218583
Teknologi,2022-06-16,-0.0129684,0.004493541718192162
Teknologi,2022-06-17,0.00935554,0.013891121227478376
Teknologi,2022-06-20,0.0119007,0.025957135293870337
Teknologi,2022-06-21,-0.012633,0.01299621880370272
Teknologi,2022-06-22,0.00446913,0.01752343059504491
Teknologi,2022-06-23,0.00335943,0.020941729333488812
Teknologi,2022-06-24,0.0141414,0.03537927470468527
Teknologi,2022-06-27,0.015824400000000002,0.05176353049932225
Teknologi,2022-06-28,0.007781973333333334,0.05994832624664048
Teknologi,2022-06-29,-0.008489665,0.050949720039495716
Teknologi,2022-06-30,-0.009949666666666667,0.040493120641676095
Teknologi,2022-07-01,0.004334133333333333,0.04500275655895325
Teknologi,2022-07-04,0.004495455000000001,0.04970051942593989
Teknologi,2022-07-05,0.00969708,0.059879549338854865
Teknologi,2022-07-08,-0.0023817,0.057355234216194484
Teknologi,2022-07-11,-0.0033460050000000004,0.05381731831573089
Teknologi,2022-07-12,-0.004405216666666666,0.0491750247014644
Teknologi,2022-07-13,0.00383139,0.05319482339935533
Teknologi,2022-07-14,0.006087165,0.0596057940665331
Teknologi,2022-07-15,0.0023230499999999997,0.06206731130643939
Teknologi,2022-07-18,0.00738001,0.06990537868455426
Teknologi,2022-07-19,0.013100466666666668,0.08392163843449874
Teknologi,2022-07-21,0.005430025000000001,0.08980736002923884
Teknologi,2022-07-22,0.0018484600000000001,0.09182182534195849
Teknologi,2022-07-25,-0.0110239,0.07978569072157127
Teknologi,2022-07-26,-0.00740648,0.07178827959895573
Teknologi,2022-07-27,-0.0104895,0.060545756440102405
Teknologi,2022-07-28,0.005416290000000001,0.06628997981525142
Teknologi,2022-08-01,-0.00283386,0.06326826329305235
Teknologi,2022-08-02,-0.013513500000000001,0.04889978761704161
Teknologi,2022-08-03,0.003424645,0.05249189703020529
Teknologi,2022-08-04,-0.00170064,0.05070198721043995
Teknologi,2022-08-05,-0.011924999999999998,0.03817236601295537
Teknologi,2022-08-08,-0.003981276666666667,0.03403911459616982
Teknologi,2022-08-09,-0.01358265,0.01999412321630012
Teknologi,2022-08-10,0.0192982,0.039678173804952976
Teknologi,2022-08-11,0.01318535,0.05338669441393229
Teknologi,2022-08-12,0.00326306,0.056823958401006625
Teknologi,2022-08-15,-0.004136175,0.05245274956486745
Teknologi,2022-08-16,-0.008474589999999999,0.04353364401793258
Teknologi,2022-08-18,0.006589503333333333,0.05041001244363419
Teknologi,2022-08-19,4.2027333333333303e-4,0.050851471760930744
Teknologi,2022-08-22,-0.014610850000000002,0.03549763853475252
Teknologi,2022-08-23,-0.004009226666666667,0.03134609378906861
Teknologi,2022-08-24,9.684966666666669e-4,0.03234494904308316
Teknologi,2022-08-25,1.1084999999999985e-05,0.032356392586843086
Teknologi,2022-08-26,-0.01158647,0.02039502621482736
Teknologi,2022-08-29,-0.0175358,0.002501583114129513
Teknologi,2022-08-30,0.00969899,0.012224835943737578
Teknologi,2022-08-31,0.013580700000000001,0.025971557773238674
Teknologi,2022-09-01,0.010929,0.03718440092814235
Teknologi,2022-09-02,-4.5233999999999997e-4,0.03671524093622636
Teknologi,2022-09-05,0.0014497649999999998,0.03821823440750238
Teknologi,2022-09-06,-7.2968e-4,0.03746066732621989
Teknologi,2022-09-07,0.018181799999999998,0.05632356968741181
Teknologi,2022-09-08,0.010873500000000001,0.06780950402240782
Teknologi,2022-09-09,0.0172414,0.08622003480505991
Teknologi,2022-09-12,0.004212733333333333,0.09079599015301754
Teknologi,2022-09-14,-0.00579816,0.08447138047475189
Teknologi,2022-09-15,-0.003295943333333333,0.08089702425808531
Teknologi,2022-09-16,-0.0176471,0.061822326381300474
Teknologi,2022-09-19,0.004044000000000001,0.0661163358691863
Teknologi,2022-09-20,-0.008148173333333333,0.057429435171026055
Teknologi,2022-09-21,0.012308033333333333,0.07044431190675904
Teknologi,2022-09-22,-0.015625,0.05371861953321577
Teknologi,2022-09-23,0.0186454,0.07336562468186059
Teknologi,2022-09-26,-0.00719428,0.0656435318355244
Teknologi,2022-09-27,-0.01003339,0.0549515146796411
Teknologi,2022-09-28,-0.00718071,0.047376213788665744
Teknologi,2022-09-29,-0.00329959,0.04392030170741079
Teknologi,2022-09-30,-0.0192995,0.023773161844608648
Teknologi,2022-10-03,-0.0034364499999999997,0.020255016562587658
Teknologi,2022-10-04,0.0158416,0.03641748843296555
Teknologi,2022-10-05,-0.009039155,0.027049150110309172
Teknologi,2022-10-06,0.00665602,0.03388520979442666
Teknologi,2022-10-07,-0.008090839999999998,0.025520209983613373
Teknologi,2022-10-10,0.00448453,0.030119186130891373
Teknologi,2022-10-11,-0.00464703,0.025332191369365376
Teknologi,2022-10-12,0.003844296666666667,0.0292738724948729
Teknologi,2022-10-13,-0.005620865,0.023488463009551763
Teknologi,2022-10-14,0.0039037,0.02748385492260219
Teknologi,2022-10-17,0.00408795,0.031684157547333
Teknologi,2022-10-18,-0.00333333,0.02824521379445577
Teknologi,2022-10-19,0.00582827,0.03423810452665754
Teknologi,2022-10-20,-0.009868440000000001,0.02403178784642268
Teknologi,2022-10-21,0.00730896,0.03151639522252059
Teknologi,2022-10-24,-0.009979626666666666,0.021222246697654157
Teknologi,2022-10-26,9.63215e-4,0.022205903284007178
Teknologi,2022-10-27,-0.00601608,0.016056230793378257
Teknologi,2022-10-28,-0.0017534500000000004,0.014274626995493644
Teknologi,2022-10-31,4.002499999999992e-5,0.014315223337439065
Teknologi,2022-11-01,0.01022519,0.024686789215957017
Teknologi,2022-11-02,-0.007615243333333334,0.016883549975625467
Teknologi,2022-11-03,-0.00515461,0.011641911860085674
Teknologi,2022-11-04,0.013100750000000001,0.02489517963688681
Teknologi,2022-11-07,0.0017969666666666662,0.026736882111521476
Teknologi,2022-11-08,-0.001886425,0.024800019988684197
Teknologi,2022-11-09,0.001096713333333333,0.025923931834606062
Teknologi,2022-11-10,0.00862074,0.034768155310729965
Teknologi,2022-11-14,0.011283493333333333,0.046443954892724015
Teknologi,2022-11-15,0.0169943,0.06422753739535736
Teknologi,2022-11-16,-0.011419200000000001,0.0520749103003324
Teknologi,2022-11-17,-0.010009299999999999,0.04154437690066315
Teknologi,2022-11-18,-2.5268999999999986e-4,0.04128118905206435
Teknologi,2022-11-21,-0.010960959999999999,0.029867747590112126
Teknologi,2022-11-22,0.00322197,0.03318595057681506
Teknologi,2022-11-23,-0.013223100000000002,0.01952402943374265
Teknologi,2022-11-24,0.00808828,0.027770225250530967
Teknologi,2022-11-25,-0.0047189350000000005,0.022920244362638398
Teknologi,2022-11-28,-0.005006096666666666,0.017799406737068812
Teknologi,2022-11-29,-0.006648040000000001,0.011033035569104621
Teknologi,2022-11-30,0.006414976666666667,0.017518788901509375
Teknologi,2022-12-01,-0.00168926,0.015799935112169594
Teknologi,2022-12-02,7.080449999999999e-4,0.016519167177226235
Teknologi,2022-12-05,-0.0028216833333333333,0.01365087198518844
Teknologi,2022-12-06,-0.0124527,0.0010281817716184527
Teknologi,2022-12-07,0.0012942549999999998,0.00232376750101726
Teknologi,2022-12-08,-0.002845526666666666,-5.283715080407481e-4
Teknologi,2022-12-09,0.0157342,0.015197514988977368
Teknologi,2022-12-12,-0.010248525000000001,0.004793237876675072
Teknologi,2022-12-14,-0.01119183,-0.006452237226790225
Teknologi,2022-12-16,-0.01438605,-0.020745465019433862
Teknologi,2022-12-19,0.00718129,-0.013713154219923362
Teknologi,2022-12-20,-0.007236660000000001,-0.02085057678530622
Teknologi,2022-12-21,0.015993566666666667,-0.005190485208493856
Teknologi,2022-12-22,-0.0106572,-0.015792369169529863
Teknologi,2022-12-23,-4.9301e-4,-0.01627759337360568
Teknologi,2022-12-26,0,-0.01627759337360568
Teknologi,2022-12-27,-0.005923916666666667,-0.022105082933593256
Teknologi,2022-12-28,0.0032784533333333333,-0.01889910008308704
Teknologi,2022-12-29,0.00349337,-0.015471751632344377
Teknologi,2022-12-30,-4.0665500000000023e-4,-0.015872114967184325
Teknologi,2023-01-02,-2.2252333333333318e-4,-0.016091106384588105
Teknologi,2023-01-03,6.42065e-4,-0.01545937292080879
Teknologi,2023-01-04,0.00799382,-0.007589132365250606
Teknologi,2023-01-05,0.005800166666666667,-0.0018329839311577167
Teknologi,2023-01-06,-0.0013337133333333334,-0.0031642525893822437
Teknologi,2023-01-09,0.00855056,0.005359251278997057
Teknologi,2023-01-10,-0.005879686666666666,-5.51946105958101e-4
Teknologi,2023-01-11,0.007600180000000001,0.0070440390042862955
Teknologi,2023-01-12,0.0015913900000000003,0.008646638817517482
Teknologi,2023-01-13,5.419849999999999e-4,0.009193310166056845
Teknologi,2023-01-16,-0.00172114,0.0074563471921975655
Teknologi,2023-01-17,-0.00527645,0.0021405541490553404
Teknologi,2023-01-18,0.0104712,0.01263416831966091
Teknologi,2023-01-19,-0.01038494,0.0021180232397113308
Teknologi,2023-01-20,-0.001065750000000001,0.0010500159564437173
Teknologi,2023-01-24,0.0048638,0.005918923024052614
Teknologi,2023-01-25,-0.008899493333333335,-0.0030332457252736367
Teknologi,2023-01-26,0.009196373333333334,0.006135232747958241
Teknologi,2023-01-27,-0.0026900966666666666,0.0034286317121272614
Teknologi,2023-01-30,-0.0087648,-0.005366219559103325
Teknologi,2023-01-31,0.005847949999999999,4.5034905722607377e-4
Teknologi,2023-02-01,0.013126839999999999,0.013583100717244223
Teknologi,2023-02-02,0.014134299999999999,0.02790938833771217
Teknologi,2023-02-03,-7.786566666666665e-4,0.02710899983975379
Teknologi,2023-02-06,0.0020701700000000005,0.029235290077952003
Teknologi,2023-02-08,0.00753295,0.036988468056344814
Teknologi,2023-02-09,-0.005783075000000001,0.03099148597143997
Teknologi,2023-02-10,-0.00711246,0.023658600267127516
Teknologi,2023-02-13,-0.0015670950000000006,0.022054429992941937
Teknologi,2023-02-14,0.00651168,0.028709721383638476
Teknologi,2023-02-15,0.007393574999999999,0.03631556386191748
Teknologi,2023-02-16,-0.0012405433333333331,0.03502996949793902
Teknologi,2023-02-17,-6.984799999999999e-4,0.03430702176484424
Teknologi,2023-02-20,-0.014439465,0.019372181724816473
Teknologi,2023-02-21,-0.0077797533333333335,0.011441717596135437
Teknologi,2023-02-22,-0.007515546666666667,0.003840180166928331
Teknologi,2023-02-23,0.0156647,0.019565035437189238
Teknologi,2023-02-24,-0.01645985,0.0027831478886484184
Teknologi,2023-02-27,-9.443366666666668e-4,0.0018361829933815077
Teknologi,2023-02-28,0.0025178433333333332,0.004358649547823612
Teknologi,2023-03-01,0.013468,0.01788535183993356
Teknologi,2023-03-02,2.2784999999999944e-4,0.01811727701735033
Teknologi,2023-03-03,-4.1798000000000003e-4,0.017691724357902672
Teknologi,2023-03-06,0.002431573333333334,0.020166316416405206
Teknologi,2023-03-07,-0.011685655000000001,0.008245004800142341
Teknologi,2023-03-08,0.014337656666666665,0.02270087551484834
Teknologi,2023-03-09,-0.0149502,0.007411292885726395
Teknologi,2023-03-10,-0.0185926,-0.011319102318380736
Teknologi,2023-03-13,-0.0191017,-0.03020458822162575
Teknologi,2023-03-16,0.010313190000000002,-0.020202903878827172
Teknologi,2023-03-17,0.00873672,-0.011642690993203475
Teknologi,2023-03-20,0.00751472,-0.004215462556063865
Teknologi,2023-03-21,0.004344713333333332,1.109358008961614e-4
Teknologi,2023-03-22,-0.012286146666666666,-0.01217657383929105
Teknologi,2023-03-23,0.011904699999999999,-4.168322978755912e-4
Teknologi,2023-03-24,-0.013445400000000001,-0.013856627820897804
Teknologi,2023-03-28,-0.0198675,-0.03344883126766607
Teknologi,2023-03-29,0.014950899999999998,-0.018998021399065812
Teknologi,2023-03-30,-0.0118625,-0.03063515737021938
Teknologi,2023-03-31,0.006002309999999999,-0.02481672908165422
Teknologi,2023-04-03,-0.00500098,-0.02969360111585151
Teknologi,2023-04-04,0.007521623333333333,-0.022395321865521844
Teknologi,2023-04-05,8.874250000000001e-4,-0.021527771034028476
Teknologi,2023-04-06,0,-0.021527771034028476
Teknologi,2023-04-07,0,-0.021527771034028476
Teknologi,2023-04-10,0,-0.021527771034028476
Teknologi,2023-04-11,0.0011416349999999998,-0.020410712890912897
Teknologi,2023-04-12,0.012477063333333333,-0.008188315314997974
Teknologi,2023-04-13,0.0096171,0.0013500368377861172
Teknologi,2023-04-14,0.006036790000000001,0.007394976726668112
Teknologi,2023-04-17,0.004038223333333334,0.011463062627568688
Teknologi,2023-04-18,0.005360556666666667,0.016885067691023714
Teknologi,2023-04-19,-0.006565410000000001,0.010208800298754594
Teknologi,2023-04-20,-0.006778774999999999,0.0033608221385093007
Teknologi,2023-04-21,-0.0185186,-0.015220015582344981
Teknologi,2023-04-24,0.00835356,-0.006993596895712995
Teknologi,2023-04-25,-0.0067727,-0.013718931362017406
Teknologi,2023-04-26,0.0013994799999999996,-0.012338650732079959
Teknologi,2023-04-27,-0.0016393999999999998,-0.013957822748069781
Teknologi,2023-05-01,0,-0.013957822748069781
Teknologi,2023-05-02,-0.00683057,-0.02069305286274148
Teknologi,2023-05-03,0.008774673333333333,-0.012099954308548044
Teknologi,2023-05-04,-0.0012035833333333334,-0.013288974338541593
Teknologi,2023-05-05,0.01679945,0.003287228201506842
Teknologi,2023-05-08,0.014420495,0.017755126659350307
Teknologi,2023-05-09,-0.009581773333333335,0.008003227726862683
Teknologi,2023-05-10,0.00216061,0.010181129580721482
Teknologi,2023-05-11,-7.442500000000008e-4,0.009429302275031137
Teknologi,2023-05-12,-0.0032269133333333332,0.006171961400462278
Teknologi,2023-05-15,0.011624759999999998,0.017868468970472007
Teknologi,2023-05-16,-0.0030488699999999995,0.014765120331482029
Teknologi,2023-05-17,0,0.014765120331482029
Teknologi,2023-05-18,0,0.014765120331482029
Teknologi,2023-05-19,0.00923479,0.024136263117067847
Teknologi,2023-05-22,0.005160453333333334,0.02942127050985799
Teknologi,2023-05-23,-0.005446736666666666,0.023814283930325475
Teknologi,2023-05-24,-0.00469738,0.019005039189276873
Teknologi,2023-05-25,-0.0032070500000000004,0.015737039078344894
Teknologi,2023-05-26,2.2006000000000025e-4,0.015960562171164483
Teknologi,2023-05-29,0,0.015960562171164483
Teknologi,2023-05-30,0.006775346666666666,0.022844047179535698
Teknologi,2023-05-31,0.006465566666666667,0.029457313556177978
Teknologi,2023-06-01,0.0012772950000000003,0.030772234235496798
Teknologi,2023-06-02,0.00893162,0.03997870013823923
Teknologi,2023-06-05,-0.00522876,0.03454090111010433
Teknologi,2023-06-06,5.206366666666667e-4,0.03507952103638856
Teknologi,2023-06-07,0.00655305,0.041862448891715864
Teknologi,2023-06-08,0.008183615,0.05038865005640303
Teknologi,2023-06-09,-0.0012970000000000002,0.04902629597727981
Teknologi,2023-06-12,0.002220485,0.051355643132102946
Teknologi,2023-06-13,-0.0025033750000000004,0.048723705698977327
Teknologi,2023-06-14,-5.0505e-4,0.04819404779141401
Teknologi,2023-06-15,0.00417304,0.05256820348060942
Teknologi,2023-06-16,0.00651038,0.05942082246118541
Teknologi,2023-06-19,-3.72025e-4,0.05902669142970929
Teknologi,2023-06-20,0.0190263,0.07917605096885838
Teknologi,2023-06-21,-0.018671,0.05902675492121867
Teknologi,2023-06-22,-0.006774344999999999,0.05185254231915204
Teknologi,2023-06-23,-0.003990036666666667,0.047655612107372125
Teknologi,2023-06-26,-0.00645307,0.040895017106550524
Teknologi,2023-06-27,-0.00510502,0.03558122722632118
Teknologi,2023-06-29,0.009402796666666666,0.045318586937747485
Teknologi,2023-06-30,1.2054999999999983e-4,0.04544460009340301
Teknologi,2023-07-03,-0.008673966666666666,0.03637644848034616
Teknologi,2023-07-04,0.0015591433333333332,0.03799230791081798
Teknologi,2023-07-05,-0.0090312,0.02861799177961366
Teknologi,2023-07-06,-0.0029356899999999995,0.025598288227326238
Teknologi,2023-07-07,-5.496533333333331e-4,0.025034564709540907
Teknologi,2023-07-10,-0.0053644999999999995,0.01953576678715674
Teknologi,2023-07-11,-0.007102300000000001,0.012294717910704245
Teknologi,2023-07-12,0.00408173,0.016426631629641975
Teknologi,2023-07-13,0.00686877,0.02340823238418066
Teknologi,2023-07-14,0.005269233333333333,0.028800809155867135
Teknologi,2023-07-17,-0.009322185,0.019210137684766426
Teknologi,2023-07-18,0.0165467,0.03607470206999497
Teknologi,2023-07-19,0.012385,0.048906487255131914
Teknologi,2023-07-20,-0.008616006666666667,0.03986910196823179
Teknologi,2023-07-21,1.485166666666667e-4,0.04002353986102558
Teknologi,2023-07-24,0.002341133333333333,0.04245837363764582
Teknologi,2023-07-25,0.0029454200000000002,0.04552885138052565
Teknologi,2023-07-26,0.00332615,0.04900643716954489
Teknologi,2023-07-27,0.00959967,0.05907655279424828
Teknologi,2023-07-28,0.0029054500000000004,0.062153646764564474
Teknologi,2023-07-31,0.002775706666666667,0.0651018737229132
Teknologi,2023-08-01,-0.0024004,0.06254520318522871
Teknologi,2023-08-02,-0.012345766666666667,0.04942726803391806
Teknologi,2023-08-03,-0.006411900000000001,0.04269844533401135
Teknologi,2023-08-04,0.003927066666666666,0.04679319164206763
Teknologi,2023-08-07,-0.006166629999999999,0.04033800534269205
Teknologi,2023-08-08,0.0033039049999999998,0.043775183280233776
Teknologi,2023-08-09,-0.00154889,0.042158490336602794
Teknologi,2023-08-10,0.010530300000000001,0.053132731887394424
Teknologi,2023-08-11,-0.005019416666666666,0.04784661990074657
Teknologi,2023-08-14,0.0016796399999999998,0.049606624997396764
Teknologi,2023-08-15,0.0029977550000000004,0.052753088505515855
Teknologi,2023-08-16,0.00207599,0.05493859338972262
Teknologi,2023-08-17,-0.009168375,0.045266520763552975
Teknologi,2023-08-18,-0.012335400000000002,0.03237274012332625
Teknologi,2023-08-21,-0.0072578600000000005,0.02487992330769484
Teknologi,2023-08-22,0.003253403333333334,0.02821427106645058
Teknologi,2023-08-23,0.003917746666666667,0.03224255409954013
Teknologi,2023-08-24,-0.004727636666666667,0.02736248635188554
Teknologi,2023-08-25,0.0034189233333333335,0.03087495992826539
Teknologi,2023-08-28,0.016103700000000002,0.047475861020462196
Teknologi,2023-08-29,-0.00650353,0.04066357033403967
Teknologi,2023-08-30,0.012687043333333335,0.053866514146288846
Teknologi,2023-08-31,-0.00402264,0.049627188551823576
Teknologi,2023-09-01,-0.00650695,0.042797316917276174
Teknologi,2023-09-04,-0.013871263333333333,0.028332400731023277
Teknologi,2023-09-05,0.0056908,0.03418443475710342
Teknologi,2023-09-06,-0.007633569999999999,0.026289915481474635
Teknologi,2023-09-07,-0.0025500049999999997,0.023672871065547163
Teknologi,2023-09-08,0.007603296666666667,0.03145615959387693
Teknologi,2023-09-11,0.00451238,0.0361104817393052
Teknologi,2023-09-12,7.4957e-4,0.03688711907310238
Teknologi,2023-09-13,0.006805655000000001,0.04394381507945777
Teknologi,2023-09-14,-0.0054715499999999995,0.038231824298059935
Teknologi,2023-09-15,0.012783523333333333,0.05150408504938331
Teknologi,2023-09-18,-0.00210019,0.049295726685003594
Teknologi,2023-09-19,-8.347599999999998e-4,0.04841981658419581
Teknologi,2023-09-20,0.0058676,0.054571524699985385
Teknologi,2023-09-21,0.003742515,0.058518274449747665
Teknologi,2023-09-22,0.00267601,0.061350879937358105
Teknologi,2023-09-25,-0.0063592399999999995,0.05460149496762523
Teknologi,2023-09-26,-0.011779083333333334,0.04217925607494366
Teknologi,2023-09-27,0.00221054,0.044483035007667704
Teknologi,2023-09-28,-0.0010468566666666668,0.04338961097924954
Teknologi,2023-09-29,-0.00800002,0.035042473223623416
Teknologi,2023-10-02,-0.010806,0.023857804257968906
Teknologi,2023-10-03,-0.011642195000000001,0.011937852048525821
Teknologi,2023-10-04,0.00369334,0.01567528259501083
Teknologi,2023-10-05,-0.0035749166666666663,0.012044328099340529
Teknologi,2023-10-06,0.007004923333333333,0.019133621027611403
Teknologi,2023-10-09,0,0.019133621027611403
Teknologi,2023-10-10,-0.007246399999999999,0.011748571156196874
Teknologi,2023-10-11,-0.007198955,0.004465038721129133
Teknologi,2023-10-12,9.218033333333331e-4,0.005390957942039032
Teknologi,2023-10-13,0.004814923333333334,0.010231838324556763
Teknologi,2023-10-16,-0.0017788699999999999,0.008434767214316352
Teknologi,2023-10-17,0.003042815,0.011503247650517467
Teknologi,2023-10-18,-0.012631683333333333,-0.0012737410644421132
Teknologi,2023-10-19,-0.003900675,-0.005169447614515543
Teknologi,2023-10-20,-0.014011599999999999,-0.019108615382320004
Teknologi,2023-10-23,0.00826263,-0.01100387280103654
Teknologi,2023-10-24,-0.0172414,-0.028055550628524717
Teknologi,2023-10-25,-0.00687629,-0.03473892252629329
Teknologi,2023-10-26,-0.001932535,-0.03660432334264896
Teknologi,2023-10-27,-0.00420818,-0.04065846576124488
Teknologi,2023-10-30,0.004241405,-0.036589509781217
Teknologi,2023-10-31,0.012645593333333333,-0.024406612508843017
Teknologi,2023-11-01,-0.0010110799999999997,-0.025393015471067537
Teknologi,2023-11-03,0.0074950450000000005,-0.018088292264708983
Teknologi,2023-11-06,-4.169500000000007e-5,-0.018129233073362894
Teknologi,2023-11-07,0.005662509999999999,-0.012569380036933087
Teknologi,2023-11-08,0.010850390000000001,-0.0018553727123920005
Teknologi,2023-11-09,-7.27549999999999e-4,-0.0025815728359750434
Teknologi,2023-11-10,-0.004451,-0.007021082255282085
Teknologi,2023-11-13,0.005371393333333333,-0.0016874019163677367
Teknologi,2023-11-14,0.003870865,0.0021769313786133004
Teknologi,2023-11-15,-0.00709224,-0.004930747941187419
Teknologi,2023-11-16,-0.01030711,-0.015187036179775237
Teknologi,2023-11-17,0.0174254,0.0019737236399777203
Teknologi,2023-11-20,-0.013990733333333333,-0.012044623534476218
Teknologi,2023-11-21,-0.006337255000000001,-0.018305548683759332
Teknologi,2023-11-22,0.010680365,-0.007820693625227082
Teknologi,2023-11-23,3.304500000000002e-4,-0.007492827973435534
Teknologi,2023-11-24,-0.005691885,-0.013142064658285824
Teknologi,2023-11-27,0.008090375,-0.005158013889645541
Teknologi,2023-11-28,-7.217199999999999e-4,-0.00587601124786119
Teknologi,2023-11-29,0.0130081,0.007055653010225482
Teknologi,2023-11-30,-0.005316645,0.0017014956079270949
Teknologi,2023-12-01,0.010778633333333334,0.012498468738536328
Teknologi,2023-12-04,-0.01356845,-0.0012395661096189503
Teknologi,2023-12-05,0.00658977,0.005342035434818815
Teknologi,2023-12-06,-0.0015644500000000006,0.003769228087482812
Teknologi,2023-12-07,-0.009258733333333333,-0.005524403523585075
Teknologi,2023-12-08,0.006886954999999999,0.001324505157946021
Teknologi,2023-12-11,0.00332785,0.004656762912435886
Teknologi,2023-12-12,-0.00708402,-0.0024602456891710256
Teknologi,2023-12-13,-0.00646965,-0.008913978760648034
Teknologi,2023-12-14,0.006839705000000001,-0.002135242745747168
Teknologi,2023-12-15,-0.00549078,-0.0076142985975836686
Teknologi,2023-12-18,-0.002984075,-0.010575651959496057
Teknologi,2023-12-19,0.0170475,0.006291559613724518
Teknologi,2023-12-20,-0.004226525,0.002038443179728011
Teknologi,2023-12-21,0.00929729,0.011354685177118462
Teknologi,2023-12-22,-0.002769153333333333,0.008554088979477958
Teknologi,2023-12-25,0,0.008554088979477958
Teknologi,2023-12-26,0,0.008554088979477958
Teknologi,2023-12-27,-0.00921916,-7.43932535478109e-4
Teknologi,2023-12-28,0.005089209999999999,0.004341491435623013
Teknologi,2023-12-29,0.002097526666666667,0.006448124496349017
Teknologi,2024-01-01,0,0.006448124496349017
Teknologi,2024-01-02,-0.018275350000000003,-0.011945067235665352
Teknologi,2024-01-03,-0.004724385,-0.01661301913919322
Teknologi,2024-01-04,-0.002773886666666667,-0.01934082317357666
Teknologi,2024-01-05,-0.004445976666666667,-0.023700810991699517
Teknologi,2024-01-08,0.0040723999999999995,-0.019724930174382038
Teknologi,2024-01-09,-0.00727272,-0.026854196280204135
Teknologi,2024-01-10,6.942733333333333e-4,-0.026178567099236383
Teknologi,2024-01-11,-0.003362446666666666,-0.029452989730222034
Teknologi,2024-01-12,0.007299425000000001,-0.022368554619783487
Teknologi,2024-01-15,-0.006566326666666666,-0.028788002049755512
Teknologi,2024-01-16,0.011075535000000001,-0.018031309574037646
Teknologi,2024-01-17,0.00228935,-0.01578323955261085
Teknologi,2024-01-19,-2.5217500000000004e-4,-0.01603143441417665
Teknologi,2024-01-22,0.0199862,0.003634358131334725
Teknologi,2024-01-23,0.008070276666666668,0.011733965073627006
Teknologi,2024-01-24,0.011437949999999999,0.02330612757944084
Teknologi,2024-01-25,-0.0015184066666666669,0.021752332733283364
Teknologi,2024-01-26,0.00939713,0.03135387223178121
Teknologi,2024-01-29,-0.00661519,0.024531270409732242
Teknologi,2024-01-30,0.0068094,0.03150771364246041
Teknologi,2024-01-31,-0.009864835,0.021332060246150197
Teknologi,2024-02-01,-0.012997356666666666,0.008057443184029456
Teknologi,2024-02-02,-0.01022394,-0.002248875631637448
Teknologi,2024-02-05,-0.0055331,-0.0077695323778800285
Teknologi,2024-02-06,0.0197601,0.011837040885379846
Teknologi,2024-02-07,-0.00143057,0.0103895371698004
Teknologi,2024-02-08,-6.640600000000001e-4,0.009718577893747637
Teknologi,2024-02-09,-1.1798500000000018e-4,0.009599446247334775
Teknologi,2024-02-12,7.833433333333333e-4,0.01039030924288964
Teknologi,2024-02-13,0.004116303333333333,0.014549382240793829
Teknologi,2024-02-14,0.0040755,0.018684178248115968
Teknologi,2024-02-15,0.005537945,0.024325595199624184
Teknologi,2024-02-16,-0.008528656666666667,0.015589473883287575
Teknologi,2024-02-19,0.003085333333333333,0.018722905940042223
Teknologi,2024-02-20,-0.011799800000000001,0.006702179394530772
Teknologi,2024-02-21,-0.00940436,-0.00276521031327992
Teknologi,2024-02-22,0.00316453,3.905690957275443e-4
Teknologi,2024-02-23,-0.012333940000000002,-0.011948188160065043
Teknologi,2024-02-26,0.0017740450000000001,-0.0101953397835296
Teknologi,2024-02-27,-0.00531739,-0.015458517185718001
Teknologi,2024-02-28,-0.0091508,-0.024467859386654967
Teknologi,2024-02-29,0.01041142,-0.014311184547230349
Teknologi,2024-03-01,-0.0016131999999999995,-0.0159012977443187
Teknologi,2024-03-04,-0.014242435,-0.02991725954477964
Teknologi,2024-03-05,0.00629818,-0.023807503830499344
Teknologi,2024-03-06,0.003444346666666667,-0.020445158460292934
Teknologi,2024-03-07,-0.0104879,-0.03071863168287725
Teknologi,2024-03-08,0.0029005499999999996,-0.027907182610005132
Teknologi,2024-03-11,-0.004585025,-0.0323642524800587
Teknologi,2024-03-12,0.011146499999999998,-0.021578500620327734
Teknologi,2024-03-13,0.01045375,-0.011350326871187533
Teknologi,2024-03-14,-0.006640160000000001,-0.017915118884710535
Teknologi,2024-03-15,0,-0.017915118884710535
Teknologi,2024-03-18,0.0040602066666666665,-0.01392765130317375
Teknologi,2024-03-19,0.00472438,-0.009269070820437375
Teknologi,2024-03-20,-0.00119817,-0.010456134897852465
Teknologi,2024-03-21,-0.007304409999999999,-0.017684169001543237
Teknologi,2024-03-22,-0.0026234400000000003,-0.020261215645217878
Teknologi,2024-03-25,-0.00487286,-0.025035345577948842
Teknologi,2024-03-26,0.0109891,-0.014321361494039508
Teknologi,2024-03-27,0.00776398,-0.006668572258252015
Teknologi,2024-03-28,0,-0.006668572258252015
Teknologi,2024-03-29,0,-0.006668572258252015
Teknologi,2024-04-01,0,-0.006668572258252015
Teknologi,2024-04-02,-0.01190703,-0.018496199368315924
Teknologi,2024-04-03,0.00774475,-0.010894697808373599
Teknologi,2024-04-04,1.754666666666664e-4,-0.010721142798015726
Teknologi,2024-04-05,-0.0130002,-0.023581965797412896
Teknologi,2024-04-08,0,-0.023581965797412896
Teknologi,2024-04-09,-0.006580414999999999,-0.030007201675950057
Teknologi,2024-04-10,4.2795333333333317e-4,-0.02959209002459795
Teknologi,2024-04-11,-0.012894473333333333,-0.04210498894223158
Teknologi,2024-04-12,-0.0126662,-0.05423787873129149
Teknologi,2024-04-15,-0.015335950000000001,-0.06874203933496226
Teknologi,2024-04-16,-0.010597023333333334,-0.0786106016734821
Teknologi,2024-04-17,-3.5412333333333356e-4,-0.07893688715851543
Teknologi,2024-04-18,0.0038689099999999997,-0.07537337687061196
Teknologi,2024-04-19,0.008375045,-0.06762958729370527
Teknologi,2024-04-22,0.00651026,-0.061559613490679954
Teknologi,2024-04-23,0.006623699999999999,-0.05534366590255824
Teknologi,2024-04-24,-0.00442475,-0.05952353401685584
Teknologi,2024-04-25,-0.008561609999999999,-0.06757552673278178
Teknologi,2024-04-26,-0.01045432,-0.07732339055214876
Teknologi,2024-04-29,-0.0036095499999999996,-0.08065383790778125
Teknologi,2024-04-30,0.012294465,-0.06935096869505397
Teknologi,2024-05-01,0,-0.06935096869505397
Teknologi,2024-05-02,-0.0018417866666666665,-0.0710650256722577
Teknologi,2024-05-03,0.0113475,-0.060523936051073646
Teknologi,2024-05-06,-0.004555266666666666,-0.06480350004931135
Teknologi,2024-05-07,-0.0019132500000000002,-0.06659276475284193
Teknologi,2024-05-08,-0.0110633,-0.07691932901855181
Teknologi,2024-05-09,0,-0.07691932901855181
Teknologi,2024-05-10,0.01387359,-0.06411288625243028
Teknologi,2024-05-13,-0.00615382,-0.06987216709075239
Teknologi,2024-05-14,0.015463923333333334,-0.055488741592444324
Teknologi,2024-05-15,-4.537700000000002e-4,-0.05591733246617192
Teknologi,2024-05-16,3.9968666666666665e-4,-0.05553999521172748
Teknologi,2024-05-17,0,-0.05553999521172748
Teknologi,2024-05-20,0,-0.05553999521172748
Teknologi,2024-05-21,0.013297615,-0.04298092968515499
Teknologi,2024-05-22,0.0017572349999999998,-0.0412992222791303
Teknologi,2024-05-23,-0.00825351,-0.04921186873505723
Teknologi,2024-05-24,0.0030376550000000002,-0.04632370241417971
Teknologi,2024-05-27,0.0013605400000000001,-0.04502618766426225
Teknologi,2024-05-28,2.69085e-4,-0.044769218535969824
Teknologi,2024-05-29,-0.00719422,-0.051641358928594006
Teknologi,2024-05-30,-0.00368112,-0.055132380889414745
Teknologi,2024-05-31,0.003853200000000001,-0.05149161697945792
Teknologi,2024-06-03,0.006558683333333332,-0.04527065085621407
Teknologi,2024-06-04,-0.004973623333333333,-0.05001911502413381
Teknologi,2024-06-05,0.0029037433333333335,-0.04726061436259088
Teknologi,2024-06-06,3.51845e-4,-0.04692539777345128
Teknologi,2024-06-07,0.00691116,-0.04033854670552728
Teknologi,2024-06-10,-0.00837366,-0.04837442543052106
Teknologi,2024-06-11,-0.0015640100000000002,-0.04986277734540334
Teknologi,2024-06-12,0.0129366,-0.03757123215080993
Teknologi,2024-06-13,0.005073149999999999,-0.03268868664719582
Teknologi,2024-06-17,0.008257883333333334,-0.02470074267451483
Teknologi,2024-06-18,0.0019533249999999997,-0.022795666252699687
Teknologi,2024-06-19,-0.00506285,-0.02774310521381218
Teknologi,2024-06-20,0.011156600000000001,-0.01689602394144052
Teknologi,2024-06-21,-0.005479423333333334,-0.022282866806948465
Teknologi,2024-06-24,0.0139805,-0.00861389242634314
Teknologi,2024-06-25,-0.0027045000000000003,-0.01129509615427604
Teknologi,2024-06-26,-9.578866666666664e-4,-0.0122421633989378
Teknologi,2024-06-27,-0.0017280999999999991,-0.013949107716368037
Teknologi,2024-06-28,0.00429207,-0.009716908263124324
Teknologi,2024-07-01,-0.007290623333333334,-0.016936689278346573
Teknologi,2024-07-02,-0.004095413333333333,-0.020962739868586877
Teknologi,2024-07-03,0.010666735,-0.010519608859638985
Teknologi,2024-07-04,0.0021156766666666662,-0.008426188283979119
Teknologi,2024-07-05,0.011322075000000001,0.00280048478030559
Teknologi,2024-07-08,0.006636683333333333,0.009455754044305653
Teknologi,2024-07-09,0.0013809966666666665,0.010849809075788253
Teknologi,2024-07-10,0.004022573333333334,0.014916026561781592
Teknologi,2024-07-11,-0.007272473333333334,0.007535076823038223
Teknologi,2024-07-12,0.003546715,0.011108516593032691
Teknologi,2024-07-15,-0.0026291050000000005,0.00845020613651526
Teknologi,2024-07-16,-0.0021605066666666676,0.006271442743156053
Teknologi,2024-07-17,-7.249499999999998e-4,0.005541946260739339
Teknologi,2024-07-18,0.007032066666666667,0.012612984262974525
Teknologi,2024-07-19,0.00432897,0.016996555493459464
Teknologi,2024-07-22,0.017107233333333333,0.034394552867482275
Teknologi,2024-07-23,0.006598235,0.04121973121002198
Teknologi,2024-07-24,-0.008509515,0.03235945628899417
Teknologi,2024-07-25,-0.0042432,0.02797894864406869
Teknologi,2024-07-26,0.007372790000000001,0.03555802155684229
Teknologi,2024-07-29,0.01400255,0.05005847453159307
Teknologi,2024-07-30,0.0030672,0.05327921388467649
Teknologi,2024-07-31,0.006820965,0.06046359453781136
Teknologi,2024-08-01,0.004849705,0.06560653013455942
Teknologi,2024-08-05,-0.00507617,0.06019733023448626
Teknologi,2024-08-06,7.0268e-4,0.06094230969449543
Teknologi,2024-08-07,0.0156472,0.0775430862027473
Teknologi,2024-08-08,-0.019607799999999998,0.05641483687710114
Teknologi,2024-08-09,-0.003895406666666667,0.052299671478764465
Teknologi,2024-08-12,-0.0016210649999999999,0.05059382531181855
Teknologi,2024-08-13,0.006396450000000001,0.05731389618573446
Teknologi,2024-08-14,-9.939066666666667e-4,0.05626302485555623
Teknologi,2024-08-15,-0.002105145,0.05403943803009659
Teknologi,2024-08-16,1.6951666666666716e-4,0.05421811528216658
Teknologi,2024-08-19,0.011190175,0.06601500048034437
Teknologi,2024-08-20,-0.0027797733333333337,0.0630517204090757
Teknologi,2024-08-21,0.005689385,0.06909983092139527
Teknologi,2024-08-22,-0.0030145133333333335,0.06587701522641831
Teknologi,2024-08-23,0.0014190866666666663,0.06738958708703247
Teknologi,2024-08-26,0.005575124999999999,0.07334041745874109
Teknologi,2024-08-27,0.00344825,0.0770415635532431
Teknologi,2024-08-28,-2.3967000000000015e-4,0.0767834290017062
Teknologi,2024-08-29,0.004911545000000001,0.08207209926850223
Teknologi,2024-08-30,0.00879347,0.09158726781125703
Teknologi,2024-09-02,-0.0029368250000000005,0.08838146703346705
Teknologi,2024-09-03,0.008391619999999999,0.0975147507198546
Teknologi,2024-09-04,-0.00296717,0.09425823787696119
Teknologi,2024-09-05,-4.863333333333331e-4,0.09372606362060698
Teknologi,2024-09-06,0.0023800749999999997,0.09632921368147884
Teknologi,2024-09-09,0.004114875,0.10084047135462626
Teknologi,2024-09-10,0.00680652,0.10833336403971106
Teknologi,2024-09-11,-0.0053166,0.10244079887645752
Teknologi,2024-09-12,0.0066287,0.10974854819997004
Teknologi,2024-09-13,-3.012033333333336e-4,0.10941428823809018
Teknologi,2024-09-16,-0.004657745,0.10424691938412067
Teknologi,2024-09-17,0.003317835,0.10791062846189559
Teknologi,2024-09-18,-1.990433333333332e-4,0.10769010623737096
Teknologi,2024-09-19,0.0112994,0.12020633982378959
Teknologi,2024-09-20,0.0076815500000000005,0.12881126083346306
Teknologi,2024-09-23,0.0010405200000000003,0.1299858115265855
Teknologi,2024-09-24,-0.007959175,0.12099205670512858
Teknologi,2024-09-25,-0.0032661,0.11733078454872392
Teknologi,2024-09-26,0.014104559999999999,0.1330902436392385
Teknologi,2024-09-27,-0.00600626,0.12628460903247785
Teknologi,2024-09-30,0.005686983333333333,0.13268977083263533
Teknologi,2024-10-01,-0.010685199999999999,0.12058675409333452
Teknologi,2024-10-02,-0.00897762,0.11052655203805095
Teknologi,2024-10-03,-0.008338656666666668,0.10126625240138853
Teknologi,2024-10-04,-0.002312316666666667,0.09871977609152327
Teknologi,2024-10-07,-0.00443542,0.09384649242225152
Teknologi,2024-10-08,-0.007233984999999999,0.0859336233037662
Teknologi,2024-10-10,-0.00573191,0.0797091495090152
Teknologi,2024-10-11,0.00589823,0.08607752240592359
Teknologi,2024-10-14,-0.0033329733333333326,0.08245765498581203
Teknologi,2024-10-15,0.00537466,0.08827549684575797
Teknologi,2024-10-16,0.001730596666666667,0.09015886279301433
Teknologi,2024-10-17,-0.01584755,0.0728825157069588
Teknologi,2024-10-18,0.0013758533333333334,0.07435864469246911
Teknologi,2024-10-21,-0.013002993333333332,0.0603887663979239
Teknologi,2024-10-22,0.00360382,0.06421021664204418
Teknologi,2024-10-23,0.0171717,0.08248451521915623
Teknologi,2024-10-24,0.018868,0.10290883305231135
Teknologi,2024-10-25,0.00859594,0.11238937120669901
Teknologi,2024-10-28,0.01229012,0.12606077006555405
Teknologi,2024-10-29,4.5722500000000056e-4,0.12657563320114718
Teknologi,2024-10-30,0.004542363333333333,0.1316929490496268
Teknologi,2024-10-31,0.00705886,0.13968141113995514
Teknologi,2024-11-01,-0.00413978,0.13496338082774595
Teknologi,2024-11-04,-0.005871325,0.12829964195580756
Teknologi,2024-11-05,-0.0157143,0.11056920289222139
Teknologi,2024-11-06,-4.0678333333333335e-4,0.11011744184997174
Teknologi,2024-11-07,-0.007487233333333334,0.10180573353543787
Teknologi,2024-11-08,0.007593829999999999,0.11017265896893136
Teknologi,2024-11-11,-0.0082525,0.10101095910079017
Teknologi,2024-11-12,0.00613054,0.1077607508259959
Teknologi,2024-11-13,-0.0166159,0.08935430896634622
Teknologi,2024-11-14,0.005838749999999999,0.09571477643782345
Teknologi,2024-11-15,-0.009647676666666667,0.08514367455586225
Teknologi,2024-11-18,-0.0028437999999999996,0.08205774297416046
Teknologi,2024-11-19,-0.0021909399999999997,0.07968701938276856
Teknologi,2024-11-20,-0.010343854999999999,0.06851889340889117
Teknologi,2024-11-21,-0.0027267799999999994,0.06560527746072142
Teknologi,2024-11-22,0.00292397,0.06872107532385852
Teknologi,2024-11-25,0.015625,0.08541984212579368
Teknologi,2024-11-27,0.00246724,0.08809783337708033
Teknologi,2024-11-28,0.00826667,0.09709277909332359
Teknologi,2024-11-29,-0.007193595,0.08920073796310168
Teknologi,2024-12-02,-0.00602503,0.08263827084085196
Teknologi,2024-12-03,0.00979996,0.09324808258956141
Teknologi,2024-12-04,-0.0065645600000000005,0.08607138995651731
Teknologi,2024-12-05,-0.009006093333333333,0.07629012965190585
Teknologi,2024-12-06,-0.003267036666666667,0.07277385033436179
Teknologi,2024-12-09,0.0057372733333333325,0.07892864713858239
Teknologi,2024-12-10,0.00497336,0.08429454771511558
Teknologi,2024-12-11,0.004954666666666666,0.08966686576752791
Teknologi,2024-12-12,0.005200266666666667,0.09533342404735001
Teknologi,2024-12-13,0.0026961000000000003,0.09828655249192408
Teknologi,2024-12-16,-0.0011749766666666664,0.09699609141943233
Teknologi,2024-12-17,0.00723976,0.10493807984224701
Teknologi,2024-12-18,-0.004917635,0.09950439766798214
Teknologi,2024-12-19,0,0.09950439766798214
Teknologi,2024-12-20,-0.007183266666666667,0.09160636437836023
Teknologi,2024-12-23,0.007372253333333333,0.09965396303683649
Teknologi,2024-12-24,0,0.09965396303683649
Teknologi,2024-12-25,0,0.09965396303683649
Teknologi,2024-12-26,0,0.09965396303683649
Teknologi,2024-12-27,0.007212484999999999,0.1075852007504301
Teknologi,2024-12-30,0.0018874999999999994,0.10967576781684674
Teknologi,2024-12-31,0,0.10967576781684674
Teknologi,2025-01-01,0,0.10967576781684674
Teknologi,2025-01-02,2.9921500000000003e-4,0.11000779945171413
Teknologi,2025-01-03,-9.069066666666666e-4,0.10900112597833922
Teknologi,2025-01-06,6.216750000000001e-4,0.1096905642533319
Teknologi,2025-01-07,-6.675333333333333e-4,0.10894980881200733
Teknologi,2025-01-08,-0.00488979,0.10352727712637644
Teknologi,2025-01-09,0.007053735,0.11131126610449749
Teknologi,2025-01-10,-0.0013305699999999995,0.10983258867315682
Teknologi,2025-01-13,-0.005303535000000001,0.10394655269498809
Teknologi,2025-01-14,-0.00807947,0.09502724964088549
Teknologi,2025-01-15,-0.0032053166666666665,0.09151734054715743
Teknologi,2025-01-16,-0.007247319999999999,0.08360676509466325
Teknologi,2025-01-17,-0.004651875000000001,0.07856596187428844
Teknologi,2025-01-20,0.007574313333333333,0.08673535842019242
Teknologi,2025-01-21,0.00408647,0.0911762698603158
Teknologi,2025-01-22,0.00501885,0.09665271988230417
Teknologi,2025-01-23,-0.00419511,0.09205214109059878
Teknologi,2025-01-24,-0.0025786933333333335,0.08923607351471596
Teknologi,2025-01-27,-0.0062792049999999995,0.08239653691572202
Teknologi,2025-01-28,0.0065430366666666675,0.08947869714463441
Teknologi,2025-01-29,0.00800462,0.09819956011337228
Teknologi,2025-01-30,0.0066925100000000005,0.10554927165142658
Teknologi,2025-01-31,0.0032624999999999998,0.10915612615018921
Teknologi,2025-02-03,-0.0166435,0.09069588616460855
Teknologi,2025-02-04,0.00926064,0.10079642811585976
Teknologi,2025-02-05,0.00393185,0.10512459455174739
Teknologi,2025-02-06,0.00666261,0.11248760872665375
Teknologi,2025-02-07,0.005372634999999999,0.11846459859036496
Teknologi,2025-02-10,0.00192559,0.12061830283676445
Teknologi,2025-02-11,-0.0046386199999999995,0.11542018036485979
Teknologi,2025-02-12,-0.002952395,0.11212701940145142
Teknologi,2025-02-13,-8.914299999999999e-4,0.11113563601254639
Teknologi,2025-02-14,0.0020615900000000003,0.11342634212839364
Teknologi,2025-02-17,0.0030883099999999995,0.11686494783505208
Teknologi,2025-02-18,-0.0053802400000000005,0.11085594636811202
Teknologi,2025-02-19,0.002956356666666667,0.11414003275086371
Teknologi,2025-02-20,0,0.11414003275086371
Teknologi,2025-02-21,0.008643253333333333,0.12376982730273767
Teknologi,2025-02-24,0.009377155,0.13430759115767876
Teknologi,2025-02-25,-0.015147500000000001,0.11712566692061777
Teknologi,2025-02-26,0.005634440000000001,0.12342004446334176
Teknologi,2025-02-27,-0.010432143333333333,0.11170036553596052
Teknologi,2025-02-28,-0.0022337050000000003,0.10921715487096106
Teknologi,2025-03-03,0.00644359,0.11636449543791594
Teknologi,2025-03-05,0.0016687000000000008,0.11822737287145313
Teknologi,2025-03-06,0.00430226,0.12303827776866316
Teknologi,2025-03-07,-0.010051369999999999,0.11175020451464746
Teknologi,2025-03-10,-0.0024844100000000003,0.1089881611890493
Teknologi,2025-03-11,-0.011368615,0.09638050174493307
Teknologi,2025-03-12,-0.00460959,0.09132663714789468
Teknologi,2025-03-13,0.00791792,0.09996767415470065
Teknologi,2025-03-14,0.0107197,0.1117589976313369
Teknologi,2025-03-17,-0.00846301,0.10235017011679282
Teknologi,2025-03-18,0.010016286666666667,0.1133916254277314
Teknologi,2025-03-19,0.00444069,0.11833585248485212
Teknologi,2025-03-20,-0.002167443333333334,0.11591192289695629
Teknologi,2025-03-21,1.8369999999999997e-4,0.11611691591719242
Teknologi,2025-03-24,0.007537123333333333,0.12452922676687983
Teknologi,2025-03-25,0.003670215,0.12865649080289798
Teknologi,2025-03-26,-0.00923631,0.11823186957033038
Teknologi,2025-03-27,-0.001449336666666666,0.1166111751199268
Teknologi,2025-03-28,8.354333333333331e-4,0.11754402931599461
Teknologi,2025-03-31,-0.007956826666666666,0.108651925182359
Teknologi,2025-04-01,0.0044142700000000005,0.11354581411613363
Teknologi,2025-04-02,3.829999999999963e-5,0.11358846292081437
Teknologi,2025-04-03,0.00621116,0.12050513903816973
Teknologi,2025-04-07,-0.0024092133333333335,0.1178056031171304
Teknologi,2025-04-08,0.0152761,0.1348813132909079
Teknologi,2025-04-11,-0.003941205,0.13040851338455917
Teknologi,2025-04-14,0.011228100000000001,0.14310085321369237
Teknologi,2025-04-15,0.01250105,0.15739081413475953
Teknologi,2025-04-16,0.00294278,0.16079676067477888
Teknologi,2025-04-17,0,0.16079676067477888
Teknologi,2025-04-18,0,0.16079676067477888
Teknologi,2025-04-21,0,0.16079676067477888
Teknologi,2025-04-22,-0.004155745,0.15597278534058856
Teknologi,2025-04-23,0.0064347399999999996,0.16341116966133096
Teknologi,2025-04-24,-0.002109555,0.16095688981131606
Teknologi,2025-04-25,0.017771600000000002,0.18158895127428698
Teknologi,2025-04-28,0.00597708,0.18865140296316962
Teknologi,2025-04-29,0.0022423300000000003,0.1913167516635761
Teknologi,2025-04-30,0.0060484300000000005,0.1985223476438407
Teknologi,2025-05-01,0,0.1985223476438407
Teknologi,2025-05-05,7.713233333333335e-4,0.1994467958960997
Teknologi,2025-05-06,-0.00150445,0.19764228816401386
Teknologi,2025-05-07,-0.0121952,0.1830368009313963
Teknologi,2025-05-08,0.006423915,0.1906365287824514
Teknologi,2025-05-09,0.0018003566666666667,0.1927800991946218
Teknologi,2025-05-12,0.00384295,0.1973638934768216
Teknologi,2025-05-13,0.00878068,0.20787756266899593
Teknologi,2025-05-14,0.005640256666666666,0.2146903021443567
Teknologi,2025-05-15,0.006064699999999999,0.22205703441977165
Teknologi,2025-05-16,0.009078463333333333,0.23315143439799368
Teknologi,2025-05-19,-0.007249035,0.2242122764897425
Teknologi,2025-05-20,0.0024529766666666667,0.22721524063901888
Teknologi,2025-05-21,9.002699999999997e-4,0.228320065703709
Teknologi,2025-05-22,-0.007611099999999999,0.2189711988516314
Teknologi,2025-05-23,-0.00279164,0.21556827009406931
Teknologi,2025-05-26,1.5054666666666642e-4,0.21575126984523774
Teknologi,2025-05-27,-0.00529015,0.20931976326506607
Teknologi,2025-05-28,-0.005241750000000001,0.20298081139597124
Teknologi,2025-05-29,0,0.20298081139597124
Teknologi,2025-05-30,0.002565903333333333,0.20606754386986847
Teknologi,2025-06-02,-0.004816476666666666,0.20025854768639517
Teknologi,2025-06-03,-0.00273222,0.19697917727723557
Teknologi,2025-06-04,0.0145454,0.21438971820240393
Teknologi,2025-06-05,-8.323766666666665e-4,0.21337888853673226
Teknologi,2025-06-06,0.00718761,0.22210018276976773
Teknologi,2025-06-09,0,0.22210018276976773
Teknologi,2025-06-10,-0.004750556666666666,0.21629452659917625
Teknologi,2025-06-11,0.0143682,0.23377048961625846
Teknologi,2025-06-12,0.004365846666666667,0.23915694239578156
Teknologi,2025-06-13,-0.005544633333333333,0.2322862715077425
Teknologi,2025-06-16,0.00611369,0.23982008776299657
Teknologi,2025-06-17,-0.00432064,0.23446327149900426
Teknologi,2025-06-18,5.615049999999999e-4,0.23515642879826748
Teknologi,2025-06-19,-0.0016916000000000001,0.23306703818331242
Teknologi,2025-06-20,0.0017301633333333332,0.23520044556031894
Teknologi,2025-06-23,-0.0010860699999999997,0.23385893141240932
Teknologi,2025-06-24,-0.003244956666666667,0.22985511264719638
Teknologi,2025-06-25,0.004018366666666666,0.2347971214366873
Teknologi,2025-06-26,0.001855846666666667,0.2370887155585153
Teknologi,2025-06-27,0.005194933333333334,0.2435153089632609
Teknologi,2025-06-30,0.013323466666666665,0.2600832437317224
Teknologi,2025-07-01,-0.00598707,0.2525390371456737
Teknologi,2025-07-02,-0.0017647099999999998,0.25032866898143236
Teknologi,2025-07-03,-0.00911462,0.23893239828856072
Teknologi,2025-07-04,4.490950000000002e-4,0.23948879663397027
Teknologi,2025-07-07,0.009219526666666667,0.25091629664757154
Teknologi,2025-07-08,0.00645161,0.258986720736186
Teknologi,2025-07-09,0.006887289999999999,0.2676577273880454
Teknologi,2025-07-10,0.00538995,0.2744903391557807
Teknologi,2025-07-11,-0.005087233333333333,0.26800670941941607
Teknologi,2025-07-14,-0.00471026,0.26203406813630625
Teknologi,2025-07-15,0.00895196,0.2733317466328997
Teknologi,2025-07-16,-0.00247875,0.2701754755659336
Teknologi,2025-07-17,-0.00539129,0.2633275912262696
Teknologi,2025-07-18,-0.006514139999999999,0.25509809843115905
Teknologi,2025-07-21,-0.00168559,0.2529825176274243
Teknologi,2025-07-22,0.0029624399999999993,0.2566944031569445
Teknologi,2025-07-23,-0.011991700000000001,0.24162450088260723
Teknologi,2025-07-24,0.008815433333333334,0.2525699588951711
Teknologi,2025-07-25,-0.0027159700000000003,0.2491680164639105
Teknologi,2025-07-28,0.0029587966666666664,0.25286405062713047
Teknologi,2025-07-29,0.007300936666666666,0.26201113171270274
Teknologi,2025-07-30,-0.004536,0.2562866492192539
Teknologi,2025-07-31,0.010352275,0.26929207409080025
Teknologi,2025-08-01,-0.00781286,0.25937527281681905
Teknologi,2025-08-04,0.005310655,0.26606338040627997
Teknologi,2025-08-05,0.004320546666666666,0.2715334663242832
Teknologi,2025-08-06,-0.0024367,0.2684351207268909
Teknologi,2025-08-07,0.005991295,0.2760346897235264
Teknologi,2025-08-08,-0.0017812466666666668,0.27376175718590523
Teknologi,2025-08-11,-0.00193817,0.2712929903609802
Teknologi,2025-08-12,-0.0032849,0.2671169200169434
Teknologi,2025-08-13,0.00221443,0.2699228617381366
Teknologi,2025-08-14,0.00971253,0.2822570256304542
Teknologi,2025-08-15,6.760350000000004e-4,0.2831238762587762
Teknologi,2025-08-18,9.5339e-4,0.2843471937311626
Teknologi,2025-08-19,-5.876633333333333e-4,0.28359242997813716
Teknologi,2025-08-20,-3.546200000000001e-4,0.2831372424306182
Teknologi,2025-08-21,3.8053666666666654e-4,0.28362552319972867
Teknologi,2025-08-22,0.00871469,0.2948119217105021
Teknologi,2025-08-25,-0.0075025299999999994,0.2850975564235114
Teknologi,2025-08-26,0.00032106499999999983,0.2855101562704645
Teknologi,2025-08-27,-0.005884273333333333,0.27794586313819325
Teknologi,2025-08-28,-0.008291930000000001,0.2673492254972618
Teknologi,2025-08-29,-0.005630056666666666,0.26021397754125597
Teknologi,2025-09-01,1.693349999999999e-4,0.260427375875143
Teknologi,2025-09-02,-0.00570613,0.2532352134128406
Teknologi,2025-09-03,-0.0014984266666666667,0.2513573323494571
Teknologi,2025-09-04,0.006661106666666666,0.25969275701835226
Teknologi,2025-09-05,-0.0017153233333333335,0.25753197663940774
Teknologi,2025-09-08,0.002840935,0.26110454324546173
Teknologi,2025-09-09,0.004291866666666666,0.26651703579779884
Teknologi,2025-09-10,0.0029090233333333333,0.27020136340699885
Teknologi,2025-09-11,-0.009866466666666667,0.2576689639949892
Teknologi,2025-09-12,-0.00472858,0.2517219756852218
Teknologi,2025-09-15,0.0048711833333333334,0.2578193429111466
Teknologi,2025-09-16,-0.005914,0.25038059931717016
Teknologi,2025-09-17,-0.0010119633333333334,0.2491152599979498
Teknologi,2025-09-18,-0.0012122500000000002,0.2476010200240173
Teknologi,2025-09-19,-0.0045892500000000004,0.241875467042872
Teknologi,2025-09-22,-0.008077776666666668,0.23184387437228726
Teknologi,2025-09-23,-9.848466666666667e-4,0.23063069703875816
Teknologi,2025-09-24,-0.00903308,0.2195143115019511
Teknologi,2025-09-25,-0.011108635,0.2059671721381997
Teknologi,2025-09-26,-0.00267013,0.20274708301285815
Teknologi,2025-09-29,0.0016451300000000003,0.20472575832153517
Teknologi,2025-09-30,0.0038538466666666665,0.2093685866694901
Teknologi,2025-10-01,0.00407248,0.21429371605132985
Teknologi,2025-10-02,0.00190115,0.21660227054960068
Teknologi,2025-10-03,0.0020550449999999997,0.21910244296268244
Teknologi,2025-10-06,-0.005637395,0.21222988094623685
Teknologi,2025-10-07,0.0025569250000000003,0.21532946183457513
Teknologi,2025-10-08,-0.0143035,0.19794599687722436
Teknologi,2025-10-09,-1.2530000000000042e-4,0.1977958942438156
Teknologi,2025-10-10,0.00817581,0.20758884589393323
Teknologi,2025-10-13,-0.0013908100000000001,0.2059093192511754
Teknologi,2025-10-14,-0.00914867,0.1948768528394218
Teknologi,2025-10-15,0.005940434999999999,0.2019749411167191
Teknologi,2025-10-16,0.005618570000000001,0.20872832146162934
Teknologi,2025-10-17,-0.013051245,0.1929529119997948
Teknologi,2025-10-20,0.00344348,0.19706082149320792
Teknologi,2025-10-21,0.007033574999999999,0.20548043856074183
Teknologi,2025-10-22,0.0010872999999999998,0.20679115744158905
Teknologi,2025-10-23,0.004308586666666667,0.21199072173199296
Teknologi,2025-10-24,0.00736933,0.22092228131737413
Teknologi,2025-10-27,0.0175226,0.24231601408398573
Teknologi,2025-10-28,0.0021515500000000003,0.24498891910408815
Teknologi,2025-10-29,-0.004918355,0.23886562162886804
Teknologi,2025-10-30,-0.00588235,0.23157818043947942
Teknologi,2025-10-31,-0.011070044999999999,0.21794455456099615
Teknologi,2025-11-03,-9.778499999999996e-5,0.21782545785272855
Teknologi,2025-11-04,-0.012903199999999998,0.20211161240496311
Teknologi,2025-11-05,-0.015686199999999997,0.18325504923045632
Teknologi,2025-11-06,-0.012524263333333334,0.168435651403398
Teknologi,2025-11-07,-0.005354640000000001,0.16217909912696715
Teknologi,2025-11-10,0.00749874,0.17089397802475448
Teknologi,2025-11-11,-0.010975030000000002,0.15804338148911357
Teknologi,2025-11-12,0.012096800000000001,0.17205200066631088
Teknologi,2025-11-13,0.004030956666666666,0.17677649149207686
Teknologi,2025-11-14,-0.0013138866666666668,0.17523034055025866
Teknologi,2025-11-17,-0.0092131,0.1644028258997352
Teknologi,2025-11-18,-0.0147651,0.14721030173504301
Teknologi,2025-11-19,-3.3440000000000134e-5,0.147171939022553
Teknologi,2025-11-20,-6.972549999999999e-4,0.14637206765220978
Teknologi,2025-11-21,-0.00137371,0.14479728487915522
