Date,MKT,SMB,HML
2014-01-02,-0.005618185749512054,0.002552569419990296,0.0012830613670721611
2014-01-03,0.0011396188287934315,0.003775631762297124,-6.191998429539991e-4
2014-01-06,-0.0012105720792710904,0.009918527582083937,-0.0014884443299173484
2014-01-07,5.101172741565673e-4,-0.008479886120408522,0.012210995776706762
2014-01-08,0.0056406410647434355,-0.0016031734942030204,0.013211432302212141
2014-01-09,0.007937203951980946,-0.013874007034637065,-0.009369885763627137
2014-01-10,0.005855802590570922,0.0012850000866612647,-0.015385296123445873
2014-01-13,0.005921507034919054,-0.004172708659906051,-0.0021336291161713847
2014-01-14,-7.717732697745877e-4,0.004443548598393991,-0.0014830209891165363
2014-01-15,0.01093465604326902,1.4828421449798387e-4,0.0069089145545183795
2014-01-16,0.0038211001590188506,-6.093736141031837e-4,0.004733857742115221
2014-01-17,-0.0021363688098293867,0.0039607042358106885,0.012422322224874506
2014-01-20,-0.0015256364123560735,6.450978435672248e-4,6.803105839241642e-5
2014-01-21,0.00626856809053563,0.005342247387335567,-0.005380240626521485
2014-01-22,-0.004425921246042673,6.893192147953306e-4,-0.0032451742430963403
2014-01-23,-0.008182103201658759,-0.002491552311727459,0.0059209691749435266
2014-01-24,-0.015072611037443688,0.007954065390432736,-0.005941336012014213
2014-01-27,-0.007022149936861217,-0.015737796261670472,-0.003410170576456208
2014-01-28,-0.0023617286490225254,0.007699700496694672,0.005222557044835119
2014-01-29,-0.012312844384467132,0.008531426028951697,-0.00367647455858126
2014-01-30,0.003803970428621396,0.006662878917273886,0.001732170367863409
2014-01-31,-0.008534221390974515,0.01733686757811931,0.002562017605201938
2014-02-03,-4.4300557502296946e-4,0.005229023502028564,-0.006736739720828027
2014-02-04,-9.237735069252844e-4,0.002352526602292339,-0.010678288145632731
2014-02-05,-0.0034838501413201875,-0.00272689927016812,0.0037618319577826503
2014-02-06,0.009813803392610605,4.342008676347254e-4,-0.008899407694761349
2014-02-07,0.020804454923558275,-0.003972968838548695,-0.0037619476368774074
2014-02-10,-0.004545794928479808,-0.002616826898781485,-0.001365857035342102
2014-02-11,0.006161661571815788,0.013500663362590417,0.005505757043109365
2014-02-12,-0.00753356005445671,-0.0027274830530068673,-9.683278674158134e-4
2014-02-13,-0.007650004380466488,-0.008327492220479288,-0.008004930642795394
2014-02-14,0.006201307264484436,-0.005140908215148976,-0.016270126683107726
2014-02-17,0.0026043477920828398,-0.0036002519736270094,-7.695484726394724e-4
2014-02-18,7.580121916312421e-4,0.006068674794575471,-0.0020300907602963034
2014-02-19,-2.327423819135604e-4,0.001183257675556306,-0.003433941860163878
2014-02-20,0.005757625930814755,-0.01415457918686278,-0.002202211232882783
2014-02-21,0.003358227755607534,0.0022573859264969163,-8.613273056671863e-4
2014-02-24,0.003530203869689364,-0.014845228008940397,-0.0035429021052545
2014-02-25,-0.007522995236686439,0.004262149840192259,-0.0017980539440869085
2014-02-26,6.266317931936495e-4,1.7995573178370208e-4,-0.004692258450003688
2014-02-27,-0.0013235092261750792,-0.0023448068609134604,0.006743904138863752
2014-02-28,0.005862080596238694,-0.0028414617550397824,-0.0038273797415467317
2014-03-03,-0.003450415170799795,-0.009109861942876956,0.0020756309978164737
2014-03-04,0.009845069543447852,-4.965182250653635e-4,-0.004532095463807215
2014-03-05,-0.003512016996599921,0.0023410124550494135,9.209188062314676e-4
2014-03-06,0.002602712018321929,0.011605449888718998,0.010643585569339316
2014-03-07,-0.003211039386345364,0.007072025421427494,-0.0053945679701421865
2014-03-10,-0.006426126654807954,0.005513331332656062,-0.004755022677430636
2014-03-11,0.005290238321674184,-0.0016172726866443997,-0.017282791038025564
2014-03-12,-0.013247647739766404,0.003886682237026746,-4.27398059528487e-4
2014-03-13,-0.0030837335594930916,0.002645435024072356,-0.0035214040566401376
2014-03-14,-0.006679497001730723,0.005026675879789093,0.0010590166881813655
2014-03-17,0.00814305292935722,0.002231138913609149,-0.0029537955577705784
2014-03-18,0.004389119361822294,-0.008508590921824176,-0.004438993823171068
2014-03-19,-0.001804052997159826,0.005074920833682266,-0.015368968701593877
2014-03-20,0.00315758044768276,-0.009747140694422963,-0.011606347036056862
2014-03-21,0.011233467344647455,-0.010520075366386699,0.002187315398962338
2014-03-24,-0.002052061209203651,0.0011731151480312263,-0.005562166802785522
2014-03-25,0.008705045535398696,6.120456172483031e-5,-0.0017854978522505779
2014-03-26,0.010921794914933879,-0.0025040582993010613,-3.512611164244953e-5
2014-03-27,-0.0026799400181804376,0.030015423146748314,-0.04001875096393112
2014-03-28,5.302586612580165e-4,-0.0014935443569045214,1.967095594523809e-4
2014-03-31,0.0017711603863719524,0.0012182507256618886,-0.008903020049344013
2014-04-01,-0.0032045962806566755,0.005039804661566579,-0.004852426985535714
2014-04-02,7.479090608231664e-4,0.0010727560921946935,-0.006897183975269006
2014-04-03,-0.0027917035446069277,-0.005245062937705103,-1.5531236320508353e-5
2014-04-04,0.006666219901021885,8.033562945033244e-4,-0.007657151009064128
2014-04-07,-0.013430361829631986,0.007330327977938357,0.008839231002393767
2014-04-08,-0.009480350490699467,-0.0011688942283577704,0.010769497261662844
2014-04-09,0.011341304861792108,-0.01969541229608146,-0.0032488185032404993
2014-04-10,-9.656035684654035e-5,1.6034216194608318e-4,-0.001016779502863857
2014-04-11,-0.02062143446781657,0.012590139748000731,-0.003824330159292195
2014-04-14,0.0068323899605302356,-0.007932041573285652,-0.006804468820145992
2014-04-15,-3.891574699740551e-5,0.004134269551291345,-0.002977374953431605
2014-04-16,0.008542599989965744,0.0036355840026355748,0.002929537692972848
2014-04-22,0.02015880764840026,-0.004949750366026408,-0.011397516554204803
2014-04-23,-0.0043170274611294395,-0.0031613199705792776,0.0064996862005161325
2014-04-24,0.007347224687196573,-0.006402737420321595,-0.004818014930814289
2014-04-25,0.00498013399680149,-0.005119071436583565,0.009974223392130811
2014-04-28,0.0016622835674718684,-0.004448707480373681,-0.003421423762965354
2014-04-29,0.01644787347520409,0.002830354442545169,-0.013080777033829635
2014-04-30,0.006409942929130399,-0.0068485404165562905,-0.002329379075539568
2014-05-02,0.009425134660515377,0.00177007998314546,0.016191253744720153
2014-05-05,-0.0015019741513763317,-0.004133945556725896,0.011061491248025742
2014-05-06,5.419427377239608e-5,7.46914783318375e-4,-0.005411519020007837
2014-05-07,0.0025771740700980656,0.014422251671778175,0.008987194609899532
2014-05-08,0.009232574000634135,-0.0028109098513639957,-0.01464054499192477
2014-05-09,0.0014931385544714475,0.0020635193305590135,-0.003353005835534149
2014-05-12,0.01048096466989298,-0.007111710188525546,0.014202098319623992
2014-05-13,-8.176593365004118e-4,0.0019465854920371693,-0.006528414997441423
2014-05-14,0.003213970701198195,0.002529085169993924,0.0023742793514058076
2014-05-15,-0.0010254771600254513,0.001547281113248658,-0.0015347243655854399
2014-05-16,-0.002371213454749226,0.0014703549559950723,0.0036242457256419423
2014-05-19,0.001352485576585147,-0.003324497934408958,0.003357632194936467
2014-05-20,-0.005851537450926273,0.0021319838677580556,6.102564443312738e-4
2014-05-21,0.005703854992953881,-0.002394249121508785,0.0012796037382411633
2014-05-22,0.005052491732898705,-0.005577922605669964,0.005940797400062089
2014-05-23,0.004334859339672073,-0.004353747475175206,-0.0018742966767582
2014-05-26,-0.0032291153735995726,0.003516954746032069,0.00991813800773758
2014-05-27,0.004382632366848001,0.005513318151657912,0.0022303999446755835
2014-05-28,0.0013703538691401688,0.004573958395599919,0.0032924930320585846
2014-05-30,-6.118663378570022e-4,0.010113880243199888,-0.017009171102840517
2014-06-02,0.009473707767694316,-8.334412851367379e-4,0.0030037214108108784
2014-06-03,0.002584296133666272,-0.0015259561904006488,0.01088657172233129
2014-06-04,-0.004189706484905572,-0.0037330887276323214,0.0012639435542227606
2014-06-05,0.0137375907856614,-0.006965682019639921,-0.001731646231596726
2014-06-06,0.006526723171671068,-0.005986181030210758,-0.004884051940436894
2014-06-10,0.0012744226255445624,-0.0025350171303117263,0.005304517418562014
2014-06-11,-0.0032577992766311013,0.004000806292712619,0.0044796852954669935
2014-06-12,0.004873930291291698,0.0025156275327672117,0.004670320805047046
2014-06-13,4.3229863305182696e-4,-0.0057497329808740266,-0.00536194156361144
2014-06-16,-0.003863038743615993,-0.004110380987548082,0.0014780366470026523
2014-06-17,-0.010658289312537154,0.0027578549830016225,-0.0036378215593827366
2014-06-18,0.015212005317370797,-0.005878788291658361,0.00861735585261692
2014-06-19,0.010225589606216534,-0.014974732066867925,0.004620702046867983
2014-06-20,-0.003698963019063298,0.001379209170682722,-1.6052525980543228e-4
2014-06-23,0.002879834515436018,-0.005537918682142023,-0.00806025837684973
2014-06-24,-0.005294593343018524,0.0018123684242952257,0.007329803003420123
2014-06-25,-0.012560654850503578,-0.005805350432906457,-0.0039976294194271
2014-06-26,-0.00364532671802051,0.00415201272215832,-0.010269181611703745
2014-06-27,0.0030155514128692015,-0.0015556818845690519,0.011735938327947639
2014-06-30,5.980393813463302e-4,-6.655607977580202e-4,-0.004799002292583953
2014-07-01,0.007472633117521431,-0.010415355253191597,0.007510929128387123
2014-07-02,6.702709255270117e-5,0.002469446156359514,0.011795162350085195
2014-07-03,0.010250884001625485,5.855935582127283e-4,-0.011117267126025485
2014-07-04,-0.0016339317077592175,0.0025323442433474092,-0.009579280111469671
2014-07-07,0.0013817008322061603,-0.008654089696563888,0.009580056255403252
2014-07-08,-0.010677538712236073,0.015286115129571728,0.014036955982728543
2014-07-09,-2.61908074989146e-4,-0.0020995056081998895,-0.0012727170227989698
2014-07-10,-0.022472208379128295,0.014898300062518688,8.839044497696222e-5
2014-07-11,0.003715771655286226,4.350903509741915e-4,0.011367411561662101
2014-07-14,0.01260502463322239,-0.014479074068668722,-0.003142739122897402
2014-07-15,0.002287281505172397,-0.01430965775166913,0.002854644331271571
2014-07-16,0.00916982145587976,0.0030615187327063774,-0.00576828365490639
2014-07-17,-0.004718810455033941,0.004347029883293944,0.004333155622710136
2014-07-18,-0.008977725912055793,0.005359099975441811,-0.002314724309219739
2014-07-21,0.0038375697608830635,-0.009019182436394317,0.005087845021765738
2014-07-22,0.010419722990228076,-0.008014775028564729,-0.01148483449199717
2014-07-23,0.004851338188827383,-0.0050980763596055415,-6.08925402347119e-4
2014-07-24,-0.0018800005098832172,-0.0027818056982028064,0.006870843163371458
2014-07-25,-0.006298073005756526,0.008313076758402085,0.010931886230860168
2014-07-28,-0.008006919311112694,0.006490324355017226,-0.0014456991716511193
2014-07-29,0.003429762615344417,3.6834163474642155e-5,-0.0016689625060479418
2014-07-30,-0.004756742657738297,0.0037161560783415645,-0.0035713511074989034
2014-07-31,-0.007281979868592752,0.004439260756976636,0.005594870287577757
2014-08-01,-0.010152365792465982,3.648844839654452e-4,8.607829865256e-4
2014-08-04,0.0033339942413677047,0.003409706838471828,0.006693482451725826
2014-08-05,0.001557333901175462,-0.005409677541291972,-0.008966383900076022
2014-08-06,-0.01055459405804335,0.005285640861707828,0.0040893291244559
2014-08-07,-0.015244471924551237,0.004242131625307956,-6.476937661472598e-4
2014-08-08,-0.012099430428064368,-0.005299975243933606,0.006833593698173282
2014-08-11,0.0219280689505466,-0.0037284553233265863,-0.006268737456351214
2014-08-12,-0.014120106113844153,0.007377718767501348,9.428671746008668e-4
2014-08-13,0.002073303627595592,-0.006212450898512701,0.01228476342515641
2014-08-14,0.00490205495430609,-0.010932169810871105,0.001815818784082929
2014-08-15,0.008829069747899775,-0.007903084006944876,-0.01808638382203779
2014-08-18,0.0016680186969667405,-0.007135601315488347,-0.001580955142975786
2014-08-19,0.0013724437627830929,-0.008128086834025314,-0.006117004441681366
2014-08-20,0.005780461134806632,0.009998510135743367,0.0029113544738346413
2014-08-21,0.004767063575758783,-0.016073001824369992,-0.011225020290436876
2014-08-22,-0.0027333851730444096,-0.004970888092019562,-1.1817620921578814e-4
2014-08-25,0.0062499899671300775,0.004258382188269726,-0.009068386892509092
2014-08-26,0.007805580193549378,-0.010656323414886794,0.016158809722752965
2014-08-27,0.0030684471653342374,0.014388889039417426,0.02404524002304573
2014-08-28,-0.0048306882589695755,0.003080406292028978,-0.0011897701083083707
2014-08-29,-0.005616933707768776,0.03870113897837363,0.046256601010412846
2014-09-01,0.005990548907816659,-0.004631257161895254,0.003402138464413097
2014-09-02,0.0020410732056461156,-0.012230768982591522,-0.0166819716760706
2014-09-03,0.002498368650207837,-0.010913112882584699,-1.044906715459129e-4
2014-09-04,0.005877674563403731,-0.006743920230116898,0.0026477799247122194
2014-09-05,-0.007593315695139299,0.00913328535033143,-4.8596745316433366e-4
2014-09-08,-0.0018898698406615943,0.00990730550168707,-0.0057132064927924876
2014-09-09,-0.0028550477977987436,-0.0066502302095013555,-0.004065307449335679
2014-09-10,1.2143727380644048e-4,0.005081582347392901,-0.0023723289247219556
2014-09-11,-0.0028868326602505927,-0.007836926596959207,0.007404240038222969
2014-09-12,0.004786198040312865,-0.006049521145004707,0.0091300863149371
2014-09-15,-0.0016090405444260962,-0.007977230260127467,-0.006157515369820758
2014-09-16,0.0016565245374823632,-0.0011615549656880547,0.010648392749437553
2014-09-17,0.005888592111269523,-0.027986908156306205,-0.00231837535274404
2014-09-18,0.003504217119372425,1.638409733557228e-4,-0.004481798350349582
2014-09-19,-2.6224411742513024e-4,0.004855374492705785,0.0016443681176730386
2014-09-22,-0.0024523528279220145,-7.479233746276659e-4,-0.002822108862831632
2014-09-23,-0.014177124949152322,0.009402547699126386,-0.008896220296394109
2014-09-24,0.002019201549578362,-0.0016066535619897286,0.015538994511334812
2014-09-25,-0.006339949136589373,0.010838045731743757,-0.008724831057704973
2014-09-26,0.003476059597699848,-0.0010030747240120969,0.004044323236338784
2014-09-29,5.967817481931967e-4,-0.009566143790459988,-0.008651217169284894
2014-09-30,0.005644487288116131,7.608162467658596e-4,0.005950183068924024
2014-10-01,-0.011533410372699324,0.007643259133598155,-0.012146627722422379
2014-10-02,-0.02527652682207486,0.010304806974378012,0.007968139297966605
2014-10-03,-0.0031172605644173177,-0.01492813405290385,0.010833996246327072
2014-10-06,-5.899865780697611e-4,-0.008270810198985852,0.002756012692099097
2014-10-07,-0.017860244038858455,-0.01677031716740931,-0.002476591421925547
2014-10-08,-0.004346761588269772,-0.0020788635032429753,0.0019150429100576213
2014-10-09,-0.012127241138458922,0.012660881210353199,0.004829421783857281
2014-10-10,-0.01722481311194637,-0.0046881950198509915,-1.7687358672023243e-4
2014-10-13,0.0064363745771989726,-0.0032327439031458478,-0.02172301116264248
2014-10-14,0.006315050072642593,-0.02698471685657431,-0.015360969044264955
2014-10-15,-0.02037069623048305,-0.01595301897049407,-0.0037742965500278565
2014-10-16,-0.029412077423559897,0.0036463350058148353,-0.002950136928391661
2014-10-17,0.039253487732740754,0.002772668463371007,0.001050968340143274
2014-10-20,-0.009876928674092608,0.0251116542696127,6.71669508522447e-4
2014-10-21,0.03289485060078228,-0.009093326914077132,0.01198675878738853
2014-10-22,0.013160282729816083,0.014573268328164664,-0.021043348820483955
2014-10-23,-0.0022136677451685964,-0.010660942139686054,0.016013071764387397
2014-10-24,0.0014096990839156025,0.0022049004479635856,-8.846897626601088e-4
2014-10-27,-0.002673246444721719,4.064507872719519e-4,-0.003529507988862493
2014-10-28,0.01386200495573836,0.004461785705233085,0.011021330767055379
2014-10-29,0.010983982152182365,-0.008960098691453226,0.0011405736293014007
2014-10-30,-0.011709705595330525,0.011773168949258995,-0.006418596365131289
2014-10-31,0.004841755978809683,0.020379694043728733,0.016826800327139253
2014-11-03,-0.0010290470637351894,-8.817770256592801e-4,0.0018250032950514112
2014-11-04,-0.011270080719665468,-0.002921576945105777,-0.001408334704633531
2014-11-05,0.014625585751931378,-0.012955363845689632,-0.011084896525779969
2014-11-06,-2.601959246552345e-4,0.005831741014438931,-0.02937918611575683
2014-11-07,0.007413793188138899,-0.0038086876778260477,0.008832065101706244
2014-11-10,0.009880152160357092,0.014757554364049307,-0.011936643940995056
2014-11-11,0.0022870029512246457,0.0055519699358207875,-0.017055944287688425
2014-11-12,-0.004181575144066089,-0.013965396116616402,-0.014391969370686014
2014-11-13,-0.008596249219083732,0.0027828191413691653,0.003636029651757588
2014-11-14,0.010542660763019004,-0.009529394609128918,-0.004910330389435338
2014-11-17,8.840533546941082e-4,-0.005023218006319429,0.006262847635015453
2014-11-18,0.0036650035490990414,-0.015087270866259361,-0.009147591485250073
2014-11-19,0.003501371315406107,-0.007994342476540134,0.02477604358052323
2014-11-20,-0.002206928378576523,0.0035499428632494896,0.004228162298196701
2014-11-21,0.010523305095729813,-0.00682804177788497,-0.009807320706790346
2014-11-24,1.936062774965994e-4,0.012527529131159924,0.007253785073463676
2014-11-25,-0.0029222013878464448,-0.006365477183735986,-0.007596967074293425
2014-11-26,-0.011189380223274845,0.01265875942791512,-8.653950044784087e-4
2014-11-27,-0.026079590284746917,-0.0035087376171736746,-0.01118763392168164
2014-11-28,-0.03302442472141052,0.007162061646872279,0.0023365478071588194
2014-12-01,-3.1538029432660555e-4,-0.02078549806539664,-0.007557216477714127
2014-12-02,0.011206304982004422,0.0032819739818461813,-0.013900002054814663
2014-12-03,0.00818494190367803,-0.019880094488688133,-0.01823438750163535
2014-12-04,-0.012196759589612095,0.009721226801816071,-0.010096000472711588
2014-12-05,-0.0024211287722051876,0.0037915427558890035,-0.018392714066827257
2014-12-08,-0.014531281905619175,-0.007119995402551461,-0.01052896359156226
2014-12-09,-0.013092506418521138,-0.014831958877268512,0.03300385075715749
2014-12-10,0.0016840630224994064,0.003498048678971303,-0.00333227405444614
2014-12-11,-0.001485403172992299,-0.013647610161806987,-0.015197419126965626
2014-12-12,-0.01604304703297301,-0.006366094327496295,-1.7263126706080524e-4
2014-12-15,-0.007196568498780873,0.0218366307813387,-0.006597994500146479
2014-12-16,-0.009680059181147614,-0.005493688389263963,8.438044492275042e-4
2014-12-17,0.033340881874334524,-0.03933922898223039,-0.009182928488491008
2014-12-18,0.04113634531633112,2.834347648280472e-5,-0.0030072010997425347
2014-12-19,0.005640926367849647,0.009756146287519328,-0.006312190939919655
2014-12-22,0.005617905081267958,0.014130307815560347,-0.00563218528208698
2014-12-23,0.004694291935975982,0.0041160058600724,-0.0026714401241583964
2014-12-29,-0.004024070313030109,0.01100692709851328,-0.002603046122133291
2014-12-30,-0.00920344187674389,0.002571449942996501,0.020510846221789045
2015-01-02,0.005930094120010531,0.02511295626266865,0.001956722594656995
2015-01-05,-0.022579832567717888,0.0034667919342575362,-0.0027316675910628585
2015-01-06,0.008636245328892166,-0.008588745059257094,-0.02250449812256827
2015-01-07,0.005369474043279931,0.016649661856671757,-0.010792249105666354
2015-01-08,0.012289838244752034,-0.015427948516819358,-0.010089991070278017
2015-01-09,0.0023035416056800227,0.019665979092615405,0.006889097440989164
2015-01-12,-0.01167557612998033,-0.0012162140449371653,0.004378287735611365
2015-01-13,0.016671398979064566,-0.013566738230731604,-3.2483370530967705e-4
2015-01-14,-0.011332335640507589,0.004893212828152242,-0.0035332670614854943
2015-01-15,0.008134210401997863,-0.0050874285250271135,-0.004847898478104761
2015-01-16,-0.001804596293310427,-0.0050203765138224984,-0.0015748992483898623
2015-01-19,0.024718756972445476,-0.019151810015905043,-0.014271323334084242
2015-01-20,-0.007516079833170128,0.01267175087009498,-0.003528842188817486
2015-01-21,0.009035587923660812,-8.137633485635204e-4,-0.012007377853434895
2015-01-22,0.00722398308410829,-0.011381076422048515,0.008913897378586704
2015-01-23,0.004698483964295288,-0.005753851357091855,-0.004293293590671731
2015-01-26,2.4409854996852438e-4,-0.017682639331309653,0.0030311639871144335
2015-01-27,-0.011248922879073158,-0.005184907300299675,0.014703004946156312
2015-01-28,0.0032185002350007454,-0.007859563878766178,-0.006202082413021765
2015-01-29,-0.0016379262172184562,-0.005803335657561214,-0.00793872120981828
2015-01-30,-0.001049078837698,-0.0017782023749685141,-0.010701059545991064
2015-02-02,0.010331364972517987,-0.007085566158104991,0.011798836000104548
2015-02-03,0.019585358945284622,-0.007375041801564786,0.011570343088007804
2015-02-04,-0.017374275133503484,0.003305176674453573,-0.001101207914206953
2015-02-05,0.012619569249136745,-0.008423172247117767,-0.005402829847046429
2015-02-06,0.004897842134493144,0.021094686611112672,-0.0054044393462036565
2015-02-09,0.0020435746025188307,0.01701852150507878,-0.011311376426985556
2015-02-10,-0.0034342052481179776,0.006078267362062905,0.0019569118504236026
2015-02-11,-0.017974299121075607,0.009844417390223046,0.041799052338855044
2015-02-12,0.013951862598226606,-0.0026556141144073123,0.004288863881814532
2015-02-13,0.01515827305867389,0.011130018184766428,0.015846867515346082
2015-02-16,0.0073040047149074356,-0.0013742216122966562,0.008716134525161628
2015-02-17,-0.007891024868317982,0.01148450886070871,-0.018779016566103153
2015-02-18,0.004988286523052339,-0.013473678754434483,0.0030576306453112293
2015-02-19,-0.011056917751012122,0.0027563493845284247,0.0059001759164873805
2015-02-20,-0.0010896290231297962,0.01347170901615587,-0.002855371268478269
2015-02-23,6.639352981570818e-4,-0.005265337422649026,-0.004233034575242552
2015-02-24,0.003588890532210623,-0.012784442852750336,0.003176985196139453
2015-02-25,0.005647181220675704,0.0036812167799000293,-0.021333871968851652
2015-02-26,0.0035489605856824273,-0.01216586779218667,-0.0035053972162186206
2015-02-27,-0.006990249960672407,0.005371149947527001,-0.006969632070674971
2015-03-02,-0.0019587717455739713,0.008497383239565904,0.013992568202153725
2015-03-03,0.003939647563306093,-0.00452932444470149,0.009837701857975207
2015-03-04,-0.012800008506321963,-9.575427829311475e-4,-0.01190213674429047
2015-03-05,0.01223889995358411,-0.024047611412429344,-0.017485343314451018
2015-03-06,0.003745926435570515,-0.004813454851237566,-0.009745050071012569
2015-03-09,-0.005757209554395245,-0.008467423347918692,0.007524480342668969
2015-03-10,-0.018593126892981607,0.01451973682423732,0.013064240085785049
2015-03-11,0.009751677654379018,-0.012360440378842956,-0.010340194083330192
2015-03-12,0.006709864022443483,-0.008553800481712477,2.48669495038145e-4
2015-03-13,-0.0011195353254652208,0.010421475438740535,-0.009049139020294208
2015-03-16,-0.0034375105006185782,-0.02312102262749189,-0.008236061848767523
2015-03-17,0.0019493272486834712,-0.004846556208101911,-0.007626877855701114
2015-03-18,0.009682207479763357,-0.021265507968952095,-0.0032741238511770736
2015-03-19,-0.0061912540471273265,-0.015593523035107235,-0.015732260406458403
2015-03-20,0.014836692517829807,0.001072393180622468,0.011044294686890542
2015-03-23,-0.0013422386752789753,-3.5966537839753174e-4,-8.452124217426336e-4
2015-03-24,-0.002427713579304027,0.0013767986214069244,-0.0010034011816361594
2015-03-25,-0.006679441147138073,0.03149472603730635,0.014004577318414022
2015-03-26,-0.008445922369950854,0.008819966801494904,0.0038504601890760786
2015-03-27,0.006872689076074449,-0.007085132565562936,-0.0010055885518395723
2015-03-30,0.005205005990110449,-0.004010453182204377,-0.0025332702178637668
2015-03-31,-8.365748143274993e-4,-0.004904086767936185,-0.002682980574694386
2015-04-01,0.004620210266791439,0.00718003011776143,0.005093968617241316
2015-04-07,0.038882034365570695,-0.035333546217564564,-0.003599960223789802
2015-04-08,-0.0031572531167661927,0.009552455872969767,3.099478579456031e-4
2015-04-09,0.0012031978959164485,0.01703370554786234,0.011598587107856214
2015-04-10,0.01697195673728409,-0.02439621868246076,-0.008106777920944748
2015-04-13,0.0015570181022310065,-0.006807179724319566,0.0010058401489056925
2015-04-14,-0.0011994424050744375,0.015345441993419561,-0.005596418290170514
2015-04-15,0.006370790143380948,-0.018480393468335514,0.01631799709926046
2015-04-16,-0.00172893529130499,7.63897820213955e-4,-0.0050397118882911755
2015-04-17,-0.012403062069788256,0.026671287940223016,0.0047377306233496955
2015-04-20,0.0017275615410884384,-0.004607168599345714,-0.009487267438539185
2015-04-21,0.006846875475462927,6.589369120260646e-5,1.3195027934938784e-5
2015-04-22,-0.013441128378161192,0.012308476737828426,0.002742203631044302
2015-04-23,0.006929152297646619,-0.007793924293802171,0.005495879348787134
2015-04-24,0.0024076225567432968,-7.224392176007578e-4,-0.011105249916086394
2015-04-27,0.002971092839824263,-0.007454260820462319,-0.013517262910108007
2015-04-28,-0.011069838854616003,0.022714063050685657,0.011289179884225863
2015-04-29,-0.0212533863037358,0.012222965725012658,-0.0024676971158475447
2015-04-30,0.00914324516940136,-0.006786809840185747,-0.014461543262297316
2015-05-04,0.013001583358712413,-0.002220980119152175,-0.013857073878463345
2015-05-05,4.3769679348704544e-4,-0.008624563340553042,-0.0022040174993352805
2015-05-06,-0.003624278245734858,0.008443648553149276,-0.002819053651394746
2015-05-07,-0.005759673079909837,-0.012422498815092484,0.013792631909283905
2015-05-08,0.009188889246231425,0.0034441232853764728,0.008523767825257406
2015-05-11,0.008480363026044194,-0.005433576884377693,0.019857640334970904
2015-05-12,-0.0055121621933475915,0.0035705674206544798,-0.006251207576003313
2015-05-13,0.010522335194083432,-0.010876427167193592,-0.0045712680712448215
2015-05-15,-0.0054951805579832045,0.014294540927064149,0.002893301302666836
2015-05-18,-1.8558049103608416e-4,-0.00704486115602293,-0.005280271137730887
2015-05-19,-0.004085243851909375,-0.004720288241536647,-9.449213907307373e-4
2015-05-20,9.707480779080035e-4,0.006457437361335571,0.006555328557604085
2015-05-21,0.001611507011886623,-0.008449717662891333,0.0024151703367268225
2015-05-22,-0.002412852725575908,0.005654410044651599,-0.0031414563030903726
2015-05-26,-0.01524676116520558,0.012251309144323201,0.00482731965073413
2015-05-27,0.004924158780365138,-0.004084245469910489,0.008707804824958483
2015-05-28,-3.6892406370075547e-4,0.002758438833678807,-0.01243867721094229
2015-05-29,0.0010303933594324104,-0.0043544749205830634,-0.007733136020550596
2015-06-01,-0.0012127152026900298,0.016030627266062126,-0.016453040812852125
2015-06-02,0.008952672187839622,-0.004682752745591407,-8.817436235104346e-4
2015-06-03,0.007412834427226144,-0.01181279004680289,0.004267717293737905
2015-06-04,-0.00880377566906992,-0.01585868635267978,0.0237102573974607
2015-06-05,8.84194810674649e-4,-0.001398332646650572,0.009133932001602608
2015-06-08,0.0015634937706473539,-0.005909208758001203,-0.011846154555503568
2015-06-09,-0.010918350170797135,0.008999976038593881,0.009214792343185665
2015-06-10,-1.5560940349368187e-4,-0.005906825073191558,-0.002328430287586225
2015-06-11,0.0038175071616037004,-0.009858926544588968,-0.0035831512119155694
2015-06-12,-0.01386353400377925,0.014674043155017781,0.001624844167933506
2015-06-15,-0.013972389245101666,0.013702839599206342,-0.00474861228275081
2015-06-16,0.002583594698936227,-0.01891400429831045,0.0017857741185960427
2015-06-17,0.0036500387589034717,-0.0122188293968152,0.0014104206966387652
2015-06-18,-0.0036692711740513775,0.003178624262727201,-0.0019377620336848197
2015-06-19,0.0032131636103668575,0.02373147396072184,-0.018597722823025055
2015-06-22,0.013886687549555604,-0.008993322709888858,-0.007092459907784015
2015-06-23,0.0068521647631818346,-0.012627536375203492,-0.013549249059214646
2015-06-24,0.005065750492481169,-0.0014359776144853961,-0.012032650626781483
2015-06-25,-0.003360365470214443,0.003848404782608811,0.010604374301490048
2015-06-26,-0.0013320364434138263,-9.061280073917703e-4,-0.0049860307685285635
2015-06-29,-0.018277201139071015,0.0025052339469093764,-0.004433223769841798
2015-06-30,-0.005102891621816767,0.008442437634496331,3.582386234600044e-4
2015-07-01,-4.631197275026914e-4,-0.0018853968843558883,0.008866790549904628
2015-07-02,0.004926288537321829,-0.0028455746385705706,0.002312710008706642
2015-07-03,-0.006856114850434865,0.016569749107818926,0.0033855956174741724
2015-07-06,-0.012961889715204728,0.011892574613430039,0.008482424533725266
2015-07-07,-0.008202794343870784,-0.02297220379493386,0.023496786457500488
2015-07-08,0.0036087840701124127,-0.021927396512462834,-0.0018479833295872421
2015-07-09,0.015537050515530667,0.005517971111335545,-0.01450335304081447
2015-07-10,0.013705579993515868,-0.002916347132167518,-0.0057114179845790345
2015-07-13,0.0055225989176852334,-0.013218929013375201,0.01284671208957051
2015-07-14,0.005722090888197633,-0.010798076543087412,-0.0030734746197352693
2015-07-15,0.003855302073899684,-0.01120000109533912,-0.00294327387900306
2015-07-16,0.005121696035044434,0.011975475193151616,3.7168690351612084e-4
2015-07-17,-0.003407076964260541,0.01296631148874499,-0.006409982976184944
2015-07-20,-4.1193636469082583e-4,-0.0017916848293950145,-0.0010930717925615504
2015-07-21,0.0037489970423537624,-0.007676723456355197,0.0013158754027734097
2015-07-22,-0.010838876088812423,9.201733679806198e-4,0.0016799696096002834
2015-07-23,6.929575519824425e-4,0.002661272946077502,-0.004019821186222948
2015-07-24,-0.0048461868323030725,0.015622177447962727,0.005349163949670792
2015-07-27,-0.02428438230290382,0.004113806043398158,0.003663329822035738
2015-07-28,0.0029629133461117237,-8.814055584457351e-4,0.003762277431578388
2015-07-29,0.01512107868683842,-0.010275946837760879,-0.006281968039628258
2015-07-30,0.006477820690928749,-0.0119002273686182,-0.005207943015035925
2015-07-31,-0.007039278959931335,-0.005480159933982634,0.013709645411152063
2015-08-03,0.0018775486082877046,-0.021167057217172082,-0.02312935717937376
2015-08-04,-2.6969152030280325e-4,-0.009484935638616621,-0.007274178738184188
2015-08-05,0.01022568478967433,0.0071335188070149515,8.019689705660409e-4
2015-08-06,-0.01295673447943919,0.006546885131550259,0.011342075441771071
2015-08-07,0.003486361229155839,0.014083536791498819,0.01718715860596869
2015-08-10,-0.0022224105293170613,0.0019754388804714843,0.01239174981949745
2015-08-11,-0.017287094832707545,0.014696657700347067,-0.01625531020304225
2015-08-12,-0.01049094473125171,0.0029802873660926092,-0.0060739796339175575
2015-08-13,0.004373553393914944,-0.0037417501664192155,0.0170886259350374
2015-08-14,-0.013777075438055925,-0.0026681449289975012,0.013945826193705541
2015-08-17,-1.5277229334729903e-4,-0.008615207982709325,0.007511083944970123
2015-08-18,-0.0011750658170434653,6.766792913447269e-4,-0.003999889600121569
2015-08-19,-0.01077145362786308,-0.004106591994897213,-0.010277061533081699
2015-08-20,-0.01569107483937306,0.009506464742210941,-0.004347043759421307
2015-08-21,-0.01614258133635219,-0.004720825954576889,0.010718819564697049
2015-08-24,-0.051745266822369705,-0.018393305296324144,-0.01594926097961441
2015-08-25,0.026677172906015616,0.0019756684994296676,-0.0018832021931105593
2015-08-26,0.007229405994942661,-0.0076105470504081564,-0.012808079284216099
2015-08-27,0.019774930795963187,-0.006634522220786865,0.006914583931630781
2015-08-28,0.011248024882299652,0.007017040124992222,0.005786603673225329
2015-08-31,6.854877068600133e-4,0.008745796595748727,-0.03262710013396159
2015-09-01,-0.0191298840898675,0.013411780179229766,-0.0038912876284850056
2015-09-02,-0.0019393339285391214,0.046383821966007655,0.03510753614619086
2015-09-03,0.02603418085502246,0.006025772384742587,0.008122555785857903
2015-09-04,-0.025164035501663004,0.015932182998492975,0.002487436267819415
2015-09-07,-0.0028513592762080013,0.0126367503405309,0.011485112590478892
2015-09-08,0.017438479539433595,-0.014914843693492986,-0.008380460262870365
2015-09-09,0.01274873165748122,-0.010289415459552403,0.01131266780926835
2015-09-10,-0.020314964157080406,0.018080594972729364,-0.00628384163176543
2015-09-11,-0.010033405617608845,0.01981108014402791,0.011168266152113492
2015-09-14,-0.008348496489569354,-0.010613233646211837,0.007490180647114007
2015-09-15,0.00663905861096831,-0.023505007090028267,-0.001056738101170027
2015-09-16,0.016524967174598053,0.0037011218671373046,0.010139104987977845
2015-09-17,0.006197811588772254,8.532605985259699e-5,-0.002585442629375958
2015-09-18,-0.013588354093806177,-0.0029426007360308405,-0.007972930793555502
2015-09-21,0.003414346098908672,0.0021102361894246753,0.006244799071700889
2015-09-22,-0.013654822920879028,-0.0027677161151532167,-0.004367853679118848
2015-09-23,-0.007371037367702383,-0.0030839890887584325,-0.01030720525416734
2015-09-24,-0.015508906406880699,0.005612279538214662,0.0055112655269161865
2015-09-25,0.025019262353468092,-0.014379918426756639,-0.004737987652618587
2015-09-28,-0.017786866438860176,0.0035057131705053153,-0.009257731106403627
2015-09-29,0.003484407607668109,0.006389336933632501,0.012879660601805605
2015-09-30,0.019037115020979815,-0.01663523936991099,-0.004095614457375461
2015-10-01,0.007385497942700918,0.006679453830254766,0.005745905051671172
2015-10-02,-0.008069126719264953,0.006349346724638327,-0.013905995467956133
2015-10-05,0.03604491132173235,-0.018067380905261086,0.010248481207164196
2015-10-06,0.021954114986343667,-0.00897565183944662,0.004415872468115521
2015-10-07,0.018195395237806385,-0.007372083619270257,0.024335919717662434
2015-10-08,-0.013614351725526549,0.009969941895349896,0.010529841620151964
2015-10-09,0.008958043746863351,0.021604523584812768,0.0032241915829795947
2015-10-12,-0.01029093415088433,0.004837770670113003,0.006142975458984077
2015-10-13,-0.0066159622872766066,0.03756879554805873,5.582812294455903e-4
2015-10-14,-0.0025874830277508943,0.0072060921448161485,-0.007792730741624185
2015-10-15,0.009955570648832911,-0.025655648392530452,-0.016277866252122165
2015-10-16,-0.0014126572119735736,0.005377040183884624,0.012420879678868813
2015-10-19,1.0052744202524205e-4,-0.006648738413883885,0.004554066126307415
2015-10-20,-0.0016615396493136565,-0.008336908010851091,-0.02289474143213438
2015-10-21,0.0018657089018869735,0.011906076266224669,0.008046223256820844
2015-10-22,-0.0015973247598749924,-0.010449931176506454,0.010556379905874661
2015-10-23,0.01271702206621921,-0.011908109098528356,-0.02420805223283333
2015-10-26,-0.0011789785889034503,-0.011038364823719612,-0.0037489847963280997
2015-10-27,-0.013413911740196943,-0.0061675437404852,-0.007931705124911835
2015-10-28,0.011776625366727462,-0.028883958731223854,-0.005255097444609464
2015-10-29,-0.01274780578676384,0.03337718924510072,0.02112663319378671
2015-10-30,0.0015557414313311895,-0.012124185954042521,0.009938020458885557
2015-11-02,0.006214528236698984,-0.00285412411252176,3.6182338333595916e-4
2015-11-03,0.011454700357747871,0.003838118799844052,0.02004187423173651
2015-11-04,0.01773650142473977,0.017815331249335084,0.04107759587370233
2015-11-05,-0.008735467728957232,-0.018519327297967327,-0.0022545970370199415
2015-11-06,-0.004832944805560978,-0.004278192559256627,-0.009739557786270949
2015-11-09,0.0019203956999513084,0.004731860731609163,0.010576860620791113
2015-11-10,-0.008629638736691835,0.006204737256900582,-0.002003827387844377
2015-11-11,-9.970068896055777e-4,0.01792109873677923,0.006921565667924913
2015-11-12,-0.02064418191103946,0.002986918688498763,-0.010139438447801411
2015-11-13,-0.004165930403919519,0.004914100096234662,-1.2630855227301887e-4
2015-11-16,0.006145202929667147,-0.0039376150738173795,0.005169158903696451
2015-11-17,0.015436470363629147,-0.030977573769297898,-0.00696450057627667
2015-11-18,0.010819114351242337,-0.013861556713022884,0.0016774701172546408
2015-11-19,-7.60294082474366e-5,-0.005585426358723455,0.003688796923980854
2015-11-20,-0.004502075641829165,0.005198224005139801,0.003063958257495555
2015-11-23,-0.004221087533839447,-0.00896330952380682,-0.019629325886460006
2015-11-24,1.0619781160071086e-4,-1.5761403218288216e-4,0.007245076513928401
2015-11-25,-0.002182400417615065,-0.011219274858624187,-0.013270476188807123
2015-11-26,0.007535819063088829,-0.015126182511556886,0.0026179657797014678
2015-11-27,-0.002802737078882646,0.02080387712136448,-0.01535911923826342
2015-11-30,0.006584134028081687,0.0018220903623712035,0.0029482958991857255
2015-12-01,0.007012070619710071,-0.018191486778823814,-0.004354264008686822
2015-12-02,4.63174347319852e-4,-0.006084231482673982,-0.010405920222615057
2015-12-03,-0.014383830188828871,0.01560361639225435,-0.01585943289819311
2015-12-04,-0.016468515493272225,0.008463431248109969,-0.00808410794012871
2015-12-07,0.0027019721017265486,0.002899499492979382,-0.0015868478508446662
2015-12-08,-0.016853954689093693,0.016800239999912,-0.00322505738960166
2015-12-09,0.008322762395047173,0.00809786904260207,-0.02613806308519336
2015-12-10,-0.010314322049091228,0.0037429328412324735,0.025900611672679978
2015-12-11,-0.01703109967965633,0.04586313177535756,0.016818708684172366
2015-12-14,-0.01678611339400058,-0.012643543823237336,-0.003072364708658893
2015-12-15,0.03170114046861639,-0.019446815991552444,-0.018143242617845612
2015-12-16,0.004731909003789222,0.026115416079654993,0.013616491943880874
2015-12-17,-0.008799593160828772,0.010679421972896362,0.0027808813333025273
2015-12-18,-0.01731741704550034,0.0031561079055390275,0.011742029418747722
2015-12-21,5.875434403176292e-6,0.01066413194721756,0.00982210007829603
2015-12-22,-0.0030951009477409057,0.013706074062627213,0.002458711770956838
2015-12-23,0.03091434732180754,-0.012652735604784249,0.007416330796244847
2015-12-28,-0.0056329099281591626,0.023573742483034326,-0.01376462564749931
2015-12-29,0.011969554986799504,-4.1869600292868125e-4,-0.013296107887966455
2015-12-30,6.069872204525178e-4,-0.011689888815446622,-0.0016996737151046206
2016-01-04,-0.014239444818995969,0.028074060097958726,0.02557231751129375
2016-01-05,-0.017124521226199656,0.016842185616251178,-0.015722476904086333
2016-01-06,-0.012627377056710264,-0.021229372081830657,-0.019714850393884313
2016-01-07,-0.026940945818077173,-0.00961640805974344,-0.021268378819798695
2016-01-08,-0.003881989204134176,0.0074493736253601695,-0.006217837286617009
2016-01-11,-0.014332013577561363,-0.012601265373226676,-0.012816088570597444
2016-01-12,-0.00231192083103011,7.002912014570728e-4,0.0027207289974491918
2016-01-13,0.004836854262038106,-0.0030456647792554154,0.009412466016185906
2016-01-14,-0.023123448519206048,-0.005997914273642716,0.0061480182634486465
2016-01-15,-0.011255995535476458,0.016752553980703966,-0.011165580502124352
2016-01-18,-0.01285019734047605,-0.017780773546472794,-0.0024969403915414724
2016-01-19,0.028902957943391087,5.711470350695663e-4,2.406723715342174e-4
2016-01-20,-0.0473505055948023,-0.007452890924127514,-0.011459388185733728
2016-01-21,0.023748035497931638,-0.006859802150284271,0.010722747428626271
2016-01-22,0.045012308056158946,0.009092634725619615,0.029440776773766098
2016-01-25,-0.00908362199761388,0.01507858189617671,-0.03960075279254506
2016-01-26,0.010392611091614946,0.006875698061267085,-0.009323794009845834
2016-01-27,-0.00684329173814245,0.006569984683391926,-0.009690616590596673
2016-01-28,0.01682587722427094,-0.00725027024690536,0.014267732225475858
2016-01-29,0.015369262007917354,-0.0025227329145207002,0.0029912165331231026
2016-02-01,-0.01086959711987545,-0.028881296820068684,-0.023049131500272425
2016-02-02,-0.0281615171141955,0.0028789598259311676,-0.0142778953662927
2016-02-03,0.0028609524233794634,0.0063043602803559175,-0.01610323868583982
2016-02-04,0.029080481250762926,-7.676838894172585e-4,0.01618070376870811
2016-02-05,0.015603515077028113,-0.012197169559599989,0.014194917666417756
2016-02-08,-0.03856326810761578,0.006936453878329904,-0.029267376287114802
2016-02-09,-0.012099721383476227,0.00576221255203863,-0.008781242180475483
2016-02-10,-0.002167723074353578,-0.014133641611999273,-0.03780839659427698
2016-02-11,-0.029821273316429163,0.016668324797547086,0.005997481929927869
2016-02-12,0.014780876641498106,0.013243669188990788,0.002769623240835073
2016-02-15,0.03337963458537856,0.005471519131064084,0.020426073730935346
2016-02-16,-0.015784414961468617,-0.00487567410599277,-0.023703069846820156
2016-02-17,0.042929435808825446,-0.030555200422612172,-0.004467292802940143
2016-02-18,0.00530042513093048,7.305943993984967e-4,-0.010752358434188205
2016-02-19,-0.012542905744688602,-0.004367103795397153,-0.025425833446932798
2016-02-22,0.02588919476523411,-0.01034543831268819,-0.010847247015108724
2016-02-23,-0.0060914038361730765,0.00598131153919804,0.0026884110775707687
2016-02-24,-0.02944666535190856,-0.009160645826775504,-0.045426885186330965
2016-02-25,0.021460243995351732,-0.028471612195823795,0.007194978312314952
2016-02-26,0.019134080891798393,0.01344390727679649,0.0382805128990475
2016-02-29,0.009030577005416726,0.015565863319347959,-0.0038993345965392372
2016-03-01,0.004891906349972757,-0.012996987263876849,0.012986233089126028
2016-03-02,-0.006306289277396994,0.02092681608856297,0.018231893266540795
2016-03-03,0.012023518735270829,4.3665043082452906e-4,0.024718859837197737
2016-03-04,0.021215050189253005,-0.009622586707898489,0.01710910555337443
2016-03-07,-0.007453223444358398,0.018771020940214732,0.02599216727247944
2016-03-08,0.0029300878119644237,0.0029043536114551818,-0.0022957643100204534
2016-03-09,-0.0023419219348970177,-0.0021372044846548204,-0.00827433063237439
2016-03-10,-2.1232489590479353e-4,-3.0497543430477864e-4,0.0024180220863320116
2016-03-11,0.0060935464231977295,-0.024431231636559473,-0.04061092295103829
2016-03-14,0.007148291599801239,0.004393175036913184,-0.005223988087873112
2016-03-15,-0.011793507421310695,-0.026764169994129137,-0.04315183289753909
2016-03-16,0.005553882232240896,-0.011632481636191964,0.010365180739458987
2016-03-17,-5.43320267280244e-4,-0.004618706123299236,-0.0042809278887196885
2016-03-18,0.006341815564347358,0.007733337161426276,0.00804201995865003
2016-03-21,-0.0022719768822790183,0.010165649789106394,9.76657690442658e-4
2016-03-22,0.0019824899875877286,0.0018224777135025187,-3.38960246936657e-4
2016-03-23,-0.0038199754945778862,0.008144899589899515,-0.010105756059054283
2016-03-29,-0.028218946105367425,2.7446791448149793e-4,-0.020709904471479607
2016-03-30,0.026407138600904576,-0.02787985620301749,-0.0090895041412801
2016-03-31,-0.015466625640473974,0.03170591584447145,0.02007497540960454
2016-04-01,-0.013179979843011263,0.014383857850775398,-0.0090846393376085
2016-04-04,-0.003937098812554379,-0.002901833991992938,-0.009417799815032487
2016-04-05,-0.011213919088760347,0.004956375165836642,-0.007507879398597069
2016-04-06,0.005035257498380451,-0.0042663420629025575,-0.004056311292851505
2016-04-07,-0.004130538366784347,-0.006118009739640028,0.0031489457509236967
2016-04-08,0.010465556324246013,0.01688660215962988,0.013225291474734936
2016-04-11,0.010095966694289043,0.007059644341891398,-6.450677924399843e-4
2016-04-12,0.00636077593304668,0.01588887091022656,0.016688773886599145
2016-04-13,0.02709452602216827,-7.031972354019263e-4,0.025685075325657836
2016-04-14,-0.0015267751047172906,0.013687898645361473,0.019497888616876246
2016-04-15,-0.006656021703386401,0.00521942785822021,-0.008650274900959
2016-04-18,0.001843986299012568,-0.015625548264576055,-0.009889892467761051
2016-04-19,0.015468538408407026,-2.5797301740080117e-5,0.008446459925044258
2016-04-20,0.0031046095026236484,-2.3630815109612797e-5,0.004142632796585303
2016-04-21,0.003229201969591005,0.015523636891392432,0.01092453657645794
2016-04-22,-0.00815309083650301,0.008952053832044437,0.0010405046560836558
2016-04-25,-0.0053900030375135105,0.009190157324448245,-0.017728709562226955
2016-04-26,0.005225656607118815,-0.0028537406742600215,-0.022707221891015133
2016-04-27,0.019096861065946852,-0.004670171144818408,0.008506657413515927
2016-04-28,0.010123217000021164,-0.006956305185147712,-0.011303078358326502
2016-04-29,-0.008919962547449345,-0.007045783627145179,0.004538496997291093
2016-05-02,-0.006749668056499166,0.00995159896520053,-0.019240293941963686
2016-05-03,-0.014998339546388642,-0.016774964958984895,-0.021144670835020293
2016-05-04,0.005038554804758254,-0.003755276046440012,-0.003898892919365192
2016-05-06,-0.001201040294874591,0.006286263381442021,-0.0029805042830177647
2016-05-09,-0.0031314517777435496,-0.008591347924914281,-0.009540461843898191
2016-05-10,0.0013632189963559314,-0.027559040525413685,-0.022509217665120887
2016-05-11,9.604529207816146e-4,-0.009650877504673583,0.0042089801061971285
2016-05-12,0.0034476152127662016,-0.008291461364404762,-0.0021850213584467316
2016-05-13,-0.0039510250621885975,0.008721951007225677,-0.01972127330570586
2016-05-18,0.012866230015567455,0.0055415228752106905,0.016897752477131326
2016-05-19,-0.017550250363263662,-0.008458876829498179,-0.015086983097750292
2016-05-20,0.017270187386949933,-0.011744439752873292,-0.0034415544115921383
2016-05-23,3.796521819970685e-4,5.636177952875975e-4,-0.0041979013080363815
2016-05-24,0.009821313125593626,-0.01698022308831524,-0.024013654044824514
2016-05-25,0.014898020923139932,-0.017009949920745067,0.013433513411478889
2016-05-26,0.006537269617410037,-0.005986063156192288,-0.008485095579695814
2016-05-27,-0.0049103012807544325,0.007439071757248988,0.011930047966269139
2016-05-30,0.0063214063996660155,0.013051059174496404,0.009075209347134908
2016-05-31,-0.008664502701307255,0.015301992517978204,-0.00147762289823942
2016-06-01,-0.009568970531318905,-0.016348496815700907,-0.015081994745974521
2016-06-02,-9.62722406355425e-4,0.0010761133600437115,-0.0028060339976348843
2016-06-03,-0.0037169012288091547,0.0110917581925279,-0.01693675540537279
2016-06-06,0.008368820589505414,-0.007339734578153074,0.007795265376773953
2016-06-07,0.012358148240000089,-0.00945393029049081,0.006268736191214349
2016-06-08,0.0023022638514426036,-0.001966385011952202,0.007779188770833791
2016-06-09,-0.01531594882444335,-0.0020886580372673717,-0.0073931968753060025
2016-06-10,-0.013544090316584628,0.010168430453351073,-0.003100692653833311
2016-06-13,-0.016324189403646275,8.416488131227015e-4,-0.011264921773958186
2016-06-14,-0.014908426479806688,-0.009891700612978383,-0.008528585769275749
2016-06-15,0.0033861170715078887,-0.005935339715883104,-0.02595407047260996
2016-06-16,-0.026023493197832204,0.005351560962428104,-0.010332896999875864
2016-06-17,0.02822003150448141,-0.004058801895849985,0.022706639865036238
2016-06-20,0.021925243029364352,-0.013027272514939205,0.007280506067501717
2016-06-21,-0.001574739756035389,-0.020093374001466987,-0.011913477413922222
2016-06-22,0.0069868725373788305,-0.006913787537768213,0.007640492891925926
2016-06-23,0.006085007382190156,-0.016197299231786207,-0.0065740678713324795
2016-06-24,-0.03288755089945393,0.01859198449533294,-0.01655613072892867
2016-06-27,-0.03378602815655444,0.026874570322413617,-0.0046505634832057045
2016-06-28,0.024569608963749233,-0.02351079085102676,-0.024525732092775025
2016-06-29,0.021359788806669493,-6.540064804354696e-4,0.023082056240733756
2016-06-30,0.005682406658577703,4.874238038613714e-4,0.00999498739856915
2016-07-01,0.014285040575802545,-0.019700190279034566,-0.012244426349745334
2016-07-04,-0.005639970697054688,0.01795937736257522,0.007681190726831151
2016-07-05,-0.01897822168475409,0.005817436526203482,-0.010720208195693349
2016-07-06,-0.00938417818710287,-0.0057005315662058565,-0.028930164614703817
2016-07-07,0.02778079431936842,-0.00909528610703425,0.01278030405170405
2016-07-08,0.004181393663528043,-0.005763267291758949,6.707947632485717e-4
2016-07-11,0.016632681394836733,-0.011097339609147036,-0.0024533651007580485
2016-07-12,-0.008173331513245135,-7.114513577081366e-4,0.008964218697569
2016-07-13,0.0032880604108814623,0.0044356066727852805,0.01521872354647562
2016-07-14,0.0035671457234283,-0.011404077769690229,-9.143629904354888e-4
2016-07-15,0.004680089040446526,0.013131602563497314,0.030823350992770816
2016-07-18,-0.006356678890108614,0.0029909627308492524,0.03014121165433453
2016-07-19,0.005664065676111791,-0.001802928157036956,-0.019466507639149234
2016-07-20,7.244046171764665e-4,-0.00566804895684487,-0.012337284395961023
2016-07-21,0.013792938116122108,-0.007629933144994853,0.012628429445233715
2016-07-22,-0.009841620365969696,-0.0029375687953061497,-0.0048348024602335535
2016-07-25,-0.010887950355469193,-2.548248832187393e-4,-0.011442143869404998
2016-07-26,0.002635726738815458,0.020943172892237016,-0.03049683269476121
2016-07-27,0.00433627741846839,1.390691927238381e-4,0.007882423354557367
2016-07-28,-0.012057064227631972,0.008498728714749024,-0.006157470066174864
2016-07-29,-0.005137391009676104,-0.003466354986347472,-0.0028213679541821616
2016-08-01,-0.0032813559647663073,0.007009724993339829,0.0024880536853974866
2016-08-02,-0.007775161095690489,0.004050668530310695,-0.013195378368918145
2016-08-03,-0.004677299367530195,0.008507776937841797,-0.0015384451809620243
2016-08-04,0.009942849268994794,-0.006896156061245945,0.003233865630820471
2016-08-05,0.007521809831862405,0.011963061349977674,0.01858197548296492
2016-08-08,0.00601422009070879,0.022346602943058368,0.03140594491478438
2016-08-09,0.01386645670213673,-0.0025005341454235157,-0.015756470121391683
2016-08-10,-0.004031933755514009,0.003880802996288118,0.0027050905792642523
2016-08-11,0.0011652074512557887,-0.0070283296517530125,-0.022021114218124374
2016-08-12,-3.0824240618590915e-4,0.015071287364733532,0.009838072161964763
2016-08-15,-0.0033736330358842773,-4.4546406452747843e-4,0.0055176116971672184
2016-08-16,-0.0019390989329223934,-0.002292180488391286,-0.0018422770655752928
2016-08-17,-0.016893309108378853,-7.547781624866849e-4,0.0012723028441880106
2016-08-18,0.00498008971332099,-0.030367053032958294,0.005268092498504849
2016-08-19,0.004580833301338841,-0.005031383677825407,0.0015019207247912495
2016-08-22,0.001996536056838135,-2.766992797073424e-5,0.008063706257785555
2016-08-23,0.010175123702875936,-0.011291100489606248,0.00218497242373583
2016-08-24,0.0012171582009501542,0.003889319326507601,-0.005858761250939025
2016-08-25,-0.0039846435010820495,-0.01083076568766814,-0.00630315051951248
2016-08-26,0.003191622666186907,-0.016842849714804518,-0.011110942010930457
2016-08-29,-0.00391580299345169,0.0025665957759071524,-0.025053803707098782
2016-08-30,0.009206076270827536,-0.0073948728481571385,0.0031684014808627645
2016-08-31,-0.0033070697641928645,-0.0108292108343175,-0.007055920459582563
2016-09-01,-0.003748420025828562,-0.005451816446682404,-0.001225632659890841
2016-09-02,0.010849133049991376,0.002614724367332462,-9.008437556079687e-4
2016-09-05,0.006716682795430399,5.271165637651285e-4,0.03330019708286117
2016-09-06,-0.0076322515020311585,0.0030519647053920164,0.0021495293642171957
2016-09-07,0.005511133689449153,-0.006206646109418403,0.00744286119167217
2016-09-08,-0.0023756910097652,-0.016806750964754657,-0.018919343569698942
2016-09-09,-0.008977089372718874,0.02503941234014264,0.012750081682359499
2016-09-12,-0.017610166812647182,0.007527048927876506,-0.00894740691954792
2016-09-13,-0.00792010646767312,-0.0016562500390098142,-0.02374426369044457
2016-09-14,-0.0010237561178659009,-0.0013644535492035614,0.00560240215061674
2016-09-15,-0.008763801369817617,0.012422286652788059,-0.0036238768926512843
2016-09-16,0.007197828390309263,-0.006949445156547831,-0.01304730953530291
2016-09-19,0.010771034104285388,0.003901631843043641,0.006569290590069623
2016-09-20,0.0027676126695635314,-0.012608601498399024,-0.006818669798246068
2016-09-21,0.0029759800384887725,-0.008430444157455289,0.008830675015378838
2016-09-22,0.013272845557397167,0.004071828369483188,0.0024221763998484892
2016-09-23,-6.94367589962435e-4,0.004781539730723961,0.009177865718809363
2016-09-26,-0.015135092801842057,0.0022152647623785906,0.0048952301942671896
2016-09-27,-0.00636238975536823,-0.002370232956039234,-0.0069260912335114425
2016-09-28,0.009468692611412923,2.2291081955786232e-4,-0.005366460486354911
2016-09-29,0.022199976612027692,-0.006665548504495021,0.018020479466375847
2016-09-30,-0.001438840436371891,0.0021967091910286554,-0.004912408476205863
2016-10-03,0.0023933906912390907,-0.002024002788839802,0.009549149308373537
2016-10-04,0.01496976926191808,-0.003924551914778254,-0.004884033236260457
2016-10-05,0.0028229328107110606,0.0038819962561442065,0.0048623894342018515
2016-10-06,0.0018878679452480548,-9.520869115560184e-5,0.028011287450856112
2016-10-07,-0.004161794994000206,-0.0034046487027940848,-0.0020420843677804953
2016-10-10,0.015776894703322112,-4.6325038393059403e-4,0.012859928774540494
2016-10-11,-0.0015901016517337464,-0.004436095628125971,-0.003523130516703701
2016-10-12,-0.006089179504319937,0.02558493155432854,0.0366112234297762
2016-10-13,-0.006804029401341895,-0.006730660855384862,-0.021377913690980983
2016-10-14,0.011201714405895803,0.012080126605387164,0.020216210885995237
2016-10-17,-0.007365854031406421,0.035950777682580655,-0.004979720883116545
2016-10-18,0.003585696988588633,0.03971059377997524,0.005117428982264102
2016-10-19,0.007333236381532511,-0.0133235101612549,-0.01423474305408824
2016-10-20,0.002367552636627719,-0.007709198064231494,0.008299352519174177
2016-10-21,0.0077367660753795454,0.002556118286570426,0.01928590941876753
2016-10-24,0.0013608332271826825,0.014303768610408973,-0.00930521628736334
2016-10-25,0.007238858150249452,-0.017505504431819453,-0.00948632014540017
2016-10-26,-0.020605354748783673,-0.0014571478491599843,-6.448453010361507e-4
2016-10-27,0.01686237270485979,-0.018435369335373628,0.010376304319596543
2016-10-28,5.242367012812764e-4,0.008270019209831813,0.014002717563170453
2016-10-31,-0.007380785568518469,-0.010169488610959352,-0.0206177169827242
2016-11-01,0.001123268237728966,2.925391312394712e-4,-0.007601775019196606
2016-11-02,-0.019192351760020796,0.0030231879558293533,-0.015547661772940445
2016-11-03,0.005942315195141391,-8.099914468692494e-4,0.011228694178206945
2016-11-04,-0.007505477043298491,0.0017818727091757098,-0.008030665477504518
2016-11-07,0.01187732820844856,0.0015871060685114721,-0.017800416978640737
2016-11-08,0.003756016342926121,-7.188416390283384e-4,-0.00421585664888328
2016-11-09,0.006675935292715267,-0.004244124110738522,0.0041140808008085375
2016-11-10,0.012454875618836495,0.006093237936514536,0.030387785492695482
2016-11-11,-0.0072069724407178015,0.020095668435919894,0.009232278003556702
2016-11-14,-0.0035822457324938372,-0.009477684542857558,-0.006208845857180533
2016-11-15,0.010536438372041636,-0.008104628835451743,0.013699276831539825
2016-11-16,-0.0029581211740376825,0.007247151594906616,5.264439320142233e-4
2016-11-17,0.004934186873468423,-8.649496015492612e-4,-0.0034808428870528015
2016-11-18,6.495942011318344e-4,0.0028426048221744365,-0.011237064307429536
2016-11-21,0.008130124703847361,0.010083308549308022,-0.019405159704214844
2016-11-22,0.005202641232540182,-0.006067847371253737,0.0010387112329068064
2016-11-23,7.153357520066526e-4,-0.01490538268045684,0.0031993985630898764
2016-11-24,0.002059845491934764,0.020437357737282762,0.0027135950075040816
2016-11-25,5.033688056460105e-4,-2.4339053311048112e-4,-0.0132365569424641
2016-11-28,-0.004350870284173512,0.014990699577408657,-0.03179939348471706
2016-11-29,-0.0071692802342117785,-0.0012167285961060415,-5.933493065237196e-4
2016-11-30,0.009700133874965673,0.0360153510499058,0.006419319440352775
2016-12-01,0.00943198077833016,0.0028358852217260635,0.062376561932565806
2016-12-02,-0.007094147595987159,7.548983074001656e-4,-0.008916356490228388
2016-12-05,0.010720786384276775,-0.01317130053407435,0.0114080249125079
2016-12-06,-8.364141606816663e-4,0.0019696041339135007,0.00825800949014753
2016-12-07,0.011874478043941884,-0.009173771100198411,0.022451896481999314
2016-12-08,0.014394590602021935,0.0064968037091403235,0.04419595829850714
2016-12-09,0.007429390502216019,0.01514477698635372,0.010273555109767789
2016-12-12,0.005222656634099927,0.02702134031287473,0.04994820515243199
2016-12-13,-0.003952911179078924,-0.002333865428145985,-3.131095888591305e-4
2016-12-14,-0.004089095873065138,0.011711189821422293,-0.00802132821198703
2016-12-15,-0.007726791177174837,0.02663793927406157,0.015751536222650207
2016-12-16,0.0059035279378657594,0.01825844502208419,0.019073211475632016
2016-12-19,-0.003104969512101078,-0.027377929042262297,0.007399321725984252
2016-12-20,-0.0029592010125092305,-0.012570783816296357,0.006520867152513413
2016-12-21,-0.0027716687914830923,-0.0012417743798606396,0.024776045907024362
2016-12-22,0.00508386079245382,0.0052966453054356065,-0.011976939574564575
2016-12-23,0.0029281081388111718,0.001677091871835592,0.005999010455203493
2016-12-27,0.005466450502294091,0.03010294171609447,0.01820176211910144
2016-12-28,0.002872014480421691,-0.0022645073186251794,0.004896522451609412
2016-12-29,0.0016282848185509577,0.003549839162308746,-0.01370235350655545
2016-12-30,-0.003720234403959442,0.009684429617626333,0.008742580751011805
2017-01-02,0.011078991148693056,0.009565644557312803,0.016538846579533573
2017-01-03,0.003038076002355471,0.0016710941008991635,0.018859611731602256
2017-01-04,-0.0031084096714301926,-0.022629820077603235,-0.027230847108882655
2017-01-05,0.004618119048921649,-0.0011990270707240083,0.01829802585944311
2017-01-06,-0.0020405508796011783,0.027076132108951153,-4.754455376800486e-4
2017-01-09,-0.007502515866964669,-0.006967837120497358,-0.008823146394888428
2017-01-10,0.002226985370428665,-0.005468860138717231,-0.005628587286786606
2017-01-11,0.006894629131875759,0.03865485374989358,-0.002067522790998439
2017-01-12,-0.0029613717716147586,-0.008135688052384196,0.009984689165206128
2017-01-13,0.003261741351921075,0.014104561496390137,-0.001452855244303331
2017-01-16,-0.007442695091816973,-0.0036965991057752706,-0.009295775928208658
2017-01-17,-0.0014712148948410743,0.006103370461001259,0.0042365902768630535
2017-01-18,0.005131020446239471,0.008495925684914063,-0.0013874269478430165
2017-01-19,0.007921521231179283,0.0075707811585688425,0.005392028311726752
2017-01-20,0.003841722101142853,0.006503316900359581,0.014217673097350817
2017-01-23,-0.005394734407626211,0.006975020266549123,-0.00421321165153127
2017-01-24,0.00657452620541107,-0.005572137858652874,0.006320313648989785
2017-01-25,0.010128790480394449,-0.0035188188732890556,0.007808208995392501
2017-01-26,0.0010409488901389815,-5.032774801712186e-4,-0.00963270238417109
2017-01-27,-0.0022666237484838415,0.00933458379430967,-0.0024703837407853476
2017-01-30,-0.014295313302293418,0.009063492875222103,-0.01034853748051738
2017-01-31,-0.005534703345674734,0.004454837137740003,-0.018266818840428193
2017-02-01,0.012240580463752112,-0.010160012869073337,0.014291521792126097
2017-02-02,-0.01095498684502277,-0.0198002056787692,-0.01601292606885083
2017-02-03,0.011977531463928413,6.926787082480821e-4,0.006060089651014063
2017-02-06,-0.001581717740253582,0.006684278557698463,0.0032650082248741157
2017-02-07,-4.972536968900315e-4,-0.00862900032250259,0.003121237107553816
2017-02-08,-0.004887105050108434,0.01480385955095786,0.01059583534537436
2017-02-09,-0.004486133446983216,0.002684971361483552,0.01312452572866815
2017-02-10,0.0022630857670331924,0.002486083263932171,4.587227906744291e-4
2017-02-13,0.008949199975751408,0.01157348804060687,0.016330196190366447
2017-02-14,-0.0027700029271385753,-0.005643549425473563,-0.002096768083125024
2017-02-15,-0.008899137511269499,-0.0035229691251254802,0.014277572607855574
2017-02-16,-0.0021457513203635096,-0.00153540970378554,0.003604919862249545
2017-02-17,-0.007032972244061375,-0.019696074430345864,-0.015938129539605966
2017-02-20,0.005391315703924541,0.020719160615985444,-0.010656617390722448
2017-02-21,0.01228966914994532,0.007387607516884493,0.009890140209656095
2017-02-22,-0.0069605736219061215,0.004656398574754082,-0.008367584263715097
2017-02-23,-0.0026870284740366196,0.0017649734612210214,0.007864038164605515
2017-02-24,-0.008294415810208263,0.007302357766454239,-0.0162725638109678
2017-02-27,0.0012334993952377413,-0.00905598117388095,0.010845468727034725
2017-02-28,0.004655871951076545,-0.006021423615786092,0.013274280254827615
2017-03-01,0.009025844315856643,0.0013879153081444457,0.022856667579916928
2017-03-02,0.004276586380396706,-0.00992025044134652,0.0013968505666793868
2017-03-03,-0.012012693209707452,0.0035891383303022877,0.004408103701346684
2017-03-06,-5.510213533477296e-4,-0.012355549559148039,0.00988703592096243
2017-03-07,0.0020628557572089827,0.001176903787528022,-0.002868280220049848
2017-03-08,-0.0026138562286909736,-0.0019453903411148716,5.038383388549744e-4
2017-03-09,-0.002016802631428925,-0.008754132056957038,-0.016466965982270546
2017-03-10,0.012837054050250695,-6.812088073544966e-4,-0.0025832120040128765
2017-03-13,0.002196588300365466,6.351045277891345e-4,0.0073849369390954584
2017-03-14,-0.007800497427255484,-7.053493138509479e-4,-0.00361180231231903
2017-03-15,0.004786952413662652,0.006546829256967832,0.005380958339692997
2017-03-16,0.007338185989068677,0.002237030127444177,0.006306923808583671
2017-03-17,8.057023611512618e-4,0.01272983116139086,0.011537560407640039
2017-03-20,2.3693438452743442e-4,-0.005188704896924643,0.0020987756586583863
2017-03-21,-4.18424357706389e-4,-0.021063479314921914,7.610307339971237e-4
2017-03-22,-0.013506669142906222,0.007028031017194952,4.793166283944602e-4
2017-03-23,-3.4925473224217733e-4,0.015047025067474431,0.0033390214793195365
2017-03-24,-0.002730695548184651,0.010491444523108632,0.009767364251630347
2017-03-27,-0.01824422881420481,0.0028582965288713753,-0.009889624900924278
2017-03-28,0.008852978353720679,1.0503098359973019e-4,0.014125323751107564
2017-03-29,0.0010055154467051596,-0.00536936382071238,-0.00358206974593341
2017-03-30,0.008015937179572195,0.0030000417992494203,0.017793616690133286
2017-03-31,-0.006667951707344243,-0.0030374490058957086,-0.00958157194564626
2017-04-03,0.006081783587190175,0.0016437661399206723,0.009987441588626762
2017-04-04,-0.0061557390909447824,0.00555429770201068,-0.004933522396635992
2017-04-05,0.010158260256351411,-0.010513100923141162,0.012198562248089233
2017-04-06,-8.628212373071767e-4,-0.013344198082906154,-0.004306563182737354
2017-04-07,0.0015070518874472259,0.006933441417771552,-0.006133712077553458
2017-04-10,0.0024673747566296635,0.014538995309253466,0.006037641809365039
2017-04-11,-0.002262121835911095,-0.002873238808470789,3.2946240755116034e-4
2017-04-12,0.005116797085392694,-0.007295387625829236,-0.010174783619296201
2017-04-18,-0.015318145064109868,-0.01086800621559563,-0.020130357954362993
2017-04-19,-0.005343527599083833,0.012570400300470883,0.0014913737626671133
2017-04-20,0.0010049742633626308,-0.0023903843425539606,-0.010630014531193908
2017-04-21,-0.0014281495918705865,-0.015377242653102224,-0.007011897191190606
2017-04-24,0.011853235480043967,-0.004434822104600527,-0.011355229360200461
2017-04-25,0.010002374611211505,-0.0028255995550729284,0.0027532173735321016
2017-04-26,-1.301564528247155e-4,-0.005536456826582605,-0.0012778662507038699
2017-04-27,0.0012751677519052148,-0.004521743067197391,-0.019618459178634695
2017-04-28,-7.452057422954592e-4,0.0023915107474493658,-0.0028395134258653865
2017-05-02,0.010875328122025416,-0.04264049032984998,-0.006093210145790129
2017-05-03,-0.001988768223152787,-0.019879054752399185,0.0011538282217979003
2017-05-04,-0.004390475106198803,0.005089126489554049,-0.008900446471420156
2017-05-05,0.015858065990889875,-0.015208020722582406,-0.001868657160465195
2017-05-08,0.005259035638218917,-0.0038701097872880404,6.676839523482997e-4
2017-05-09,0.009893090183247508,-0.006392835583390889,0.006084578982043114
2017-05-10,-0.0012325215697942503,0.020394190800218627,7.077324941198821e-4
2017-05-11,-0.0019205428789977044,-0.00783225392385409,0.006750972293224378
2017-05-12,0.0038096544415999866,-0.011492564074460298,-0.01331078517518025
2017-05-15,0.007106946386149983,-0.017377873639637574,0.015840428358537446
2017-05-16,0.006186516609633547,-0.02090727887735361,0.003019530647102836
2017-05-18,-0.020377539031624564,-7.468977908818009e-4,-0.003431556410348431
2017-05-19,0.015251352413652473,0.004979007914809611,0.0018532785814029985
2017-05-22,4.974674494321967e-4,0.010727583427966062,-0.0049031771928392765
2017-05-23,-0.003640429913008853,-0.004145636620232948,8.052724734656613e-4
2017-05-24,0.005766716534167366,8.774905444074461e-4,-0.013451585940933822
2017-05-26,-0.009888621455834246,0.0050597603307316495,-0.012721932297565519
2017-05-29,-1.7271874629065352e-4,-0.008986467601061851,-8.760998846832589e-4
2017-05-30,-2.043374100242966e-5,-0.011581465741075617,-0.005347531318138156
2017-05-31,-0.0116151575611472,-0.008037699791122852,-0.006020060842113711
2017-06-01,0.004561852229516047,-0.009878689523914727,0.007127827461478881
2017-06-02,-0.001740870870435072,0.014983451181987273,-0.01038831156042376
2017-06-06,-0.0028768131585751636,-0.0253500409046656,-0.008235529688254197
2017-06-07,0.003803144761769243,-0.005835999383786635,0.0178912257666714
2017-06-08,-0.008287296714888462,-0.014757247266206253,-0.008703566582336722
2017-06-09,0.002422071972963192,0.01896478563710093,0.022252345302133453
2017-06-12,0.008500586038276548,-0.006806119700099387,0.02009840850287397
2017-06-13,-0.0037516164659022935,0.02899226305053562,-0.010653205997643665
2017-06-14,-0.0018068665901182534,-0.004743718247819155,7.513700864792852e-4
2017-06-15,-0.015987270823316815,0.00843423228258793,-0.0027302337945183074
2017-06-16,0.0041598477759840395,-0.00312916243133575,-0.006972720352427778
2017-06-19,0.008191942811036582,0.007567703025637985,-0.004445825998148949
2017-06-20,-0.002142364510715016,-0.009680913994905189,-0.02196286184271356
2017-06-21,-0.005182061297902632,-0.009282948729746918,0.008911188657503318
2017-06-22,-0.009116305408963932,0.0029040363814290615,-0.011668542935756077
2017-06-23,-9.593687777644706e-4,0.007524301695271933,-0.002187903260786778
2017-06-26,-8.903503012405247e-5,-0.0024195024897762977,-0.003972839236020755
2017-06-27,7.610074916643033e-4,0.0018378387021122313,0.01226838472541397
2017-06-28,0.006978866160209234,-0.0014705463892514588,-0.0016418961143366785
2017-06-29,-0.005638588705248514,0.00748108626275467,-9.710534226772096e-4
2017-06-30,0.005556714737312993,0.024955723233803517,-0.0011746134775766186
2017-07-03,0.008115841957864607,-0.01611642202485044,0.005307377744145356
2017-07-04,0.004495761237450311,-0.0035832593521178983,0.018252223825947107
2017-07-05,-0.008884999705216477,-0.0023561513312699376,-0.005148288707034839
2017-07-06,-8.26050146821033e-4,0.007837266744919432,9.750843296647258e-4
2017-07-07,-0.007686595197751556,0.003384831546024639,-0.014127839864184661
2017-07-10,0.008347991553902286,-0.002836176539332001,-0.007241011383770198
2017-07-11,-2.2692137483153898e-4,0.007985773964034382,0.011561271016889158
2017-07-12,0.021433107207540672,-0.010219230935483456,0.0011016081810025415
2017-07-13,0.006503186183470509,-0.01169216986868345,-0.004055852444070069
2017-07-14,-0.0017912603636733122,0.008235585682587018,0.019981476099880026
2017-07-17,0.010598729817510092,-0.0014886380358168664,-0.022035035326399183
2017-07-18,-0.005914714481436845,-3.4189331155597656e-4,0.006471455946497206
2017-07-19,0.0035590405554383722,-0.0014847976452543623,0.010848059050687434
2017-07-20,0.009380359549967824,-0.004163033399310271,0.003388104500833763
2017-07-21,-0.014898611177444333,0.007899236606781858,-0.0035999386595610677
2017-07-24,7.528204803592108e-4,0.004923851473856625,0.008716234723770748
2017-07-25,0.002424874225112782,0.004374087149542012,0.0028126914328851426
2017-07-26,0.01161247702404663,-0.02064215492096623,-0.0018750540710499699
2017-07-27,3.406766934613853e-4,0.006201092609097131,-0.008805882756755578
2017-07-28,0.0026498098836840777,0.006022847002804883,0.010165378555021972
2017-07-31,-0.002351305426588717,0.011578676609194517,0.0016178064534731395
2017-08-01,0.006847207108017092,-0.020684804766350266,-0.0063516646081864525
2017-08-02,-0.0022653799936160407,0.005107701245021863,0.006672154895485642
2017-08-03,6.036006818642632e-4,-0.005936057542420743,-0.009340516895987822
2017-08-04,0.0031421796279044504,0.006758914542193432,-0.0023576173487048864
2017-08-07,0.0052899776359437625,-5.880313925748161e-4,-0.0012790552785994346
2017-08-08,2.835405267341401e-5,-0.0045708512238138085,0.005275054756132055
2017-08-09,-5.774551027717356e-4,0.004668581723071681,0.0022907640136636516
2017-08-10,-0.008013869258309084,3.332509732225184e-4,-0.007166104916887122
2017-08-11,-0.01058427547923638,-0.0030796446171865235,-6.870400074967965e-4
2017-08-14,0.011108780341388529,-0.002481428204968575,-0.009605991926470766
2017-08-15,-0.0056706609558700265,0.0072801561418560186,0.013425905807634336
2017-08-16,0.009123256371923988,-0.00343991305196525,0.006340288580399683
2017-08-17,-0.01266743650569683,0.009462582532196426,0.0023717748518827225
2017-08-18,-5.34165039767886e-4,-0.005552059374292263,0.0036077380373710577
2017-08-21,-3.6225483746726904e-4,-0.008588614491856942,9.331059866582963e-4
2017-08-22,0.0065155989343832175,-0.0025346778202099355,-0.009321826046592688
2017-08-23,-0.0013769478092961844,0.007311048093667598,0.004590562350889145
2017-08-24,0.002230403968137136,-0.009201873831631196,-0.005116823414740976
2017-08-25,-0.0012529649681448079,0.003954749373830496,0.006507915855495965
2017-08-28,-0.0023026848940088922,-0.00916132657545408,-0.003778557343821998
2017-08-29,-0.00815154356668552,0.028276444982825274,0.0033374537444844777
2017-08-30,0.009006538085972517,-0.00837505596537936,-0.0066580989354870015
2017-08-31,0.01367491802947866,-0.005419059609763358,0.012527194664054546
2017-09-01,0.0095464917166619909,-0.01583620014635117,-0.008000224841735229
2017-09-04,-7.24556277768076e-4,0.0023315535101055907,0.014757654415869048
2017-09-05,0.0048214308957104084,-0.011113547723490835,0.0017965672374414916
2017-09-06,-0.004150032823691355,-4.753530358699385e-4,9.67167267725211e-4
2017-09-07,0.001957992915208791,0.0024683552650750858,-0.005402132990603826
2017-09-08,-0.002849871532462792,0.01282499630016151,0.005079815424538239
2017-09-11,0.00897861963521546,-0.0014143605118735574,8.648564493031058e-4
2017-09-12,0.0062140249084731035,0.002190617797664118,0.0018326238958380177
2017-09-13,0.0065250066629464875,-0.01142318090845366,-0.00832221593263199
2017-09-14,0.001472736697675497,0.008701158003217984,0.007647605119155423
2017-09-15,-0.004800227563677492,0.007860273774117946,0.004071786686250352
2017-09-18,0.005567704767435373,-0.0046534017052180625,0.010838468982331421
2017-09-19,0.0012185659060604257,-0.006405879112258083,0.00683293544935195
2017-09-20,0.002010298187167836,0.0018020847042670507,0.0032030577960478175
2017-09-21,0.009062609032758474,-0.008474450625892156,0.006669102080774671
2017-09-22,0.002003741920535408,6.503976993470564e-4,-0.006534529262493841
2017-09-25,0.007757068503218582,0.003282509870285717,0.010388457908952068
2017-09-26,-0.0040948201064959534,0.010045668523644899,0.006841188946460139
2017-09-27,0.005676262522151686,0.008364584927262417,0.007791293746251197
2017-09-28,0.0052613560938334384,-0.022150111831959515,0.00780219800873427
2017-09-29,-2.0767030526034272e-5,0.003376773675834936,-0.010411003376681213
2017-10-02,0.001608102975053275,-0.009304327262960663,-0.026123452030932554
2017-10-03,0.005209664667435,-2.6198254470902356e-4,0.01150312576870854
2017-10-04,-0.006070428747126097,0.008464917563620375,-0.008099894266452759
2017-10-05,0.006943677843644335,2.4183325026726384e-4,0.0030926888276704336
2017-10-06,-0.006665225461043008,0.008000502414815293,-0.004033987683264971
2017-10-09,0.0012378031639163727,5.064732081250507e-4,0.0030077572223538734
2017-10-10,0.004162002681467393,-0.00917657203178825,0.003318716796251818
2017-10-11,5.889133985087833e-4,-0.0037768051847726363,0.003875555889558001
2017-10-12,0.0023363144982249326,-0.010466243700473075,-0.010009295862061235
2017-10-13,0.0032519347873927193,0.008778668465811296,9.789315143497665e-4
2017-10-16,-0.001909079388856152,6.973023282445452e-4,0.008679905610530426
2017-10-17,-0.0023856669318426246,0.0025228109788407015,-0.00363544173058884
2017-10-18,1.9392956519204003e-4,0.006548144723875007,0.01051108649413019
2017-10-19,-3.9011687084282876e-4,1.9200534327798186e-4,0.001593522214747329
2017-10-20,0.010116312952099384,0.013481562659426724,-0.009000304691865201
2017-10-23,-0.0034648272960622604,-0.0015307081616125224,0.001628806038282242
2017-10-24,-0.004080304583648604,0.006826336308840197,-0.006778504849804159
2017-10-25,0.007724758950624797,0.010519757531929052,0.007804394399562883
2017-10-26,-0.005082841404196789,0.0016128053510743572,-0.0026576438206051644
2017-10-27,0.0066984533396438435,0.0030547835361344035,0.017362802134759867
2017-10-30,0.00949599295099384,0.006131198927790918,-0.007401346310068057
2017-10-31,-0.0031255268731958824,0.003333274386334813,-0.014898760168479066
2017-11-01,0.010649184798485012,-0.005778451051058747,0.019303045547951175
2017-11-02,-0.008315339469930214,0.0187580369969912,0.012032982931713404
2017-11-03,0.004896829106354164,-0.012043678724004537,-0.012623552553512687
2017-11-06,0.002772801615326244,0.017706103681516892,0.026285454566114835
2017-11-07,0.0022819056080536485,0.009193756932717383,0.010514225787692184
2017-11-08,0.0018554416931315402,-0.015873182222858124,0.00494233868157022
2017-11-09,-0.01431636294388703,0.002632187173745547,-0.006159812662710092
2017-11-10,-0.002327078724341951,0.020858560549100347,0.002629485657238919
2017-11-13,-0.0019792173676771944,-0.0073632285484967665,-0.004240076909560296
2017-11-14,-0.004983287074739028,-0.01194495839781357,0.002125012571189246
2017-11-15,-0.008121290817639694,-0.016395423177632595,-0.011954260926756633
2017-11-16,0.008435354046447019,0.00438502086348109,-0.002449304409099049
2017-11-17,-0.007892593440878214,0.013819611074487774,0.004510637599505133
2017-11-20,0.004870274460113529,5.602824200198094e-4,-0.00334832449907407
2017-11-21,0.009693537298544563,-0.008646509175129881,6.606182421479683e-4
2017-11-22,-1.4552230398592953e-4,0.017246787657791987,0.01320023829976022
2017-11-23,-0.003672867322262107,0.00681787049603334,-0.0016867192905297725
2017-11-24,-0.0050947999503023955,0.010269164083889799,0.009779670166434782
2017-11-27,-0.009502995811885967,0.004522419420356863,-0.00976623969417786
2017-11-28,0.002935624600434611,7.629615763938512e-4,-0.011202453533881654
2017-11-29,0.001458612566415175,-4.580716902821715e-4,-0.005534793236868018
2017-11-30,0.0013099443368653622,0.006019036383885217,0.012868599287998566
2017-12-01,0.0023552295225576455,0.00778267966686717,0.004451354882461978
2017-12-04,0.003892863631777806,-0.004803517080440389,2.884844992497727e-4
2017-12-05,-0.010199571225927176,-0.0023690979451513015,-0.008412963198014347
2017-12-06,-0.007456756955387002,-0.006202292354129605,-0.013905364347099266
2017-12-07,-0.004920631620495796,0.005025798740305194,0.013388370583778491
2017-12-08,0.004769750048892451,0.008273641762035579,9.955793800382343e-4
2017-12-11,0.00783923339830545,0.0054276270509795,0.021719487711980033
2017-12-12,0.012144803672116185,-0.005789517893391187,0.013304976418460894
2017-12-13,-0.003711058234419506,8.521342423509457e-4,-0.016446610146243153
2017-12-14,-0.004738875286349432,0.016062282585857793,-0.001977455374672861
2017-12-15,-0.005674957724638468,0.010401437919117372,-0.007078446856189423
2017-12-18,0.012767290931538855,0.0026437966251447592,0.007517187136007216
2017-12-19,8.593081302810851e-4,0.003835278231281514,0.010180674424783017
2017-12-20,-0.0020747226707176084,0.023239252524298835,-0.0029101595108333555
2017-12-21,0.010388919993183744,0.0021603468036135356,0.015250404687883343
2017-12-22,-0.0013533419557048836,0.0029311172556626473,-0.007066491055416779
2017-12-27,0.010763977910873345,-0.0038721849292882964,-0.0027484976278591613
2017-12-28,0.0043747164049148775,0.008095453551927659,-0.0042078341563618095
2017-12-29,-0.004337304801892106,0.005950756761661336,0.005234919512904782
2018-01-02,2.492069913567301e-4,0.01025524073665646,-0.0016070084795593294
2018-01-03,0.0014847666741372102,0.0015647354180331685,0.0023279955739070914
2018-01-04,0.010572799812655579,-0.005335524959837067,0.015927552618093265
2018-01-05,0.0078057556700800055,-0.007807427969672915,-0.00808503446624977
2018-01-08,0.0016057591172086254,0.01342267155296184,0.00346683136011755
2018-01-09,0.0065614239995007905,-0.005890439055979541,-0.010220783861206475
2018-01-10,-8.991441760560733e-4,-0.00997046048014118,0.004207263991386736
2018-01-11,-0.001196087359333534,0.008999383531863511,-0.004205943425383357
2018-01-12,-1.4415422932457044e-4,0.009857519988510408,0.0026754383618840596
2018-01-15,-5.708142303277062e-5,0.003138713748489743,0.014037751260297559
2018-01-16,-1.9106384175821586e-4,-0.0030436195536619436,0.003306046652459839
2018-01-17,-0.005667986889568544,0.008864776293393514,-0.0011534428171554693
2018-01-18,-0.0028088068247057014,-5.510273541854517e-4,0.008189869499267092
2018-01-19,0.002628899805669048,0.007644904670000973,0.009463512232737007
2018-01-22,0.006060113298003586,-0.0012672213791983782,0.001729714108992411
2018-01-23,-0.0011934821894314948,-0.0017198429599695202,0.002614430325665813
2018-01-24,-0.0037956192852832715,0.0056386612111837915,-0.004178222406203708
2018-01-25,-0.010187538278206303,0.0027858953035728067,0.002493468857326533
2018-01-26,-0.006307054754826407,0.006179960025682853,-9.347362138733143e-4
2018-01-29,-0.006845039477086192,0.004373725321768148,0.012950098101903132
2018-01-30,-0.00977404762411389,-0.012805360822811454,-0.017824949571290667
2018-01-31,0.001904884889953709,-1.936907065828511e-4,-0.007391181199591588
2018-02-01,0.00909637055764966,-0.01746101611535273,-1.9851457359548763e-5
2018-02-02,-0.008496740427162749,-0.005319838879865811,-0.0028783364918594195
2018-02-05,-0.006174063722357602,-0.012822159147149336,0.0015913342066496555
2018-02-06,-0.021885088520254576,-0.009044047419224308,-0.004515483541135852
2018-02-07,0.01747012743745112,0.011685602792240688,-0.007842555912262104
2018-02-08,-0.0018605999912345097,-0.009181281141509907,-0.009470867344528488
2018-02-09,-0.010390813131148336,-0.007695503851718223,0.006674362460249328
2018-02-12,0.012912560456543114,-0.009292596649808166,0.003264117062794743
2018-02-13,0.0019069304832688067,0.005250267214835907,-0.012008455814977656
2018-02-14,-0.006061947864692805,-5.516713161134884e-4,-0.0055382910032723085
2018-02-15,0.009885874759982378,-4.902888650967999e-4,0.012678080633976045
2018-02-16,0.011096973361743808,0.009512233529383915,-0.02177232485226329
2018-02-19,-0.00383208723399185,0.00983298711556153,0.01571108347732033
2018-02-20,0.0032442412177652318,-0.0034696868546947616,0.002833454710621984
2018-02-21,0.0029986287876421053,-0.003100076282968357,-1.9643397038718053e-4
2018-02-22,1.850384537956604e-4,0.005431794829253607,-0.005781505739169131
2018-02-23,0.012704871520207129,-0.006414424606071125,0.007932715158970748
2018-02-26,-0.0025615515263212305,0.0013258142391243638,-0.004211457907793207
2018-02-27,-0.001384869068393029,0.0027975802410533544,0.015956241701826055
2018-02-28,-6.406405446723991e-5,-0.0019237738729600505,-0.001910563328794631
2018-03-01,-0.011903919800809609,-0.007394400224283936,0.004776371669658644
2018-03-02,-0.02008822069665562,-0.0010739262812606322,-0.030297107008522978
2018-03-05,0.008730998803646254,-0.005057687083760169,-0.0022614197233851068
2018-03-06,0.01918673185164655,-0.002729585773550385,-3.7324306854955025e-4
2018-03-07,-0.007251581162667032,0.0031689290778336506,-0.008249506837895338
2018-03-08,0.003988826354310829,-7.518232454531426e-5,-2.968386375690763e-4
2018-03-09,0.003815286102827911,0.004462343721553507,0.009674295520586542
2018-03-12,-0.0018622516119536183,0.006594351173346091,-0.006572706559071585
2018-03-13,-0.0011797121719396017,0.0019181470526666183,-0.0031086768498953376
2018-03-14,-0.007504275066846856,0.005704260770962565,5.036637084917918e-4
2018-03-15,-0.00470448086554581,-0.011430079602586202,-0.012176090569802086
2018-03-16,-4.715452662068823e-4,0.008477321618500656,-0.004051967701887791
2018-03-19,-0.011113210343014279,-0.007701147265022292,-0.006249379406343297
2018-03-20,0.0038760491198498804,-0.01628674112288139,0.008489180073412577
2018-03-21,0.0024883511079516643,-3.1357364667857954e-4,0.0013660244746620405
2018-03-22,-0.01280090521589856,0.01964851679705474,0.023254143488566647
2018-03-23,0.006684512115458126,-0.010612556608478492,-0.011378842596974793
2018-03-26,-0.0024741004576924633,-0.014236034518512585,-0.007594585373651608
2018-03-27,0.008692395158799365,-0.001218283221324487,-0.01091124215520349
2018-03-28,-8.634377167383875e-4,-0.0038244016974378274,-0.0024811972320962035
2018-04-03,0.008299784571917159,-0.018505475633664937,-0.0204949576460231
2018-04-04,-0.012615838546210257,-0.005430155183240628,8.336438468990182e-4
2018-04-05,0.02072624393476533,-0.0011202391348285774,0.004480464492744222
2018-04-06,-0.006440481555753245,-8.99529621148921e-4,-0.010279746269469658
2018-04-09,0.003491218718686723,0.005199353724987098,-0.007706446784501812
2018-04-10,0.018350094354510186,0.006698724294875624,0.012998724542220598
2018-04-11,0.0026116416859020566,-0.007814587442904565,0.004139108702090976
2018-04-12,0.0019538650293638876,-9.021277756865462e-4,0.013419373954724065
2018-04-13,0.00491329745530679,0.007057227130597992,-0.005296284643854988
2018-04-16,-0.003036873877202092,0.0010689116380491186,-0.0021943886256946183
2018-04-17,0.001186254465385731,0.00921509881952641,0.002786440927230037
2018-04-18,0.013582587337911936,0.0013203835284092934,-0.002564612786718762
2018-04-19,0.0017541025878026935,0.0010084577544147392,6.236236428152234e-4
2018-04-20,-0.004955938086698534,0.0038549477263736427,0.002277829950817835
2018-04-23,0.00509806216312422,9.937718062684887e-5,-0.004111097812150416
2018-04-24,3.005885326905239e-4,-0.009950569032312314,-0.0017692803498945016
2018-04-25,-0.012541982715467533,-0.003775263102953265,-0.008822569766771957
2018-04-26,0.02705875986671645,-0.026742885720584485,-4.541697485401126e-5
2018-04-27,-6.350602237811034e-4,-0.009960438286157105,-0.009663299391874968
2018-04-30,-0.001788368730643026,0.0069184260065729645,0.010457634998340008
2018-05-02,0.011011200629689733,5.67221990944505e-4,0.009634977381678542
2018-05-03,-0.006225875079421155,-0.0022929243568519317,-0.010726006544557902
2018-05-04,0.0010749342003943535,7.32380206985227e-5,0.0062836073445879884
2018-05-07,0.007646633713486863,1.2260145805840714e-4,2.3020844042710362e-4
2018-05-08,0.0021188897429465815,0.0013745834035573572,-0.008207864389628509
2018-05-09,0.002886051838458322,0.0170520925707343,0.011226389399737684
2018-05-11,-3.348663679368586e-4,0.008008713341833115,0.016049388131379107
2018-05-14,-0.002783040676524223,0.017620181242480035,-0.01143545804570259
2018-05-15,0.005657480027606505,-0.010619026524485622,0.00516388473797891
2018-05-16,0.005320365594157209,0.002881311800533891,-0.002526155731731202
2018-05-18,0.00626915716885339,-0.001061742908702268,-0.009529935075234993
2018-05-22,-0.003558029693354086,0.016961743185206157,0.014947700110808673
2018-05-23,-0.008626892237909153,-0.011302278713445184,-0.006298089178072319
2018-05-24,-0.006103229814860338,-0.002487326352941934,-0.009935485002904457
2018-05-25,-0.009348931065383618,-2.04150895772485e-4,-0.0029759271605056866
2018-05-28,0.005633181954130145,-0.011412993453139189,-0.008373180504449894
2018-05-29,-0.0016969147048494218,-2.24932883393075e-4,0.0051652527514299985
2018-05-30,0.0029063248894330377,-0.004722788822890092,-0.010812233286926268
2018-05-31,0.0041407757901003265,0.005920089757058397,-0.01616728630702918
2018-06-01,0.006356457730195205,-0.005710194440505792,0.003807528032912135
2018-06-04,0.001972656190037653,0.007408565953223806,-0.001221847891923819
2018-06-05,-0.0017555063883885262,0.015168989001949951,-0.010238230129561023
2018-06-06,0.003139134315499425,0.005669720331858562,-2.7320679487212104e-5
2018-06-07,0.011791688130613757,-0.030011180336637418,0.004510734181496824
2018-06-08,0.0024328985461894567,0.002823626645413431,-0.01106143781139984
2018-06-11,0.007163925509081511,-0.009398939696920553,-0.00701697309546669
2018-06-12,-0.0021345293710608505,-0.0010360971057688613,-0.005726390170819403
2018-06-13,-0.003205466106565543,-4.2451959681253607e-4,-2.8973058191628467e-4
2018-06-14,0.0018191377302792947,-0.0035680242127341623,0.012224203392787326
2018-06-15,-0.001085242041507307,0.0040410548869878275,-0.009370310682428908
2018-06-18,-0.0078465142794913,0.001789533438188896,0.007268337390838236
2018-06-19,-0.0036983653219409057,-0.015126320920474817,-0.010495837139180189
2018-06-20,-0.00476059926598346,0.0057218110387066016,-0.00491009348581877
2018-06-21,-0.010545344729550548,0.0015083847090364986,0.003707083351757708
2018-06-22,0.008917715190648717,-0.002456347508522077,0.012332592079713637
2018-06-25,-0.012852264918682908,0.001974982289114564,5.165894919677543e-4
2018-06-26,4.2828440081880146e-4,0.00431758113460598,-0.0075602457662144375
2018-06-27,0.011949310062681129,-0.004823726112749293,0.007454541284717157
2018-06-28,-0.007030854155463388,0.005810472743272562,0.005564614832092437
2018-06-29,0.004960794085253743,-2.3057504131893895e-4,0.002643275170246257
2018-07-02,-0.007335690939438026,0.004980419211889786,-0.039811289616619575
2018-07-03,0.006074187383719938,-0.01334145977440785,-0.008500861871702552
2018-07-04,0.001745982826117691,-0.002795751492679896,0.0056554590585478435
2018-07-05,0.003356930397886933,-0.0021448391440124517,4.135651948443007e-4
2018-07-06,-0.005814293354633258,-0.0037547116304976953,-0.01351988127637708
2018-07-09,0.010826862311949287,0.0014172355735864086,0.017613700809565938
2018-07-10,0.01028307125427661,-0.014271443910639586,-0.0011742897076171344
2018-07-11,-0.009457767791953776,-0.003124590031913967,-0.007340213430254849
2018-07-12,-0.008310609797025036,0.003649400417668626,0.006446919264577944
2018-07-13,-0.01277085732353702,0.013639471273047996,0.016513982071029276
2018-07-16,-0.005490094809571595,0.007068727264793159,-0.003314058286790999
2018-07-17,0.0025021134026267954,-0.009431618214924423,-0.013816772922902813
2018-07-18,0.004219189581909078,2.3029378343239178e-4,0.004101437043117518
2018-07-19,0.001312717005590347,0.009543661294734383,0.007040235809316949
2018-07-20,0.0021217883855697696,-0.00288403088040053,-0.007113598535762084
2018-07-23,0.002620784507451647,-2.2550601770340937e-4,3.1257756762355935e-4
2018-07-24,0.005769086430759151,0.0017506326439341623,0.010344380103923531
2018-07-25,0.002095029995017954,0.0017093577971594863,-0.004347815849087031
2018-07-26,-0.0014006863105220692,0.01228844285116316,0.014458570898629028
2018-07-27,0.01092796084258362,-0.004610356080912919,-0.0013815238255288883
2018-07-30,-0.0018549484367447453,-0.0024532650596434183,-3.60828609629337e-4
2018-07-31,0.0041669676824454905,-0.005236219833581055,-0.010863372588413984
2018-08-01,-0.0024859002442874905,-0.0065351155847446,-0.013708537753605185
2018-08-02,-0.0031860877263414264,-0.005343585368877931,-0.013806835991217393
2018-08-03,0.0013472970640332077,0.007640049298195873,0.006161544757360963
2018-08-06,-7.112789719178347e-4,2.321261887901463e-4,-0.013904559618929675
2018-08-07,0.013816877853428182,-0.01656827604397316,-0.0063886896671540815
2018-08-08,0.0017929271350395385,-0.0027416270163395473,-0.011500673357784544
2018-08-09,0.004074222773938746,0.004067939252057786,-0.009100635666221811
2018-08-10,-0.012213469337152482,0.006840728831566653,-0.002161043477627784
2018-08-13,4.046698108945888e-4,-0.013127685635675313,-0.006273451891770043
2018-08-14,-0.001307778421341729,-0.0055327233729603725,-0.005357008527445226
2018-08-15,-0.013355135130758594,0.007683650003137318,-0.0015501132805879649
2018-08-16,0.00669775015322007,-0.007879624661109518,1.826948085824529e-4
2018-08-17,0.0019177229853997598,-0.004708215871812608,-1.032637602717784e-4
2018-08-20,0.015044963264449098,-0.01215576110782237,-0.0036677630980142158
2018-08-21,0.002629352120737881,0.01612964176010686,0.01970443992373637
2018-08-22,0.002627851052287052,-0.007544250809528811,-0.0028785532214271655
2018-08-23,-0.0019132256556482216,0.0024003909746774326,-0.004238599094682862
2018-08-24,0.0015497825031395736,-0.00765228030716476,0.007779102085164794
2018-08-27,0.00585275315188844,0.0018209314637308888,0.00475246227338639
2018-08-28,0.003413294681925619,0.003025616720976499,-0.0025185123505534514
2018-08-29,-4.5278390726713393e-4,0.002070421647814985,-0.004852973537518078
2018-08-30,-0.004669005501683383,0.002141297854288084,-0.010365952064937385
2018-08-31,-0.005729239899972824,0.010023394383449591,0.0028707955977544247
2018-09-03,0.0025681415322251636,-0.004369480806952591,-0.0052529869998115585
2018-09-04,-0.004438878623506363,-9.597841007385217e-4,-0.0016698938138580413
2018-09-05,-0.006181189970810898,-0.0022784489600965662,0.00610636062425982
2018-09-06,0.004083424169889354,0.003734579045196005,-0.0013227166991965687
2018-09-07,-0.0059812272279717044,-0.003554985285581849,-0.005727034938438472
2018-09-10,0.004312202133985414,0.0020376539935115824,-0.015694611954279836
2018-09-11,5.742002645821196e-4,-0.009499004440204944,-0.01690095330178644
2018-09-12,0.003684638647737815,-0.004138567759797978,0.017853175297821513
2018-09-13,-3.4251315767474974e-4,0.007726194521414454,-8.334052763960995e-4
2018-09-14,0.0016799851193842446,0.004769923721411412,-0.0031957050408261455
2018-09-17,0.003530873168172129,-0.014886803494209717,0.004326025661095305
2018-09-18,0.00534501017428003,-0.009501990568019827,-0.009464115206648369
2018-09-19,-0.0019508448943235774,0.007379108664401193,0.0037121055588101777
2018-09-20,0.007884605810754912,0.00407296936930111,0.004087313383342379
2018-09-21,0.006057725035632144,-0.003354693543641179,0.010601774849350067
2018-09-24,0.007526152311411349,-0.006651892905582168,-0.0014017439979290406
2018-09-25,0.013553369209156958,-0.0030459525663143984,0.0023546122677328635
2018-09-26,-0.005841733403362516,-0.00970578965297844,-0.005921862586161528
2018-09-27,1.5333119088711968e-4,0.002608146347825274,-0.005149148401784632
2018-09-28,-0.004382377765261691,-5.297911795775134e-4,-1.1928950034894095e-6
2018-10-01,0.0025085354680811495,-0.008511029384750676,-0.0018178150687450842
2018-10-02,0.002834585935714859,-0.002780810290194965,0.0032792469909535228
2018-10-03,-0.008347721531127495,-0.014186164476058138,-0.005737364408781307
2018-10-04,-0.011072180338605917,0.014449349274553379,0.011129642161836838
2018-10-05,-1.39349773304262e-4,7.709501280127079e-4,-0.006653874209534307
2018-10-08,-0.005104946613767016,0.0016257295931747912,-0.003669541478229784
2018-10-09,0.002520121260483238,0.003515468207324426,0.012470939672780523
2018-10-10,-0.008314451392809011,0.002698585331674705,-1.6232260091885234e-5
2018-10-11,-0.02447611841138664,-0.014584282086172212,-0.012619608955452805
2018-10-12,0.001351757698736358,2.952282965387569e-4,-0.013109611268822128
2018-10-15,3.973780212884853e-4,-0.003514237472452866,-0.0017303217551402758
2018-10-16,0.011179276499733755,-0.0029661182991294333,-0.01806473363319567
2018-10-17,3.5921669630489774e-5,0.004247406178083672,0.013021003945164223
2018-10-18,-0.013676292018190607,0.004594429234474109,-0.0057376178250350485
2018-10-19,0.009640306881105435,-0.0011169573956005142,-0.001865674923142787
2018-10-22,-0.014833469726742649,-0.01038146898291383,-6.165661247071151e-4
2018-10-23,-0.020953868607547742,-0.007612272377688769,-7.59347492827616e-4
2018-10-24,0.006175265399323995,-0.0011313413574765554,0.01197622173408601
2018-10-25,0.004978281772534784,-0.010493668674890606,0.0010157959950704452
2018-10-26,-0.010344457173141733,0.009447693931445613,0.008260248412299902
2018-10-29,0.014635474309255853,-0.003343774076313014,-0.011354744666841233
2018-10-30,-0.004800089475666322,-0.0015320677434207822,-0.015190087562735254
2018-10-31,0.022523200284289134,-0.011950997121502622,-0.0010575009719619617
2018-11-01,-0.003060233844139081,0.011527377436025572,-0.009108902401756349
2018-11-02,0.004628181325167231,-0.0021038373883767777,-0.00301789082753281
2018-11-05,0.005175764419489226,0.003415112279532062,0.009489029796819913
2018-11-06,-0.0025088331151602236,-0.0070863091971929415,-0.00682456800684368
2018-11-07,0.00581413389448717,-0.01682768759895288,-0.028064935796568602
2018-11-08,-0.0022097163498211642,-0.00931522890294723,0.0012700264118646653
2018-11-09,-0.006381434676001061,-0.0068133006438683774,-0.021351746383430577
2018-11-12,0.001908534943689069,-0.010209366395934588,0.011158008464105038
2018-11-13,-0.010791329217440254,-0.015296128893708941,-0.007089765877053008
2018-11-14,-0.006394354699882862,0.006259973837376896,-6.208122913039238e-4
2018-11-15,-0.005345377038601357,-0.008267161588072489,0.0041504674215436885
2018-11-16,0.00916946843948498,6.085066620002974e-4,-0.003148761631421499
2018-11-19,-0.007732014115399414,-0.011883158598859,-0.017289363196046924
2018-11-20,-0.02434545995070535,-0.0010370425565770572,-0.005440952461192656
2018-11-21,0.014317605012636254,-2.9677221159813034e-4,-0.00218859604804348
2018-11-22,-0.0062648078191352005,0.023764947443894083,0.02153806807561178
2018-11-23,-0.013618436764134293,-0.012189419916069548,-0.008685886703280254
2018-11-26,0.018872126333263954,-0.0015134507067766888,0.011863061052710287
2018-11-27,0.0025416018449931663,-0.0011078793019583038,-0.0016114886767802025
2018-11-28,-0.0031292017247741975,0.0015337309252039483,-0.012771368272690417
2018-11-29,0.005649853368986047,0.0028674820355700636,-0.006396395662585689
2018-11-30,-9.198683577750721e-4,-5.925427581418458e-4,-0.007816008270109235
2018-12-03,0.015693291715809982,-0.0065615688129384625,0.02464848044242881
2018-12-04,-0.0045640500641659885,-0.01219903906604906,-0.017791756252726665
2018-12-05,-0.013081087208649108,0.0035600798008817974,-0.002443925408410697
2018-12-06,-0.033506044567003956,2.1406656874201763e-4,-0.003621176607354046
2018-12-07,0.020484398833528754,0.0021327189849638835,0.006835992722895177
2018-12-10,-0.021976122531763793,0.008030303354644499,-0.003888074494236001
2018-12-11,0.014210323509956707,0.0035468317021800436,-0.005880019065391132
2018-12-12,0.010922459466220863,0.013993169848174645,0.009343920977823193
2018-12-13,-0.005499630971468659,0.004119321443716865,3.095262352687542e-5
2018-12-14,-0.0076945556817156835,0.016430676578700558,0.007915954993508159
2018-12-17,-0.012289536289042308,-0.02303082954799089,-0.015433183522300255
2018-12-18,-0.002246710575371141,-0.019483995194222822,-0.010842257680844056
2018-12-19,0.010038479601147588,-0.026198261648853326,-0.022724204601290408
2018-12-20,-0.02357982998023244,0.0018246516178862388,0.0039657504280090385
2018-12-21,-9.304935941527772e-4,0.019631303573923266,-0.006432514016462068
2018-12-27,-0.02333314502246881,-0.0017803550196289694,0.004578063603040965
2018-12-28,0.01928543082158414,0.007501896281761188,0.00922174514827774
2019-01-02,0.003523067496615095,0.006059098277121788,0.0025763639189425236
2019-01-03,0.007937557959511102,0.017995274064129294,0.029574893182052225
2019-01-04,0.023636866584088773,-0.0027432530828619857,0.016742457075428378
2019-01-07,2.2529870171273384e-4,0.0012134927520427241,0.01315850456092647
2019-01-08,0.0059882817315192105,-6.403442564050805e-4,0.0055049936034277085
2019-01-09,0.00961009033652841,-0.016880031833689597,-0.0069803819254270205
2019-01-10,-0.0032799881050014313,-8.151307528004319e-4,-0.004433432887212541
2019-01-11,-2.4905229635255576e-4,-0.008367053504989036,-0.005412357019684677
2019-01-14,-0.0051628011511068005,-0.011541329821249014,0.007154644443481139
2019-01-15,0.002142831051704125,0.009146343130475224,-0.002252193398150594
2019-01-16,0.0021220050095056018,-0.002745819206828413,-0.0017638757349930576
2019-01-17,-0.0023400965308529417,0.016054261772220708,0.011527277283145544
2019-01-18,0.01634631092197297,-0.01241784728721771,0.0014196923245018405
2019-01-21,0.0016454609357703916,-0.01879751660621581,-0.014486440260179187
2019-01-22,-0.008199963301346796,-0.007404932959204255,-0.006747211604713747
2019-01-23,-0.00475446157935753,0.0042603295282854035,-0.004554706904794866
2019-01-24,-0.0031441050869187707,-0.015461827141428873,0.008090863396058292
2019-01-25,-0.00290927648787282,-0.00828104335735024,0.02158204652019545
2019-01-28,-0.009664421163042489,-0.004062463941022434,-0.01541664917962484
2019-01-29,0.00788999422039644,-0.015451312133414538,0.015432866540132045
2019-01-30,-2.3180518548400364e-4,0.0014849975736486783,-0.010590771048552593
2019-01-31,3.826365984527231e-4,0.02431683937038278,0.013901409560972435
2019-02-01,0.003042359539011932,0.007063924571834393,-0.0011208633949732986
2019-02-04,6.063727909114358e-4,-0.011698122470077212,-0.004557145801128389
2019-02-05,0.017482855996804506,-0.014396956464471783,-0.004728399386116733
2019-02-06,-0.004755933718645736,0.002579037913656154,-5.834330127119833e-4
2019-02-07,-0.0026086824115019846,-7.657824156806381e-4,0.010832014461356749
2019-02-08,-0.018201260531838313,0.021359172829701137,-3.5373453552669035e-4
2019-02-11,0.0058697946592457815,-0.004467773897496518,-1.1668517910597403e-4
2019-02-12,0.011325499561229227,-0.005283605668977311,8.704248871004398e-4
2019-02-13,0.013008704319091796,-0.0022976852678807756,-0.004044422632529623
2019-02-14,-0.008178353930133607,0.006295218480291858,0.00510399495167946
2019-02-15,0.013333518491983264,-0.004806405858345755,0.005464883757256206
2019-02-18,4.150177670656618e-4,0.004646632598555519,-0.0032847328049569547
2019-02-19,-0.001102610819916551,0.0017981420512090816,-0.004078015770014253
2019-02-20,-0.003015524690876113,-0.0039791103977571286,0.00971494933251656
2019-02-21,0.004932834252989,4.066847713189133e-4,0.0074538974590756
2019-02-22,0.005171836268921566,0.0032726689967161517,-0.006307652214541423
2019-02-25,0.004131136244746061,0.00943353038547531,-0.015420171528533234
2019-02-26,-0.0012716122906059194,-0.0016308259613100088,-0.009316274864756963
2019-02-27,-0.0032879529206004668,-0.008073010489160183,0.004241478495537112
2019-02-28,-0.006905253893434164,9.310427794946997e-5,-0.001112808838746206
2019-03-01,0.0010742942877099097,-0.00848703106504342,9.011419242496011e-4
2019-03-04,0.0035153038289951538,0.002488319613271948,0.006847407175481404
2019-03-05,7.872029336476519e-4,-0.005093047661195448,-0.010474652787681959
2019-03-06,0.0036723717616157126,5.310324685567423e-4,-0.005460502527410834
2019-03-07,-0.006505421907441088,0.007919983436802338,-0.01186669235713478
2019-03-08,-0.004284239902189977,-0.0012799317958034698,-0.011067047111075725
2019-03-11,-1.9065180274883422e-4,-0.006319581774930912,-0.00398006883935446
2019-03-12,0.003342832852109658,0.006488357291280723,0.006595240557182418
2019-03-13,0.009173109714169604,-6.849610557272089e-4,0.006910987853449451
2019-03-14,0.009177177844128092,-0.002076020458278572,9.072968529290522e-5
2019-03-15,-0.0018352140468553626,0.019517008524715204,0.011671933334901047
2019-03-18,0.006599189142959783,0.001898226178360707,0.00740672225053128
2019-03-19,0.0036100908380485935,0.00563208995145348,-0.001193757494262022
2019-03-20,-0.004997493517886854,0.010436369340352858,0.01094186218428025
2019-03-21,0.0031382721925209754,-0.006284965927430806,-0.002096346948213262
2019-03-22,-0.016056336748351694,0.00989070810209233,0.0021486957156541305
2019-03-25,-0.008654718721025523,-0.010322420436156563,-0.0011912762511784528
2019-03-26,0.0012293670128059298,0.0026225489888376794,-0.003587143161465989
2019-03-27,-2.2603431150739728e-4,-7.508893874038969e-4,0.004147904824314307
2019-03-28,4.684416774244379e-4,0.002970532172939867,-0.013049987577063623
2019-03-29,-0.005609985236443284,0.01981067381411716,0.014410985826605854
2019-04-01,0.01044245885147375,-0.007403821932784183,9.8769666114276e-5
2019-04-02,0.0073668734053684605,-0.011789093135934693,0.004074328960868621
2019-04-03,0.006754378172601424,0.014079147349225166,-0.008360827174637655
2019-04-04,-0.00534006851713588,0.013197906029390208,-0.01225169051208432
2019-04-05,0.0052518481002560265,0.007504792824837838,0.018933338758463654
2019-04-08,0.005679511428084286,0.010328857150454398,0.009670715830217665
2019-04-09,-0.010221387361942223,-0.0015674100783288339,-0.001497141009524569
2019-04-10,0.004374113513079183,0.006425923203895156,-0.006734530546862955
2019-04-11,-3.5265744213265995e-4,0.008032060755230476,2.503794169609183e-4
2019-04-12,0.0023575370679403008,-0.0075788049100002685,-0.004362839820610815
2019-04-15,0.0068201305841885385,-0.012010559102624302,-0.006434120665344486
2019-04-16,-4.87724944892718e-4,0.006616994759794864,-0.0023361850063204764
2019-04-17,7.088496324259407e-4,0.009332433306943385,0.006996324380728152
2019-04-23,0.0035113690361192607,-0.002319761306825738,0.012493714431425305
2019-04-24,-8.127104704173735e-4,-0.007127552461561846,-0.00344777932117521
2019-04-25,-0.00730725796264484,0.002856484830036061,0.009805156011387827
2019-04-26,5.832222593199997e-4,0.006589275806659615,-0.010004067351373243
2019-04-29,6.893992622899913e-4,-0.014255063617650799,0.012445975031726586
2019-04-30,-0.0028126640452368163,0.02087842509145116,-0.00509570023109654
2019-05-02,-0.002265711653436366,-0.00920682685843963,-0.00724791855523335
2019-05-03,0.0042205719835445394,0.0012891992272632876,-0.002595357779073196
2019-05-06,-0.007318664236833288,0.001665344130546819,-0.02061721493272916
2019-05-07,-0.002174704816708067,-1.5700675031786723e-4,5.025805665337319e-4
2019-05-08,0.0013898803015047012,-0.001829260273955476,0.00587558971979516
2019-05-09,-0.01457602622067283,-0.015506683724771608,-0.016984332839790825
2019-05-10,0.014188561223018507,0.013822906152677526,0.003392903196007338
2019-05-13,-0.011388595414086902,-0.019068992835358713,-0.007604278136472745
2019-05-14,0.002618061922005198,0.01853366217507507,0.001834871547965836
2019-05-15,0.003135685654751999,0.002133229684351059,-0.002640624686915499
2019-05-16,0.019696453725716163,-0.008231984837451219,2.879927659193461e-4
2019-05-20,0.002297378351719989,-0.009227612597904621,0.005412462245369893
2019-05-21,0.004717772708697173,-0.0044981031271013085,-0.010737862797932436
2019-05-22,-0.0015898640958951493,0.009176926380816854,-0.006526006719874195
2019-05-23,-0.020925046860238862,-0.007832845749164263,-0.01052583208716544
2019-05-24,0.0076904477468698286,-0.0014400504489486838,-0.008752398802708755
2019-05-27,8.811278673650444e-4,-0.008654050801944735,-0.010425093882218309
2019-05-28,-0.004408050941218839,-0.004434286678483085,0.016676340271810437
2019-05-29,-0.022114542895322907,0.0046201595237162114,-0.008917509068273384
2019-05-31,-0.0011101545299188012,-4.801621731975649e-4,-0.01326305977100763
2019-06-03,0.014224529202303682,-0.02907477608774007,-0.0027129486773446432
2019-06-04,-0.003668414955446959,0.009651463869418123,0.014774251362494217
2019-06-05,0.0014093320872394508,0.017505491079732302,-0.0033131877578517835
2019-06-06,0.002667165096181851,-0.019863633007572684,0.0018741508759318312
2019-06-07,0.0076815230773662644,0.006339870449555587,0.0033241502522147535
2019-06-11,0.00779041166485114,0.0034706201302521517,0.012106430636180924
2019-06-12,-0.016867638179432425,-0.0011465313910683575,-0.018742412646082306
2019-06-13,7.549097981484195e-4,0.005892806387111876,0.01329339065080188
2019-06-14,0.003203017236508261,0.0012549744738077717,-0.005739641408126163
2019-06-17,-0.006906340171714033,-7.956094034539344e-4,-0.00486173365033195
2019-06-18,0.012086604935267213,-0.011453925204331675,-0.011509713026971366
2019-06-19,-0.0018367094654197999,0.018713439524451616,-3.5038302025497403e-4
2019-06-20,0.00465178767503992,0.009350682868240059,1.7332847270486954e-4
2019-06-21,0.0020379363608207775,0.0020185630717252895,0.009285496277402964
2019-06-24,-0.0020332601700680307,-0.0026245784649740005,-0.003016866275886062
2019-06-25,-0.009066745172476331,-0.003155827182228498,-0.009035173465526354
2019-06-26,-6.706645227740798e-4,0.005069522844151542,0.003669419657345471
2019-06-27,0.0031772935487015246,0.0062888085871048785,0.011170177009672877
2019-06-28,3.535869311826865e-4,-0.0017313190654258417,0.0031365653632134485
2019-07-01,0.015266437365273031,0.010763977090398918,0.002423920306824978
2019-07-02,-0.00073963023597774995,-0.007089387179018501,-0.01175663094991061
2019-07-03,0.003803723933872878,-0.011306172465992591,-0.011947718568950029
2019-07-04,0.010420380374939538,0.003562911608548984,0.004889690119034033
2019-07-05,-0.0036852678618028954,0.008066493103366225,-9.123850956246453e-4
2019-07-08,0.006847938471766802,-0.004148783088833791,-0.0027596426173665005
2019-07-09,-0.008984389092711263,0.004546099090461052,-0.014610170395278583
2019-07-10,-0.001409073433050169,0.015146382598090365,0.00404312978777
2019-07-11,0.0013941583757171659,0.0040241402036987565,0.005783097413839193
2019-07-12,-0.002809664736871856,-0.00647288600579478,-0.009426697297315476
2019-07-15,-0.001235243081317943,0.006034319282847935,-0.00609676248740256
2019-07-16,-0.008335350839245127,-6.002163673621743e-4,0.003642957540674308
2019-07-17,-0.007197081929578656,0.006214084423425026,-0.01847952993818086
2019-07-18,-0.005269498918234455,-0.002256573236828095,-0.0037656483044567115
2019-07-19,0.0020051835032285853,0.0031810446210831208,0.00690106096046821
2019-07-22,0.0020716376181379773,0.00530508768678366,0.0159651966848088
2019-07-23,0.012540260710561017,3.4002147688089006e-4,0.011969052684234918
2019-07-24,-0.0036214072212581235,0.00686289080376426,-0.007032939152650382
2019-07-25,-0.01065356180553861,0.02043016587889941,0.0028057021363164644
2019-07-26,0.0035701020682262,-8.863774182421626e-4,0.0027912320807822934
2019-07-29,-0.0037520272645150017,0.001684168266684149,-0.011362144553444219
2019-07-30,-0.015297765396898281,0.013133450187808614,-0.006584558575665247
2019-07-31,0.007957042831331782,-0.010338788925081067,0.030300967432416337
2019-08-01,0.0032536666688967437,-0.007246719455465257,-0.002138733115975805
2019-08-02,-0.01140117157273558,-5.356139940664185e-4,-0.02106884908731185
2019-08-05,-0.020472160531401787,-0.006767774496741232,-0.017475098076212107
2019-08-06,0.003349129581229592,0.0013905615447142887,0.0012289095638063027
2019-08-07,-0.008712145851356896,-0.005042236734357149,-0.0064098692385235086
2019-08-08,0.01530607724790495,-0.0019112969214993523,-0.0032261369110192003
2019-08-09,-0.006063481862506766,-4.705882822418667e-4,-2.5414229984814995e-4
2019-08-12,-0.004442186551097888,-0.010587844801967821,-0.006737556896024691
2019-08-13,0.01025430536740458,-0.012297303379638351,0.009195475618569812
2019-08-14,-0.023779170612270736,-0.007855794054147488,-0.0077317764469668
2019-08-15,-0.004748510846692578,-0.013333339607686897,-0.016943873087294573
2019-08-16,0.009337600116146299,-8.172579897154295e-5,0.0021019384599432287
2019-08-19,0.014168017808459254,0.018564632547817865,7.384338338935932e-4
2019-08-20,-0.0014527151800005115,0.00976763348793155,0.0014780395449667328
2019-08-21,0.004934990825185922,0.008127399303342903,0.01223069473651269
2019-08-22,0.0019403955918030585,0.002467429475810726,0.0015529522366304262
2019-08-23,-0.006353434672150694,-0.0040714406952002775,0.0071444146656267585
2019-08-26,-0.008149082807313898,-0.004768314733489527,-0.008984032511574987
2019-08-27,0.009499125133440135,-0.010561557916579761,5.452916898102712e-4
2019-08-28,-0.002030382258385969,0.011277633387380982,-0.0019266473711535659
2019-08-29,0.014751981616099513,-0.0010134657419990055,-0.0018291297494428503
2019-08-30,0.008670705427427833,0.008404356621312368,0.013202257695369155
2019-09-02,-0.001597576382426466,0.0029234550663108376,0.006273577108952318
2019-09-03,-0.009292556432287217,-0.0014576718228304433,0.0024348901867708144
2019-09-04,0.009082501008193406,0.007617226111768783,1.5642169389244558e-4
2019-09-05,0.024904452818892395,-0.022292791766760224,0.017306162379131296
2019-09-06,-0.009820683805014234,0.009941521804077084,0.0021033484328001006
2019-09-09,-8.375779586498273e-4,0.005996002857490041,0.01100332152817058
2019-09-10,0.007837735750961057,0.00928415626372658,0.006452170613011151
2019-09-11,0.015539397360729056,-0.01384875751755876,-0.010687426756125318
2019-09-12,-0.002959686094077553,0.01434311846824855,-0.01664103276736032
2019-09-13,0.00697659419693271,-3.4254004511704347e-4,0.006414180821121536
2019-09-16,0.012085732062710942,-0.007459817362943007,-0.001606443242319562
2019-09-17,-0.008682855914334094,-0.004519981488406423,-0.020465872706756826
2019-09-18,0.008282136216106234,0.003462433048957851,0.011142714912628408
2019-09-19,-6.028363601884274e-4,0.007343091251813925,0.001989032287404305
2019-09-20,0.007634221592254951,-0.013493828101418914,-0.008466390602722699
2019-09-23,-0.006817023489304052,-0.004622805015038001,-9.283406941991302e-4
2019-09-24,-0.008549015472579611,0.01122617317503058,-0.009094178983784966
2019-09-25,-0.011255729122199073,0.0013029909638467146,2.96580497301812e-4
2019-09-26,0.0012065276911535693,-0.0019942289798649737,0.003860965266637458
2019-09-27,0.004288973384778862,0.002626878882022165,0.0073713415212493475
2019-09-30,0.0013990830519266468,0.006734949508994001,0.001137943234599868
2019-10-01,0.0010073847287652882,-0.007126020513721894,-0.0062603622964139145
2019-10-02,-0.023046893953516275,-0.011429655587829206,-0.012881097589732257
2019-10-03,-0.01301330514535735,-0.006531600561452688,-0.0055428080067851816
2019-10-04,0.014090472699869091,-0.00248824028627671,-0.008764996052180155
2019-10-07,0.016840968680165838,-0.009339860900203596,0.011868161376988701
2019-10-08,-0.012752642716000195,0.010135580729278847,0.013152168027328222
2019-10-09,-0.0026146521893102514,0.011543973266609489,-0.001859278630153885
2019-10-10,0.009704117156695453,0.012879251602403167,0.013724259072084983
2019-10-11,0.0087114701519319,0.003475789509351284,0.0068755256758022696
2019-10-14,-0.012634972891214435,0.004841261669157505,-0.0022053694221274567
2019-10-15,0.006129597788736438,-0.01153182015366702,-0.004916048381115147
2019-10-16,0.009834423174896342,-0.006312939058140287,0.0014809141747299218
2019-10-17,0.00789820909265088,-0.0020562661285340395,-0.004226021318839665
2019-10-18,-1.833731225459215e-4,-0.0070903004374052135,0.006326750108379756
2019-10-21,0.006786477578418012,-0.002357564828020467,-0.007752450391407931
2019-10-22,6.386638459675494e-4,0.0031979268514476596,1.3614411898235851e-4
2019-10-23,-0.00612942190586045,0.008819515400804214,0.008358135210576571
2019-10-24,0.015422708558801996,-0.002015737852339541,-0.0010374589606875779
2019-10-25,-0.0037548275285189023,0.0015400585554866699,-0.013011776499779314
2019-10-28,0.008364330282378953,-0.006224683033613548,0.007328565671568574
2019-10-29,-0.006068919587409945,-0.0013937938047908693,-0.005251068718769122
2019-10-30,-0.0018011912308281551,-0.004652763247503384,2.268218749698072e-4
2019-10-31,-0.01038951548913859,2.513208916697183e-4,0.010942656301050667
2019-11-01,0.007270193034667441,0.00566833915482105,-0.00973271041429501
2019-11-04,0.005354482136803767,-0.01052216579681307,0.0167621596364539
2019-11-05,0.001584403535628589,-0.004839190044469304,-0.009073344594115
2019-11-06,0.0035307750259419247,-0.008963422097352146,0.010057502611725735
2019-11-07,0.00952845704921972,8.680671804003719e-5,0.00792432689894327
2019-11-08,-0.0019706155161252426,-0.009345260398935054,-0.0066107386790420705
2019-11-11,8.923588129436986e-4,0.006538517587898539,-0.008298631077235946
2019-11-12,-0.0014661745285878569,2.4209300724549118e-4,0.0022802226087569972
2019-11-13,-0.007445889769376828,0.011150982125243366,7.360874168932192e-4
2019-11-14,-0.0017763521906500428,0.003053129237266736,-0.00789710883980026
2019-11-15,-0.0065778143197193165,0.01983490003868381,-0.006896837959730447
2019-11-18,-9.143005744831609e-4,-5.288690855263984e-4,-0.011936200034725928
2019-11-19,9.785663639011778e-4,0.008450848238119585,-0.008592425487205109
2019-11-20,-0.0036301943178206524,-0.0026944286817052287,2.668113377859273e-4
2019-11-21,5.095645711480272e-4,0.01250271927737698,0.001146366724112862
2019-11-22,0.010516270844682839,0.007552564755487247,0.006142698063339629
2019-11-25,0.005626629754055155,-0.0055747198464121996,-4.4439430514703945e-4
2019-11-26,-0.0042090743233527085,-0.0029142209266566333,-0.010262378860990124
2019-11-27,0.0016088783063036034,0.015626437542448232,-0.003069666293919313
2019-11-28,-0.004187472847625308,1.1421808113173525e-4,-0.004979108182569658
2019-11-29,-0.008387449348602338,0.002658107054257309,-0.017763541693461317
2019-12-02,-0.012488265628929499,0.020430931865025627,-0.0020275634703556113
2019-12-03,-0.007304914600403095,-0.025081009009634447,-0.01265433879884979
2019-12-04,0.016444524593293566,0.0050871589379999985,-0.028107094589440714
2019-12-05,-0.0026895095177264447,-0.006696026044810741,-0.0070109188276002744
2019-12-06,0.008940725871563008,0.007833088121255861,0.00478267353598078
2019-12-09,0.0019837637122936498,-0.006285438925582129,-0.013326657406761727
2019-12-10,-0.0053354662986579175,0.012562825044838613,4.377333738855415e-4
2019-12-11,-0.004340210011305034,0.007334496811313623,-0.003066229797059945
2019-12-12,0.005438915554826305,-0.007606343705435504,0.005232086683396493
2019-12-13,0.006744494737355738,0.007789881361665178,-0.004542694083618138
2019-12-16,0.004719228149511219,0.0073056188128711504,-0.0015117351363054185
2019-12-17,-0.003207835241080813,0.009109657598089524,0.013750355862379736
2019-12-18,0.001958441948298373,-0.007501480999738443,1.1741987913148127e-4
2019-12-19,0.006805497650793523,0.01291084929271041,-0.009656041117046073
2019-12-20,0.005239200738339912,0.007738537731984586,-0.010507429089404326
2019-12-23,0.007801216342295366,0.014626264959144781,0.005630719916697526
2019-12-27,-0.0026695520548591077,0.00974206343566829,-0.010128097221744573
2019-12-30,-0.0032208606681153142,0.005454887724330882,0.007463362536604643
2020-01-02,0.010140941575454636,0.0036041099944579286,-0.0023703297733577017
2020-01-03,9.665199136365342e-4,-0.014023795162304526,0.012454446095561312
2020-01-06,-0.0023942655992720925,-0.009060169639986185,0.008047986633533679
2020-01-07,-0.00430053317036986,0.005263056146402328,0.003074008427921788
2020-01-08,0.0022921047842733764,1.365961668655302e-4,0.0016184669089449853
2020-01-09,4.788748458842686e-4,0.011985350253090155,-0.003541978991221404
2020-01-10,0.0014829744309806554,0.010524681483382115,0.007711254527350328
2020-01-13,0.0017185595550069355,0.0024428598481953797,-0.004587959773997185
2020-01-14,-0.0018196296002966031,-0.003362603546665511,-0.00522504668247978
2020-01-15,-0.0018158217587564052,-0.009127714672505999,-0.0202348033239918
2020-01-16,9.933660363925634e-5,0.027837007086007767,0.006882883663766949
2020-01-17,0.010555527532688484,-0.003940472833830166,-0.012147902873145655
2020-01-20,-5.301799586428083e-4,-0.0017894934336727235,0.004462206718748383
2020-01-21,-0.0050549531210548,0.0021345672529144476,-0.01502952214342994
2020-01-22,0.0028863419120040298,0.01993946205326106,0.011569367755693963
2020-01-23,-0.013837574208718971,-0.009558963622467411,-0.009190274969809634
2020-01-24,0.010836293049971893,0.004755861344111566,-0.011639876674717154
2020-01-27,-0.01951283680435045,-0.002692500778918295,-7.834849227741046e-4
2020-01-28,0.005266717342251245,0.007139858328838516,1.8294658407925438e-4
2020-01-29,-5.264277033079198e-4,0.014085699325386922,6.942107443548302e-4
2020-01-30,-0.010129596197681797,0.005213483703691073,-0.0106348449666185
2020-01-31,-0.0022458342065598443,-0.00916806540632286,-0.020760546776098517
2020-02-03,-1.4698758493135683e-4,-0.0020997120089138073,-0.007467706021211221
2020-02-04,0.003408431404473639,0.0027314043217939324,-0.017005688979008535
2020-02-05,0.01480579044101569,0.004594804717088105,-9.729823376230969e-4
2020-02-06,0.007644173949064246,-0.016795855916139253,0.004410376269467439
2020-02-07,-0.01646002869908856,-0.010976452810618473,-0.027764976192513488
2020-02-10,-0.009991247414381442,-0.006502475467308746,-0.0022160664546716138
2020-02-11,0.015072480966196919,0.008893195463875852,0.010570184860274962
2020-02-12,0.005850102499977711,1.0612963602588035e-4,-0.002432764595654951
2020-02-13,-0.00429149186164395,0.0015674552022037643,4.0184309054423165e-4
2020-02-14,0.003935358439809039,-0.0057507830773172236,-0.02778351791608919
2020-02-17,-4.320912266738267e-4,0.017987131420761096,-0.008968371661649623
2020-02-18,-1.1936856598633487e-4,-0.002324058114759004,-2.008891187817789e-4
2020-02-19,0.009879255453992866,-8.320242415143907e-4,0.0014600009284067503
2020-02-20,0.007358152711501951,-0.010596817727605993,-0.005746620126038649
2020-02-21,-0.005173533615962036,-0.01137319236944917,-0.007355444915960731
2020-02-24,-0.04028321892454104,-0.019758746814027,0.0034292092365232132
2020-02-25,-0.0044707704965367325,4.916873418968574e-4,-0.0027712165708159153
2020-02-26,-0.010185951016875016,-0.020373212262224695,0.044053479842661586
2020-02-27,-0.05042813330853756,-0.013632731840172503,0.0013425577280836293
2020-02-28,-0.014723102999434235,0.03784746170957702,0.01938581203773968
2020-03-02,0.004430532107765733,-0.00436144568202402,-0.020585472068964612
2020-03-03,0.030042547952901913,-0.009777895483156655,-0.02326657790442123
2020-03-04,-0.0025750320098410053,-0.01850780004755686,-0.006806489357034496
2020-03-05,-0.02294614108034523,0.0023955925176025565,8.181937261840973e-4
2020-03-06,-0.04439713382965161,-0.018218986026107158,-0.001332733264306031
2020-03-09,-0.08579302803945617,-0.03164447940159615,-0.08799788394392223
2020-03-10,0.0031317563185362884,0.020799472243266927,0.0071223493248726445
2020-03-11,-0.03779314090283189,0.006222766102458414,0.00785959602616676
2020-03-12,-0.08859464220005564,-0.03604814076993988,0.013054179665030433
2020-03-13,0.04061046897631981,0.012511586548281335,0.017747317981266143
2020-03-16,-0.046080671802062226,-0.033685994724450975,-0.028075452955090743
2020-03-17,0.009102985031922068,-0.004038956350080173,-0.048060335969389155
2020-03-18,-0.01488903087372903,-0.05151446494520855,-0.05896371046086053
2020-03-19,0.052353674466705837,-0.01716012791060627,-0.03217834953786312
2020-03-20,0.007635354090669928,0.047192133838657425,0.024621655389359596
2020-03-23,-0.05218500908477405,0.015056952625341971,-0.037726396553927746
2020-03-24,0.05955094678988115,-0.01875762886537946,0.026144014891833496
2020-03-25,0.01838874119544978,-0.010892023127504175,-0.007504416280937122
2020-03-26,0.012294487937419257,-0.00709462224143612,-0.01150136527580282
2020-03-27,-0.0419010451961413,0.028461962562656644,0.004241054988596664
2020-03-30,0.026446115276249786,-0.005955288811738582,-0.0014516098393473325
2020-03-31,0.03390890067449604,0.015887024198982917,0.018056513882042755
2020-04-01,0.02073626012692425,-0.001507591053624243,-0.007906191377808163
2020-04-02,-0.007431523106208975,0.00671011134946411,0.010571722642307832
2020-04-03,-8.078855222436909e-4,0.014110568350461273,0.017296576750415488
2020-04-06,0.02252231635346627,0.012295090964933031,-0.00382711961023164
2020-04-07,0.023156231199230885,0.0011744547295011835,-4.996846664560295e-4
2020-04-08,-0.01716538244225193,-0.005247707771633855,0.002496363466304559
2020-04-14,0.02690438228356607,-0.0021575191506324545,-0.01008798210794154
2020-04-15,-0.024282846164531583,-0.015911276470811354,-0.02505755673169234
2020-04-16,-0.015453295805522497,0.022601345981084,-0.01693585516346339
2020-04-17,0.03109553399601114,0.0013821365930603326,-0.012884316316500624
2020-04-20,-0.010927584355567264,-0.006804643215931762,0.004379007347198366
2020-04-21,-0.02144361322152749,-0.007850532201049643,-0.011612503239933857
2020-04-22,0.01765121508117324,-0.006449486628413811,-0.009047272039532478
2020-04-23,0.016860351782755082,0.02193945754045493,-0.01949876042727871
2020-04-24,-0.01627428955257909,0.02115609684625519,-0.0048501101753484705
2020-04-27,0.007462955896454228,0.0016805475808627564,-0.01067629468737957
2020-04-28,0.02176046127566737,0.026458374531591625,-0.03031199946771184
2020-04-29,0.021697077790460012,-0.003454657801419329,0.039844432577677336
2020-04-30,0.006428512637567819,-0.010228036815034907,0.02098646844706626
2020-05-04,-0.03268708939814884,0.01375385869133507,-0.008714699762042023
2020-05-05,0.008726719124432519,0.02338979665253475,0.011267131939106662
2020-05-06,-0.01469316402357464,-0.005293790689481185,-0.003961271195312515
2020-05-07,0.011752870913679192,-0.02115387934295211,-0.0016033712100976972
2020-05-08,0.01621694016461461,0.0052034152686770835,0.0071569183213405704
2020-05-11,-0.006777626889602098,0.010727538585686489,-0.013311656670163954
2020-05-12,0.008515506356286255,-0.0018425404673136211,-0.0042144921751028465
2020-05-13,-0.017545151548946383,0.01567557377776506,-0.04340768816306448
2020-05-14,-0.028495833053940083,-9.822199115388473e-4,-0.0038095939077126204
2020-05-15,0.023775550108894945,-0.0044208550939297125,0.008061634066908335
2020-05-18,0.025036046479909573,0.0010874747589368107,0.030445918768671892
2020-05-19,0.011707658263383776,-0.016282842325461365,0.007220695709204444
2020-05-20,0.011011117324488165,0.027422763932744877,0.014574694046259261
2020-05-22,-0.02020866718098795,0.008737187492959455,-0.018414118263701883
2020-05-25,0.02323554552402888,0.003086593743792658,-0.009525845034168964
2020-05-26,0.017073901204986915,-0.011450084777496412,0.0011641163196272862
2020-05-27,0.003285068352168092,-0.012204890001791185,0.011341567190476635
2020-05-28,0.0015674546601692672,-6.963728719937287e-4,-6.956236683773155e-4
2020-05-29,-0.013782185386758546,-0.0074772402561655155,-0.03753343099324101
2020-06-02,0.02414733601535513,-0.016753525853046035,0.01350805357111045
2020-06-03,0.02078998596175016,-0.015016397333001742,0.024560316927337195
2020-06-04,0.001590646819995176,-0.013887127596947912,-0.01629588692010475
2020-06-05,0.023243391945085044,0.005441691872960206,0.014660586915908016
2020-06-08,0.013075774128146969,0.029816549803855397,0.044037792622455434
2020-06-09,-0.021974953806216117,0.014576272636333966,-0.02018727341808122
2020-06-10,-3.8176286677254936e-4,0.005579285823650807,-0.02177097189642173
2020-06-11,-0.03354886859174028,-0.01766151752086771,-0.006580061798582559
2020-06-12,0.007563842914134967,0.0017468805082687215,0.004683006220046587
2020-06-15,-0.024787829646092677,0.0066836905745216064,0.007919873520610857
2020-06-16,0.028793103494021817,0.011003256479217082,0.02154932214178498
2020-06-17,-0.00795916479121923,0.009573549833676377,-0.02122327315186737
2020-06-18,-0.00713725573943862,0.011156441871758573,0.0030393358353591263
2020-06-19,0.0018353451968631102,0.002918273521224622,-0.0010346324454588132
2020-06-22,-0.011975497059084139,-7.75517662927069e-4,-0.002815141515786903
2020-06-23,0.008497102399876916,-0.015385784692403546,-0.003194528435903058
2020-06-24,-0.012566398425298471,-2.325261570711775e-4,-0.006215939855241853
2020-06-25,-0.002586489584661814,-0.01442343000379925,-0.009739386452316891
2020-06-26,-0.007330726535793788,0.00810079422570531,-0.008711415453772159
2020-06-29,0.007727641005800309,-0.030062856983774013,0.008897412726061092
2020-06-30,-0.0077934092844151445,0.015950783267670833,0.012583215849205496
2020-07-01,0.009898597022009669,-0.0035035662490558554,-0.0065897827377188346
2020-07-02,0.004945834508903847,0.007689319973124151,-0.0018496579419725427
2020-07-03,-0.008173202989923889,0.0022477717508131126,-0.011436524395933324
2020-07-06,0.0089775743122046045,3.5122521381649764e-4,-0.0023522229876357754
2020-07-07,-0.003090241706430087,-0.017668253520952217,-0.023476327715762073
2020-07-08,0.0018471724723210159,-0.01305187817118238,-0.02223055017597192
2020-07-09,-0.013991220775376798,0.005287361165934601,-0.011124767110204303
2020-07-10,-2.223648242663187e-4,-0.0032334884632579325,-0.013531104970858784
2020-07-13,0.025296098965814313,-0.015224607648298789,2.074030464271088e-4
2020-07-14,0.00539309756046194,0.008593080228846492,0.04267837498277229
2020-07-15,0.020637554396282384,0.006091939386323419,-0.016986982337457657
2020-07-16,-0.006360993009475244,0.001950403381986612,-0.003386122469948426
2020-07-17,0.007782372448270444,-1.7584199057443187e-4,-0.007419992836092864
2020-07-20,0.0054255611733458955,0.0017886656046437951,-0.012101686836076504
2020-07-21,0.0016311498139380714,0.004557013887224974,0.005887558083309312
2020-07-22,-0.008960086552043577,0.014605620772442506,-0.009989631702717718
2020-07-23,-0.004815350174227973,0.013162982703653212,0.01144285514571784
2020-07-24,-0.0012771360947956946,-0.005208415115263059,0.016288261334091052
2020-07-27,-0.0055513484011581885,-0.002806655067334299,-0.018701147026228816
2020-07-28,5.167846765795778e-4,0.003504110604748449,0.00780727544512213
2020-07-29,0.00245239283981023,-0.006138953345396572,5.103495439107032e-4
2020-07-30,-0.02784820634462431,0.009615683545416646,0.004748656159096705
2020-07-31,0.007682104487491237,0.001683846537368184,-0.007093307798061783
2020-08-03,0.018162438842926818,-0.015544722422138287,-0.01500639106928665
2020-08-04,0.007685846331596675,-0.005361684586163762,0.012618010488011571
2020-08-05,0.008557455613551942,-0.008538777133649044,0.009934863187338019
2020-08-06,-0.0020552464013399124,0.007718860577541918,0.0011465670730331835
2020-08-07,-3.4423306351810256e-4,0.0015739140409833227,-0.0028076100775837227
2020-08-10,0.004768090452710607,-0.004438579650492523,0.03336984808571977
2020-08-11,0.018482034057847305,0.0025527585562231253,-0.0034849064642142966
2020-08-12,0.007793798099858754,-0.006480988183777926,-0.004630274223890261
2020-08-13,8.334779697721165e-4,0.001883774847126313,-0.0017496300524397664
2020-08-14,-0.008734800470848557,0.007405827997697709,-0.004494446709767861
2020-08-17,2.1443939128454447e-5,0.004854698051628598,-0.008774481747792934
2020-08-18,-0.008711469778339457,0.00493153231738825,0.006056353350707065
2020-08-19,-5.585146765573899e-4,0.003874352760811399,-0.01998595539662169
2020-08-20,-0.007119194045057887,0.01842937083099353,0.007228166727445788
2020-08-21,-0.003917370890352521,0.001795869092541782,-0.012772914872212994
2020-08-24,0.019511278578596195,0.00180746055403775,-0.017267345440076014
2020-08-25,-0.003107014690275003,0.008166299693804042,0.008857420170534841
2020-08-26,-0.006870125488668882,0.015125938018446673,0.0054435047262878355
2020-08-27,-0.004053408796927692,-0.01092849399236201,-0.02246167187222039
2020-08-28,-0.004307532712938992,0.012994259594281113,0.008050365665732917
2020-08-31,-0.0052782373372331605,0.0064699350415522465,-8.263233982116766e-4
2020-09-01,5.112975118692326e-4,5.113746470737339e-4,0.0023593404680351785
2020-09-02,-0.007457377804725565,0.025245833610610696,-0.017396447595879806
2020-09-03,-5.1334775868149065e-6,-0.012542673458551406,0.0015722307582972357
2020-09-04,-0.0034779192481741014,-0.002728725425590035,0.013274838049400012
2020-09-07,0.007537155217028319,4.903154950286429e-4,-0.02608151626709157
2020-09-08,-0.01711340831660557,-0.009987295643088116,-0.015511994002776868
2020-09-09,0.020363443092773468,3.163747385227754e-4,-0.0015804974599119524
2020-09-10,-0.002465582049871325,0.02241686634774313,0.0065477500570177444
2020-09-11,0.004893808431703933,0.016207259194880405,0.020878425085213134
2020-09-14,-0.004346994349760297,0.022614761328730994,0.002365238494666902
2020-09-15,0.00887175261609865,-9.018367837890801e-4,-0.010871688165772796
2020-09-16,0.002254016123851255,0.0022982065985909517,0.0014761672951367046
2020-09-17,7.697292572866933e-5,0.008646664973129565,0.007156108154072475
2020-09-18,-0.001324354459340258,0.00629024354984433,-0.01525790506649064
2020-09-21,-0.03382054203951414,0.0047981339585177335,0.010815676060210399
2020-09-22,0.010061565036330348,-0.0033870858107565623,-0.014398782559078529
2020-09-23,-0.0013260675022468294,0.0016602995291746304,-0.013377212437995658
2020-09-24,-0.008527029882379177,0.0067141986083471186,0.014780638598281989
2020-09-25,-0.0032915163143001952,-0.0034160229893802053,0.00853603763083172
2020-09-28,0.014712547478693877,-0.007019790580457069,-0.021858766005452897
2020-09-29,-0.0034951010849603834,-0.007396620466581125,-0.0012542906501613505
2020-09-30,0.008669233707661072,-0.0033598321212928092,-0.010695859954886925
2020-10-01,-0.007161214292628015,0.0048562963271211275,-0.004950730318369978
2020-10-02,5.068940424446025e-4,-0.0029671069751482262,-0.002189314629297856
2020-10-05,0.015738432593141415,0.012209253605136892,0.02435243480121153
2020-10-06,0.012359013778190332,-0.012651509948280067,-0.010167702767657253
2020-10-07,-0.004797318626829964,0.010092991417048051,0.010864947511618702
2020-10-08,0.009016074705166372,0.01344397653672559,0.003149056036186853
2020-10-09,-0.004060861918171859,0.010050939852283905,0.01683710539674621
2020-10-12,-0.0014935783427393304,0.0028519681754749547,-0.007859394721451973
2020-10-13,-0.002639959286992483,0.02693337904435179,0.009530606916466199
2020-10-14,0.001555899345308147,0.0012099205407156274,0.01110041548755716
2020-10-15,-0.01668155822163915,0.025325488051610077,0.004586159910597123
2020-10-16,0.008670996344347825,-0.0048517793076587965,-0.012460054170435293
2020-10-19,0.004655691875575922,-0.017627590297283124,4.7344840317956136e-4
2020-10-20,-0.004364222129563763,0.002394617076670178,0.005608772380608749
2020-10-21,-0.009749916394574771,0.0027236887189303442,0.04893772332429549
2020-10-22,-0.011218988945793745,0.011470741824231263,0.030287770431151335
2020-10-23,0.01587623346515821,-0.013760856632644751,0.012836423076894608
2020-10-26,-0.03292307758890553,0.004849208815534963,0.016160488852884874
2020-10-27,-0.0085629568893113,-0.004003313571260769,-0.024672980336769373
2020-10-28,-0.03207195117105588,0.003931220501990868,0.003386565546436633
2020-10-29,0.011228537960289891,0.0012133649698338519,-0.012764451355156728
2020-10-30,-2.915477548809695e-4,0.007886007838291761,-0.0048434107379388865
2020-11-02,0.01838923199040985,-0.003963197660555735,0.01037162307936711
2020-11-03,0.007562059290474078,0.005714550076983911,0.01583155456290811
2020-11-04,0.011747117020352783,0.008099771415342107,-0.023683513150815703
2020-11-05,0.0014070525602204351,0.00898048224318186,-0.011576751686433177
2020-11-06,0.002200697152369574,0.0040705043562389905,-0.01136769690225251
2020-11-09,0.05822834240023928,-0.0202760897384758,0.05310049643570648
2020-11-10,0.0031213432797684757,0.0089458696033487,0.028559758072237124
2020-11-11,0.013048524615279364,-0.0023559633317050393,0.010493903209241867
2020-11-12,-8.685604814261757e-4,-0.007039838677123766,-0.006847580669897747
2020-11-13,0.0026358102303110733,0.00851749761836619,0.00571580980722796
2020-11-16,0.025244863194882505,-0.0053823525563096684,0.012003564055275213
2020-11-17,-0.0018421147319835826,0.012848416886070687,0.020204106208371694
2020-11-18,0.0049701011028984565,0.011291852443719459,0.013149894476801614
2020-11-19,-0.014606424870096103,0.009644334282532072,0.005848187650096815
2020-11-20,0.0041366276695875975,0.0022071870078222908,0.0066778076775778315
2020-11-23,0.011773535177590205,0.008535419738092654,0.03896247123413547
2020-11-24,0.026816285894078536,-0.04456011428929046,0.01610205532220607
2020-11-25,-0.0057532235563831115,6.93375764818814e-4,0.004602886136315786
2020-11-26,-1.9477769851744003e-4,-0.0028768321396025584,-0.016166932657953825
2020-11-27,0.010987618319336739,-0.001393974961752342,7.834600793347503e-5
2020-11-30,-0.02030499443858781,0.004420880616992067,-0.00336398959207633
2020-12-01,0.008429661959482712,-0.003687953520215136,0.00651866588306655
2020-12-02,-0.006211343868068179,-3.4818188728537834e-5,1.2515856576921468e-4
2020-12-03,-6.47129827305548e-4,0.023716344125617458,0.0045573430192483045
2020-12-04,0.010043156168855972,-0.0032859766488229046,0.016726381848107232
2020-12-07,-0.00349576610631809,0.025361639006988748,0.02254042930590682
2020-12-08,-5.676882086883197e-4,-0.0055657441022736506,-0.0220906595231587
2020-12-09,0.013436641165007073,-0.0024606273658234427,-0.01640320736729445
2020-12-10,0.0028894584246535212,0.006865891251412249,-0.02249462511138714
2020-12-11,-0.008977811811570632,0.007490361041888018,0.008920497358123284
2020-12-14,-3.898481244253107e-4,0.004037281588600955,0.023212330622578298
2020-12-15,-6.71481262274926e-4,-7.567445528819225e-4,-9.863006535135886e-4
2020-12-16,0.005268002634623809,0.016910142134538307,0.009613052958009667
2020-12-17,0.0014738729773579873,-0.010732628299361845,0.007358124423557002
2020-12-18,0.006214916946017438,0.016727523395757123,0.0013834143292308487
2020-12-21,-0.023741366239750063,0.0024631777678633636,-0.014636304846918195
2020-12-22,0.010176196317878259,0.0029099142171754334,-0.009786945548703158
2020-12-23,0.01748970768189037,0.008888447436768206,0.005333520287545435
2020-12-28,0.013862678660417866,0.011978012043771996,3.5014881977113096e-4
2020-12-29,0.004940594963161272,-0.016323747375592657,-0.01847186672143543
2020-12-30,0.0024736665512631187,0.017053566526408517,0.0038514994919388763
2021-01-04,-0.008089243858879285,0.003347135589549327,-0.0032582084342379232
2021-01-05,-0.0014928050026485743,0.013532400808820748,0.0104433265232531
2021-01-06,0.014510749781809896,-0.013941705947800576,-5.351575046518321e-4
2021-01-07,0.015781026997306363,0.011666666358372935,0.0011311681354815722
2021-01-08,0.010059709500479,-0.008617165117708816,8.300441119148457e-4
2021-01-11,-0.011050744096001609,-0.006216137001341361,-0.003973729227489687
2021-01-12,0.007442036226559714,0.009718927472944311,0.01044759824357042
2021-01-13,-0.00871620471057851,0.0029818606337873874,-0.001038144566869013
2021-01-14,0.010543146084270417,-0.009488956012240566,-0.0011203423312760074
2021-01-15,-0.011091326533695595,0.0022029884068342246,-0.0014204470463541636
2021-01-18,0.006221534096303784,-0.006892408956151936,-0.008369347921766364
2021-01-19,0.010104627130874136,0.0023534374979473967,-0.012852971275397179
2021-01-20,-0.003332957163196866,0.002504798129028725,-0.0037600961818131835
2021-01-21,4.7084490816538414e-4,0.003868275134935228,0.004557378616121421
2021-01-22,-0.007514878745388751,-0.011767423771526217,-0.027140971210402928
2021-01-25,-0.010148961134701203,-0.024300292122929144,-0.01792949907190218
2021-01-26,-0.0053948021974416045,0.014863325334097295,0.00438852043433536
2021-01-27,-0.013603216044909498,-0.01178209782914383,-0.003404514691569164
2021-01-28,0.0032815355426202785,-0.01386843622734883,-0.006024945993963291
2021-01-29,8.772932305462827e-4,0.001097198367493597,0.011924831431180937
2021-02-01,0.0036324967637318857,0.006502116684213398,-0.010156579154167598
2021-02-02,0.01352122814152554,0.01263958921699945,0.011419726867312944
2021-02-03,0.007618509457258519,-0.002829444504705088,-0.005638142422436843
2021-02-04,0.005000887124234793,0.011603759899585023,0.004136201609114296
2021-02-05,-3.956062537618337e-4,0.011558482722339914,0.0014036443631980384
2021-02-08,0.0037250962579610026,0.040457695061333926,0.00723323950059839
2021-02-09,-0.009617112017168071,0.02157190052930643,-0.0012758252002206946
2021-02-10,-0.0015907362153171417,0.009157955945163027,0.006055349421409633
2021-02-11,0.0047131331050786355,-0.008131477998806251,-0.014078925250282832
2021-02-12,-0.005371557703666613,-0.0014638699063461136,-0.007145510120710229
2021-02-15,0.004093394443410991,0.02230964698065815,0.012341308215949955
2021-02-16,0.004722521132569122,0.006690772321239658,0.01245993429582544
2021-02-17,-0.0023707292864399193,0.008165091222433274,-4.2576749599678864e-4
2021-02-18,-0.015302580386766329,-0.01705343739307931,-0.007503975518635377
2021-02-19,0.012490046349924965,0.008591919793930779,-0.0024250764361293184
2021-02-22,0.008435350362255062,0.005219109065251131,0.006050319732994714
2021-02-23,0.0038475210795094823,-0.020843270296704023,0.004506993712481333
2021-02-24,0.007928239118328484,0.007307951831160992,0.004544694980377061
2021-02-25,0.012466840306766562,-0.0024879378475519513,0.013595360665600329
2021-02-26,-0.016972014046843745,0.0015473882055928971,0.0017470042907160085
2021-03-01,0.020124499044689974,-0.00832648683077737,-0.005814084440810717
2021-03-02,0.004002207739014227,0.010870246649088016,0.009979475736362561
2021-03-03,-0.004974400087359815,0.007887176735492659,0.0043697399421365
2021-03-04,-0.00399695752653087,-0.0017910962188108048,0.01305811166464351
2021-03-05,0.01057717920954711,-0.008945392467732849,0.0309280827363732
2021-03-08,0.00831214421741463,-0.03186002732644254,-6.350237384073684e-4
2021-03-09,0.009581640091962933,0.022920394962229185,-0.02530114268652775
2021-03-10,0.005306558930584075,0.03265486714111344,0.024642477496127437
2021-03-11,1.4195604924791713e-4,0.0063522822470988335,0.0043556291976344814
2021-03-12,-0.0018701773278832685,0.014079291349301418,0.026223062974540134
2021-03-15,0.0018583295046712622,0.016074271527697356,0.0053940132742752315
2021-03-16,-9.115393238824613e-4,1.7306367425810334e-4,-0.008902363925428295
2021-03-17,-0.00440957155336758,-0.004909005216454605,0.011294050061193184
2021-03-18,1.9360139822082869e-4,0.004319752457286907,-0.0010066858414532823
2021-03-19,-0.00572063593652068,0.015877889559081988,0.0023311718654163392
2021-03-22,0.003066103864296992,-0.002823050377056484,-0.016633970511417944
2021-03-23,-0.012328429618528298,-0.004648745226559151,-0.01862312678590249
2021-03-24,0.0018893734537578039,0.01085692199426246,0.024725913529817404
2021-03-25,-0.008615493430303099,-0.016153784967106368,1.9293019139845005e-4
2021-03-26,0.015771438288350918,0.0020064582692138552,0.009211955431187769
2021-03-29,0.008642718579700634,-0.0010054863945512822,7.787722076133784e-4
2021-03-30,0.0016616250008316977,-0.00698746952315841,-0.008433324154943498
2021-03-31,0.0044843096772087835,-0.004908565466387857,-0.010939720792783915
2021-04-06,0.011549590610654957,-1.583391799763606e-4,-0.006645295121122479
2021-04-07,-0.006193928926113373,0.007997461240578048,0.004779917792640042
2021-04-08,-0.0013486490266574006,0.004781409398757457,-0.00936573322695589
2021-04-09,5.866008285179352e-4,-0.0014015504999918779,-0.005797535766954123
2021-04-12,-0.0067010488101422955,-6.624012408553486e-4,0.020284035086598554
2021-04-13,0.006582988514504126,0.001154201929947171,-0.012614212784658466
2021-04-14,-0.001738009829416846,0.007364442417327254,0.017359336211133163
2021-04-15,0.005539444336147266,0.007676204507905286,0.008941050721489882
2021-04-16,0.011583786190398718,-0.005369864256805221,-5.213156393032038e-4
2021-04-19,-0.007397623282167395,0.014007602496493896,0.010224341240121792
2021-04-20,-0.013602283418447757,-3.0811445714532676e-4,-0.00594022508511668
2021-04-21,-0.005822551723164849,0.0018054005191582706,0.006315283279419211
2021-04-22,0.012438908932289461,0.0016711510913038474,-0.034696625163320345
2021-04-23,0.0024651401443394477,-0.007778377298054776,-0.005325479318453515
2021-04-26,0.010745723713950033,0.006503768826786636,0.003431283858679501
2021-04-27,-0.0018835951861657287,0.009301151009108563,6.034677796153058e-4
2021-04-28,0.008036139611195777,-0.006267500507379358,-0.0066491584461610236
2021-04-29,-0.0025175347019694965,0.003093955322041831,0.016773442195968463
2021-04-30,-0.01429655695055646,0.013404567991897308,0.0036808850623498432
2021-05-03,0.007647343225825947,0.003325634263460539,-0.008991298531996247
2021-05-04,-0.008026626478150481,0.006884483913781785,0.023994075770400563
2021-05-05,0.005147849343569235,0.024173452886079718,0.012663176644240067
2021-05-06,-0.010102509525984488,-0.02381689820513647,0.009948091597302911
2021-05-07,0.018699704220708272,0.0017482055983526965,-0.001144983542644442
2021-05-10,-0.0038922784139332166,0.012219749590636906,0.021253458391554264
2021-05-11,-0.01609351764007096,-0.007661431844033492,0.013674731109177572
2021-05-12,-0.0062178313099983794,-0.007289014458900785,0.005461157027614682
2021-05-14,0.005232553571017172,0.00497725196490062,-0.005797237244012991
2021-05-18,0.007604192621290889,0.010647666382863075,0.010398097996868414
2021-05-19,-0.015873893977403082,0.001954506589752396,-0.009301431972687856
2021-05-20,0.015758195113121633,0.004743112341401401,-6.051969389517763e-4
2021-05-21,0.017906313622447236,-0.002563011198509128,-3.7159377941136523e-4
2021-05-25,-0.007017333379245294,0.003421515477403603,0.0031927510432827547
2021-05-26,-4.38468688902506e-4,-0.0012500705896468208,-0.012949118307268845
2021-05-27,0.007112312947196362,-0.007277539365657328,-6.592182442782934e-4
2021-05-28,0.012284808454512382,0.006938164315636758,0.004664447858130137
2021-05-31,-0.005791807727347115,0.01074537661841301,-0.0033883487055679125
2021-06-01,0.012508369023818782,0.0016882939660345202,0.025719328778043688
2021-06-02,0.0012199849382849796,7.084933908688283e-4,0.002780326433312369
2021-06-03,0.0017127921018019647,-0.008652627173981877,0.004422827636316087
2021-06-04,0.008000251019528663,-0.007421096751076306,-0.003114474431372011
2021-06-07,-0.002831654281438321,0.0030704948946740237,9.190471787131841e-4
2021-06-08,-8.499319388609767e-4,-0.00384283616810448,-0.01692714010097076
2021-06-09,-5.785158138624064e-4,0.001979889497628908,0.0028048516245984816
2021-06-10,-0.003707828014879535,0.009079123937427862,0.01639075900401471
2021-06-11,0.0024369880738032085,0.010861379894415404,-0.0014848162827556192
2021-06-14,0.011015691556038779,-0.0024819330248402466,0.0063534598237526534
2021-06-15,-0.008456432112537625,-0.0014613996357933663,-0.0031544666909586756
2021-06-16,5.919765097736843e-4,-0.00687384555989983,9.084540307095212e-4
2021-06-17,-0.008709199013576809,0.003612796038410474,0.0050890967860833854
2021-06-18,-0.011404623269818998,6.270269224375727e-4,-0.016000506826204856
2021-06-21,0.008573339852808549,-0.009271654405162474,0.009488641466238325
2021-06-22,0.007227979343662447,-0.009763969296278988,-0.00643604759187386
2021-06-23,0.004929542417213886,0.013156313985304521,0.010037600001915831
2021-06-24,-2.117111804925422e-4,-0.00248537547743336,-0.0015142704752185154
2021-06-25,0.006486616892128032,0.001091423089272841,0.00559357179817499
2021-06-28,-0.007738968628801915,0.005071064520989247,-0.02279803984536289
2021-06-29,0.002540948197497064,0.006479878305431671,-0.01713930939320232
2021-06-30,-0.00959192136686519,0.006125275379851055,0.008148168365793823
2021-07-01,0.00857533259880597,-0.014885681039636497,-0.007752216492879909
2021-07-02,-0.02015956632253222,-0.010156707727574774,-0.0076891642515348885
2021-07-05,0.005106598850852744,-0.00145759773742656,-0.004899344800670915
2021-07-06,-4.014611323492355e-4,-0.004718259135390255,-0.012354288945352633
2021-07-07,-0.002428050140215872,-0.0022572956599723913,-0.013754932168006552
2021-07-08,-0.015704240355173687,-0.00873025547061547,3.3728976100108263e-4
2021-07-09,0.010740551421528192,0.003243088990773191,0.01800916619926504
2021-07-12,0.009869675520223617,-0.005750272340946071,-0.004108842465220866
2021-07-13,2.9592687902293858e-5,-0.009781294794845685,-0.014667692760554357
2021-07-14,0.0019726851561616163,-2.1163791677613914e-4,0.004858062805262469
2021-07-15,-0.008867828544812198,0.0103429955050609,0.017294136114961077
2021-07-16,-0.012707821875901014,0.0012169431372768113,-0.009965120489185655
2021-07-19,-0.02461640502912069,-0.008566508213463202,-0.01625673562404805
2021-07-20,0.01624676454133571,-0.0068167645086348976,3.4326802511391863e-4
2021-07-21,0.01216453992554389,0.006796789062476723,0.015751353925937028
2021-07-22,3.657805271661346e-4,-0.00368071119986844,-0.011247639011288307
2021-07-23,-0.003554930089065226,0.002974366352411679,8.033979773868286e-4
2021-07-26,0.004101197288808188,0.008249001349313894,0.0207384620374564
2021-07-27,-0.0020331589755889228,-0.0012531934703038559,-0.006388548721951484
2021-07-28,-0.001559188359180177,0.0014625007850677808,-0.014471889990949853
2021-07-29,0.004849890682627598,0.01080658739299601,0.013393582878470452
2021-07-30,-0.004098070482184829,0.006991181686165573,-0.005283812265170935
2021-08-02,0.00786283993613825,0.004966764579239585,0.0012722225536439665
2021-08-03,-0.001693914311625704,-0.009128500975006976,-0.011835923305315464
2021-08-04,0.003548182710135738,0.0047143148669829505,0.0059963303475898885
2021-08-05,-0.0018820693329333815,0.01441399904788256,0.00734051572723134
2021-08-06,-1.1103824047944234e-4,0.00399222448005977,0.01429280633906144
2021-08-09,0.0016119269004019978,4.743002895662488e-4,-0.011898303887644934
2021-08-10,0.007168794606426627,-0.0030622626616192087,0.00257281706027212
2021-08-11,-8.066673126603112e-6,0.01409020943428347,0.022417166918601236
2021-08-12,0.004284897141208107,-0.0027619012231153337,0.0053150095229444905
2021-08-13,0.00047304937137655014,0.0022988843964042082,0.00268412550083406
2021-08-16,-0.008282343531786253,-8.529595091885354e-4,0.00724035748747914
2021-08-17,6.630855054038269e-4,-6.146780363222343e-4,0.0018285358717617813
2021-08-18,0.0033772629831660657,0.0020010995105671815,0.013580673582277903
2021-08-19,-0.016705304398441194,-8.281840675605952e-5,0.01041080110946753
2021-08-20,-0.0011146651559395984,0.003985125393854611,-0.0192018817690315
2021-08-23,0.011375567214985883,0.004149501001193391,0.013863317002557074
2021-08-24,0.0021611874146635433,-0.0033422701549796537,-0.00747310160609131
2021-08-25,0.004354640368535546,-9.921356841539118e-4,-0.0046805724009441035
2021-08-26,0.0012900085534674852,0.013948875314812027,0.0046152300394657645
2021-08-27,0.003819199083117766,-0.01117001470732591,-0.006476435863266525
2021-08-30,-0.005726879793612887,0.010538734277167179,-0.0018076639919657532
2021-08-31,-0.012120902342032972,0.0013262994015769032,-0.00992780944263356
2021-09-01,0.008825088898097324,-0.01246063682796917,4.457454467671207e-5
2021-09-02,0.014540360513571958,-0.0039016365731001177,0.011360513991336144
2021-09-03,-0.004188996345224374,0.003003943521676041,0.004148596758763876
2021-09-06,0.009389229917815503,-0.006633932894743117,-0.0036017024685679935
2021-09-07,-0.00883968242546251,0.00962069112290341,0.013369373238446986
2021-09-08,-0.004196016257193221,-0.003346742512160988,-0.004323692069220703
2021-09-09,-0.008498926094366008,0.005239475932867511,0.00551831836729634
2021-09-10,-0.003252234146847905,-0.0028443603959029838,0.001417100662383171
2021-09-13,-6.91461935557797e-4,0.00471241003769904,0.014591506425374785
2021-09-14,-0.0015959242805248983,0.004437269082036901,2.1016096172625466e-4
2021-09-15,3.8468112894394325e-4,0.008485660099251773,0.02323934801007456
2021-09-16,-0.0021869591772058256,0.0060189750081303586,0.0010198472927537168
2021-09-17,-0.006518274431549361,0.015407549804867655,-0.007085997773793082
2021-09-20,-0.01649888140661534,-0.03291113928554295,-0.012485032638124956
2021-09-21,0.004862053484435365,-0.009970518978690626,-0.006472510980892823
2021-09-22,0.018185313773762264,-0.005892373371317455,0.004553358146858477
2021-09-23,0.01563936666016899,-0.0053696285037004386,-0.0037288516803678194
2021-09-24,-0.0013493122296231758,0.008322097990924045,0.012070015280094376
2021-09-27,0.00525480317846326,0.002213591596627118,0.018080721953021704
2021-09-28,-0.007451903467497292,0.007574089260029913,0.02679966979734756
2021-09-29,0.0013085645833751686,-3.248656184993439e-4,0.0015112986130460149
2021-09-30,0.004484893581041011,-0.0022446785555799878,0.01446292323871224
2021-10-01,-0.004332223340533697,0.0010428273001820204,-0.004551698140062622
2021-10-04,0.0030271877653888545,-0.009572928361287172,0.0023083557716372617
2021-10-05,0.00287416899392092,0.003027216199553987,0.003181851539512121
2021-10-06,-0.015048773179811691,0.004940273773165719,-0.004263270557667512
2021-10-07,0.005097598617742257,-0.005347057396871461,-0.004759491253049981
2021-10-08,0.0036315469955460946,-0.002820546440667448,-4.2169736837527436e-4
2021-10-11,0.006467040841443791,-0.006754668801550884,0.0044376250345166965
2021-10-12,0.003213392132938163,-0.008899277218351244,-0.0029618759142443847
2021-10-13,0.009035164592447138,-0.01701356608005805,-0.024985143711843495
2021-10-14,0.013067499452100798,-0.013206229955904194,-0.003631573033212216
2021-10-15,-0.003043799728746179,0.0058351946466624355,0.008535665330497173
2021-10-18,0.0015268088013909512,0.003446100697331099,0.007299316815251645
2021-10-19,0.003790357681037439,0.01125007574776335,-0.008384420417376661
2021-10-20,0.00990826940030502,-0.02579475480928327,-0.011033642915938073
2021-10-21,0.0052182251818852525,-0.015830626282748592,-0.011507957876969446
2021-10-22,0.0032216323333629443,-0.0019679142332222265,-0.011587785168959822
2021-10-25,-0.004310730342705679,0.0066911004434233624,0.008785978418853296
2021-10-26,0.001956349721157463,-0.006112324950780742,-0.012776391156417388
2021-10-27,0.0021452035175970243,-0.020487311241953354,-0.006276791352068005
2021-10-28,-0.005642403719262814,-0.0011348476276807915,-0.023230740546387987
2021-10-29,-0.005190414573733603,0.008258608933755967,0.017166618573667157
2021-11-01,0.01723574512111734,-0.002036421471444602,-0.001176893150855356
2021-11-02,-0.003529093401811062,-0.006117382470630491,-0.0017615111315688811
2021-11-03,0.005366814089218166,-0.00403741890485352,0.008708831557721099
2021-11-04,0.006937837255492096,0.006129815389538128,-0.0037474879771546253
2021-11-05,0.008029642847523718,-0.004921419999280723,0.01245972771491239
2021-11-08,0.0019727110078881734,0.007775199069768085,0.0034379353291998063
2021-11-09,-0.009216033879867882,0.035988213045162996,0.004116191039469167
2021-11-10,0.005402252783069558,-0.0085443166430224,0.0028189611332335523
2021-11-11,0.0019096166893325368,0.005129855097185328,0.004262376929503884
2021-11-12,5.764754645022748e-4,-0.0016505906920718503,-0.005350690168192792
2021-11-15,-8.277672891995377e-4,0.002639603949165373,-0.00823514826121262
2021-11-16,0.002168343569640974,-0.01880939350313828,-0.0013571683088436839
2021-11-17,-7.1377470370503e-4,0.002636693860770025,0.0021074872666918387
2021-11-18,-0.011190681634981596,-0.009162075894540484,-0.01632315343546946
2021-11-19,0.0011379861060023617,0.008296272639157932,-4.389102621064258e-4
2021-11-22,0.002014032178392486,-0.0019117412957649915,0.002731693547790534
2021-11-23,-0.006410382137057568,0.00712317009323264,0.012208592662980789
2021-11-24,-0.005552494441466147,0.00930433622770314,0.021033838507668576
2021-11-25,0.004755712608231766,0.008303469924222283,0.0025550527433735107
2021-11-26,-0.03149181717778449,-5.823771067513146e-4,-0.015765031709104926
2021-11-29,0.009130486114960997,0.002464761186613854,0.009633559375247475
2021-11-30,-0.008169021581074744,0.007741771323365768,-0.010814688632614634
2021-12-01,0.006849445245571548,-0.002019001439140157,0.01738517212799185
2021-12-02,-0.008988600293496797,0.0054845432742812025,0.012875640386519139
2021-12-03,-0.003015285626841594,-0.006470664272850171,0.012399115359110091
2021-12-06,-0.0014364514668341575,-0.007419575787734116,0.004931397684411066
2021-12-07,0.02119173459424251,0.0065071678127524984,-9.829528962611751e-4
2021-12-08,-0.0024877872821277057,0.005881849676748443,0.007304250472998963
2021-12-09,-0.0064773689144368065,0.0034513570305974373,-0.009895497890827066
2021-12-10,-0.00187263818855096,0.00728375852321229,0.012380610022965702
2021-12-13,-0.008962975358494836,-0.003285062251666389,0.009252081410667887
2021-12-14,-0.011500899273685026,-4.777236424621228e-4,0.002401678379965789
2021-12-15,-0.006307604859197583,0.00574584895885909,-0.014086892239497845
2021-12-16,0.019285743794923427,0.010394161269198194,0.008597490228215762
2021-12-17,-0.004918736047257727,0.002519141997053908,0.005005132196167456
2021-12-20,-0.008146606738755764,0.021636299302563382,0.0029388423073407523
2021-12-21,0.01891722569004032,-0.012618911750604306,0.008302062488158162
2021-12-22,0.0020026881770042982,0.007049863013117782,-0.0033499868816519226
2021-12-23,0.008535460460727578,0.012856535936755592,-0.005036518094562622
2021-12-27,0.0061275191877309225,0.014304024339497158,0.008100709220165897
2021-12-28,0.003290701330693332,-0.00461509424827895,0.004256024633024408
2021-12-29,-0.004276832412353416,0.005357581595355477,0.010214012363177878
2021-12-30,0.0024155867243343997,0.007239006355395411,-0.004094959199556696
2022-01-03,0.007319556535889486,0.01810776484060931,0.025981392742922008
2022-01-04,0.0029836849189347377,0.002939814817923928,0.013390674724157092
2022-01-05,0.005852474662171461,0.005978511400970799,0.0164962191281036
2022-01-06,-0.014141623871577205,0.01528858093670529,0.032878055533362344
2022-01-07,0.0031697507551226595,-0.017223730521938936,-0.003198213803695531
2022-01-10,-0.014261196206023946,0.0024086181697672085,0.026639812205503054
2022-01-11,0.005377956821116276,-0.007167330770314594,-0.014547379368790518
2022-01-12,0.01509038145169416,-0.0081429094069747,0.014817639207205037
2022-01-13,-4.2814063269812214e-5,0.005967919763432559,0.0015876193598209146
2022-01-14,0.003915853649715997,8.460530858848086e-4,0.019764456027247385
2022-01-17,-9.459514379065712e-6,-0.005917673076057365,0.0014013733593437178
2022-01-18,-0.003106821359014282,-0.007529079788336834,0.009289990063930765
2022-01-19,-0.007942635311143103,0.004840967156375879,-0.006042001450358943
2022-01-20,0.0014957707667158397,-0.014465291875316776,-0.005144531256603805
2022-01-21,-0.01762087071614177,0.0045508816576178765,0.0020843903184907912
2022-01-24,-0.03410025340959407,-0.017153044696344676,0.009202769257203383
2022-01-25,0.009575923033280535,-0.014547277648141439,0.04003023719676025
2022-01-26,0.027597236156450395,1.8411228446463257e-4,-0.005268926258494226
2022-01-27,-0.0024994943298763937,-0.014006866685709135,-0.012528130474171124
2022-01-28,-0.01045251440575612,0.0014723109771675172,-0.0010146126130079446
2022-01-31,0.005265748459420829,0.004678774026713803,-0.031748246789754304
2022-02-01,0.01484540602830913,0.008747417525239784,-0.002654794527540881
2022-02-02,0.005501644603594445,0.004978091431885172,-0.016335368487555183
2022-02-03,-0.010104821789429511,-0.002212158258970691,0.023500918043375778
2022-02-04,0.004651078006692745,0.014439352767754638,0.033363854720413776
2022-02-07,0.010267157464023484,-0.015849556621986553,-0.005630843603250235
2022-02-08,-0.011247011330512254,0.014489002193914559,0.03045624338007408
2022-02-09,0.010592421274185674,0.0069714794081789,-0.01084987364791081
2022-02-10,0.001780092866415915,0.014039917419760347,0.02037378291303808
2022-02-11,0.0074278533489931554,0.01207183632585837,0.01707948496940637
2022-02-14,-0.013403169795308555,-0.015771878178285362,0.009831653258275567
2022-02-15,-0.0033380606671108305,-0.005339934064793974,-0.026079922511659658
2022-02-16,0.006543058578065915,0.012224756573136574,0.03606893330642147
2022-02-17,-0.005640880394914883,-0.009312618299548905,5.47965825686135e-4
2022-02-18,-0.0034775420035772645,-0.001986886592446554,0.009674691205275403
2022-02-21,-0.006272690406626267,-0.0028541236312815167,0.007289079945136286
2022-02-22,-0.004043476027471734,0.02404856227441264,0.019673584345673924
2022-02-23,0.006506842717107928,0.011832436954665224,-0.014255604344410642
2022-02-24,-0.016985634735766374,-0.001762671035562914,-0.004509588628317889
2022-02-25,0.014105442064831265,-0.00906862597936563,-0.01230466131866087
2022-02-28,0.010740898420706139,-0.007371326720655706,-0.011157714239446946
2022-03-01,0.012712605990454009,0.002547673163274447,0.01159255840929698
2022-03-02,9.415726427652227e-4,0.001082823627186958,0.01654644730214918
2022-03-03,-0.010192122236060003,0.012053981427557366,0.029126856290222276
2022-03-04,-0.023608508543806438,0.008780396215579567,0.00787794504625041
2022-03-07,-0.011086324190006252,-0.00410706887306944,0.01331015452339812
2022-03-08,4.801088265303057e-4,0.02454466772590899,0.019738206842878053
2022-03-09,0.01833038655299699,-0.020499087110534914,-0.04901183185472526
2022-03-10,0.002111423442973868,-0.005542720186936083,0.006018016558000018
2022-03-11,0.003041808061532266,-0.0030637149083536635,-7.100527535470903e-4
2022-03-14,0.007701951468758606,-0.006460177580989623,-0.01599080365565345
2022-03-15,-0.014141379577721241,-0.018702161426488284,-0.008212296643552504
2022-03-16,0.027697840117685307,-0.006446608753578151,-6.274202743274601e-4
2022-03-17,0.009231393186527843,0.005669193947030643,0.01300118858590053
2022-03-18,0.002716451119273368,-0.004277587919705426,-0.004717071928600204
2022-03-21,0.02294530102936973,-0.0021682851071707053,0.019802519094210137
2022-03-22,0.006644676520921302,0.015726763738940705,-0.012604468555983545
2022-03-23,-0.004627502047970344,0.01327270665806448,0.020488514942713535
2022-03-24,-0.002757277413747684,0.001323473775070201,0.014354580587784944
2022-03-25,0.0010188952424386903,0.0051078187239033835,-0.0010822412869276737
2022-03-28,0.0012132898406030164,0.0043810901947438224,0.007190802270762739
2022-03-29,-0.006055842383846079,-0.0044818085129366475,-0.02989489198399472
2022-03-30,0.01629276086801185,-0.005116678060709696,0.014815750762784265
2022-03-31,-0.012111907756841244,0.01771163698216531,0.013273535838124559
2022-04-01,0.008243938202381718,0.004556791421911445,0.02045387980950355
2022-04-04,-0.0033278794950788657,-0.007276508696515353,-0.015120686603836215
2022-04-05,-6.306748394345118e-4,-0.010242370170979474,0.002912836590065324
2022-04-06,-0.008937448977992096,0.005703385006834237,0.020433296550481164
2022-04-07,-0.0015916813841660247,-0.006647603545653258,0.004492821073250217
2022-04-08,0.015192254870580991,0.0010497137985775885,0.0157973201966063
2022-04-11,-0.00846031950658384,-0.014047582750679953,-0.00852070531067121
2022-04-12,-0.0011032157215013299,0.012971526138957043,0.004480322623420368
2022-04-13,0.011518038402860921,-0.0013381834392459653,0.0077760077637982865
2022-04-19,-0.0013171213031914208,0.0188384917468331,0.005795258544324803
2022-04-20,0.0032859417947304604,-0.005338832440024579,-0.012248483328519095
2022-04-21,0.0030202777281543086,0.005439559414513073,0.005261920252155237
2022-04-22,-0.01491721522843722,-0.002120579111862121,-0.0032342150347163794
2022-04-25,-0.027046357613212748,-0.009386832126387839,-0.026298935529360724
2022-04-26,1.0371843075028422e-4,-0.0013949076073123544,0.018273200522778976
2022-04-27,0.006490038437669878,0.017737517523599873,0.028721587918808134
2022-04-28,-0.0012265927948322763,1.3197111966941765e-4,-0.012654287615130174
2022-04-29,0.0030390269977019334,0.006968508990609479,0.006344177525264543
2022-05-02,-0.017634489510338906,0.005688028408008869,0.0078970989447727
2022-05-03,0.00821396865032989,1.8268287568170595e-4,0.0032480206312907466
2022-05-04,0.0054719441432043,0.021046713662387053,0.02765523273775386
2022-05-05,-0.0047597582975192725,-0.001966837633337221,-4.2624862849053674e-4
2022-05-06,-0.01734920361900125,0.022337955021612496,0.026322606731831386
2022-05-09,-0.02953662604899045,-0.0049173587600726265,0.0017406836422792227
2022-05-10,0.005535157595721065,-0.004830574972464731,-0.0019565481429382817
2022-05-11,0.008038830704645682,-0.001146883514107938,0.001684774474416383
2022-05-12,-0.0068647816786848994,-0.013533551612850999,3.6662348096032013e-4
2022-05-13,0.023842295304735923,-5.3599546368524736e-5,0.005890809718948911
2022-05-16,0.0027736559799562393,0.017790677921693324,0.006110002597721091
2022-05-18,0.011899656039343546,-0.0024395730343235956,0.011598972326608665
2022-05-19,-0.009064615445995707,-8.777667417757349e-4,-0.015039391274888257
2022-05-20,0.010927356783328467,0.00698294991681079,0.015757693223675137
2022-05-23,0.007920732959552477,-0.008328001312282911,-0.007032049232361852
2022-05-24,-0.003956616363499372,0.004744049864112115,0.01859054127677778
2022-05-25,0.009236415329610337,0.01015329864572002,0.010806191865716153
2022-05-27,-0.011404403443930745,0.03129686852136584,0.0064683854936498815
2022-05-30,-6.92997924966395e-4,-0.0032312221052416255,-0.00738486230985529
2022-05-31,0.00532559276308548,0.0011841485750037303,0.011059583262204815
2022-06-01,-0.012233776655128365,0.016450244344304216,0.017746024592371103
2022-06-02,-0.0038498919394405885,0.011146891545377628,0.018811184595573974
2022-06-03,-0.0010431358311068508,0.018481052812890877,0.020363834454521605
2022-06-07,-0.0014050835949703706,0.00870439021485174,0.02440307493131676
2022-06-08,2.2547565270718004e-4,-0.002346387785535918,-0.023901935036533394
2022-06-09,-0.006536339548171613,-0.008181085372919486,-0.002771186578556944
2022-06-10,-0.02273025511331807,0.006851987476713579,-0.015611961852817893
2022-06-13,-0.028882099033498164,-0.00420762787798791,-0.010410109185962774
2022-06-14,0.011764748607394092,5.917596769059847e-4,0.030222269169362184
2022-06-15,0.008174351192510915,-0.017836439244893962,0.0015576902160019676
2022-06-16,-0.028465440149275493,0.003468987721535279,-0.004429492543867604
2022-06-17,0.004749536646402866,0.012605981026654965,-0.0033007157055761627
2022-06-20,0.017839216426430736,-0.021662295175131324,-0.008571504957818532
2022-06-21,-0.01151378067269354,0.02854434356025475,0.013256503403869798
2022-06-22,-0.023422742829280148,-0.003310258083875018,-0.018368425008705384
2022-06-23,-0.0055402267492240835,0.010921928967873095,-0.003479755093147659
2022-06-24,0.010091559041805516,-0.01342919632646322,-0.026010203152501587
2022-06-27,0.016885658115653016,0.0011158868444083522,0.012010162752073263
2022-06-28,0.020106167751168132,-0.00315499193748087,0.001227996600840363
2022-06-29,-0.01150712913346937,0.005350423917392317,0.02000004863765312
2022-06-30,-0.021350534735027522,-0.0042607199448922335,-0.015401287907607877
2022-07-01,3.7807740193079864e-4,-0.011326454952792546,-0.046389291679829706
2022-07-04,0.021020252262510017,-0.004781446435778734,0.022774612681553376
2022-07-05,-0.018976115210685207,0.005361758325345634,4.711546327008792e-4
2022-07-06,-8.549625824000984e-4,-0.016180656754747967,-0.021389174511691565
2022-07-07,0.027003157191420234,3.7511350600965415e-4,0.019799179924213088
2022-07-08,-0.0059996235339597045,0.01948405039287242,0.006225647962317196
2022-07-11,0.005156867690219903,-0.0011571318078079963,-0.0029200604526916562
2022-07-12,0.002593466567484589,-0.0013142927746955298,-0.004570334952170387
2022-07-13,-0.012388072855912613,0.006812221486258339,0.00267903188051221
2022-07-14,-0.018393563383215503,-0.006582289362137625,-0.0036462137208190127
2022-07-15,0.007344058503488592,0.008439360497382153,-0.004668039276983976
2022-07-18,0.026471540414983022,-0.010172715894269827,0.0027701974402588175
2022-07-19,0.0036565311420157383,0.0024448856521598564,0.006735254358423336
2022-07-20,0.007944616696524315,-0.010004242383437546,-0.012647345736451408
2022-07-21,-0.012733420526201817,0.005686484979615241,-0.002416696662805788
2022-07-22,0.014601070046141874,-0.0034466987876864974,0.0057114601054276855
2022-07-25,-0.0018291198882597975,0.004342294237133257,0.016741350556112353
2022-07-26,0.00234099116725694,0.004350175479297336,0.012772407419964481
2022-07-27,0.007824297871132507,-0.007576130302580271,-9.28003258838182e-4
2022-07-28,0.005643573621193805,-0.012247882286877333,-0.009450344408391669
2022-07-29,0.023803751790710006,-0.01541666682667864,-0.007917195111738419
2022-08-01,-0.007779717529467546,0.008644149778173417,0.0010548012436664216
2022-08-02,0.0033674270876821364,0.012169264472647658,-0.0086798954402088
2022-08-03,-3.5292765485460956e-4,0.004970608352421162,-0.003459171126198305
2022-08-04,4.1677527275819465e-4,-0.013735868102885643,-0.027097024731927134
2022-08-05,0.0020597547993420635,0.008136852162503478,0.015038886798207696
2022-08-08,-0.0010779941587221345,0.005645213557020274,0.0013648880066682492
2022-08-09,0.005529298668875893,0.0013814610135843806,0.028620309144328462
2022-08-10,-0.001776744676688666,-0.007290583316333496,-0.007805497229990579
2022-08-11,0.013679213363229916,-0.0013419023679916223,0.004404064073107835
2022-08-12,-0.00166968826572212,-0.004817402386061247,0.0036657764529222595
2022-08-15,-0.008077646468047728,-0.00567704598230276,-0.01564534124096491
2022-08-16,0.008476343391116319,0.00859717235352011,0.032263374294798794
2022-08-17,-0.00740363690941937,0.0011076735546179375,-0.0033573895931650385
2022-08-18,0.005541452110975122,0.005518855070137801,0.02191045121971414
2022-08-19,0.002723093780148927,-0.019509237631218004,0.0037488097773231057
2022-08-22,-0.010697397662682104,0.001047068856558666,-5.3079103105944936e-5
2022-08-23,0.008490969224947081,0.0025648482760481095,0.02067802462071888
2022-08-24,-0.002605620373460034,0.01130156041226714,0.0038650696157224535
2022-08-25,0.0036355975679556876,-0.008954709030167875,-9.44847543662738e-4
2022-08-26,-0.007618947404764295,0.015425246505303228,0.01924688746526548
2022-08-29,-0.0150862927731563,0.0073948725264115014,0.027907276653861026
2022-08-30,-0.006706746401681192,-0.017185070084419406,-0.014038738984763967
2022-08-31,0.005889467584338206,-0.003270138191544916,-0.005796755680499671
2022-09-01,-0.014728223214369219,0.007120215051592632,0.026116532692329608
2022-09-02,0.002238169417247064,-0.0038939419470444816,1.859634042211593e-4
2022-09-05,-0.001798029902656781,0.002179419646485354,0.026608901725076475
2022-09-06,-0.02660538984376911,0.008073961467229471,-0.02125319677193461
2022-09-07,-0.015635971498128017,-0.01294342480312645,-0.011451806797870008
2022-09-08,0.006489121178541539,-0.005218513718820523,-0.002302025248210545
2022-09-09,0.019869750736647412,-0.0014298892552306562,-0.0023924252667592155
2022-09-12,0.010445318566693904,8.864149537459783e-4,0.017982383481081225
2022-09-13,-0.004509288141539393,0.013692382122940775,0.010194079996908731
2022-09-14,-0.01024754877530114,0.014817415676991137,0.026336757062939614
2022-09-15,-3.904165284861638e-4,-0.0018965001830176806,-0.0037446591141066035
2022-09-16,-0.02527684163406157,-0.005074844627651662,0.00417132754331059
2022-09-19,-0.007500121458738083,-0.01731312861941529,-6.851383499485823e-4
2022-09-20,-0.009203013009030066,0.007310026780589777,0.010008490279229116
2022-09-21,0.006674207495836109,0.002610500395814474,0.001571321134725941
2022-09-22,-0.005263735895419735,-0.008531768092126319,0.007076641845293129
2022-09-23,-0.030823155528939092,7.383214813831071e-4,-0.014127687033256502
2022-09-26,0.0014945068958187944,-0.013890645319755987,-0.007004454664811647
2022-09-27,0.006351601401080575,0.007015675550020529,0.010641618252343162
2022-09-28,-0.036378162710393104,0.03169500843518454,0.024284210660289768
2022-09-29,-0.016803653756928095,0.012609581885376392,-0.0035610492363232276
2022-09-30,0.021969346831094777,-0.0018915945119658377,0.009531842942371941
2022-10-03,0.022483734580206832,-0.00776457679768669,0.0076851883082357485
2022-10-04,0.011857302365541621,-0.012757128386555152,-0.0013792574060428886
2022-10-05,-0.010883181426419242,0.00992603670702831,0.005412152665102041
2022-10-06,-0.006867283935735796,0.02529069032323982,0.005768001901629667
2022-10-07,-0.002790626601299145,0.017471799964137426,0.01434361319322227
2022-10-10,0.0034340167413591974,-0.005004378965757163,0.0033190266746099253
2022-10-11,-0.011752312351957749,-0.022447694123319213,-0.0069830984885391086
2022-10-12,-0.008348383872418909,6.984310551185011e-4,0.0056605741100866705
2022-10-13,0.009455142441707401,-0.009013960609589547,0.010859660677154988
2022-10-14,-0.0038703821191193133,0.00418655799303232,-0.011382915363165965
2022-10-17,0.013756250661397532,-0.005314717830807588,-0.0023282778583446767
2022-10-18,0.01280318111600082,0.008257537107108335,-0.00559051900817047
2022-10-19,-0.0051313435682146516,-3.37006154877301e-4,0.012007127279346405
2022-10-20,0.002254096763659891,0.0026528641287581083,8.405825832514882e-4
2022-10-21,-0.010076166423113377,-0.0016967618144644332,-0.0017125699412352529
2022-10-24,0.00383079689099225,-0.0033037716638858418,0.01406462248567402
2022-10-25,0.007322042381993311,-0.013777401344185047,-0.007810322106359947
2022-10-26,0.011094774810367553,-2.698286371848081e-4,-0.008675189341716062
2022-10-27,0.006856971627581913,0.0030411206580396857,0.005014552676390338
2022-10-28,-8.099786291391639e-4,0.001904383892076008,0.0011569201652436867
2022-10-31,0.011761691250663436,0.00382402441094766,-0.008010042488854967
2022-11-01,0.00800703337937466,0.005981063715981788,2.677232298083608e-4
2022-11-02,-0.008575708812593846,0.013623648657383011,0.01313689333050053
2022-11-03,-0.001247991128791502,0.02015826798086991,-0.008017514523272193
2022-11-04,0.0074426778580754995,0.008972814473260884,0.02873532422672586
2022-11-07,0.003460487886744771,9.585411310549389e-4,0.004699598892983365
2022-11-08,0.0014311562585746743,-0.0010004564734808243,-8.802100185034949e-4
2022-11-09,-0.003340406723592769,-0.0027957863937207138,-0.006132880054735338
2022-11-10,0.011874783579394482,-0.02723550993796115,-0.05278988143042245
2022-11-11,0.00678856075877304,1.344223004863046e-4,-0.010729987286214115
2022-11-14,0.005482079521009666,-0.011023095552995276,-0.010847816279439669
2022-11-15,0.0011799318050064865,-0.010198211887904544,-0.009625751270718928
2022-11-16,-0.0038642392101092115,-0.007705434989958053,0.005733333817120965
2022-11-17,-0.010232110051323202,0.004078557938216231,0.015415887132067714
2022-11-18,-3.7992091908834396e-4,2.971226981658267e-4,-0.003218910465620937
2022-11-21,-0.004769990579232646,-0.00372176662872276,0.0033419198083765745
2022-11-22,0.015464996134547266,0.0032580773460808704,0.018144253168212526
2022-11-23,0.0063504016431840515,-1.8777969201428258e-4,-0.016150759585024176
2022-11-24,0.012428638747411399,-0.012359949352373067,-0.019288324724843344
2022-11-25,-6.33954463508782e-4,0.0147367227100356,0.009508185582404408
2022-11-28,-0.008240662900302604,-0.004773593172900009,0.007487268754452206
2022-11-29,0.007081832734158467,0.0059081328054017244,0.021502993382722633
2022-11-30,0.002337303544233488,-0.0018354132076470976,-0.00792365169749653
2022-12-01,0.006372355828909947,-0.007832176598925926,-0.0030272580612712703
2022-12-02,-0.005660159731688678,0.009475261834334534,-0.004950782736035559
2022-12-05,0.0014719439802148512,0.008972610616065978,0.003070346923318819
2022-12-06,-0.007858305733698907,0.014652255384926833,-1.6711165179012898e-4
2022-12-07,-0.012133768625151154,-0.010581521245366,-0.011533865307099623
2022-12-08,0.005505761216520686,0.0028326025047534942,-0.007532914038383984
2022-12-09,0.012139390386936582,-0.005434481204085236,-0.01373875420523164
2022-12-12,-0.0027479224754991525,0.006354147016425834,0.0030823731382107694
2022-12-13,0.018006022482139856,-0.013655520495591133,-0.019596170477523125
2022-12-14,-0.011185052743186732,0.006647281000828175,-0.006524024165662436
2022-12-15,-0.009870564722263536,0.017669103726159565,0.01612557125453034
2022-12-16,-0.01273745818198161,0.005931037510602461,0.020110215314750678
2022-12-19,0.006382148920333583,-0.010358697166081605,-0.0027319812867987823
2022-12-20,-0.003687023325199982,0.0054077964701804045,0.026687209776058245
2022-12-21,0.01379807963199055,-0.005645212214216676,0.011659256066978088
2022-12-22,-0.005369904490538353,0.004425881292132166,0.01269704729614288
2022-12-23,0.0021375788475745737,1.4149282491328612e-4,0.016632895979150193
2022-12-27,-0.0014375344986453662,0.0031417598426095347,0.008370691628800718
2022-12-28,-0.003143882662069325,-0.009579878668359021,-0.002641919667691902
2022-12-29,0.0073121201541378475,-0.005217581137768525,-0.007476071132166363
2022-12-30,-0.005646034559410539,0.002289287699096953,-0.007838284795826067
2023-01-02,0.004341408994002833,0.010366977669624378,0.0077408590351848595
2023-01-03,-0.010767666516159893,-0.006353119862624517,-0.02439883801088228
2023-01-04,-0.014551312512311572,-0.014522603102245303,-0.01459052142997191
2023-01-05,0.007369641600076867,-0.010699170290838132,0.01581588991887116
2023-01-06,0.009070660674245166,-0.017640001761300737,0.0034308945696860105
2023-01-09,0.006131971561652886,-0.0049055381916443186,-9.010981003121695e-4
2023-01-10,-0.009848063023244731,0.00447352514243298,0.0072811874582917515
2023-01-11,-0.0037302194031411866,0.006600386020526569,0.00946513505746577
2023-01-12,0.010142110955933452,-0.006217273592572799,7.46733515496338e-4
2023-01-13,-1.3062976289903501e-4,0.009810015334786888,0.011514106042811605
2023-01-16,-0.004561790389935817,0.004356012738204062,0.00987423138882959
2023-01-17,0.007172389337008274,0.011804921746488044,-0.011262302007431679
2023-01-18,0.0014442630838033875,4.82809304210869e-4,-0.008106994647893162
2023-01-19,-0.012971824649299815,0.008172071723424195,-0.0027125648753611262
2023-01-20,0.0050021348891258486,-0.0015949462260370331,0.01960464571896533
2023-01-23,0.007759103304450281,-0.01977275549473274,0.004915261243015837
2023-01-24,-0.005397379843595749,0.007378189568173158,-0.030538910723631425
2023-01-25,-0.006726853407687281,-0.004923210277852287,-0.0049062082801282405
2023-01-26,0.001330134035824557,0.0018479955569439945,0.004227416083134744
2023-01-27,0.012743375700366788,-0.007251523400590378,0.007482282329875857
2023-01-30,-0.004266122799686475,-5.63504938293827e-4,0.00657448443076798
2023-01-31,0.001206583137298433,0.010121303852556418,-9.064650448240242e-4
2023-02-01,0.00977128252973978,-0.012044117751653032,-0.01081402626988264
2023-02-02,-0.00666780394689884,0.002805544823724079,-0.010924151544455904
2023-02-03,0.009199545573053062,0.00819212291826693,0.005230383439573237
2023-02-06,-0.007372457126771004,0.00415817331614709,0.002128710699231632
2023-02-07,0.006147447112323511,-0.0015396616733320111,0.02695545468365137
2023-02-08,0.02610989299079573,0.0023562595687095025,0.00362373584517558
2023-02-09,-0.003028230146427146,0.005639646552498186,-0.011311234151469528
2023-02-10,0.00590935697291061,-0.004903014291591632,0.014342730288565331
2023-02-13,-2.4026118861162328e-4,0.007040069400988334,0.01324195316951734
2023-02-14,-0.0027418203925450154,-0.003799009162193565,0.004263525153712486
2023-02-15,-4.7010165698740144e-4,0.008638001368997193,-0.003693751483064661
2023-02-16,0.005198268714074689,0.00499593875582843,-0.008510775292629775
2023-02-17,-0.00829397212777519,0.018713663029772443,-0.012000130953251439
2023-02-20,0.005109191751160539,-0.001943426256856259,0.012580576809072689
2023-02-21,-0.00646225726727435,0.0015052472447930274,0.0014986936704018705
2023-02-22,-0.0044392569652371965,-0.0020402565432838153,0.003140061625004664
2023-02-23,0.012405091231168931,-0.0031286009439040726,0.009688179218421918
2023-02-24,-0.0069199553265797565,-3.680224918119514e-4,0.0160031908816536
2023-02-27,0.00810372873569703,-0.011303498000994193,0.009532540460098764
2023-02-28,0.00344935707565866,-0.006539602550461417,0.013208901710275223
2023-03-01,-3.999715491665547e-4,0.007445554234679957,0.00436408550975473
2023-03-02,0.008146513744112932,-0.006814592544352237,0.005123238420185239
2023-03-03,0.0036886647158023735,-0.005117411725449725,0.005768419118059283
2023-03-06,2.1029032250641694e-4,-0.009373864780187865,0.001525004077633453
2023-03-07,-0.00869967291458477,0.005576749777404867,0.007017305887023531
2023-03-08,-2.5360278809416156e-4,-0.0020236755002627027,0.015781562304783676
2023-03-09,-0.00983661820609191,-0.0018607859862853947,-0.011821943376320893
2023-03-10,-0.008814623535310328,0.01530112406839548,0.003261150187528195
2023-03-13,-0.02449795297077226,-0.0072323971202631135,-0.01433350495178649
2023-03-14,0.012035180382845434,-0.007461760722581531,0.0016338747319346366
2023-03-15,-0.03648650864489468,7.929573752917078e-4,-0.019970238226439917
2023-03-16,-3.4756561707657325e-4,-0.007778142954574822,-0.009174331594223612
2023-03-17,-0.004725623198426624,0.007992268504297418,0.00963001506750391
2023-03-20,0.010264479820033487,-0.009633885207606654,5.793783924558406e-4
2023-03-21,0.007103751283645857,-0.006107463842219022,-0.003226975194045677
2023-03-22,0.0022382091180023827,-2.1915488764311574e-4,3.3504969155037645e-4
2023-03-23,-0.0027622218590382546,0.004935477016873249,-0.0048776745305885135
2023-03-24,-0.02726037070218493,0.00405749124869172,-0.012838818519126976
2023-03-27,0.013880019432276335,-0.006640401962234329,-0.009576735153773771
2023-03-28,0.0034998161635408074,0.003779580841339984,0.019157319630649188
2023-03-29,0.0075406838655197915,0.005306266724912325,9.238231639475958e-5
2023-03-30,0.015752178739591706,-0.012009224090929882,-0.007528492975120397
2023-03-31,0.00842921419069612,0.0027043745808848687,-0.01880938552937121
2023-04-03,0.012732945136583655,0.00659255080440316,0.020932103634166428
2023-04-04,-0.007302622329699129,-0.0010329983624826435,-4.0313160712018565e-4
2023-04-05,-0.005153986473690552,0.0072819252481766605,-0.003784328822291347
2023-04-11,0.01388331227932444,-0.0024494746064367204,0.00924352809718948
2023-04-12,0.0041432586661361015,0.0022790631101735205,0.0033586683475193423
2023-04-13,-3.476230921488235e-4,0.0026405226890060603,-0.001788564103826671
2023-04-14,0.008555455290916026,-0.012828643332533746,3.454281109485955e-4
2023-04-17,-1.4486456439870415e-4,0.01108174867248762,0.003559387276184334
2023-04-18,0.0010722759289776471,5.039231626764833e-4,-0.0024474171631945316
2023-04-19,-0.004671179740350762,-0.004468524455285367,-0.013178951181225047
2023-04-20,-0.004031743698577053,0.009443778459360548,0.013726564738581148
2023-04-21,-0.002553747475878899,-0.004202138151947094,0.0026015944454947613
2023-04-24,0.006577643203079697,-0.009707600193912341,0.00692574530865143
2023-04-25,-0.012325778227284975,-3.952109255916589e-4,0.0018262131522330076
2023-04-26,0.001729907023298892,0.006897599028158565,-0.01872433103063703
2023-04-27,0.0036215794897358354,0.0015859619479484527,-0.028366676009486724
2023-04-28,0.012859990283636748,0.0019185821658680383,-0.006646220231860808
2023-05-02,-0.013756467870885355,0.01475260226875471,-0.004520885154366796
2023-05-03,-0.0034800253348024977,-0.009943819124747493,-0.013596678832002692
2023-05-04,-0.010326876148947985,0.016965932543366,-0.010242161719534022
2023-05-05,0.013284782071133944,0.005015072161128271,7.637061283265641e-4
2023-05-08,0.007902857926898833,-0.004103223844742364,0.006238649992489215
2023-05-09,-0.008286671735394643,0.003971864384814913,-0.009616304897319017
2023-05-10,9.254068361704385e-4,0.007154783394570799,0.00484151914692387
2023-05-11,-0.0056981480460079085,0.0023498148904650797,-0.001217230253960794
2023-05-12,0.009805203706237407,1.3253688769093198e-4,-3.84622130321238e-4
2023-05-15,0.00196517674578337,-3.9309217661757326e-4,-0.004230776285385616
2023-05-16,-0.006044756009026262,0.0022891440874200993,-0.005933855645063577
2023-05-19,0.011460411504148863,-0.004122427243957248,-0.008822579480339664
2023-05-22,-0.004127413094573276,0.006625483598160878,-0.005331858015603555
2023-05-23,0.0058060390459074894,0.01485501064612485,-0.009422031883795583
2023-05-24,-0.005175280852228605,-0.004578862808127814,0.00486383374920408
2023-05-25,-0.001556140787539219,-0.016153808949064936,-0.020428308805753123
2023-05-26,-0.002753150197730298,0.0021193200238439945,0.010805736811059122
2023-05-30,-0.00556898407089037,-0.004474600276322216,-0.004674887690727506
2023-05-31,-0.008619349433297743,0.002639295160181781,-0.013354862752480209
2023-06-01,7.521863806688025e-4,0.0070109020208229435,0.008868623497435184
2023-06-02,0.020497401909339075,-0.0066159003624802915,0.014695935374624425
2023-06-05,0.0034313035645408005,0.0026111921973345593,3.275697392201623e-4
2023-06-06,-0.011134575978197185,0.006594447536006353,-0.00748107583421412
2023-06-07,0.011390163886129628,0.005364704418321806,0.002605311499452397
2023-06-08,0.0023088757028931666,-0.007199061969446161,0.012552859693461378
2023-06-09,0.0033911245973442367,0.004722216077554611,-0.0079217679664413225
2023-06-12,-0.005022492006224195,0.0027059475601181127,-0.02277717500922393
2023-06-13,0.01585159785345686,0.005565932594110647,0.005645509939766118
2023-06-14,-0.005176304589776587,0.01398365314727847,-0.019472437791530895
2023-06-15,-0.0021708719740277218,-8.220461178100203e-4,3.202542300646668e-4
2023-06-16,0.0073078256917412645,-0.013551892602199665,0.003258803238852889
2023-06-19,-0.01184670669352226,0.0015623242397002426,0.004539337648540991
2023-06-20,0.001843724147551892,-0.001308345514842605,-0.001156361778399269
2023-06-21,-0.005926143548191347,0.013366441480146771,0.010341417776820135
2023-06-22,-0.015416877141496747,-0.005288349749739933,0.011722527501825071
2023-06-23,-0.012171403416506082,0.002668526922684808,0.001934299903871655
2023-06-26,0.0036937394832166144,-0.014882093907676391,0.008070816474052682
2023-06-27,-0.007031277640800372,0.0045297995851488505,0.00882359536233317
2023-06-28,0.010847089224417477,-0.009512483724434386,-0.01256189817502302
2023-06-29,0.009241740015668598,-0.0054647194353395065,5.193911307096663e-4
2023-06-30,0.0028837778471731954,-0.008892355621096045,0.013634907232009543
2023-07-03,0.008886892972785032,0.004412884373487894,0.004172216616413257
2023-07-04,0.003079484003079552,6.215707281494397e-4,-1.7567313464333847e-4
2023-07-05,-0.009770577635902476,0.002279602072430593,0.0027207162930376373
2023-07-06,-0.014520300553314557,0.006876437485310203,0.005013949041694144
2023-07-07,-6.986848517128778e-4,0.007096438335122182,0.008968436849080651
2023-07-10,0.0028365070427944345,-0.008437428749305195,-1.1423996152435572e-4
2023-07-11,0.004348071884740387,-0.0024234352410161895,9.429119378303685e-5
2023-07-12,0.008794869368742086,-0.00744594623236409,-0.007296922321319864
2023-07-13,-0.003155060500037969,-0.0044614914213121125,-0.007087019160474685
2023-07-14,-0.010521527664819173,-0.0014606667389827285,-0.011914556796103787
2023-07-17,-0.012423635129186606,0.012702882353434466,-0.004651798982850163
2023-07-18,0.011585700332459222,-0.0076310640703259255,0.00541394508317677
2023-07-19,0.0049700190152364085,0.0032857141154333637,-0.006708782608304946
2023-07-20,0.014231122494759307,-0.007239172248438576,0.010803776820906434
2023-07-21,0.006280738454064743,-0.00520438289559327,-0.0025895928123783997
2023-07-24,0.0052555878222161085,0.007762165218630686,-0.0029239815572359115
2023-07-25,0.006189206717565064,-0.006170373886401287,0.00751389732908158
2023-07-26,-0.012392298450012282,0.009010135486688857,0.0013803004015899396
2023-07-27,0.006433676114498577,-3.4358872365290033e-4,-0.0025097735962924337
2023-07-28,-0.0050305908966093256,0.0024651403849488343,-0.0025837742549642516
2023-07-31,0.0071436382314123996,-0.002478300948874918,0.007237323266065946
2023-08-01,0.0017983627925169806,0.0033965334295087794,0.005869758760754118
2023-08-02,-0.011749449642811563,0.004665720678107797,-0.004232975230324499
2023-08-03,0.0013282747938818814,0.0020462245527304635,0.006497755301221978
2023-08-04,0.007453953804445601,0.0025279995078517584,0.013029524298682043
2023-08-07,-0.00773771956495713,-0.003352192017283177,0.006859305660391875
2023-08-08,-0.006261188114904771,0.001580293057972926,3.463269850320985e-4
2023-08-09,0.024398070249703925,-0.004024108657441268,0.012147032969416388
2023-08-10,4.86171592153606e-4,-0.006001450800751264,-6.198881092704706e-4
2023-08-11,0.004889955746918499,-0.004734768947605283,-0.0022958314711952
2023-08-14,-0.006619547763808816,6.105768523520531e-4,0.011677422589009633
2023-08-15,-0.003353731756144793,0.0030720140601155086,0.0038260253115266437
2023-08-16,0.0030472670107165247,-0.00859478232869048,0.004024699709162604
2023-08-17,4.707853601848351e-4,0.005686096526808996,0.004459659759542594
2023-08-18,-0.013790291918078977,0.004051435233874665,7.425024557886038e-4
2023-08-21,0.002270361663201184,0.009136853582269436,0.008177866995424636
2023-08-22,-0.00403484657534436,0.015444423357684648,0.004692468376875385
2023-08-23,-0.005310987382197095,-0.015059522580584843,0.003586847292778311
2023-08-24,-0.0020011925852345684,-0.001814197531982949,0.02217153750004472
2023-08-25,0.002583772325935868,-0.005316258683149579,9.696323019457373e-4
2023-08-28,0.011432869367555975,-0.008722916749587434,-0.008377414409403148
2023-08-29,0.0015487134224960349,0.008452751616612478,-0.007173462690264823
2023-08-30,0.0034537696449663084,-0.005650388919041606,-0.0018174848287451154
2023-08-31,0.0037148059018823182,9.410802264602667e-4,-0.0037554053247596765
2023-09-01,0.0079080758461030215,-0.007951155043250524,0.01545289716388999
2023-09-04,0.0014936239143323938,0.011608040349827032,0.0040693097250572375
2023-09-05,0.004380551551055684,-0.0025549488574124974,0.003867339857722858
2023-09-06,-0.0029248399640579466,0.002353674739887302,0.0028105391005452786
2023-09-07,-0.007777590315964384,0.02476002718264124,-0.005083052234583895
2023-09-08,0.0035542667466101447,-0.009565387169376768,0.009790796833397659
2023-09-11,0.0064718961116095874,-2.6936888999532383e-4,0.006690666635708819
2023-09-12,0.0016129947448377921,-0.0019299269973699108,-0.0025039415922245983
2023-09-13,-0.001453579345889014,0.003514351487412261,-0.003945922066644356
2023-09-14,0.019019012609283282,-0.01396056368074915,0.006933052100372663
2023-09-15,0.003085179251787586,-0.006652286672049865,-0.0022525566893690377
2023-09-18,-0.00201153847306351,-0.006655538243669449,0.027544690544702648
2023-09-19,4.895808935961223e-4,0.005784677193199824,0.006826477050919041
2023-09-20,0.006390812398274909,0.01988236751536197,-0.02899212166939229
2023-09-21,-0.009352253253093027,0.006803284560012076,5.024760987605717e-4
2023-09-22,-0.002241973065640668,-0.006395157789765871,0.005476083906461098
2023-09-25,-0.012034036095540072,0.010328381190348197,0.011398215120695904
2023-09-26,-0.00483978155516846,-2.1966475896802867e-4,0.022340715336301623
2023-09-27,0.01082870467584892,0.03277234891508074,0.00442948832581075
2023-09-28,-0.0036062894302125686,0.009945092781644746,-0.010193155640532288
2023-09-29,0.0029654704434435002,0.007412185579500259,-0.007019653248272455
2023-10-02,-0.008438488425175115,8.044343043196404e-4,0.007518189068352114
2023-10-03,-0.016406601556569735,0.008625665435471084,0.004364782408894222
2023-10-04,-0.010004458457340755,-0.011261086688520473,0.0011924032182831761
2023-10-05,0.004034372232042807,0.014837577303020445,0.0010270364044166359
2023-10-06,-0.002287442467814502,4.748819307094336e-4,-0.004216612752624056
2023-10-09,0.01989684803847549,-0.009330070741308562,0.014782939591241783
2023-10-10,0.013805451380369312,-0.004909926275865443,-0.005735136798021288
2023-10-11,-0.002485837591565208,0.006042103921567368,-0.011266207444982244
2023-10-12,0.008355212001332121,5.290093992318572e-4,0.006671562992008658
2023-10-13,-5.835821986137422e-4,0.023318102466891935,-0.016833086973761294
2023-10-16,0.0019939325373957355,0.01770138378602711,-0.01076024408040063
2023-10-17,-0.005405681777536984,0.008875081284660448,0.0219952988375905
2023-10-18,4.715625412901067e-4,-0.0021178359988483575,0.014658214150796548
2023-10-19,-0.016332743805547948,0.006272192140290446,7.861399161356811e-4
2023-10-20,-0.01933475871797193,0.015396040483550548,0.014819593112624374
2023-10-23,-0.011969555760152337,0.006610760016217807,0.005782671537055207
2023-10-24,0.008275000849409521,-0.0040075202111788145,0.003440072074830861
2023-10-25,-0.006268804195400882,-5.791755010669166e-4,0.011985649879512492
2023-10-26,-0.0016323601708823315,-0.0126944163014852,-0.003892454899957153
2023-10-27,0.00834666470826499,0.004566152786575272,0.01371145492949509
2023-10-30,0.005051623018121906,0.00799929971833381,-0.009910654630284232
2023-10-31,0.009227814794015368,-0.004650863071347315,0.005038808790206342
2023-11-01,-0.002417016647714878,0.001412522855472692,0.011020670478651198
2023-11-02,0.010722763161121078,-0.007212986739905914,-0.02349155253303621
2023-11-03,-0.0031843763995610622,0.0033953086702125683,-0.0069297279214204435
2023-11-06,0.004178132761244616,0.013869439271319185,-0.015765444085406713
2023-11-07,-0.020079546135148108,0.0024616339951418,-0.004044405983147689
2023-11-08,0.010169174891073371,-0.014199512948072021,-0.011288108415044892
2023-11-09,0.00947528944590916,-0.0054493903630557835,-0.0012848926330233587
2023-11-10,-0.006587392437967977,0.006813741190884888,-0.006118149036117565
2023-11-13,0.00737351337644964,-0.004657440493933268,0.007371114721537963
2023-11-14,0.008149838042778525,-0.013249512230725964,-0.018679976334412585
2023-11-15,0.002487597804383569,0.01267797139201599,-0.016693477593568797
2023-11-16,-0.01818557114966293,0.014242422660561563,-0.007001541744535964
2023-11-17,0.011567145178945581,-0.005120770894268134,0.0018959142228818417
2023-11-20,0.00745361426092677,-0.00290352269901575,0.009987133319891676
2023-11-21,-0.013655975710200918,0.01131477363068438,-0.006080231164503149
2023-11-22,-0.0027178022869881408,0.0028782959297155714,-0.00610142859904359
2023-11-23,0.015348392516199648,0.0013738597641769108,0.0058899816947685
2023-11-24,0.005484432491608257,-0.006008572794667256,0.005630275201848791
2023-11-27,-0.0018025048536856457,-0.0037093071525453247,-0.0052491742581468265
2023-11-28,-0.009233901543896767,0.003187633290697692,6.2033702348167e-5
2023-11-29,-0.0038678042764344585,-0.0020560533293298017,-0.012706388244215945
2023-11-30,0.00830517629574199,-0.006276916030414487,0.003610383465060585
2023-12-01,0.0012073973414880432,0.009897526593444422,-0.006831865348796957
2023-12-04,-0.009429253394225063,0.008952783772156428,-0.01294407736664279
2023-12-05,0.002326178863064678,-0.006747768920500936,-0.0015612226933128495
2023-12-06,7.375145021696306e-4,0.0070882465685346285,-0.00992794002635784
2023-12-07,-0.0018119846763536723,-0.0020946677305547414,-0.006626555222802554
2023-12-08,0.004379039817241178,0.0016455369739899282,0.0012189586699591411
2023-12-11,0.0018921388503192317,-0.009158661502609813,7.77500387663197e-4
2023-12-12,-0.004824780967917562,-0.0025760782234794223,7.274971579173013e-4
2023-12-13,-8.465282896416553e-4,-0.0026256081570565637,-0.007559725258534375
2023-12-14,0.01256197405982234,-0.007996057861759026,-0.0035777282931840626
2023-12-15,-0.0073217459114093995,0.014391264065825632,-0.004644642392694636
2023-12-18,0.008675921149099817,3.276479459094683e-4,0.026048823678630366
2023-12-19,-0.007319224723858595,0.014482726314692166,-0.009653748655530058
2023-12-20,-0.003584425663482472,0.015554440363541039,0.00937536913103269
2023-12-21,-0.00407085787537112,-0.0011197990238287824,0.005830577719122646
2023-12-22,0.002871844829069021,0.010101780065951218,0.00821941536414624
2023-12-27,0.011034163270463521,-0.016881643650482003,-0.008708709808068888
2023-12-28,-0.001042736485446469,8.832340009679654e-4,-0.00924787732713055
2023-12-29,0.001807428301686848,0.006641146696840214,-7.245684827023539e-4
